date,Durable good,overlap,consumer,goods,company,Industry,fast moving consumer goods,loan,Sales,Product,Market
2017-01-17,0.0,1.0,48.0,15.0,56.0,35.0,0.0,77.0,73.0,75.0,54.0
2017-01-18,0.0,1.0,36.0,18.0,60.0,33.0,0.0,82.0,61.0,77.0,58.0
2017-01-19,0.0,1.0,41.0,22.0,60.0,36.0,0.0,72.0,65.0,84.0,57.0
2017-01-20,0.0,1.0,47.0,22.0,55.0,38.0,0.0,71.0,71.0,79.0,56.0
2017-01-21,0.0,1.0,29.0,16.0,52.0,31.0,0.0,56.0,58.0,66.0,48.0
2017-01-22,0.0,1.0,33.0,18.0,43.0,32.0,0.0,51.0,41.0,66.0,41.0
2017-01-23,0.0,1.0,43.0,17.0,59.0,38.0,0.0,75.0,76.0,80.0,55.0
2017-01-24,0.0,1.0,48.0,20.0,63.0,33.0,22.0,81.0,62.0,72.0,57.0
2017-01-25,0.0,1.0,39.0,15.0,52.0,37.0,0.0,66.0,60.0,75.0,57.0
2017-01-26,0.0,1.0,30.0,11.0,43.0,31.0,45.0,51.0,41.0,61.0,47.0
2017-01-27,0.0,1.0,37.0,23.0,57.0,33.0,0.0,81.0,63.0,87.0,58.0
2017-01-28,0.0,1.0,29.0,17.0,51.0,29.0,0.0,62.0,56.0,78.0,47.0
2017-01-29,0.0,1.0,31.0,14.0,40.0,25.0,0.0,53.0,49.0,66.0,47.0
2017-01-30,0.0,1.0,43.0,17.0,59.0,40.0,23.0,77.0,60.0,72.0,60.0
2017-01-31,0.0,1.0,44.0,14.0,57.0,37.0,0.0,78.0,68.0,84.0,59.0
2017-02-01,0.0,1.0,39.0,18.0,57.0,36.0,0.0,86.0,59.0,77.0,62.0
2017-02-02,0.0,1.0,50.0,17.0,56.0,40.0,0.0,81.0,63.0,72.0,59.0
2017-02-03,0.0,1.0,36.0,24.0,57.0,33.0,0.0,66.0,58.0,87.0,61.0
2017-02-04,0.0,1.0,22.0,21.0,49.0,26.0,45.0,67.0,42.0,71.0,49.0
2017-02-05,0.0,1.0,37.0,15.0,44.0,30.0,0.0,56.0,38.0,69.0,47.0
2017-02-06,0.0,1.0,33.0,19.0,65.0,38.0,0.0,83.0,56.0,85.0,64.0
2017-02-07,0.0,1.0,56.0,18.0,62.0,35.0,0.0,79.0,64.0,76.0,61.0
2017-02-08,0.0,1.0,49.0,20.0,56.0,36.0,0.0,82.0,70.0,79.0,59.0
2017-02-09,0.0,1.0,41.0,20.0,59.0,35.0,22.0,67.0,52.0,88.0,55.0
2017-02-10,0.0,1.0,37.0,21.0,57.0,31.0,0.0,67.0,61.0,71.0,58.0
2017-02-11,0.0,1.0,29.0,13.0,46.0,26.0,0.0,60.0,45.0,69.0,46.0
2017-02-12,0.0,1.0,31.0,17.0,43.0,34.0,0.0,52.0,33.0,60.0,46.0
2017-02-13,0.0,1.0,46.0,11.0,59.0,37.0,0.0,81.0,69.0,69.0,56.0
2017-02-14,0.0,1.0,34.0,22.0,59.0,36.0,0.0,76.0,60.0,73.0,53.0
2017-02-15,0.0,1.0,43.0,20.0,58.0,37.0,0.0,76.0,65.0,85.0,60.0
2017-02-16,0.0,1.0,41.0,17.0,65.0,38.0,0.0,76.0,63.0,86.0,62.0
2017-02-17,0.0,1.0,30.0,24.0,60.0,34.0,0.0,76.0,59.0,75.0,64.0
2017-02-18,0.0,1.0,33.0,14.0,51.0,28.0,0.0,67.0,45.0,64.0,45.0
2017-02-19,0.0,1.0,29.0,16.0,46.0,28.0,23.0,54.0,39.0,76.0,46.0
2017-02-20,0.0,1.0,46.0,19.0,63.0,41.0,0.0,73.0,61.0,72.0,58.0
2017-02-21,0.0,1.0,48.0,20.0,61.0,36.0,43.0,76.0,72.0,89.0,62.0
2017-02-22,0.0,1.0,38.0,19.0,62.0,41.0,0.0,74.0,65.0,86.0,60.0
2017-02-23,0.0,1.0,39.0,27.0,56.0,34.0,0.0,67.0,72.0,81.0,58.0
2017-02-24,0.0,1.0,36.0,13.0,56.0,30.0,0.0,56.0,59.0,71.0,59.0
2017-02-25,0.0,1.0,28.0,14.0,49.0,32.0,0.0,61.0,51.0,74.0,48.0
2017-02-26,0.0,1.0,29.0,15.0,44.0,35.0,0.0,55.0,36.0,78.0,51.0
2017-02-27,0.0,1.0,45.0,20.0,64.0,35.0,0.0,79.0,74.0,81.0,61.0
2017-02-28,0.0,1.0,37.0,15.0,66.0,44.0,0.0,69.0,67.0,71.0,63.0
2017-03-01,0.0,1.0,52.0,21.0,65.0,37.0,0.0,73.0,71.0,75.0,62.0
2017-03-02,0.0,1.0,53.0,17.0,65.0,37.0,0.0,76.0,70.0,87.0,61.0
2017-03-03,0.0,1.0,39.0,15.0,59.0,33.0,0.0,68.0,59.0,85.0,59.0
2017-03-04,0.0,1.0,29.0,18.0,53.0,23.0,0.0,63.0,53.0,73.0,50.0
2017-03-05,0.0,1.0,29.0,16.0,44.0,34.0,0.0,52.0,43.0,68.0,50.0
2017-03-06,0.0,1.0,45.0,17.0,62.0,34.0,0.0,79.0,59.0,76.0,65.0
2017-03-07,0.0,1.0,46.0,17.0,59.0,41.0,0.0,77.0,68.0,71.0,62.0
2017-03-08,0.0,1.0,43.0,22.0,60.0,32.0,0.0,69.0,67.0,81.0,60.0
2017-03-09,0.0,1.0,41.0,21.0,63.0,36.0,0.0,66.0,60.0,78.0,56.0
2017-03-10,0.0,1.0,44.0,22.0,58.0,31.0,0.0,67.0,59.0,73.0,60.0
2017-03-11,0.0,1.0,30.0,13.0,36.0,24.0,0.0,43.0,39.0,62.0,40.0
2017-03-12,0.0,1.0,28.0,13.0,37.0,23.0,0.0,48.0,42.0,54.0,42.0
2017-03-13,0.0,1.0,29.0,13.0,47.0,33.0,0.0,59.0,51.0,66.0,54.0
2017-03-14,0.0,1.0,45.0,25.0,60.0,38.0,0.0,75.0,70.0,74.0,65.0
2017-03-15,0.0,1.0,50.0,16.0,59.0,30.0,21.0,74.0,65.0,69.0,60.0
2017-03-16,0.0,1.0,46.0,19.0,61.0,38.0,0.0,80.0,61.0,77.0,65.0
2017-03-17,0.0,1.0,46.0,24.0,59.0,39.0,0.0,65.0,65.0,78.0,58.0
2017-03-18,0.0,1.0,29.0,18.0,55.0,32.0,22.0,65.0,59.0,70.0,52.0
2017-03-19,0.0,1.0,36.0,14.0,41.0,29.0,0.0,50.0,37.0,60.0,51.0
2017-03-20,0.0,1.0,38.0,20.0,58.0,43.0,0.0,79.0,69.0,80.0,62.0
2017-03-21,0.0,1.0,55.0,17.0,66.0,37.0,0.0,77.0,68.0,78.0,65.0
2017-03-22,0.0,1.0,42.0,21.0,68.0,38.0,0.0,74.0,77.0,80.0,62.0
2017-03-23,0.0,,42.0,23.0,65.0,36.0,0.0,72.0,76.0,77.0,68.0
2017-03-24,0.0,,38.0,19.0,59.0,42.0,0.0,69.0,56.0,68.0,67.0
2017-03-25,0.0,,43.0,18.0,46.0,31.0,0.0,61.0,59.0,70.0,51.0
2017-03-26,0.0,,29.0,7.0,43.0,30.0,0.0,44.0,41.0,64.0,55.0
2017-03-27,0.0,,45.0,21.0,56.0,40.0,0.0,72.0,73.0,78.0,64.0
2017-03-28,0.0,,41.0,17.0,56.0,32.0,41.0,69.0,59.0,79.0,63.0
2017-03-29,0.0,,52.0,26.0,59.0,35.0,0.0,69.0,79.0,83.0,65.0
2017-03-30,0.0,,43.0,28.0,63.0,35.0,41.0,69.0,67.0,76.0,61.0
2017-03-31,0.0,,46.0,22.0,59.0,34.0,0.0,67.0,83.0,61.0,63.0
2017-04-01,0.0,,29.0,10.0,51.0,29.0,0.0,56.0,60.0,61.0,48.0
2017-04-02,0.0,,35.0,8.0,42.0,30.0,0.0,54.0,52.0,68.0,55.0
2017-04-03,0.0,,45.0,14.0,55.0,37.0,0.0,74.0,84.0,85.0,62.0
2017-04-04,0.0,,40.0,27.0,61.0,35.0,0.0,74.0,79.0,77.0,60.0
2017-04-05,0.0,,48.0,20.0,58.0,37.0,0.0,79.0,73.0,72.0,64.0
2017-04-06,0.0,,40.0,21.0,60.0,36.0,0.0,75.0,76.0,85.0,55.0
2017-04-07,0.0,,51.0,13.0,55.0,39.0,42.0,68.0,68.0,79.0,65.0
2017-04-08,0.0,,27.0,21.0,43.0,27.0,0.0,56.0,60.0,66.0,57.0
2017-04-09,0.0,,43.0,15.0,39.0,30.0,0.0,51.0,44.0,60.0,56.0
2017-04-10,0.0,,40.0,15.0,53.0,42.0,0.0,72.0,63.0,84.0,62.0
2017-04-11,0.0,,42.0,17.0,60.0,38.0,0.0,71.0,71.0,78.0,66.0
2017-04-12,0.0,,39.0,20.0,62.0,38.0,0.0,72.0,71.0,79.0,62.0
2017-04-13,0.0,,34.0,18.0,51.0,33.0,41.0,58.0,59.0,80.0,62.0
2017-04-14,0.0,,30.0,21.0,52.0,34.0,0.0,60.0,67.0,74.0,62.0
2017-04-15,0.0,,30.0,15.0,47.0,23.0,0.0,61.0,67.0,68.0,50.0
2017-04-16,0.0,,22.0,7.0,44.0,25.0,0.0,47.0,40.0,62.0,46.0
2017-04-17,0.0,,37.0,19.0,57.0,36.0,0.0,74.0,73.0,93.0,63.0
2017-04-18,0.0,,42.0,19.0,57.0,41.0,0.0,69.0,84.0,84.0,63.0
2017-04-19,0.0,,48.0,22.0,60.0,34.0,0.0,67.0,77.0,86.0,64.0
2017-04-20,0.0,,59.0,24.0,60.0,34.0,0.0,75.0,88.0,87.0,63.0
2017-04-21,0.0,,37.0,17.0,57.0,42.0,0.0,64.0,74.0,64.0,63.0
2017-04-22,0.0,,31.0,17.0,48.0,23.0,0.0,53.0,65.0,60.0,50.0
2017-04-23,0.0,,29.0,8.0,45.0,31.0,0.0,43.0,48.0,61.0,52.0
2017-04-24,0.0,,44.0,18.0,60.0,41.0,0.0,76.0,82.0,86.0,62.0
2017-04-25,0.0,,36.0,17.0,56.0,29.0,40.0,68.0,60.0,74.0,68.0
2017-04-26,0.0,,43.0,18.0,51.0,34.0,0.0,56.0,70.0,77.0,57.0
2017-04-27,0.0,,46.0,22.0,51.0,31.0,0.0,61.0,72.0,61.0,65.0
2017-04-28,0.0,,43.0,21.0,51.0,34.0,0.0,57.0,59.0,67.0,55.0
2017-04-29,0.0,,32.0,11.0,44.0,24.0,0.0,53.0,55.0,55.0,51.0
2017-04-30,0.0,,43.0,9.0,36.0,26.0,0.0,46.0,35.0,52.0,55.0
2017-05-01,0.0,,28.0,21.0,42.0,22.0,0.0,53.0,49.0,56.0,60.0
2017-05-02,0.0,,40.0,20.0,51.0,34.0,0.0,78.0,71.0,74.0,65.0
2017-05-03,0.0,,47.0,21.0,56.0,29.0,0.0,65.0,59.0,75.0,56.0
2017-05-04,0.0,,38.0,22.0,56.0,34.0,0.0,61.0,71.0,70.0,62.0
2017-05-05,0.0,,46.0,25.0,54.0,32.0,0.0,65.0,60.0,63.0,60.0
2017-05-06,0.0,,26.0,13.0,48.0,24.0,0.0,58.0,42.0,59.0,50.0
2017-05-07,0.0,,24.0,8.0,42.0,25.0,46.0,49.0,46.0,57.0,52.0
2017-05-08,0.0,,46.0,16.0,58.0,36.0,42.0,79.0,79.0,79.0,63.0
2017-05-09,0.0,,48.0,20.0,59.0,37.0,0.0,79.0,69.0,82.0,69.0
2017-05-10,94.0,,43.0,15.0,56.0,37.0,0.0,67.0,72.0,87.0,60.0
2017-05-11,0.0,,41.0,16.0,61.0,30.0,0.0,68.0,71.0,76.0,62.0
2017-05-12,0.0,,37.0,20.0,54.0,35.0,0.0,65.0,70.0,73.0,62.0
2017-05-13,0.0,,28.0,11.0,50.0,23.0,0.0,51.0,51.0,53.0,52.0
2017-05-14,0.0,,40.0,20.0,38.0,22.0,45.0,42.0,46.0,57.0,43.0
2017-05-15,0.0,,45.0,15.0,55.0,38.0,0.0,75.0,69.0,71.0,62.0
2017-05-16,0.0,,42.0,29.0,58.0,35.0,0.0,67.0,58.0,68.0,66.0
2017-05-17,0.0,,44.0,16.0,60.0,34.0,0.0,67.0,63.0,76.0,66.0
2017-05-18,0.0,,50.0,18.0,61.0,29.0,42.0,60.0,61.0,74.0,66.0
2017-05-19,0.0,,31.0,38.0,51.0,28.0,0.0,60.0,59.0,67.0,62.0
2017-05-20,0.0,,28.0,29.0,45.0,28.0,0.0,60.0,57.0,50.0,50.0
2017-05-21,0.0,,24.0,10.0,42.0,23.0,0.0,50.0,37.0,64.0,46.0
2017-05-22,100.0,,36.0,22.0,53.0,36.0,0.0,67.0,69.0,77.0,57.0
2017-05-23,0.0,,43.0,22.0,52.0,37.0,0.0,61.0,66.0,70.0,61.0
2017-05-24,0.0,,41.0,18.0,58.0,29.0,0.0,67.0,69.0,63.0,63.0
2017-05-25,0.0,,35.0,25.0,58.0,27.0,0.0,67.0,74.0,80.0,59.0
2017-05-26,0.0,,44.0,18.0,54.0,33.0,42.0,60.0,61.0,78.0,60.0
2017-05-27,0.0,,26.0,18.0,46.0,28.0,0.0,50.0,54.0,52.0,70.0
2017-05-28,0.0,,25.0,12.0,41.0,22.0,0.0,47.0,45.0,48.0,52.0
2017-05-29,0.0,,34.0,22.0,54.0,38.0,0.0,72.0,78.0,62.0,59.0
2017-05-30,0.0,1.0,37.0,21.0,51.0,30.0,0.0,61.0,49.0,68.0,55.0
2017-05-31,0.0,1.0,43.0,29.0,51.0,33.0,0.0,67.0,62.0,72.0,53.0
2017-06-01,0.0,1.0,43.0,21.0,52.0,32.0,0.0,64.0,62.0,69.0,56.0
2017-06-02,0.0,1.0,40.0,26.0,54.0,31.0,20.0,65.0,54.0,69.0,52.0
2017-06-03,0.0,1.0,23.0,20.0,42.0,25.0,0.0,59.0,55.0,59.0,43.0
2017-06-04,0.0,1.0,21.0,20.0,35.0,20.0,22.0,47.0,34.0,53.0,46.0
2017-06-05,0.0,1.0,36.0,27.0,55.0,32.0,21.0,77.0,68.0,70.0,55.0
2017-06-06,0.0,1.0,43.0,28.0,55.0,31.0,0.0,79.0,80.0,78.0,54.0
2017-06-07,0.0,1.0,41.0,22.0,56.0,35.0,0.0,81.0,66.0,71.0,58.0
2017-06-08,0.0,1.0,35.0,22.0,51.0,32.0,20.0,63.0,61.0,73.0,54.0
2017-06-09,0.0,1.0,31.0,30.0,47.0,30.0,0.0,63.0,57.0,70.0,48.0
2017-06-10,0.0,1.0,21.0,24.0,43.0,22.0,0.0,56.0,52.0,65.0,43.0
2017-06-11,0.0,1.0,27.0,20.0,41.0,23.0,0.0,52.0,42.0,62.0,48.0
2017-06-12,0.0,1.0,41.0,33.0,54.0,35.0,0.0,74.0,76.0,77.0,54.0
2017-06-13,0.0,1.0,43.0,35.0,58.0,34.0,0.0,68.0,69.0,71.0,59.0
2017-06-14,0.0,1.0,39.0,31.0,56.0,33.0,0.0,68.0,70.0,66.0,59.0
2017-06-15,0.0,1.0,35.0,31.0,55.0,35.0,0.0,62.0,72.0,67.0,54.0
2017-06-16,0.0,1.0,35.0,34.0,55.0,32.0,0.0,61.0,73.0,61.0,58.0
2017-06-17,48.0,1.0,21.0,28.0,46.0,21.0,0.0,67.0,53.0,53.0,50.0
2017-06-18,0.0,1.0,16.0,13.0,37.0,20.0,0.0,40.0,51.0,51.0,45.0
2017-06-19,0.0,1.0,50.0,25.0,55.0,38.0,0.0,74.0,88.0,69.0,63.0
2017-06-20,0.0,1.0,39.0,36.0,58.0,37.0,0.0,76.0,80.0,75.0,61.0
2017-06-21,0.0,1.0,39.0,35.0,59.0,31.0,37.0,72.0,73.0,75.0,65.0
2017-06-22,0.0,1.0,44.0,38.0,57.0,33.0,18.0,72.0,68.0,63.0,56.0
2017-06-23,0.0,1.0,45.0,32.0,52.0,33.0,0.0,62.0,66.0,75.0,56.0
2017-06-24,0.0,1.0,25.0,39.0,41.0,22.0,0.0,55.0,64.0,64.0,43.0
2017-06-25,0.0,1.0,14.0,28.0,37.0,20.0,0.0,45.0,47.0,59.0,47.0
2017-06-26,0.0,1.0,21.0,37.0,49.0,29.0,20.0,55.0,82.0,64.0,51.0
2017-06-27,0.0,1.0,44.0,47.0,55.0,30.0,0.0,68.0,63.0,75.0,58.0
2017-06-28,0.0,1.0,40.0,48.0,58.0,31.0,0.0,71.0,72.0,77.0,66.0
2017-06-29,0.0,1.0,42.0,57.0,52.0,35.0,0.0,69.0,94.0,75.0,65.0
2017-06-30,0.0,1.0,34.0,74.0,52.0,33.0,0.0,53.0,100.0,79.0,56.0
2017-07-01,0.0,1.0,31.0,100.0,46.0,27.0,0.0,62.0,70.0,63.0,47.0
2017-07-02,0.0,1.0,32.0,47.0,42.0,23.0,0.0,46.0,51.0,63.0,49.0
2017-07-03,0.0,1.0,33.0,59.0,55.0,30.0,0.0,74.0,80.0,69.0,63.0
2017-07-04,46.0,1.0,44.0,58.0,63.0,37.0,0.0,70.0,78.0,75.0,60.0
2017-07-05,0.0,1.0,36.0,46.0,57.0,34.0,0.0,70.0,64.0,65.0,65.0
2017-07-06,0.0,1.0,35.0,47.0,58.0,38.0,0.0,64.0,73.0,82.0,65.0
2017-07-07,0.0,1.0,41.0,42.0,62.0,42.0,0.0,67.0,65.0,73.0,62.0
2017-07-08,0.0,1.0,25.0,44.0,53.0,33.0,0.0,52.0,52.0,67.0,52.0
2017-07-09,0.0,1.0,26.0,27.0,44.0,26.0,0.0,43.0,38.0,67.0,46.0
2017-07-10,0.0,1.0,33.0,48.0,60.0,34.0,0.0,72.0,66.0,73.0,78.0
2017-07-11,0.0,1.0,45.0,46.0,64.0,35.0,0.0,69.0,64.0,73.0,66.0
2017-07-12,0.0,1.0,50.0,33.0,62.0,31.0,20.0,68.0,62.0,78.0,58.0
2017-07-13,0.0,1.0,46.0,38.0,60.0,37.0,0.0,69.0,66.0,74.0,62.0
2017-07-14,0.0,1.0,36.0,36.0,58.0,35.0,0.0,70.0,67.0,79.0,70.0
2017-07-15,0.0,1.0,28.0,28.0,54.0,26.0,0.0,61.0,56.0,63.0,52.0
2017-07-16,0.0,1.0,32.0,29.0,49.0,24.0,0.0,49.0,41.0,71.0,56.0
2017-07-17,0.0,1.0,38.0,32.0,65.0,34.0,0.0,83.0,72.0,76.0,62.0
2017-07-18,44.0,1.0,39.0,40.0,63.0,27.0,0.0,67.0,57.0,80.0,63.0
2017-07-19,0.0,1.0,40.0,39.0,59.0,37.0,0.0,71.0,64.0,81.0,64.0
2017-07-20,0.0,1.0,44.0,41.0,62.0,32.0,0.0,67.0,64.0,81.0,59.0
2017-07-21,45.0,1.0,36.0,31.0,63.0,35.0,0.0,64.0,66.0,68.0,65.0
2017-07-22,0.0,1.0,28.0,26.0,56.0,31.0,0.0,56.0,49.0,57.0,56.0
2017-07-23,0.0,1.0,27.0,26.0,45.0,26.0,0.0,44.0,38.0,53.0,50.0
2017-07-24,0.0,1.0,44.0,29.0,62.0,30.0,0.0,71.0,57.0,81.0,62.0
2017-07-25,0.0,1.0,46.0,41.0,62.0,35.0,0.0,71.0,60.0,78.0,63.0
2017-07-26,0.0,1.0,36.0,31.0,62.0,34.0,0.0,69.0,52.0,71.0,67.0
2017-07-27,0.0,1.0,40.0,30.0,62.0,36.0,0.0,70.0,67.0,87.0,62.0
2017-07-28,0.0,1.0,32.0,32.0,60.0,30.0,0.0,68.0,63.0,70.0,62.0
2017-07-29,0.0,1.0,30.0,21.0,53.0,27.0,0.0,62.0,61.0,72.0,55.0
2017-07-30,0.0,1.0,25.0,25.0,50.0,28.0,22.0,54.0,42.0,64.0,56.0
2017-07-31,0.0,1.0,45.0,30.0,61.0,34.0,0.0,81.0,64.0,74.0,63.0
2017-08-01,0.0,1.0,50.0,28.0,62.0,34.0,19.0,73.0,65.0,82.0,65.0
2017-08-02,0.0,1.0,47.0,32.0,65.0,32.0,0.0,83.0,66.0,75.0,68.0
2017-08-03,0.0,1.0,46.0,32.0,70.0,40.0,0.0,81.0,61.0,71.0,66.0
2017-08-04,0.0,1.0,39.0,32.0,58.0,38.0,19.0,77.0,58.0,83.0,70.0
2017-08-05,0.0,1.0,29.0,24.0,51.0,23.0,0.0,67.0,52.0,59.0,50.0
2017-08-06,0.0,1.0,24.0,18.0,40.0,24.0,0.0,49.0,36.0,49.0,51.0
2017-08-07,46.0,1.0,37.0,26.0,54.0,28.0,0.0,73.0,52.0,62.0,60.0
2017-08-08,0.0,1.0,43.0,30.0,65.0,33.0,19.0,77.0,63.0,87.0,67.0
2017-08-09,0.0,1.0,44.0,35.0,62.0,35.0,0.0,73.0,68.0,75.0,69.0
2017-08-10,0.0,1.0,45.0,32.0,61.0,34.0,0.0,72.0,71.0,75.0,71.0
2017-08-11,0.0,1.0,43.0,30.0,61.0,30.0,0.0,63.0,64.0,91.0,70.0
2017-08-12,46.0,1.0,26.0,24.0,49.0,18.0,0.0,52.0,52.0,65.0,53.0
2017-08-13,0.0,1.0,23.0,24.0,45.0,20.0,0.0,55.0,41.0,66.0,54.0
2017-08-14,0.0,1.0,31.0,32.0,56.0,26.0,0.0,57.0,53.0,69.0,60.0
2017-08-15,0.0,1.0,22.0,26.0,41.0,24.0,0.0,51.0,46.0,65.0,54.0
2017-08-16,0.0,1.0,38.0,36.0,60.0,33.0,0.0,80.0,71.0,76.0,69.0
2017-08-17,0.0,1.0,44.0,39.0,66.0,35.0,0.0,69.0,58.0,87.0,63.0
2017-08-18,0.0,1.0,38.0,33.0,63.0,33.0,0.0,73.0,61.0,65.0,66.0
2017-08-19,0.0,1.0,29.0,28.0,51.0,26.0,0.0,66.0,54.0,70.0,57.0
2017-08-20,46.0,1.0,24.0,22.0,52.0,26.0,0.0,47.0,41.0,64.0,51.0
2017-08-21,0.0,1.0,42.0,37.0,62.0,35.0,0.0,81.0,66.0,89.0,65.0
2017-08-22,0.0,1.0,50.0,30.0,68.0,31.0,19.0,63.0,69.0,97.0,68.0
2017-08-23,0.0,1.0,41.0,36.0,62.0,36.0,0.0,73.0,57.0,85.0,71.0
2017-08-24,92.0,1.0,40.0,32.0,62.0,34.0,20.0,64.0,63.0,69.0,65.0
2017-08-25,0.0,1.0,33.0,28.0,51.0,28.0,0.0,52.0,50.0,67.0,67.0
2017-08-26,0.0,1.0,32.0,28.0,56.0,27.0,0.0,63.0,54.0,79.0,56.0
2017-08-27,0.0,1.0,29.0,19.0,48.0,32.0,0.0,49.0,38.0,74.0,56.0
2017-08-28,0.0,1.0,49.0,35.0,60.0,36.0,43.0,77.0,58.0,94.0,63.0
2017-08-29,0.0,1.0,53.0,35.0,61.0,34.0,0.0,80.0,68.0,91.0,68.0
2017-08-30,97.0,1.0,51.0,40.0,63.0,36.0,22.0,72.0,62.0,91.0,66.0
2017-08-31,0.0,1.0,50.0,28.0,61.0,39.0,0.0,75.0,59.0,86.0,64.0
2017-09-01,0.0,1.0,47.0,23.0,59.0,33.0,0.0,76.0,66.0,82.0,71.0
2017-09-02,0.0,1.0,23.0,18.0,53.0,29.0,0.0,61.0,60.0,70.0,62.0
2017-09-03,0.0,1.0,26.0,26.0,47.0,27.0,0.0,48.0,50.0,66.0,55.0
2017-09-04,0.0,1.0,52.0,28.0,63.0,36.0,0.0,82.0,62.0,84.0,78.0
2017-09-05,0.0,1.0,54.0,30.0,59.0,39.0,0.0,76.0,62.0,84.0,71.0
2017-09-06,0.0,1.0,61.0,33.0,63.0,37.0,0.0,79.0,67.0,86.0,74.0
2017-09-07,0.0,1.0,62.0,35.0,67.0,41.0,0.0,86.0,63.0,82.0,79.0
2017-09-08,0.0,,63.0,29.0,67.0,34.0,0.0,71.0,66.0,80.0,73.0
2017-09-09,0.0,,34.0,27.0,57.0,27.0,0.0,67.0,54.0,68.0,54.0
2017-09-10,0.0,,41.0,20.0,52.0,39.0,46.0,73.0,46.0,67.0,57.0
2017-09-11,0.0,,84.0,26.0,68.0,37.0,0.0,95.0,69.0,89.0,75.0
2017-09-12,0.0,,64.0,44.0,65.0,47.0,0.0,93.0,67.0,84.0,77.0
2017-09-13,0.0,,51.0,37.0,68.0,45.0,0.0,89.0,66.0,75.0,86.0
2017-09-14,0.0,,50.0,34.0,92.0,38.0,0.0,91.0,65.0,89.0,82.0
2017-09-15,0.0,,52.0,29.0,68.0,36.0,0.0,82.0,50.0,86.0,73.0
2017-09-16,0.0,,33.0,36.0,60.0,30.0,0.0,80.0,53.0,75.0,61.0
2017-09-17,0.0,,37.0,23.0,54.0,27.0,0.0,57.0,50.0,84.0,55.0
2017-09-18,0.0,,51.0,32.0,71.0,48.0,0.0,90.0,57.0,81.0,76.0
2017-09-19,0.0,,57.0,38.0,74.0,38.0,0.0,80.0,72.0,85.0,78.0
2017-09-20,0.0,,59.0,40.0,63.0,33.0,0.0,79.0,68.0,98.0,70.0
2017-09-21,0.0,,58.0,30.0,65.0,38.0,0.0,73.0,62.0,79.0,72.0
2017-09-22,0.0,,47.0,36.0,60.0,36.0,0.0,81.0,64.0,84.0,75.0
2017-09-23,0.0,,35.0,28.0,55.0,32.0,0.0,75.0,71.0,79.0,58.0
2017-09-24,0.0,,30.0,32.0,50.0,27.0,0.0,62.0,51.0,79.0,57.0
2017-09-25,0.0,,55.0,23.0,55.0,31.0,0.0,85.0,59.0,78.0,79.0
2017-09-26,0.0,,60.0,35.0,62.0,29.0,0.0,86.0,69.0,93.0,74.0
2017-09-27,0.0,,63.0,27.0,62.0,36.0,0.0,75.0,60.0,76.0,74.0
2017-09-28,0.0,,51.0,26.0,57.0,25.0,0.0,77.0,53.0,75.0,75.0
2017-09-29,0.0,,45.0,26.0,49.0,24.0,0.0,62.0,49.0,79.0,77.0
2017-09-30,0.0,,30.0,18.0,47.0,25.0,100.0,55.0,38.0,62.0,68.0
2017-10-01,0.0,,22.0,13.0,43.0,20.0,0.0,56.0,50.0,60.0,62.0
2017-10-02,0.0,,38.0,18.0,46.0,37.0,0.0,62.0,73.0,68.0,73.0
2017-10-03,0.0,,73.0,29.0,63.0,32.0,0.0,90.0,79.0,85.0,73.0
2017-10-04,98.0,,63.0,18.0,65.0,40.0,0.0,89.0,78.0,82.0,75.0
2017-10-05,0.0,,63.0,32.0,64.0,44.0,0.0,81.0,64.0,99.0,69.0
2017-10-06,0.0,,61.0,34.0,59.0,39.0,0.0,77.0,71.0,75.0,77.0
2017-10-07,0.0,,37.0,21.0,51.0,34.0,0.0,69.0,51.0,79.0,62.0
2017-10-08,0.0,,37.0,26.0,51.0,26.0,0.0,67.0,47.0,71.0,56.0
2017-10-09,0.0,,61.0,22.0,68.0,37.0,0.0,95.0,59.0,86.0,79.0
2017-10-10,0.0,,59.0,33.0,71.0,41.0,0.0,89.0,56.0,74.0,75.0
2017-10-11,0.0,,60.0,19.0,66.0,37.0,0.0,88.0,66.0,96.0,83.0
2017-10-12,0.0,,56.0,29.0,61.0,30.0,0.0,77.0,76.0,79.0,80.0
2017-10-13,0.0,,53.0,28.0,59.0,30.0,0.0,72.0,57.0,83.0,81.0
2017-10-14,99.0,,52.0,20.0,55.0,27.0,0.0,75.0,45.0,85.0,65.0
2017-10-15,0.0,,42.0,24.0,47.0,27.0,0.0,65.0,46.0,79.0,63.0
2017-10-16,0.0,,57.0,20.0,59.0,35.0,0.0,80.0,60.0,76.0,77.0
2017-10-17,0.0,,35.0,23.0,53.0,26.0,0.0,68.0,69.0,60.0,68.0
2017-10-18,0.0,,45.0,18.0,43.0,24.0,0.0,60.0,48.0,57.0,65.0
2017-10-19,0.0,,22.0,8.0,38.0,20.0,0.0,53.0,44.0,44.0,62.0
2017-10-20,0.0,,40.0,21.0,47.0,23.0,0.0,68.0,37.0,60.0,57.0
2017-10-21,0.0,,29.0,26.0,46.0,27.0,0.0,64.0,47.0,56.0,55.0
2017-10-22,0.0,,48.0,18.0,43.0,24.0,0.0,59.0,36.0,52.0,48.0
2017-10-23,0.0,,72.0,27.0,60.0,36.0,0.0,88.0,59.0,77.0,77.0
2017-10-24,0.0,,59.0,37.0,61.0,44.0,0.0,79.0,54.0,87.0,72.0
2017-10-25,0.0,,66.0,38.0,58.0,42.0,0.0,77.0,66.0,84.0,68.0
2017-10-26,0.0,,65.0,29.0,68.0,39.0,0.0,79.0,65.0,82.0,78.0
2017-10-27,0.0,,67.0,24.0,57.0,35.0,0.0,71.0,66.0,90.0,72.0
2017-10-28,0.0,,40.0,25.0,51.0,33.0,0.0,71.0,58.0,68.0,62.0
2017-10-29,0.0,,56.0,20.0,43.0,32.0,0.0,62.0,42.0,64.0,60.0
2017-10-30,0.0,,61.0,27.0,64.0,43.0,41.0,80.0,62.0,87.0,72.0
2017-10-31,0.0,,60.0,24.0,59.0,41.0,0.0,90.0,54.0,93.0,73.0
2017-11-01,0.0,,76.0,26.0,59.0,42.0,0.0,79.0,76.0,76.0,81.0
2017-11-02,0.0,,63.0,27.0,69.0,40.0,0.0,84.0,64.0,78.0,73.0
2017-11-03,0.0,,46.0,31.0,63.0,38.0,0.0,80.0,57.0,81.0,81.0
2017-11-04,0.0,,32.0,24.0,48.0,28.0,0.0,67.0,49.0,69.0,62.0
2017-11-05,0.0,,35.0,17.0,52.0,30.0,0.0,62.0,44.0,74.0,58.0
2017-11-06,0.0,,59.0,28.0,66.0,38.0,0.0,80.0,74.0,94.0,81.0
2017-11-07,0.0,,73.0,28.0,62.0,39.0,0.0,80.0,63.0,100.0,78.0
2017-11-08,0.0,,61.0,23.0,66.0,36.0,0.0,87.0,56.0,73.0,84.0
2017-11-09,0.0,,72.0,38.0,65.0,39.0,0.0,84.0,70.0,89.0,79.0
2017-11-10,0.0,,59.0,38.0,65.0,41.0,0.0,80.0,62.0,76.0,76.0
2017-11-11,0.0,,48.0,28.0,54.0,26.0,0.0,61.0,41.0,75.0,60.0
2017-11-12,0.0,,40.0,23.0,42.0,27.0,0.0,58.0,38.0,70.0,65.0
2017-11-13,0.0,,67.0,34.0,61.0,40.0,0.0,93.0,70.0,91.0,76.0
2017-11-14,0.0,,67.0,29.0,62.0,36.0,0.0,83.0,64.0,83.0,69.0
2017-11-15,0.0,1.0,59.0,30.0,59.0,42.0,0.0,81.0,56.0,97.0,71.0
2017-11-16,0.0,1.0,61.0,38.0,64.0,44.0,0.0,77.0,63.0,85.0,68.0
2017-11-17,0.0,1.0,62.0,34.0,56.0,43.0,18.0,72.0,59.0,80.0,68.0
2017-11-18,0.0,1.0,46.0,24.0,51.0,33.0,0.0,74.0,51.0,67.0,60.0
2017-11-19,0.0,1.0,37.0,20.0,45.0,27.0,0.0,59.0,39.0,69.0,54.0
2017-11-20,0.0,1.0,68.0,33.0,54.0,34.0,0.0,73.0,64.0,83.0,72.0
2017-11-21,91.0,1.0,69.0,37.0,61.0,40.0,39.0,83.0,56.0,79.0,70.0
2017-11-22,0.0,1.0,77.0,25.0,58.0,39.0,0.0,77.0,56.0,81.0,64.0
2017-11-23,0.0,1.0,55.0,29.0,62.0,41.0,0.0,73.0,59.0,93.0,72.0
2017-11-24,0.0,1.0,50.0,30.0,59.0,37.0,0.0,72.0,49.0,83.0,64.0
2017-11-25,0.0,1.0,38.0,20.0,52.0,26.0,0.0,73.0,43.0,76.0,57.0
2017-11-26,0.0,1.0,51.0,21.0,42.0,29.0,0.0,60.0,40.0,78.0,62.0
2017-11-27,0.0,1.0,75.0,21.0,60.0,40.0,0.0,77.0,59.0,91.0,70.0
2017-11-28,0.0,1.0,66.0,28.0,66.0,39.0,0.0,84.0,70.0,70.0,66.0
2017-11-29,0.0,1.0,61.0,34.0,59.0,39.0,0.0,71.0,63.0,85.0,73.0
2017-11-30,0.0,1.0,50.0,36.0,61.0,35.0,0.0,76.0,62.0,77.0,72.0
2017-12-01,0.0,1.0,50.0,34.0,54.0,35.0,0.0,68.0,62.0,67.0,68.0
2017-12-02,0.0,1.0,41.0,20.0,50.0,28.0,0.0,62.0,42.0,63.0,59.0
2017-12-03,0.0,1.0,46.0,25.0,45.0,25.0,0.0,59.0,36.0,71.0,61.0
2017-12-04,0.0,1.0,66.0,31.0,55.0,44.0,0.0,80.0,58.0,82.0,73.0
2017-12-05,0.0,1.0,60.0,28.0,57.0,37.0,0.0,79.0,62.0,85.0,68.0
2017-12-06,0.0,1.0,56.0,26.0,56.0,39.0,0.0,75.0,60.0,83.0,68.0
2017-12-07,0.0,1.0,67.0,23.0,59.0,34.0,0.0,74.0,56.0,85.0,76.0
2017-12-08,0.0,1.0,61.0,26.0,61.0,36.0,0.0,77.0,53.0,88.0,66.0
2017-12-09,0.0,1.0,43.0,24.0,48.0,30.0,0.0,62.0,51.0,72.0,56.0
2017-12-10,0.0,1.0,44.0,20.0,42.0,25.0,20.0,51.0,34.0,76.0,54.0
2017-12-11,0.0,1.0,76.0,37.0,59.0,39.0,0.0,76.0,61.0,77.0,70.0
2017-12-12,0.0,1.0,68.0,34.0,59.0,39.0,0.0,77.0,56.0,79.0,68.0
2017-12-13,0.0,1.0,66.0,21.0,56.0,35.0,0.0,71.0,61.0,71.0,68.0
2017-12-14,0.0,1.0,67.0,34.0,59.0,37.0,0.0,72.0,63.0,88.0,79.0
2017-12-15,0.0,1.0,63.0,25.0,61.0,38.0,0.0,67.0,55.0,76.0,68.0
2017-12-16,0.0,1.0,43.0,22.0,50.0,26.0,0.0,67.0,49.0,69.0,62.0
2017-12-17,0.0,1.0,35.0,23.0,44.0,27.0,0.0,59.0,38.0,61.0,57.0
2017-12-18,0.0,1.0,49.0,22.0,50.0,26.0,0.0,64.0,57.0,69.0,66.0
2017-12-19,0.0,1.0,59.0,37.0,57.0,32.0,0.0,78.0,68.0,81.0,68.0
2017-12-20,0.0,1.0,58.0,30.0,55.0,34.0,0.0,76.0,54.0,76.0,72.0
2017-12-21,0.0,1.0,83.0,23.0,59.0,38.0,0.0,74.0,54.0,77.0,71.0
2017-12-22,0.0,1.0,60.0,22.0,56.0,31.0,0.0,63.0,48.0,72.0,64.0
2017-12-23,0.0,1.0,38.0,22.0,47.0,23.0,0.0,51.0,43.0,66.0,54.0
2017-12-24,0.0,1.0,41.0,16.0,35.0,19.0,0.0,48.0,36.0,62.0,56.0
2017-12-25,0.0,1.0,41.0,21.0,42.0,24.0,0.0,57.0,43.0,64.0,65.0
2017-12-26,0.0,1.0,65.0,22.0,50.0,32.0,0.0,79.0,63.0,66.0,72.0
2017-12-27,0.0,1.0,58.0,30.0,56.0,31.0,0.0,79.0,43.0,87.0,68.0
2017-12-28,0.0,1.0,59.0,28.0,53.0,28.0,0.0,83.0,51.0,73.0,69.0
2017-12-29,0.0,1.0,58.0,31.0,50.0,28.0,0.0,68.0,44.0,63.0,65.0
2017-12-30,0.0,1.0,36.0,23.0,46.0,23.0,0.0,62.0,49.0,65.0,60.0
2017-12-31,0.0,1.0,27.0,12.0,32.0,19.0,0.0,45.0,30.0,51.0,49.0
2018-01-01,0.0,1.0,45.0,14.0,38.0,27.0,0.0,62.0,51.0,47.0,68.0
2018-01-02,0.0,1.0,50.0,25.0,53.0,38.0,0.0,85.0,55.0,68.0,68.0
2018-01-03,0.0,1.0,64.0,28.0,57.0,39.0,0.0,79.0,60.0,79.0,69.0
2018-01-04,0.0,1.0,66.0,25.0,56.0,36.0,37.0,83.0,58.0,76.0,74.0
2018-01-05,0.0,1.0,51.0,25.0,57.0,36.0,0.0,73.0,52.0,75.0,76.0
2018-01-06,0.0,1.0,41.0,19.0,50.0,27.0,0.0,67.0,44.0,74.0,62.0
2018-01-07,23.0,1.0,42.0,23.0,41.0,27.0,0.0,54.0,37.0,59.0,61.0
2018-01-08,0.0,1.0,67.0,21.0,55.0,38.0,0.0,84.0,58.0,78.0,70.0
2018-01-09,0.0,1.0,64.0,26.0,60.0,36.0,0.0,83.0,60.0,80.0,75.0
2018-01-10,21.0,1.0,60.0,32.0,55.0,42.0,0.0,79.0,61.0,80.0,74.0
2018-01-11,42.0,1.0,59.0,28.0,57.0,37.0,17.0,80.0,56.0,70.0,72.0
2018-01-12,43.0,1.0,54.0,24.0,54.0,38.0,0.0,72.0,47.0,79.0,69.0
2018-01-13,0.0,1.0,40.0,22.0,46.0,30.0,0.0,58.0,41.0,65.0,59.0
2018-01-14,0.0,1.0,36.0,12.0,38.0,27.0,0.0,54.0,31.0,53.0,56.0
2018-01-15,0.0,1.0,54.0,22.0,51.0,34.0,0.0,69.0,45.0,78.0,66.0
2018-01-16,0.0,1.0,66.0,32.0,54.0,36.0,0.0,75.0,48.0,68.0,75.0
2018-01-17,0.0,1.0,76.0,36.0,56.0,38.0,0.0,79.0,56.0,78.0,74.0
2018-01-18,0.0,1.0,57.0,33.0,62.0,37.0,0.0,87.0,61.0,85.0,77.0
2018-01-19,0.0,1.0,54.0,32.0,58.0,38.0,0.0,76.0,51.0,77.0,76.0
2018-01-20,0.0,1.0,38.0,21.0,49.0,27.0,0.0,66.0,49.0,62.0,60.0
2018-01-21,0.0,1.0,32.0,14.0,44.0,30.0,0.0,60.0,42.0,55.0,59.0
2018-01-22,0.0,1.0,60.0,30.0,58.0,34.0,0.0,77.0,50.0,76.0,72.0
2018-01-23,0.0,1.0,55.0,22.0,53.0,35.0,0.0,83.0,55.0,79.0,71.0
2018-01-24,0.0,1.0,51.0,22.0,57.0,35.0,0.0,74.0,55.0,76.0,70.0
2018-01-25,41.0,1.0,53.0,16.0,47.0,28.0,0.0,67.0,45.0,75.0,68.0
2018-01-26,0.0,1.0,24.0,14.0,42.0,25.0,0.0,48.0,38.0,68.0,58.0
2018-01-27,0.0,1.0,31.0,23.0,44.0,26.0,0.0,64.0,41.0,60.0,59.0
2018-01-28,0.0,1.0,30.0,22.0,41.0,22.0,0.0,57.0,41.0,67.0,54.0
2018-01-29,0.0,1.0,63.0,19.0,58.0,35.0,0.0,83.0,54.0,79.0,75.0
2018-01-30,0.0,1.0,56.0,28.0,59.0,37.0,0.0,82.0,53.0,86.0,70.0
2018-01-31,0.0,1.0,56.0,29.0,56.0,37.0,0.0,76.0,57.0,78.0,68.0
2018-02-01,0.0,1.0,64.0,31.0,57.0,37.0,0.0,76.0,50.0,77.0,72.0
2018-02-02,0.0,1.0,54.0,29.0,55.0,37.0,0.0,76.0,50.0,76.0,87.0
2018-02-03,0.0,1.0,35.0,26.0,46.0,22.0,0.0,70.0,41.0,56.0,60.0
2018-02-04,0.0,1.0,34.0,17.0,42.0,27.0,0.0,55.0,35.0,60.0,52.0
2018-02-05,0.0,1.0,60.0,26.0,59.0,35.0,18.0,92.0,55.0,86.0,78.0
2018-02-06,0.0,1.0,59.0,28.0,61.0,35.0,0.0,81.0,55.0,84.0,100.0
2018-02-07,0.0,1.0,57.0,25.0,54.0,37.0,0.0,77.0,48.0,76.0,81.0
2018-02-08,0.0,1.0,66.0,34.0,54.0,34.0,0.0,75.0,54.0,78.0,76.0
2018-02-09,0.0,1.0,61.0,27.0,55.0,32.0,0.0,73.0,49.0,72.0,78.0
2018-02-10,0.0,1.0,29.0,26.0,46.0,27.0,0.0,62.0,42.0,65.0,54.0
2018-02-11,0.0,1.0,32.0,22.0,42.0,26.0,0.0,60.0,44.0,64.0,55.0
2018-02-12,0.0,1.0,52.0,28.0,54.0,34.0,0.0,82.0,53.0,82.0,78.0
2018-02-13,0.0,1.0,40.0,26.0,48.0,32.0,0.0,66.0,48.0,73.0,74.0
2018-02-14,41.0,1.0,51.0,32.0,51.0,33.0,0.0,72.0,52.0,78.0,70.0
2018-02-15,0.0,1.0,56.0,26.0,59.0,39.0,0.0,82.0,57.0,79.0,70.0
2018-02-16,0.0,1.0,54.0,24.0,49.0,29.0,0.0,72.0,47.0,72.0,62.0
2018-02-17,0.0,1.0,33.0,26.0,47.0,23.0,0.0,71.0,43.0,69.0,58.0
2018-02-18,0.0,1.0,31.0,18.0,40.0,25.0,18.0,54.0,36.0,61.0,52.0
2018-02-19,0.0,1.0,49.0,35.0,55.0,34.0,36.0,82.0,56.0,71.0,66.0
2018-02-20,0.0,1.0,72.0,30.0,53.0,34.0,18.0,79.0,55.0,83.0,66.0
2018-02-21,0.0,1.0,56.0,34.0,58.0,36.0,0.0,77.0,50.0,84.0,69.0
2018-02-22,0.0,1.0,64.0,31.0,62.0,37.0,35.0,76.0,54.0,77.0,68.0
2018-02-23,0.0,1.0,58.0,21.0,54.0,36.0,0.0,71.0,52.0,79.0,66.0
2018-02-24,0.0,,44.0,23.0,52.0,21.0,0.0,62.0,33.0,65.0,52.0
2018-02-25,0.0,,42.0,24.0,43.0,29.0,0.0,52.0,30.0,57.0,48.0
2018-02-26,40.0,,52.0,17.0,54.0,34.0,0.0,78.0,52.0,79.0,65.0
2018-02-27,0.0,,55.0,28.0,60.0,34.0,0.0,70.0,59.0,67.0,63.0
2018-02-28,0.0,,53.0,31.0,53.0,34.0,0.0,75.0,59.0,79.0,63.0
2018-03-01,0.0,,47.0,21.0,52.0,31.0,0.0,67.0,40.0,58.0,60.0
2018-03-02,0.0,,27.0,18.0,41.0,23.0,0.0,60.0,36.0,55.0,48.0
2018-03-03,0.0,,28.0,20.0,43.0,28.0,0.0,75.0,46.0,59.0,50.0
2018-03-04,0.0,,27.0,18.0,40.0,23.0,0.0,63.0,33.0,62.0,47.0
2018-03-05,0.0,,53.0,32.0,58.0,32.0,0.0,83.0,60.0,69.0,66.0
2018-03-06,0.0,,60.0,25.0,55.0,38.0,0.0,87.0,60.0,81.0,65.0
2018-03-07,0.0,,41.0,32.0,53.0,28.0,0.0,74.0,55.0,68.0,65.0
2018-03-08,0.0,,50.0,17.0,60.0,36.0,0.0,71.0,52.0,73.0,66.0
2018-03-09,0.0,,48.0,28.0,55.0,32.0,0.0,74.0,47.0,65.0,63.0
2018-03-10,0.0,,33.0,16.0,45.0,27.0,0.0,65.0,41.0,71.0,57.0
2018-03-11,0.0,,33.0,18.0,47.0,28.0,0.0,64.0,33.0,66.0,50.0
2018-03-12,0.0,,47.0,16.0,56.0,32.0,0.0,79.0,53.0,80.0,67.0
2018-03-13,0.0,,73.0,19.0,57.0,33.0,0.0,80.0,51.0,79.0,71.0
2018-03-14,0.0,,61.0,27.0,56.0,30.0,0.0,81.0,50.0,82.0,63.0
2018-03-15,0.0,,65.0,22.0,57.0,34.0,0.0,75.0,45.0,76.0,64.0
2018-03-16,0.0,,50.0,28.0,55.0,29.0,0.0,76.0,48.0,84.0,66.0
2018-03-17,0.0,,43.0,20.0,49.0,26.0,0.0,74.0,45.0,67.0,55.0
2018-03-18,0.0,,35.0,11.0,40.0,21.0,0.0,67.0,28.0,63.0,49.0
2018-03-19,0.0,,68.0,29.0,58.0,37.0,0.0,82.0,50.0,64.0,66.0
2018-03-20,0.0,,63.0,29.0,56.0,38.0,0.0,81.0,50.0,74.0,72.0
2018-03-21,0.0,,63.0,39.0,59.0,40.0,32.0,73.0,55.0,85.0,66.0
2018-03-22,0.0,,63.0,29.0,58.0,33.0,0.0,78.0,57.0,80.0,72.0
2018-03-23,0.0,,52.0,22.0,51.0,32.0,0.0,68.0,50.0,79.0,72.0
2018-03-24,0.0,,45.0,22.0,49.0,26.0,33.0,73.0,41.0,64.0,60.0
2018-03-25,0.0,,30.0,21.0,44.0,28.0,0.0,63.0,33.0,62.0,51.0
2018-03-26,0.0,,48.0,31.0,55.0,32.0,0.0,78.0,54.0,87.0,66.0
2018-03-27,0.0,,65.0,30.0,56.0,32.0,0.0,80.0,54.0,79.0,70.0
2018-03-28,0.0,,52.0,29.0,56.0,24.0,0.0,77.0,55.0,72.0,65.0
2018-03-29,0.0,,48.0,24.0,50.0,28.0,32.0,81.0,58.0,77.0,67.0
2018-03-30,0.0,,39.0,16.0,47.0,23.0,33.0,71.0,47.0,74.0,58.0
2018-03-31,0.0,,36.0,22.0,49.0,28.0,0.0,64.0,40.0,69.0,52.0
2018-04-01,0.0,,23.0,15.0,38.0,25.0,0.0,65.0,40.0,63.0,54.0
2018-04-02,0.0,,53.0,22.0,56.0,30.0,0.0,82.0,53.0,75.0,61.0
2018-04-03,0.0,,52.0,32.0,61.0,37.0,0.0,92.0,59.0,78.0,65.0
2018-04-04,0.0,,57.0,26.0,51.0,35.0,32.0,91.0,53.0,69.0,64.0
2018-04-05,0.0,,60.0,27.0,56.0,40.0,0.0,76.0,56.0,86.0,65.0
2018-04-06,0.0,,47.0,27.0,56.0,28.0,0.0,75.0,50.0,71.0,63.0
2018-04-07,0.0,,38.0,22.0,45.0,28.0,0.0,62.0,33.0,59.0,49.0
2018-04-08,0.0,,30.0,16.0,38.0,23.0,0.0,58.0,36.0,55.0,47.0
2018-04-09,0.0,,53.0,23.0,55.0,33.0,0.0,84.0,65.0,69.0,63.0
2018-04-10,0.0,,52.0,28.0,55.0,31.0,0.0,85.0,53.0,75.0,68.0
2018-04-11,0.0,,59.0,27.0,56.0,34.0,0.0,69.0,45.0,79.0,64.0
2018-04-12,0.0,,63.0,35.0,56.0,32.0,0.0,68.0,57.0,83.0,64.0
2018-04-13,0.0,,60.0,25.0,54.0,28.0,0.0,67.0,46.0,70.0,58.0
2018-04-14,0.0,,34.0,18.0,43.0,21.0,0.0,52.0,36.0,55.0,47.0
2018-04-15,0.0,,33.0,17.0,39.0,24.0,0.0,51.0,36.0,57.0,43.0
2018-04-16,0.0,,55.0,37.0,51.0,30.0,0.0,74.0,46.0,75.0,66.0
2018-04-17,0.0,,59.0,37.0,56.0,34.0,0.0,74.0,53.0,82.0,62.0
2018-04-18,0.0,,50.0,20.0,56.0,36.0,0.0,64.0,59.0,71.0,62.0
2018-04-19,0.0,,67.0,40.0,53.0,36.0,0.0,61.0,51.0,81.0,60.0
2018-04-20,0.0,,64.0,20.0,51.0,28.0,0.0,67.0,42.0,73.0,64.0
2018-04-21,0.0,,46.0,16.0,43.0,19.0,0.0,60.0,39.0,61.0,54.0
2018-04-22,0.0,,37.0,18.0,38.0,18.0,0.0,52.0,38.0,48.0,52.0
2018-04-23,0.0,,52.0,36.0,56.0,34.0,0.0,69.0,55.0,68.0,64.0
2018-04-24,0.0,,47.0,29.0,54.0,32.0,0.0,67.0,46.0,73.0,66.0
2018-04-25,0.0,,69.0,26.0,53.0,30.0,32.0,68.0,48.0,74.0,63.0
2018-04-26,0.0,,72.0,21.0,54.0,35.0,0.0,70.0,53.0,69.0,58.0
2018-04-27,0.0,,49.0,30.0,51.0,29.0,0.0,59.0,46.0,65.0,57.0
2018-04-28,0.0,,39.0,13.0,47.0,22.0,0.0,55.0,40.0,55.0,49.0
2018-04-29,0.0,,29.0,16.0,35.0,18.0,0.0,50.0,28.0,52.0,47.0
2018-04-30,0.0,,49.0,19.0,51.0,33.0,0.0,62.0,48.0,59.0,57.0
2018-05-01,0.0,,33.0,12.0,44.0,30.0,0.0,51.0,42.0,70.0,65.0
2018-05-02,0.0,,47.0,21.0,51.0,24.0,0.0,67.0,55.0,69.0,56.0
2018-05-03,0.0,1.0,48.0,28.0,52.0,32.0,0.0,61.0,60.0,77.0,61.0
2018-05-04,0.0,1.0,39.0,24.0,53.0,30.0,0.0,65.0,54.0,65.0,61.0
2018-05-05,0.0,1.0,32.0,28.0,47.0,24.0,0.0,62.0,47.0,61.0,50.0
2018-05-06,0.0,1.0,35.0,15.0,40.0,21.0,17.0,49.0,42.0,56.0,50.0
2018-05-07,0.0,1.0,50.0,20.0,54.0,33.0,0.0,59.0,47.0,71.0,59.0
2018-05-08,0.0,1.0,54.0,25.0,53.0,29.0,15.0,69.0,57.0,71.0,58.0
2018-05-09,0.0,1.0,47.0,23.0,52.0,27.0,0.0,65.0,49.0,69.0,59.0
2018-05-10,0.0,1.0,51.0,29.0,56.0,28.0,0.0,66.0,52.0,76.0,60.0
2018-05-11,0.0,1.0,48.0,25.0,50.0,29.0,0.0,57.0,51.0,73.0,60.0
2018-05-12,0.0,1.0,33.0,24.0,42.0,23.0,0.0,44.0,39.0,63.0,51.0
2018-05-13,0.0,1.0,30.0,18.0,39.0,19.0,17.0,44.0,34.0,60.0,46.0
2018-05-14,0.0,1.0,41.0,25.0,49.0,29.0,0.0,65.0,52.0,71.0,58.0
2018-05-15,0.0,1.0,46.0,24.0,43.0,26.0,0.0,61.0,43.0,64.0,55.0
2018-05-16,0.0,1.0,53.0,21.0,51.0,27.0,0.0,61.0,47.0,65.0,58.0
2018-05-17,0.0,1.0,43.0,27.0,51.0,33.0,0.0,67.0,51.0,66.0,59.0
2018-05-18,0.0,1.0,47.0,23.0,52.0,34.0,0.0,64.0,53.0,70.0,59.0
2018-05-19,0.0,1.0,35.0,21.0,45.0,19.0,0.0,50.0,38.0,59.0,48.0
2018-05-20,0.0,1.0,27.0,12.0,42.0,24.0,0.0,51.0,38.0,60.0,49.0
2018-05-21,0.0,1.0,51.0,32.0,55.0,34.0,0.0,69.0,53.0,65.0,62.0
2018-05-22,18.0,1.0,54.0,27.0,53.0,33.0,0.0,71.0,58.0,71.0,60.0
2018-05-23,0.0,1.0,48.0,28.0,55.0,35.0,0.0,62.0,49.0,65.0,62.0
2018-05-24,0.0,1.0,46.0,30.0,57.0,29.0,0.0,65.0,55.0,60.0,63.0
2018-05-25,0.0,1.0,42.0,22.0,50.0,29.0,0.0,65.0,50.0,60.0,59.0
2018-05-26,0.0,1.0,29.0,24.0,48.0,17.0,0.0,55.0,37.0,56.0,46.0
2018-05-27,0.0,1.0,32.0,16.0,39.0,24.0,16.0,45.0,35.0,55.0,47.0
2018-05-28,0.0,1.0,48.0,27.0,57.0,28.0,0.0,70.0,50.0,60.0,59.0
2018-05-29,0.0,1.0,44.0,27.0,55.0,30.0,0.0,64.0,48.0,79.0,61.0
2018-05-30,0.0,1.0,47.0,17.0,54.0,31.0,0.0,62.0,51.0,67.0,59.0
2018-05-31,0.0,1.0,52.0,23.0,52.0,29.0,0.0,59.0,49.0,61.0,59.0
2018-06-01,0.0,1.0,47.0,23.0,54.0,33.0,0.0,65.0,45.0,62.0,58.0
2018-06-02,0.0,1.0,36.0,23.0,48.0,23.0,0.0,66.0,49.0,57.0,55.0
2018-06-03,0.0,1.0,25.0,17.0,41.0,22.0,16.0,54.0,39.0,51.0,51.0
2018-06-04,0.0,1.0,49.0,30.0,54.0,27.0,0.0,75.0,46.0,68.0,60.0
2018-06-05,0.0,1.0,38.0,23.0,59.0,32.0,0.0,78.0,48.0,70.0,63.0
2018-06-06,0.0,1.0,42.0,22.0,54.0,25.0,0.0,67.0,55.0,62.0,61.0
2018-06-07,17.0,1.0,56.0,26.0,52.0,31.0,0.0,71.0,54.0,60.0,60.0
2018-06-08,0.0,1.0,42.0,31.0,54.0,26.0,0.0,65.0,46.0,61.0,55.0
2018-06-09,0.0,1.0,24.0,22.0,49.0,22.0,0.0,63.0,39.0,56.0,51.0
2018-06-10,0.0,1.0,24.0,18.0,41.0,23.0,16.0,54.0,37.0,62.0,49.0
2018-06-11,0.0,1.0,45.0,31.0,55.0,30.0,0.0,77.0,47.0,71.0,57.0
2018-06-12,15.0,1.0,50.0,27.0,61.0,28.0,0.0,73.0,52.0,69.0,63.0
2018-06-13,16.0,1.0,40.0,25.0,59.0,29.0,0.0,76.0,53.0,71.0,58.0
2018-06-14,0.0,1.0,36.0,23.0,54.0,30.0,0.0,64.0,54.0,69.0,59.0
2018-06-15,0.0,1.0,32.0,20.0,47.0,26.0,0.0,59.0,39.0,59.0,56.0
2018-06-16,0.0,1.0,25.0,21.0,43.0,17.0,0.0,49.0,37.0,56.0,48.0
2018-06-17,0.0,1.0,30.0,15.0,39.0,21.0,0.0,45.0,29.0,52.0,44.0
2018-06-18,0.0,1.0,42.0,22.0,57.0,29.0,0.0,67.0,49.0,66.0,57.0
2018-06-19,0.0,1.0,43.0,27.0,56.0,31.0,0.0,65.0,44.0,70.0,58.0
2018-06-20,18.0,1.0,44.0,25.0,55.0,29.0,0.0,69.0,43.0,70.0,62.0
2018-06-21,0.0,1.0,41.0,25.0,58.0,28.0,0.0,57.0,49.0,76.0,59.0
2018-06-22,0.0,1.0,45.0,26.0,57.0,30.0,0.0,62.0,44.0,66.0,61.0
2018-06-23,0.0,1.0,31.0,22.0,47.0,21.0,0.0,50.0,43.0,60.0,52.0
2018-06-24,0.0,1.0,20.0,17.0,41.0,24.0,0.0,48.0,30.0,58.0,49.0
2018-06-25,0.0,1.0,45.0,26.0,56.0,29.0,14.0,68.0,41.0,86.0,57.0
2018-06-26,0.0,1.0,46.0,23.0,50.0,27.0,27.0,61.0,50.0,70.0,57.0
2018-06-27,18.0,1.0,46.0,25.0,53.0,32.0,0.0,65.0,44.0,68.0,59.0
2018-06-28,0.0,1.0,44.0,20.0,53.0,29.0,0.0,63.0,54.0,67.0,57.0
2018-06-29,17.0,1.0,51.0,26.0,57.0,26.0,0.0,61.0,47.0,65.0,56.0
2018-06-30,0.0,1.0,26.0,20.0,48.0,20.0,0.0,56.0,38.0,57.0,50.0
2018-07-01,0.0,1.0,31.0,22.0,42.0,23.0,15.0,45.0,43.0,51.0,47.0
2018-07-02,0.0,1.0,38.0,23.0,55.0,31.0,0.0,68.0,47.0,66.0,56.0
2018-07-03,0.0,1.0,40.0,26.0,55.0,29.0,0.0,70.0,47.0,67.0,61.0
2018-07-04,0.0,1.0,47.0,27.0,54.0,30.0,0.0,67.0,46.0,65.0,57.0
2018-07-05,0.0,1.0,47.0,30.0,57.0,28.0,0.0,69.0,45.0,71.0,62.0
2018-07-06,0.0,1.0,37.0,25.0,55.0,32.0,0.0,67.0,48.0,69.0,57.0
2018-07-07,0.0,1.0,28.0,19.0,48.0,21.0,0.0,61.0,42.0,51.0,51.0
2018-07-08,0.0,1.0,25.0,15.0,45.0,22.0,0.0,51.0,37.0,48.0,48.0
2018-07-09,0.0,1.0,43.0,26.0,58.0,32.0,0.0,75.0,56.0,69.0,58.0
2018-07-10,0.0,1.0,41.0,23.0,57.0,33.0,0.0,66.0,44.0,70.0,60.0
2018-07-11,0.0,1.0,44.0,29.0,62.0,31.0,13.0,67.0,48.0,72.0,66.0
2018-07-12,0.0,1.0,37.0,27.0,55.0,34.0,0.0,69.0,44.0,67.0,61.0
2018-07-13,0.0,1.0,46.0,27.0,60.0,31.0,0.0,66.0,45.0,68.0,62.0
2018-07-14,0.0,1.0,36.0,20.0,50.0,24.0,0.0,53.0,44.0,58.0,50.0
2018-07-15,0.0,1.0,32.0,17.0,45.0,24.0,0.0,44.0,33.0,56.0,52.0
2018-07-16,0.0,1.0,53.0,26.0,58.0,33.0,0.0,70.0,51.0,71.0,60.0
2018-07-17,0.0,1.0,48.0,27.0,58.0,27.0,0.0,68.0,52.0,74.0,63.0
2018-07-18,0.0,1.0,49.0,26.0,59.0,36.0,0.0,71.0,45.0,74.0,61.0
2018-07-19,0.0,1.0,50.0,29.0,58.0,31.0,0.0,69.0,55.0,72.0,62.0
2018-07-20,0.0,1.0,42.0,30.0,60.0,30.0,0.0,65.0,48.0,65.0,61.0
2018-07-21,0.0,1.0,34.0,24.0,54.0,22.0,0.0,67.0,38.0,59.0,52.0
2018-07-22,0.0,1.0,23.0,17.0,46.0,25.0,0.0,52.0,31.0,57.0,53.0
2018-07-23,0.0,1.0,49.0,29.0,60.0,29.0,14.0,74.0,49.0,73.0,64.0
2018-07-24,0.0,1.0,43.0,24.0,62.0,36.0,0.0,70.0,52.0,76.0,63.0
2018-07-25,0.0,1.0,45.0,27.0,62.0,29.0,0.0,68.0,48.0,70.0,62.0
2018-07-26,0.0,1.0,50.0,24.0,59.0,30.0,0.0,64.0,48.0,78.0,63.0
2018-07-27,0.0,1.0,49.0,31.0,55.0,29.0,0.0,59.0,48.0,62.0,65.0
2018-07-28,0.0,1.0,37.0,22.0,50.0,24.0,14.0,56.0,41.0,57.0,56.0
2018-07-29,0.0,1.0,32.0,23.0,46.0,23.0,0.0,46.0,30.0,64.0,56.0
2018-07-30,0.0,1.0,40.0,25.0,61.0,33.0,0.0,70.0,48.0,82.0,67.0
2018-07-31,0.0,1.0,51.0,27.0,58.0,31.0,0.0,67.0,51.0,66.0,66.0
2018-08-01,0.0,1.0,47.0,26.0,59.0,33.0,0.0,65.0,49.0,73.0,70.0
2018-08-02,0.0,1.0,49.0,29.0,65.0,36.0,0.0,70.0,52.0,74.0,77.0
2018-08-03,0.0,1.0,46.0,23.0,63.0,32.0,0.0,63.0,41.0,70.0,68.0
2018-08-04,0.0,1.0,32.0,21.0,53.0,23.0,0.0,60.0,43.0,64.0,59.0
2018-08-05,0.0,1.0,28.0,25.0,49.0,22.0,0.0,51.0,34.0,55.0,54.0
2018-08-06,0.0,1.0,54.0,33.0,63.0,31.0,0.0,67.0,49.0,77.0,66.0
2018-08-07,0.0,1.0,45.0,25.0,61.0,33.0,0.0,68.0,53.0,72.0,69.0
2018-08-08,0.0,1.0,55.0,29.0,57.0,30.0,0.0,63.0,52.0,71.0,65.0
2018-08-09,16.0,1.0,46.0,28.0,58.0,32.0,0.0,60.0,51.0,74.0,66.0
2018-08-10,0.0,1.0,39.0,25.0,61.0,33.0,0.0,63.0,47.0,66.0,68.0
2018-08-11,0.0,1.0,33.0,25.0,49.0,24.0,0.0,56.0,44.0,66.0,55.0
2018-08-12,0.0,,24.0,21.0,44.0,27.0,0.0,51.0,40.0,62.0,60.0
2018-08-13,0.0,,39.0,26.0,62.0,34.0,0.0,64.0,53.0,75.0,68.0
2018-08-14,34.0,,42.0,19.0,52.0,33.0,25.0,55.0,51.0,62.0,64.0
2018-08-15,0.0,,22.0,14.0,46.0,22.0,0.0,46.0,44.0,59.0,51.0
2018-08-16,0.0,,42.0,26.0,54.0,30.0,0.0,59.0,47.0,71.0,71.0
2018-08-17,0.0,,41.0,23.0,55.0,29.0,24.0,54.0,42.0,70.0,72.0
2018-08-18,0.0,,43.0,26.0,45.0,26.0,0.0,57.0,43.0,59.0,53.0
2018-08-19,0.0,,35.0,23.0,44.0,26.0,28.0,46.0,36.0,64.0,57.0
2018-08-20,0.0,,46.0,30.0,53.0,31.0,26.0,69.0,44.0,66.0,64.0
2018-08-21,0.0,,43.0,20.0,55.0,31.0,0.0,68.0,43.0,68.0,68.0
2018-08-22,0.0,,29.0,30.0,52.0,29.0,0.0,59.0,49.0,61.0,68.0
2018-08-23,0.0,,45.0,18.0,59.0,34.0,0.0,65.0,61.0,76.0,71.0
2018-08-24,0.0,,50.0,22.0,55.0,28.0,0.0,57.0,38.0,69.0,62.0
2018-08-25,0.0,,33.0,26.0,47.0,23.0,0.0,56.0,37.0,58.0,53.0
2018-08-26,0.0,,30.0,18.0,39.0,22.0,0.0,43.0,33.0,47.0,52.0
2018-08-27,0.0,,52.0,25.0,57.0,30.0,0.0,65.0,56.0,68.0,61.0
2018-08-28,0.0,,46.0,26.0,59.0,36.0,0.0,69.0,51.0,70.0,69.0
2018-08-29,0.0,,57.0,27.0,61.0,35.0,0.0,68.0,54.0,84.0,68.0
2018-08-30,0.0,,55.0,28.0,56.0,32.0,0.0,70.0,44.0,78.0,64.0
2018-08-31,0.0,,52.0,25.0,56.0,24.0,0.0,63.0,45.0,69.0,60.0
2018-09-01,0.0,,34.0,21.0,51.0,20.0,0.0,55.0,45.0,62.0,54.0
2018-09-02,0.0,,32.0,19.0,47.0,17.0,26.0,52.0,38.0,67.0,49.0
2018-09-03,0.0,,47.0,24.0,54.0,31.0,0.0,61.0,59.0,71.0,69.0
2018-09-04,0.0,,50.0,27.0,62.0,26.0,0.0,68.0,58.0,71.0,64.0
2018-09-05,0.0,,42.0,21.0,59.0,29.0,0.0,65.0,57.0,66.0,65.0
2018-09-06,0.0,,48.0,29.0,56.0,30.0,25.0,61.0,51.0,71.0,65.0
2018-09-07,0.0,,40.0,29.0,56.0,31.0,0.0,67.0,50.0,73.0,72.0
2018-09-08,0.0,,36.0,20.0,50.0,24.0,0.0,57.0,51.0,64.0,53.0
2018-09-09,34.0,,30.0,22.0,41.0,28.0,0.0,46.0,36.0,62.0,53.0
2018-09-10,0.0,,53.0,26.0,54.0,30.0,0.0,63.0,46.0,65.0,64.0
2018-09-11,33.0,,48.0,20.0,54.0,34.0,0.0,63.0,55.0,71.0,60.0
2018-09-12,0.0,,58.0,24.0,56.0,30.0,0.0,58.0,52.0,70.0,65.0
2018-09-13,0.0,,42.0,20.0,49.0,21.0,0.0,47.0,39.0,59.0,60.0
2018-09-14,0.0,,40.0,24.0,53.0,36.0,0.0,64.0,44.0,67.0,63.0
2018-09-15,0.0,,29.0,19.0,47.0,31.0,0.0,58.0,41.0,49.0,57.0
2018-09-16,34.0,,31.0,17.0,47.0,29.0,0.0,47.0,33.0,55.0,68.0
2018-09-17,0.0,,50.0,24.0,56.0,27.0,0.0,61.0,47.0,72.0,79.0
2018-09-18,0.0,,51.0,33.0,60.0,28.0,0.0,57.0,57.0,82.0,68.0
2018-09-19,0.0,,42.0,23.0,63.0,28.0,0.0,65.0,40.0,72.0,66.0
2018-09-20,0.0,,46.0,22.0,57.0,29.0,0.0,61.0,50.0,62.0,71.0
2018-09-21,0.0,,38.0,27.0,54.0,34.0,0.0,52.0,51.0,72.0,72.0
2018-09-22,0.0,,31.0,19.0,49.0,28.0,0.0,53.0,41.0,65.0,60.0
2018-09-23,0.0,,31.0,19.0,42.0,27.0,0.0,43.0,40.0,59.0,53.0
2018-09-24,33.0,,39.0,22.0,55.0,31.0,0.0,65.0,57.0,61.0,69.0
2018-09-25,0.0,,47.0,28.0,56.0,36.0,0.0,66.0,51.0,75.0,68.0
2018-09-26,0.0,,51.0,27.0,57.0,37.0,0.0,65.0,47.0,71.0,68.0
2018-09-27,0.0,,35.0,20.0,58.0,34.0,0.0,63.0,51.0,69.0,64.0
2018-09-28,0.0,,44.0,22.0,54.0,26.0,0.0,56.0,53.0,73.0,60.0
2018-09-29,0.0,,27.0,24.0,50.0,21.0,0.0,57.0,47.0,61.0,60.0
2018-09-30,0.0,,31.0,19.0,46.0,24.0,0.0,47.0,41.0,65.0,58.0
2018-10-01,0.0,,48.0,25.0,56.0,100.0,0.0,68.0,55.0,70.0,66.0
2018-10-02,0.0,,30.0,24.0,52.0,33.0,0.0,54.0,38.0,63.0,68.0
2018-10-03,0.0,,47.0,25.0,56.0,32.0,0.0,68.0,50.0,67.0,64.0
2018-10-04,0.0,,53.0,24.0,53.0,32.0,24.0,62.0,50.0,76.0,69.0
2018-10-05,0.0,,37.0,30.0,100.0,34.0,0.0,63.0,47.0,72.0,74.0
2018-10-06,0.0,,30.0,22.0,52.0,22.0,0.0,62.0,40.0,69.0,60.0
2018-10-07,0.0,,32.0,14.0,46.0,24.0,0.0,46.0,38.0,60.0,55.0
2018-10-08,0.0,,38.0,24.0,56.0,32.0,0.0,66.0,49.0,69.0,69.0
2018-10-09,0.0,,58.0,27.0,55.0,33.0,0.0,66.0,52.0,73.0,63.0
2018-10-10,0.0,,64.0,18.0,53.0,24.0,0.0,57.0,52.0,70.0,68.0
2018-10-11,0.0,,54.0,17.0,57.0,27.0,0.0,62.0,50.0,76.0,75.0
2018-10-12,0.0,,39.0,22.0,54.0,34.0,0.0,61.0,56.0,68.0,70.0
2018-10-13,0.0,,37.0,17.0,49.0,29.0,25.0,57.0,51.0,61.0,59.0
2018-10-14,0.0,,35.0,18.0,43.0,23.0,0.0,50.0,40.0,70.0,60.0
2018-10-15,0.0,,52.0,25.0,56.0,27.0,0.0,58.0,56.0,78.0,73.0
2018-10-16,0.0,,44.0,26.0,83.0,26.0,0.0,62.0,53.0,65.0,72.0
2018-10-17,0.0,,42.0,22.0,51.0,23.0,0.0,62.0,56.0,59.0,69.0
2018-10-18,35.0,,35.0,16.0,42.0,27.0,0.0,45.0,39.0,63.0,61.0
2018-10-19,0.0,1.0,34.0,20.0,39.0,23.0,0.0,48.0,35.0,52.0,67.0
2018-10-20,0.0,1.0,35.0,21.0,44.0,21.0,0.0,58.0,39.0,61.0,66.0
2018-10-21,0.0,1.0,42.0,16.0,38.0,23.0,0.0,44.0,35.0,60.0,55.0
2018-10-22,34.0,1.0,50.0,25.0,53.0,33.0,0.0,66.0,50.0,69.0,67.0
2018-10-23,0.0,1.0,63.0,22.0,55.0,35.0,0.0,60.0,47.0,74.0,75.0
2018-10-24,16.0,1.0,50.0,28.0,49.0,33.0,25.0,54.0,47.0,61.0,65.0
2018-10-25,0.0,1.0,53.0,26.0,54.0,34.0,0.0,61.0,49.0,70.0,68.0
2018-10-26,0.0,1.0,53.0,19.0,50.0,34.0,0.0,57.0,43.0,70.0,70.0
2018-10-27,0.0,1.0,36.0,18.0,43.0,22.0,21.0,46.0,37.0,60.0,53.0
2018-10-28,0.0,1.0,37.0,16.0,43.0,26.0,25.0,46.0,39.0,63.0,57.0
2018-10-29,0.0,1.0,43.0,23.0,50.0,30.0,10.0,58.0,49.0,72.0,63.0
2018-10-30,0.0,1.0,57.0,25.0,53.0,29.0,0.0,59.0,49.0,74.0,71.0
2018-10-31,0.0,1.0,51.0,27.0,54.0,29.0,0.0,58.0,46.0,73.0,66.0
2018-11-01,0.0,1.0,51.0,18.0,46.0,25.0,0.0,52.0,55.0,59.0,66.0
2018-11-02,0.0,1.0,45.0,21.0,48.0,25.0,0.0,55.0,52.0,60.0,72.0
2018-11-03,0.0,1.0,30.0,14.0,46.0,25.0,0.0,61.0,41.0,58.0,57.0
2018-11-04,0.0,1.0,37.0,14.0,38.0,19.0,0.0,48.0,39.0,53.0,56.0
2018-11-05,0.0,1.0,43.0,15.0,45.0,23.0,0.0,58.0,43.0,61.0,67.0
2018-11-06,0.0,1.0,30.0,12.0,47.0,19.0,0.0,42.0,37.0,53.0,60.0
2018-11-07,0.0,1.0,24.0,12.0,39.0,19.0,0.0,41.0,28.0,38.0,55.0
2018-11-08,0.0,1.0,29.0,15.0,43.0,22.0,0.0,48.0,36.0,49.0,61.0
2018-11-09,0.0,1.0,38.0,15.0,40.0,20.0,0.0,53.0,41.0,49.0,58.0
2018-11-10,17.0,1.0,25.0,18.0,44.0,18.0,0.0,48.0,38.0,61.0,55.0
2018-11-11,0.0,1.0,24.0,14.0,37.0,27.0,0.0,44.0,33.0,50.0,49.0
2018-11-12,0.0,1.0,53.0,19.0,50.0,30.0,0.0,61.0,47.0,72.0,65.0
2018-11-13,0.0,1.0,55.0,20.0,51.0,32.0,0.0,62.0,50.0,68.0,66.0
2018-11-14,0.0,1.0,58.0,19.0,53.0,31.0,13.0,61.0,45.0,72.0,65.0
2018-11-15,0.0,1.0,60.0,22.0,50.0,33.0,13.0,59.0,44.0,66.0,64.0
2018-11-16,16.0,1.0,40.0,21.0,48.0,29.0,0.0,58.0,45.0,74.0,64.0
2018-11-17,0.0,1.0,40.0,23.0,44.0,26.0,26.0,51.0,38.0,58.0,57.0
2018-11-18,35.0,1.0,41.0,16.0,42.0,28.0,0.0,45.0,36.0,63.0,57.0
2018-11-19,0.0,1.0,48.0,29.0,55.0,30.0,12.0,66.0,56.0,71.0,68.0
2018-11-20,0.0,1.0,43.0,22.0,51.0,33.0,0.0,56.0,53.0,69.0,71.0
2018-11-21,0.0,1.0,42.0,25.0,52.0,38.0,0.0,56.0,45.0,66.0,65.0
2018-11-22,0.0,1.0,52.0,24.0,52.0,31.0,0.0,59.0,45.0,60.0,67.0
2018-11-23,0.0,1.0,43.0,22.0,50.0,30.0,0.0,59.0,47.0,61.0,70.0
2018-11-24,0.0,1.0,40.0,17.0,46.0,25.0,0.0,52.0,43.0,55.0,62.0
2018-11-25,0.0,1.0,34.0,17.0,39.0,23.0,0.0,43.0,29.0,60.0,58.0
2018-11-26,33.0,1.0,61.0,25.0,54.0,33.0,13.0,68.0,45.0,69.0,67.0
2018-11-27,0.0,1.0,66.0,25.0,53.0,35.0,0.0,64.0,46.0,73.0,65.0
2018-11-28,0.0,1.0,52.0,26.0,56.0,37.0,0.0,63.0,57.0,71.0,68.0
2018-11-29,0.0,1.0,53.0,25.0,52.0,31.0,0.0,62.0,50.0,72.0,66.0
2018-11-30,0.0,1.0,49.0,20.0,51.0,34.0,0.0,63.0,49.0,66.0,67.0
2018-12-01,0.0,1.0,43.0,19.0,45.0,31.0,0.0,57.0,49.0,65.0,60.0
2018-12-02,0.0,1.0,31.0,23.0,41.0,25.0,0.0,50.0,34.0,66.0,62.0
2018-12-03,0.0,1.0,80.0,26.0,54.0,32.0,0.0,70.0,55.0,72.0,69.0
2018-12-04,0.0,1.0,66.0,22.0,54.0,32.0,0.0,73.0,55.0,79.0,63.0
2018-12-05,0.0,1.0,55.0,19.0,53.0,39.0,0.0,70.0,52.0,71.0,67.0
2018-12-06,0.0,1.0,58.0,23.0,52.0,33.0,0.0,67.0,53.0,69.0,64.0
2018-12-07,0.0,1.0,44.0,22.0,51.0,29.0,0.0,61.0,48.0,63.0,65.0
2018-12-08,0.0,1.0,44.0,24.0,43.0,26.0,0.0,51.0,40.0,60.0,60.0
2018-12-09,0.0,1.0,32.0,15.0,36.0,22.0,0.0,48.0,32.0,62.0,55.0
2018-12-10,0.0,1.0,53.0,26.0,48.0,28.0,0.0,69.0,49.0,68.0,67.0
2018-12-11,0.0,1.0,45.0,19.0,42.0,27.0,0.0,52.0,43.0,59.0,58.0
2018-12-12,0.0,1.0,45.0,24.0,50.0,34.0,0.0,67.0,52.0,69.0,65.0
2018-12-13,0.0,1.0,64.0,25.0,49.0,31.0,0.0,73.0,51.0,70.0,64.0
2018-12-14,0.0,1.0,56.0,23.0,50.0,33.0,0.0,66.0,48.0,63.0,65.0
2018-12-15,0.0,1.0,42.0,22.0,45.0,25.0,0.0,66.0,38.0,58.0,55.0
2018-12-16,0.0,1.0,35.0,15.0,38.0,25.0,0.0,51.0,34.0,58.0,55.0
2018-12-17,0.0,1.0,60.0,19.0,52.0,33.0,0.0,76.0,52.0,67.0,64.0
2018-12-18,16.0,1.0,63.0,30.0,56.0,34.0,0.0,73.0,56.0,69.0,66.0
2018-12-19,17.0,1.0,62.0,29.0,51.0,33.0,13.0,74.0,50.0,66.0,65.0
2018-12-20,17.0,1.0,63.0,23.0,51.0,29.0,0.0,70.0,47.0,62.0,67.0
2018-12-21,0.0,1.0,54.0,20.0,46.0,31.0,0.0,63.0,36.0,61.0,63.0
2018-12-22,0.0,1.0,37.0,21.0,42.0,25.0,0.0,56.0,34.0,53.0,53.0
2018-12-23,0.0,1.0,29.0,16.0,38.0,23.0,0.0,48.0,33.0,55.0,56.0
2018-12-24,0.0,1.0,48.0,20.0,46.0,26.0,0.0,65.0,47.0,49.0,66.0
2018-12-25,0.0,1.0,36.0,16.0,41.0,20.0,0.0,53.0,39.0,49.0,63.0
2018-12-26,0.0,1.0,42.0,21.0,45.0,32.0,0.0,69.0,45.0,64.0,62.0
2018-12-27,34.0,1.0,49.0,22.0,48.0,27.0,0.0,70.0,50.0,60.0,61.0
2018-12-28,0.0,1.0,37.0,20.0,47.0,32.0,0.0,66.0,51.0,58.0,60.0
2018-12-29,0.0,1.0,45.0,21.0,41.0,26.0,13.0,62.0,37.0,55.0,55.0
2018-12-30,0.0,1.0,27.0,14.0,38.0,20.0,0.0,48.0,34.0,43.0,51.0
2018-12-31,0.0,1.0,44.0,17.0,41.0,24.0,0.0,59.0,37.0,48.0,60.0
2019-01-01,0.0,1.0,36.0,19.0,39.0,29.0,0.0,54.0,41.0,50.0,60.0
2019-01-02,0.0,1.0,52.0,20.0,51.0,30.0,0.0,70.0,53.0,64.0,60.0
2019-01-03,0.0,1.0,41.0,17.0,56.0,33.0,0.0,70.0,47.0,65.0,66.0
2019-01-04,0.0,1.0,55.0,19.0,49.0,33.0,0.0,73.0,45.0,62.0,63.0
2019-01-05,0.0,1.0,40.0,16.0,44.0,27.0,0.0,63.0,39.0,69.0,53.0
2019-01-06,0.0,1.0,39.0,19.0,39.0,23.0,0.0,52.0,33.0,56.0,52.0
2019-01-07,0.0,1.0,54.0,22.0,50.0,33.0,0.0,77.0,52.0,73.0,62.0
2019-01-08,17.0,1.0,50.0,20.0,54.0,31.0,26.0,72.0,51.0,63.0,67.0
2019-01-09,0.0,1.0,48.0,20.0,52.0,31.0,0.0,72.0,46.0,75.0,63.0
2019-01-10,0.0,1.0,52.0,23.0,52.0,31.0,0.0,75.0,52.0,75.0,63.0
2019-01-11,0.0,1.0,43.0,15.0,53.0,29.0,0.0,66.0,46.0,67.0,62.0
2019-01-12,0.0,1.0,34.0,21.0,43.0,23.0,0.0,52.0,38.0,52.0,52.0
2019-01-13,0.0,1.0,35.0,9.0,40.0,23.0,14.0,46.0,30.0,49.0,51.0
2019-01-14,0.0,1.0,45.0,21.0,43.0,26.0,0.0,69.0,41.0,62.0,62.0
2019-01-15,0.0,1.0,54.0,15.0,47.0,26.0,0.0,57.0,39.0,55.0,54.0
2019-01-16,17.0,1.0,44.0,23.0,50.0,31.0,0.0,67.0,45.0,72.0,65.0
2019-01-17,0.0,1.0,53.0,18.0,50.0,34.0,0.0,69.0,48.0,76.0,63.0
2019-01-18,0.0,1.0,49.0,23.0,50.0,31.0,0.0,67.0,45.0,65.0,54.0
2019-01-19,0.0,1.0,39.0,19.0,44.0,25.0,14.0,68.0,41.0,55.0,57.0
2019-01-20,17.0,1.0,36.0,17.0,40.0,25.0,0.0,56.0,42.0,58.0,57.0
2019-01-21,0.0,1.0,47.0,19.0,53.0,31.0,0.0,74.0,50.0,64.0,64.0
2019-01-22,0.0,1.0,45.0,23.0,51.0,31.0,0.0,73.0,50.0,72.0,66.0
2019-01-23,0.0,1.0,45.0,20.0,50.0,31.0,0.0,66.0,51.0,75.0,61.0
2019-01-24,0.0,1.0,42.0,25.0,54.0,32.0,0.0,67.0,45.0,73.0,62.0
2019-01-25,0.0,1.0,47.0,17.0,46.0,30.0,0.0,53.0,46.0,63.0,59.0
2019-01-26,0.0,1.0,24.0,14.0,37.0,18.0,13.0,41.0,36.0,50.0,48.0
2019-01-27,0.0,1.0,38.0,11.0,40.0,22.0,0.0,48.0,32.0,55.0,55.0
2019-01-28,0.0,,64.0,17.0,45.0,38.0,26.0,76.0,50.0,70.0,60.0
2019-01-29,0.0,,66.0,23.0,55.0,36.0,0.0,78.0,47.0,78.0,68.0
2019-01-30,0.0,,69.0,23.0,54.0,43.0,0.0,74.0,62.0,84.0,65.0
2019-01-31,0.0,,58.0,24.0,52.0,37.0,0.0,65.0,41.0,77.0,59.0
2019-02-01,0.0,,53.0,32.0,49.0,27.0,0.0,73.0,46.0,68.0,63.0
2019-02-02,0.0,,38.0,22.0,47.0,25.0,0.0,72.0,38.0,63.0,57.0
2019-02-03,0.0,,37.0,17.0,39.0,29.0,0.0,58.0,37.0,54.0,57.0
2019-02-04,0.0,,49.0,23.0,50.0,39.0,0.0,75.0,49.0,77.0,62.0
2019-02-05,0.0,,58.0,17.0,50.0,33.0,0.0,73.0,49.0,78.0,63.0
2019-02-06,0.0,,70.0,24.0,50.0,29.0,0.0,70.0,38.0,71.0,60.0
2019-02-07,0.0,,63.0,21.0,48.0,29.0,0.0,73.0,52.0,73.0,58.0
2019-02-08,0.0,,65.0,23.0,49.0,32.0,0.0,70.0,42.0,67.0,61.0
2019-02-09,0.0,,43.0,16.0,43.0,23.0,0.0,69.0,27.0,63.0,49.0
2019-02-10,0.0,,43.0,15.0,38.0,23.0,29.0,52.0,34.0,51.0,54.0
2019-02-11,0.0,,50.0,23.0,50.0,38.0,26.0,84.0,45.0,68.0,67.0
2019-02-12,0.0,,59.0,22.0,50.0,37.0,0.0,80.0,43.0,73.0,58.0
2019-02-13,0.0,,53.0,16.0,50.0,31.0,0.0,67.0,41.0,72.0,60.0
2019-02-14,0.0,,52.0,22.0,45.0,35.0,0.0,65.0,49.0,80.0,63.0
2019-02-15,0.0,,43.0,22.0,46.0,32.0,0.0,58.0,46.0,63.0,61.0
2019-02-16,0.0,,42.0,20.0,38.0,29.0,0.0,62.0,38.0,55.0,49.0
2019-02-17,0.0,,47.0,15.0,35.0,28.0,0.0,50.0,30.0,60.0,48.0
2019-02-18,0.0,,61.0,21.0,48.0,34.0,0.0,75.0,49.0,63.0,65.0
2019-02-19,33.0,,59.0,22.0,46.0,31.0,0.0,70.0,54.0,73.0,63.0
2019-02-20,0.0,,55.0,33.0,49.0,35.0,0.0,74.0,46.0,74.0,57.0
2019-02-21,0.0,,69.0,22.0,50.0,39.0,0.0,75.0,52.0,73.0,62.0
2019-02-22,0.0,,51.0,23.0,51.0,33.0,0.0,73.0,44.0,61.0,60.0
2019-02-23,0.0,,38.0,22.0,44.0,28.0,0.0,65.0,38.0,68.0,57.0
2019-02-24,0.0,,42.0,20.0,37.0,24.0,0.0,58.0,34.0,54.0,49.0
2019-02-25,0.0,,56.0,29.0,48.0,39.0,0.0,82.0,49.0,76.0,68.0
2019-02-26,0.0,,51.0,22.0,44.0,32.0,0.0,67.0,45.0,73.0,62.0
2019-02-27,0.0,,60.0,23.0,42.0,32.0,0.0,63.0,43.0,73.0,64.0
2019-02-28,0.0,,65.0,28.0,49.0,39.0,0.0,69.0,53.0,70.0,59.0
2019-03-01,0.0,,49.0,29.0,46.0,31.0,0.0,59.0,44.0,62.0,52.0
2019-03-02,34.0,,34.0,20.0,42.0,23.0,0.0,72.0,36.0,67.0,50.0
2019-03-03,36.0,,36.0,16.0,34.0,23.0,0.0,55.0,37.0,61.0,57.0
2019-03-04,0.0,,42.0,23.0,41.0,30.0,0.0,67.0,36.0,67.0,59.0
2019-03-05,0.0,,48.0,22.0,47.0,38.0,0.0,78.0,46.0,77.0,57.0
2019-03-06,0.0,,67.0,26.0,50.0,37.0,0.0,65.0,52.0,73.0,58.0
2019-03-07,0.0,,77.0,21.0,46.0,39.0,0.0,73.0,49.0,78.0,62.0
2019-03-08,0.0,,39.0,16.0,44.0,35.0,0.0,66.0,43.0,57.0,62.0
2019-03-09,0.0,,28.0,26.0,46.0,35.0,27.0,66.0,38.0,63.0,56.0
2019-03-10,0.0,,41.0,16.0,35.0,26.0,0.0,58.0,36.0,63.0,50.0
2019-03-11,0.0,,77.0,22.0,48.0,31.0,0.0,74.0,48.0,60.0,59.0
2019-03-12,0.0,,80.0,22.0,50.0,35.0,0.0,75.0,49.0,68.0,62.0
2019-03-13,0.0,,78.0,29.0,45.0,37.0,0.0,62.0,55.0,68.0,60.0
2019-03-14,33.0,,65.0,24.0,50.0,38.0,0.0,69.0,54.0,76.0,60.0
2019-03-15,33.0,,77.0,17.0,49.0,35.0,0.0,68.0,45.0,78.0,62.0
2019-03-16,0.0,,39.0,21.0,41.0,23.0,0.0,66.0,40.0,55.0,50.0
2019-03-17,0.0,,41.0,16.0,38.0,27.0,0.0,55.0,35.0,52.0,50.0
2019-03-18,0.0,,50.0,25.0,49.0,34.0,0.0,75.0,46.0,62.0,69.0
2019-03-19,0.0,,52.0,24.0,49.0,39.0,0.0,66.0,46.0,69.0,60.0
2019-03-20,0.0,,48.0,22.0,44.0,26.0,0.0,59.0,40.0,58.0,63.0
2019-03-21,0.0,,34.0,12.0,37.0,29.0,0.0,56.0,38.0,45.0,55.0
2019-03-22,0.0,,45.0,22.0,47.0,23.0,27.0,64.0,47.0,65.0,59.0
2019-03-23,0.0,,35.0,20.0,38.0,27.0,0.0,52.0,40.0,63.0,54.0
2019-03-24,0.0,,42.0,21.0,38.0,28.0,0.0,54.0,32.0,68.0,54.0
2019-03-25,0.0,,69.0,26.0,45.0,35.0,0.0,70.0,51.0,68.0,66.0
2019-03-26,0.0,,58.0,25.0,48.0,32.0,0.0,65.0,49.0,72.0,67.0
2019-03-27,0.0,,67.0,28.0,51.0,31.0,0.0,65.0,59.0,68.0,64.0
2019-03-28,0.0,,64.0,21.0,49.0,36.0,0.0,68.0,49.0,72.0,60.0
2019-03-29,0.0,,59.0,26.0,48.0,29.0,0.0,60.0,49.0,69.0,66.0
2019-03-30,0.0,,39.0,20.0,41.0,19.0,0.0,54.0,45.0,54.0,53.0
2019-03-31,0.0,,28.0,15.0,35.0,20.0,0.0,45.0,35.0,58.0,46.0
2019-04-01,0.0,,43.0,17.0,49.0,31.0,0.0,64.0,57.0,63.0,68.0
2019-04-02,0.0,,68.0,25.0,48.0,33.0,0.0,62.0,52.0,71.0,64.0
2019-04-03,0.0,,61.0,17.0,48.0,29.0,0.0,68.0,49.0,64.0,64.0
2019-04-04,0.0,,46.0,23.0,50.0,32.0,0.0,72.0,51.0,69.0,65.0
2019-04-05,0.0,,52.0,16.0,49.0,36.0,0.0,61.0,48.0,68.0,64.0
2019-04-06,0.0,1.0,33.0,14.0,40.0,22.0,0.0,54.0,41.0,57.0,53.0
2019-04-07,18.0,1.0,35.0,12.0,38.0,22.0,7.0,48.0,39.0,59.0,52.0
2019-04-08,27.0,1.0,61.0,21.0,50.0,32.0,0.0,76.0,53.0,75.0,65.0
2019-04-09,0.0,1.0,54.0,21.0,48.0,36.0,0.0,67.0,50.0,66.0,65.0
2019-04-10,0.0,1.0,53.0,19.0,48.0,26.0,0.0,68.0,50.0,60.0,63.0
2019-04-11,0.0,1.0,53.0,17.0,45.0,29.0,0.0,60.0,46.0,59.0,65.0
2019-04-12,0.0,1.0,42.0,22.0,47.0,29.0,0.0,64.0,45.0,63.0,68.0
2019-04-13,0.0,1.0,40.0,14.0,38.0,23.0,0.0,54.0,38.0,54.0,53.0
2019-04-14,0.0,1.0,36.0,15.0,35.0,20.0,0.0,42.0,31.0,51.0,51.0
2019-04-15,0.0,1.0,54.0,23.0,45.0,26.0,0.0,62.0,44.0,66.0,57.0
2019-04-16,0.0,1.0,64.0,19.0,48.0,31.0,0.0,64.0,52.0,66.0,63.0
2019-04-17,0.0,1.0,45.0,21.0,45.0,27.0,0.0,59.0,52.0,59.0,72.0
2019-04-18,10.0,1.0,51.0,20.0,43.0,26.0,0.0,60.0,36.0,68.0,65.0
2019-04-19,0.0,1.0,38.0,17.0,41.0,21.0,0.0,53.0,39.0,58.0,57.0
2019-04-20,0.0,1.0,45.0,18.0,40.0,23.0,0.0,57.0,41.0,61.0,54.0
2019-04-21,0.0,1.0,33.0,13.0,37.0,22.0,0.0,43.0,38.0,51.0,52.0
2019-04-22,0.0,1.0,60.0,22.0,47.0,26.0,0.0,64.0,44.0,64.0,61.0
2019-04-23,0.0,1.0,64.0,17.0,45.0,26.0,0.0,64.0,41.0,63.0,61.0
2019-04-24,0.0,1.0,51.0,21.0,46.0,30.0,0.0,63.0,42.0,73.0,62.0
2019-04-25,0.0,1.0,46.0,26.0,46.0,24.0,7.0,61.0,46.0,66.0,62.0
2019-04-26,0.0,1.0,42.0,16.0,44.0,26.0,0.0,53.0,44.0,65.0,59.0
2019-04-27,0.0,1.0,38.0,15.0,36.0,20.0,0.0,47.0,41.0,50.0,50.0
2019-04-28,0.0,1.0,40.0,14.0,38.0,16.0,0.0,47.0,39.0,46.0,50.0
2019-04-29,0.0,1.0,43.0,25.0,42.0,28.0,0.0,64.0,49.0,59.0,65.0
2019-04-30,0.0,1.0,60.0,24.0,46.0,29.0,0.0,63.0,52.0,55.0,61.0
2019-05-01,0.0,1.0,50.0,20.0,42.0,19.0,0.0,56.0,47.0,59.0,65.0
2019-05-02,0.0,1.0,57.0,22.0,44.0,29.0,0.0,64.0,53.0,65.0,62.0
2019-05-03,0.0,1.0,52.0,18.0,43.0,25.0,0.0,56.0,56.0,60.0,58.0
2019-05-04,0.0,1.0,55.0,13.0,41.0,25.0,0.0,68.0,36.0,53.0,51.0
2019-05-05,0.0,1.0,30.0,13.0,34.0,19.0,0.0,46.0,31.0,51.0,53.0
2019-05-06,0.0,1.0,63.0,23.0,46.0,25.0,7.0,63.0,50.0,64.0,61.0
2019-05-07,0.0,1.0,71.0,20.0,48.0,32.0,0.0,61.0,51.0,71.0,67.0
2019-05-08,0.0,1.0,66.0,24.0,50.0,33.0,0.0,65.0,46.0,66.0,64.0
2019-05-09,0.0,1.0,58.0,24.0,51.0,33.0,0.0,72.0,50.0,64.0,65.0
2019-05-10,0.0,1.0,54.0,25.0,48.0,30.0,0.0,65.0,45.0,65.0,63.0
2019-05-11,0.0,1.0,37.0,15.0,42.0,23.0,0.0,58.0,41.0,57.0,57.0
2019-05-12,0.0,1.0,37.0,18.0,35.0,18.0,0.0,49.0,38.0,55.0,50.0
2019-05-13,0.0,1.0,59.0,17.0,48.0,24.0,0.0,68.0,43.0,76.0,70.0
2019-05-14,17.0,1.0,60.0,20.0,50.0,30.0,0.0,68.0,52.0,61.0,70.0
2019-05-15,0.0,1.0,58.0,21.0,51.0,31.0,0.0,63.0,50.0,58.0,62.0
2019-05-16,0.0,1.0,61.0,18.0,51.0,33.0,0.0,70.0,53.0,69.0,68.0
2019-05-17,0.0,1.0,55.0,19.0,49.0,30.0,0.0,60.0,42.0,67.0,60.0
2019-05-18,18.0,1.0,50.0,20.0,43.0,22.0,0.0,58.0,41.0,56.0,56.0
2019-05-19,0.0,1.0,41.0,12.0,38.0,20.0,0.0,47.0,33.0,51.0,57.0
2019-05-20,0.0,1.0,69.0,21.0,47.0,30.0,0.0,69.0,50.0,64.0,72.0
2019-05-21,0.0,1.0,74.0,17.0,49.0,30.0,13.0,63.0,39.0,61.0,66.0
2019-05-22,0.0,1.0,61.0,17.0,52.0,35.0,0.0,67.0,45.0,66.0,65.0
2019-05-23,0.0,1.0,42.0,15.0,31.0,19.0,0.0,35.0,31.0,40.0,52.0
2019-05-24,0.0,1.0,66.0,20.0,42.0,26.0,0.0,57.0,40.0,58.0,60.0
2019-05-25,0.0,1.0,40.0,22.0,43.0,22.0,0.0,56.0,34.0,64.0,56.0
2019-05-26,0.0,1.0,37.0,17.0,38.0,22.0,0.0,50.0,26.0,48.0,58.0
2019-05-27,0.0,1.0,57.0,20.0,44.0,26.0,0.0,68.0,49.0,63.0,63.0
2019-05-28,0.0,1.0,57.0,22.0,47.0,31.0,0.0,64.0,47.0,61.0,59.0
2019-05-29,16.0,1.0,62.0,18.0,48.0,33.0,0.0,65.0,57.0,67.0,60.0
2019-05-30,0.0,1.0,71.0,23.0,47.0,30.0,13.0,66.0,45.0,58.0,62.0
2019-05-31,0.0,1.0,60.0,22.0,46.0,27.0,0.0,58.0,43.0,57.0,57.0
2019-06-01,0.0,1.0,61.0,16.0,44.0,23.0,0.0,63.0,48.0,52.0,51.0
2019-06-02,0.0,1.0,58.0,14.0,39.0,20.0,0.0,54.0,35.0,53.0,50.0
2019-06-03,0.0,1.0,67.0,20.0,46.0,32.0,0.0,71.0,57.0,59.0,59.0
2019-06-04,0.0,1.0,65.0,21.0,47.0,27.0,18.0,62.0,48.0,61.0,60.0
2019-06-05,0.0,1.0,53.0,16.0,41.0,24.0,6.0,46.0,35.0,53.0,53.0
2019-06-06,0.0,1.0,54.0,18.0,47.0,26.0,0.0,70.0,43.0,59.0,62.0
2019-06-07,25.0,1.0,78.0,20.0,48.0,26.0,0.0,71.0,49.0,68.0,59.0
2019-06-08,0.0,1.0,60.0,17.0,42.0,22.0,0.0,55.0,38.0,52.0,51.0
2019-06-09,0.0,1.0,51.0,11.0,36.0,21.0,0.0,47.0,35.0,44.0,47.0
2019-06-10,0.0,1.0,66.0,21.0,49.0,32.0,0.0,72.0,45.0,76.0,60.0
2019-06-11,0.0,1.0,74.0,25.0,52.0,30.0,0.0,71.0,42.0,73.0,61.0
2019-06-12,0.0,1.0,76.0,21.0,48.0,33.0,0.0,65.0,46.0,55.0,58.0
2019-06-13,0.0,1.0,80.0,21.0,49.0,24.0,0.0,66.0,48.0,69.0,58.0
2019-06-14,0.0,1.0,65.0,22.0,49.0,37.0,0.0,66.0,47.0,66.0,56.0
2019-06-15,0.0,1.0,59.0,22.0,42.0,20.0,0.0,67.0,35.0,55.0,52.0
2019-06-16,0.0,1.0,39.0,9.0,31.0,16.0,0.0,39.0,28.0,41.0,38.0
2019-06-17,0.0,1.0,71.0,21.0,47.0,34.0,0.0,71.0,49.0,63.0,58.0
2019-06-18,0.0,1.0,79.0,22.0,53.0,37.0,0.0,70.0,49.0,72.0,62.0
2019-06-19,0.0,1.0,73.0,35.0,53.0,32.0,0.0,66.0,44.0,66.0,56.0
2019-06-20,16.0,1.0,73.0,24.0,52.0,31.0,0.0,67.0,53.0,60.0,59.0
2019-06-21,0.0,1.0,78.0,25.0,48.0,27.0,0.0,67.0,45.0,61.0,63.0
2019-06-22,0.0,1.0,51.0,20.0,40.0,22.0,0.0,55.0,39.0,57.0,49.0
2019-06-23,0.0,1.0,61.0,15.0,37.0,20.0,7.0,50.0,36.0,58.0,50.0
2019-06-24,0.0,1.0,72.0,23.0,50.0,33.0,0.0,68.0,48.0,57.0,64.0
2019-06-25,9.0,1.0,79.0,21.0,51.0,34.0,0.0,69.0,50.0,69.0,61.0
2019-06-26,18.0,1.0,75.0,18.0,51.0,28.0,6.0,67.0,44.0,61.0,64.0
2019-06-27,0.0,1.0,72.0,25.0,49.0,29.0,0.0,61.0,46.0,58.0,58.0
2019-06-28,0.0,1.0,81.0,25.0,49.0,30.0,0.0,71.0,43.0,68.0,57.0
2019-06-29,0.0,1.0,75.0,23.0,43.0,21.0,0.0,64.0,38.0,58.0,47.0
2019-06-30,0.0,1.0,44.0,19.0,38.0,20.0,0.0,46.0,30.0,46.0,47.0
2019-07-01,0.0,1.0,60.0,22.0,51.0,31.0,0.0,71.0,51.0,61.0,56.0
2019-07-02,0.0,1.0,70.0,23.0,46.0,33.0,0.0,58.0,51.0,67.0,54.0
2019-07-03,16.0,1.0,64.0,20.0,50.0,27.0,0.0,64.0,55.0,64.0,53.0
2019-07-04,25.0,1.0,69.0,26.0,49.0,33.0,0.0,70.0,47.0,60.0,58.0
2019-07-05,0.0,1.0,65.0,23.0,48.0,35.0,0.0,83.0,45.0,65.0,60.0
2019-07-06,0.0,1.0,53.0,21.0,42.0,23.0,0.0,72.0,33.0,59.0,50.0
2019-07-07,0.0,1.0,51.0,15.0,41.0,22.0,0.0,63.0,35.0,60.0,54.0
2019-07-08,0.0,1.0,58.0,26.0,52.0,32.0,0.0,82.0,51.0,69.0,66.0
2019-07-09,0.0,1.0,61.0,22.0,48.0,29.0,0.0,67.0,44.0,59.0,59.0
2019-07-10,24.0,1.0,56.0,19.0,46.0,31.0,0.0,60.0,46.0,62.0,51.0
2019-07-11,0.0,1.0,59.0,26.0,51.0,28.0,13.0,72.0,46.0,69.0,57.0
2019-07-12,0.0,1.0,53.0,21.0,55.0,32.0,0.0,72.0,54.0,77.0,61.0
2019-07-13,0.0,1.0,43.0,21.0,46.0,29.0,0.0,60.0,34.0,63.0,56.0
2019-07-14,0.0,1.0,39.0,20.0,42.0,21.0,0.0,48.0,30.0,53.0,43.0
2019-07-15,0.0,1.0,49.0,22.0,53.0,33.0,0.0,77.0,52.0,75.0,60.0
2019-07-16,0.0,,54.0,29.0,55.0,34.0,0.0,80.0,51.0,67.0,57.0
2019-07-17,0.0,,68.0,25.0,57.0,35.0,0.0,77.0,51.0,77.0,66.0
2019-07-18,0.0,,51.0,26.0,54.0,32.0,0.0,68.0,48.0,62.0,59.0
2019-07-19,0.0,,58.0,31.0,53.0,31.0,0.0,75.0,43.0,62.0,61.0
2019-07-20,0.0,,53.0,25.0,46.0,26.0,0.0,73.0,42.0,68.0,52.0
2019-07-21,0.0,,44.0,18.0,41.0,25.0,0.0,58.0,29.0,65.0,46.0
2019-07-22,0.0,,56.0,31.0,52.0,33.0,0.0,82.0,52.0,69.0,63.0
2019-07-23,0.0,,62.0,26.0,54.0,30.0,0.0,74.0,47.0,86.0,60.0
2019-07-24,0.0,,69.0,25.0,50.0,38.0,0.0,76.0,46.0,61.0,63.0
2019-07-25,0.0,,65.0,26.0,53.0,33.0,0.0,76.0,55.0,71.0,61.0
2019-07-26,0.0,,60.0,23.0,49.0,26.0,0.0,66.0,55.0,71.0,61.0
2019-07-27,0.0,,44.0,24.0,46.0,25.0,0.0,60.0,44.0,57.0,59.0
2019-07-28,0.0,,42.0,14.0,41.0,20.0,0.0,54.0,32.0,68.0,51.0
2019-07-29,0.0,,52.0,22.0,57.0,35.0,0.0,76.0,50.0,77.0,62.0
2019-07-30,0.0,,71.0,27.0,55.0,31.0,0.0,77.0,43.0,70.0,62.0
2019-07-31,0.0,,77.0,21.0,51.0,29.0,13.0,77.0,45.0,67.0,64.0
2019-08-01,0.0,,73.0,21.0,57.0,35.0,0.0,71.0,58.0,71.0,70.0
2019-08-02,0.0,,70.0,32.0,51.0,32.0,0.0,67.0,55.0,59.0,64.0
2019-08-03,0.0,,49.0,21.0,42.0,22.0,0.0,64.0,43.0,66.0,56.0
2019-08-04,0.0,,27.0,21.0,37.0,21.0,0.0,49.0,30.0,56.0,51.0
2019-08-05,0.0,,66.0,22.0,50.0,28.0,0.0,74.0,43.0,71.0,70.0
2019-08-06,0.0,,47.0,24.0,50.0,32.0,0.0,74.0,53.0,79.0,75.0
2019-08-07,0.0,,67.0,27.0,50.0,30.0,0.0,80.0,52.0,66.0,61.0
2019-08-08,0.0,,79.0,29.0,48.0,35.0,0.0,79.0,50.0,73.0,64.0
2019-08-09,0.0,,53.0,26.0,50.0,35.0,0.0,73.0,52.0,72.0,65.0
2019-08-10,0.0,,41.0,26.0,43.0,23.0,0.0,61.0,41.0,51.0,57.0
2019-08-11,21.0,,39.0,16.0,39.0,21.0,0.0,56.0,40.0,63.0,58.0
2019-08-12,0.0,,54.0,21.0,50.0,32.0,0.0,66.0,47.0,69.0,72.0
2019-08-13,0.0,,76.0,27.0,52.0,31.0,0.0,75.0,56.0,73.0,73.0
2019-08-14,0.0,,65.0,18.0,48.0,28.0,0.0,67.0,51.0,64.0,61.0
2019-08-15,0.0,,39.0,11.0,34.0,18.0,0.0,48.0,35.0,40.0,56.0
2019-08-16,0.0,,69.0,25.0,50.0,31.0,0.0,73.0,47.0,60.0,67.0
2019-08-17,0.0,,54.0,25.0,43.0,30.0,0.0,75.0,43.0,58.0,64.0
2019-08-18,21.0,,48.0,18.0,43.0,29.0,0.0,63.0,34.0,67.0,52.0
2019-08-19,20.0,,69.0,30.0,59.0,36.0,0.0,85.0,48.0,75.0,68.0
2019-08-20,0.0,,63.0,36.0,57.0,37.0,0.0,84.0,51.0,78.0,65.0
2019-08-21,0.0,,64.0,31.0,60.0,40.0,0.0,87.0,62.0,78.0,70.0
2019-08-22,19.0,,79.0,33.0,61.0,41.0,0.0,89.0,51.0,78.0,67.0
2019-08-23,0.0,,73.0,31.0,51.0,31.0,0.0,76.0,55.0,68.0,66.0
2019-08-24,0.0,,35.0,24.0,46.0,30.0,0.0,78.0,43.0,65.0,63.0
2019-08-25,0.0,,52.0,19.0,44.0,25.0,0.0,55.0,37.0,66.0,56.0
2019-08-26,0.0,,84.0,29.0,54.0,35.0,13.0,81.0,50.0,86.0,67.0
2019-08-27,0.0,,64.0,40.0,59.0,42.0,0.0,86.0,58.0,89.0,72.0
2019-08-28,0.0,,73.0,31.0,61.0,39.0,13.0,81.0,56.0,80.0,69.0
2019-08-29,0.0,,74.0,26.0,58.0,36.0,13.0,79.0,63.0,78.0,74.0
2019-08-30,0.0,,72.0,28.0,56.0,36.0,0.0,81.0,57.0,72.0,65.0
2019-08-31,0.0,,46.0,16.0,48.0,23.0,0.0,76.0,43.0,58.0,59.0
2019-09-01,0.0,,53.0,14.0,44.0,25.0,0.0,64.0,42.0,68.0,58.0
2019-09-02,0.0,,54.0,29.0,46.0,31.0,0.0,72.0,50.0,65.0,64.0
2019-09-03,0.0,,74.0,24.0,54.0,33.0,0.0,90.0,60.0,78.0,66.0
2019-09-04,20.0,,72.0,21.0,51.0,29.0,0.0,86.0,50.0,71.0,71.0
2019-09-05,0.0,,68.0,27.0,52.0,35.0,13.0,80.0,51.0,68.0,67.0
2019-09-06,0.0,,70.0,25.0,69.0,36.0,0.0,85.0,48.0,74.0,61.0
2019-09-07,0.0,,54.0,26.0,46.0,26.0,13.0,75.0,43.0,66.0,57.0
2019-09-08,0.0,,45.0,22.0,46.0,27.0,0.0,58.0,35.0,58.0,56.0
2019-09-09,0.0,,69.0,27.0,55.0,35.0,0.0,84.0,48.0,77.0,69.0
2019-09-10,0.0,,59.0,33.0,54.0,43.0,0.0,74.0,58.0,89.0,74.0
2019-09-11,39.0,,65.0,23.0,58.0,41.0,0.0,75.0,54.0,74.0,67.0
2019-09-12,0.0,,65.0,24.0,55.0,36.0,0.0,75.0,57.0,82.0,65.0
2019-09-13,0.0,,87.0,27.0,56.0,36.0,13.0,75.0,56.0,81.0,68.0
2019-09-14,0.0,,56.0,25.0,47.0,27.0,0.0,63.0,55.0,65.0,55.0
2019-09-15,0.0,,60.0,22.0,47.0,31.0,0.0,59.0,41.0,76.0,61.0
2019-09-16,0.0,,77.0,33.0,60.0,38.0,0.0,93.0,49.0,89.0,76.0
2019-09-17,0.0,,77.0,27.0,60.0,45.0,0.0,79.0,52.0,77.0,63.0
2019-09-18,0.0,,78.0,22.0,58.0,42.0,0.0,83.0,55.0,89.0,70.0
2019-09-19,0.0,,82.0,31.0,60.0,31.0,0.0,85.0,48.0,81.0,67.0
2019-09-20,0.0,,66.0,28.0,57.0,33.0,0.0,82.0,55.0,91.0,80.0
2019-09-21,0.0,,60.0,29.0,50.0,28.0,13.0,77.0,40.0,73.0,61.0
2019-09-22,0.0,,40.0,21.0,47.0,33.0,0.0,66.0,32.0,74.0,58.0
2019-09-23,0.0,,70.0,30.0,57.0,33.0,0.0,85.0,50.0,86.0,78.0
2019-09-24,0.0,,88.0,26.0,60.0,38.0,0.0,79.0,54.0,91.0,77.0
2019-09-25,0.0,,67.0,31.0,60.0,40.0,0.0,76.0,54.0,80.0,72.0
2019-09-26,18.0,,62.0,35.0,69.0,35.0,0.0,79.0,53.0,89.0,73.0
2019-09-27,0.0,,68.0,25.0,56.0,32.0,0.0,71.0,53.0,87.0,70.0
2019-09-28,0.0,,45.0,23.0,48.0,24.0,0.0,66.0,46.0,66.0,58.0
2019-09-29,0.0,,52.0,18.0,43.0,26.0,0.0,62.0,46.0,65.0,61.0
2019-09-30,19.0,,83.0,33.0,59.0,39.0,0.0,82.0,63.0,83.0,72.0
2019-10-01,19.0,,46.0,29.0,52.0,32.0,0.0,78.0,69.0,69.0,72.0
2019-10-02,0.0,,62.0,20.0,50.0,28.0,13.0,62.0,50.0,67.0,72.0
2019-10-03,0.0,,74.0,34.0,52.0,30.0,0.0,84.0,58.0,69.0,73.0
2019-10-04,0.0,,71.0,27.0,52.0,26.0,0.0,95.0,55.0,67.0,70.0
2019-10-05,0.0,,65.0,17.0,42.0,25.0,0.0,94.0,43.0,57.0,62.0
2019-10-06,0.0,,43.0,13.0,38.0,23.0,0.0,78.0,39.0,50.0,61.0
2019-10-07,0.0,,57.0,12.0,49.0,26.0,0.0,78.0,47.0,71.0,75.0
2019-10-08,0.0,,60.0,21.0,42.0,24.0,0.0,71.0,42.0,61.0,65.0
2019-10-09,0.0,,83.0,21.0,53.0,32.0,0.0,100.0,55.0,78.0,67.0
2019-10-10,0.0,,84.0,21.0,52.0,34.0,0.0,94.0,49.0,89.0,70.0
2019-10-11,0.0,,75.0,27.0,51.0,35.0,0.0,85.0,46.0,68.0,68.0
2019-10-12,0.0,,69.0,17.0,48.0,24.0,0.0,74.0,48.0,65.0,58.0
2019-10-13,0.0,,51.0,17.0,39.0,21.0,0.0,63.0,31.0,60.0,59.0
2019-10-14,0.0,,92.0,29.0,56.0,35.0,0.0,92.0,55.0,78.0,74.0
2019-10-15,0.0,,85.0,30.0,59.0,39.0,0.0,87.0,53.0,71.0,67.0
2019-10-16,0.0,,95.0,33.0,57.0,34.0,0.0,88.0,58.0,76.0,64.0
2019-10-17,0.0,,87.0,27.0,47.0,33.0,0.0,70.0,57.0,73.0,67.0
2019-10-18,0.0,,74.0,25.0,57.0,39.0,0.0,81.0,68.0,86.0,75.0
2019-10-19,0.0,,52.0,31.0,49.0,24.0,13.0,69.0,45.0,65.0,61.0
2019-10-20,0.0,,57.0,18.0,39.0,24.0,0.0,60.0,37.0,66.0,67.0
2019-10-21,0.0,,61.0,23.0,48.0,30.0,12.0,80.0,55.0,73.0,81.0
2019-10-22,0.0,,83.0,33.0,48.0,37.0,0.0,77.0,49.0,75.0,68.0
2019-10-23,0.0,,63.0,26.0,52.0,33.0,0.0,77.0,60.0,74.0,78.0
2019-10-24,0.0,,71.0,19.0,45.0,28.0,12.0,59.0,49.0,68.0,61.0
2019-10-25,0.0,,66.0,19.0,40.0,25.0,0.0,59.0,46.0,54.0,61.0
2019-10-26,0.0,,43.0,16.0,37.0,20.0,0.0,50.0,34.0,57.0,51.0
2019-10-27,0.0,,22.0,6.0,29.0,17.0,0.0,39.0,29.0,39.0,54.0
2019-10-28,0.0,,51.0,16.0,37.0,21.0,0.0,59.0,39.0,52.0,63.0
2019-10-29,0.0,,66.0,19.0,44.0,29.0,0.0,60.0,33.0,60.0,66.0
2019-10-30,19.0,,63.0,27.0,48.0,30.0,0.0,75.0,48.0,78.0,62.0
2019-10-31,0.0,,78.0,20.0,51.0,31.0,0.0,72.0,48.0,68.0,68.0
2019-11-01,0.0,,64.0,21.0,48.0,31.0,0.0,67.0,50.0,67.0,70.0
2019-11-02,0.0,,51.0,20.0,46.0,30.0,0.0,77.0,41.0,50.0,57.0
2019-11-03,0.0,,70.0,17.0,37.0,23.0,0.0,56.0,38.0,53.0,56.0
2019-11-04,0.0,,90.0,20.0,52.0,28.0,0.0,83.0,57.0,78.0,67.0
2019-11-05,0.0,,65.0,24.0,54.0,33.0,0.0,84.0,55.0,78.0,67.0
2019-11-06,0.0,,95.0,26.0,50.0,33.0,25.0,80.0,60.0,74.0,68.0
2019-11-07,0.0,,77.0,28.0,51.0,32.0,0.0,78.0,55.0,68.0,65.0
2019-11-08,0.0,,60.0,31.0,48.0,35.0,0.0,75.0,43.0,63.0,66.0
2019-11-09,0.0,,48.0,15.0,41.0,25.0,0.0,59.0,35.0,55.0,55.0
2019-11-10,0.0,,52.0,20.0,37.0,26.0,0.0,58.0,33.0,57.0,57.0
2019-11-11,0.0,,98.0,26.0,53.0,32.0,0.0,83.0,52.0,63.0,75.0
2019-11-12,0.0,,78.0,27.0,55.0,32.0,0.0,84.0,56.0,73.0,75.0
2019-11-13,0.0,,79.0,24.0,57.0,34.0,0.0,83.0,56.0,80.0,72.0
2019-11-14,18.0,,70.0,26.0,50.0,36.0,0.0,76.0,48.0,76.0,65.0
2019-11-15,0.0,,78.0,33.0,50.0,32.0,0.0,73.0,57.0,72.0,64.0
2019-11-16,0.0,,66.0,20.0,47.0,26.0,0.0,76.0,38.0,68.0,60.0
2019-11-17,0.0,,62.0,21.0,40.0,33.0,0.0,67.0,38.0,68.0,62.0
2019-11-18,0.0,,88.0,25.0,57.0,41.0,0.0,84.0,55.0,74.0,73.0
2019-11-19,0.0,,100.0,32.0,61.0,39.0,0.0,84.0,61.0,64.0,71.0
2019-11-20,0.0,,76.0,36.0,57.0,40.0,0.0,75.0,59.0,81.0,68.0
2019-11-21,0.0,,73.0,27.0,58.0,38.0,0.0,86.0,52.0,81.0,71.0
2019-11-22,19.0,,57.0,23.0,50.0,32.0,0.0,75.0,47.0,71.0,71.0
2019-11-23,0.0,,41.0,18.0,41.0,24.0,0.0,62.0,44.0,64.0,59.0
2019-11-24,0.0,,64.0,20.0,40.0,27.0,0.0,56.0,32.0,62.0,58.0
2019-11-25,20.0,,76.0,27.0,59.0,34.0,0.0,87.0,51.0,84.0,72.0
2019-11-26,0.0,,80.0,33.0,50.0,35.0,0.0,86.0,59.0,78.0,74.0
2019-11-27,0.0,,81.0,31.0,56.0,39.0,0.0,79.0,52.0,83.0,76.0
2019-11-28,0.0,,81.0,31.0,52.0,39.0,0.0,77.0,55.0,68.0,77.0
2019-11-29,0.0,,74.0,29.0,52.0,40.0,0.0,73.0,50.0,72.0,77.0
2019-11-30,0.0,,61.0,24.0,44.0,30.0,0.0,77.0,42.0,62.0,65.0
2019-12-01,0.0,,55.0,17.0,43.0,25.0,0.0,63.0,48.0,66.0,60.0
2019-12-02,20.0,,77.0,31.0,58.0,38.0,0.0,86.0,65.0,69.0,78.0
2019-12-03,0.0,,80.0,26.0,55.0,30.0,13.0,86.0,57.0,76.0,71.0
2019-12-04,0.0,,83.0,30.0,55.0,40.0,0.0,85.0,62.0,88.0,84.0
2019-12-05,0.0,,94.0,25.0,54.0,44.0,14.0,81.0,50.0,68.0,72.0
2019-12-06,0.0,,49.0,23.0,50.0,31.0,0.0,73.0,52.0,68.0,66.0
2019-12-07,0.0,,60.0,25.0,46.0,24.0,0.0,72.0,43.0,63.0,61.0
2019-12-08,0.0,,69.0,17.0,37.0,24.0,0.0,54.0,21.0,57.0,56.0
2019-12-09,0.0,,77.0,32.0,52.0,36.0,0.0,82.0,52.0,73.0,72.0
2019-12-10,0.0,,69.0,26.0,52.0,40.0,0.0,81.0,50.0,83.0,72.0
2019-12-11,0.0,,73.0,28.0,54.0,35.0,0.0,74.0,47.0,76.0,68.0
2019-12-12,0.0,,93.0,27.0,52.0,33.0,0.0,77.0,59.0,81.0,72.0
2019-12-13,0.0,,80.0,28.0,50.0,33.0,14.0,82.0,55.0,88.0,72.0
2019-12-14,0.0,,57.0,23.0,47.0,25.0,0.0,65.0,51.0,55.0,66.0
2019-12-15,0.0,,63.0,27.0,39.0,26.0,0.0,55.0,36.0,64.0,55.0
2019-12-16,0.0,,89.0,33.0,51.0,34.0,0.0,86.0,52.0,74.0,69.0
2019-12-17,0.0,,75.0,34.0,57.0,34.0,0.0,87.0,58.0,63.0,68.0
2019-12-18,0.0,,70.0,29.0,51.0,32.0,0.0,73.0,50.0,63.0,71.0
2019-12-19,0.0,,65.0,34.0,55.0,35.0,0.0,76.0,52.0,69.0,72.0
2019-12-20,0.0,,76.0,22.0,49.0,34.0,0.0,77.0,46.0,70.0,72.0
2019-12-21,0.0,,56.0,23.0,46.0,26.0,0.0,71.0,47.0,61.0,67.0
2019-12-22,0.0,,51.0,16.0,36.0,19.0,0.0,54.0,26.0,51.0,56.0
2019-12-23,0.0,,73.0,25.0,47.0,27.0,0.0,79.0,48.0,67.0,61.0
2019-12-24,0.0,,67.0,26.0,46.0,28.0,0.0,78.0,57.0,69.0,67.0
2019-12-25,0.0,,58.0,18.0,42.0,25.0,0.0,66.0,37.0,49.0,60.0
2019-12-26,0.0,,67.0,22.0,46.0,27.0,0.0,84.0,41.0,52.0,69.0
2019-12-27,0.0,,66.0,23.0,48.0,30.0,0.0,81.0,52.0,73.0,66.0
2019-12-28,0.0,,51.0,25.0,46.0,23.0,0.0,73.0,44.0,50.0,55.0
2019-12-29,0.0,,42.0,15.0,43.0,25.0,15.0,61.0,41.0,51.0,56.0
2019-12-30,0.0,,61.0,24.0,48.0,30.0,0.0,85.0,52.0,70.0,63.0
2019-12-31,0.0,,46.0,16.0,40.0,25.0,0.0,69.0,40.0,52.0,63.0
