Date,Price,Open,High,Low,Volume,Chg%
"Dec 31, 2019","8,353.44","8,418.17","8,462.37","8,345.40",0,-0.77%
"Dec 30, 2019","8,418.17","8,431.20","8,472.68","8,405.55",0,-0.15%
"Dec 27, 2019","8,431.20","8,524.32","8,524.32","8,376.23",0,-1.09%
"Dec 24, 2019","8,524.32","8,423.74","8,524.32","8,338.06",0,1.19%
"Dec 23, 2019","8,423.74","8,171.60","8,456.21","8,144.78",0,3.09%
"Dec 20, 2019","8,171.60","8,219.55","8,219.55","8,070.55",0,-0.58%
"Dec 19, 2019","8,219.55","8,198.17","8,219.55","8,134.95",0,0.26%
"Dec 18, 2019","8,198.17","8,183.73","8,263.26","8,136.09",0,0.18%
"Dec 17, 2019","8,183.73","8,367.51","8,413.24","8,034.65",0,-2.20%
"Dec 16, 2019","8,367.51","8,214.02","8,387.84","8,214.02",0,1.87%
"Dec 13, 2019","8,214.02","8,070.79","8,277.59","8,013.46",0,1.77%
"Dec 12, 2019","8,070.79","8,043.21","8,144.57","8,016.66",0,0.34%
"Dec 11, 2019","8,043.21","8,055.72","8,107.56","7,981.58",0,-0.16%
"Dec 10, 2019","8,055.72","8,035.37","8,067.81","7,943.97",0,0.25%
"Dec 09, 2019","8,035.37","8,052.21","8,061.90","7,985.78",0,-0.21%
"Dec 06, 2019","8,052.21","8,046.96","8,070.35","8,007.42",0,0.07%
"Dec 05, 2019","8,046.96","7,982.30","8,077.72","7,960.46",0,0.81%
"Dec 04, 2019","7,982.30","8,019.76","8,030.64","7,901.95",0,-0.47%
"Dec 03, 2019","8,019.76","8,167.66","8,167.66","7,968.41",0,-1.81%
"Dec 02, 2019","8,167.66","8,214.66","8,279.42","8,141.21",0,-0.57%
"Nov 29, 2019","8,214.66","8,311.15","8,339.94","8,214.66",0,-1.16%
"Nov 28, 2019","8,311.15","8,318.40","8,341.63","8,257.38",0,-0.09%
"Nov 27, 2019","8,318.40","8,221.06","8,318.40","8,202.42",0,1.18%
"Nov 26, 2019","8,221.06","8,219.43","8,257.44","8,134.93",0,0.02%
"Nov 25, 2019","8,219.43","8,054.89","8,253.68","8,054.89",0,2.04%
"Nov 22, 2019","8,054.89","7,943.18","8,112.65","7,943.18",0,1.41%
"Nov 21, 2019","7,943.18","7,938.92","7,972.09","7,916.82",0,0.05%
"Nov 20, 2019","7,938.92","8,003.85","8,031.34","7,912.68",0,-0.81%
"Nov 19, 2019","8,003.85","8,006.18","8,074.88","7,978.64",0,-0.03%
"Nov 18, 2019","8,006.18","7,911.63","8,083.70","7,907.16",0,1.20%
"Nov 15, 2019","7,911.63","7,870.29","7,950.72","7,870.29",0,0.53%
"Nov 14, 2019","7,870.29","7,909.21","7,971.71","7,859.16",0,-0.49%
"Nov 13, 2019","7,909.21","7,783.22","7,926.19","7,754.96",0,1.62%
"Nov 12, 2019","7,783.22","7,805.48","7,811.73","7,751.86",0,-0.29%
"Nov 11, 2019","7,805.48","7,890.90","7,897.10","7,716.89",0,-1.08%
"Nov 08, 2019","7,890.90","7,965.42","7,990.48","7,886.28",0,-0.94%
"Nov 07, 2019","7,965.42","7,921.26","8,010.47","7,919.91",0,0.56%
"Nov 06, 2019","7,921.26","7,900.50","7,925.16","7,845.84",0,0.26%
"Nov 05, 2019","7,900.50","7,941.33","7,973.65","7,882.43",0,-0.51%
"Nov 04, 2019","7,941.33","7,912.36","7,967.00","7,854.97",0,0.37%
"Nov 01, 2019","7,912.36","7,834.67","7,917.85","7,832.52",0,0.99%
"Oct 31, 2019","7,834.67","8,055.82","8,140.36","7,773.94",0,-2.75%
"Oct 30, 2019","8,055.82","7,934.77","8,098.65","7,933.88",0,1.53%
"Oct 29, 2019","7,934.77","7,928.56","7,953.71","7,833.29",0,0.08%
"Oct 28, 2019","7,928.56","7,956.97","7,970.52","7,894.82",0,-0.36%
"Oct 25, 2019","7,956.97","7,986.94","8,003.10","7,942.87",0,-0.38%
"Oct 24, 2019","7,986.94","7,948.84","8,040.00","7,932.21",0,0.48%
"Oct 23, 2019","7,948.84","8,003.42","8,008.59","7,890.48",0,-0.68%
"Oct 22, 2019","8,003.42","7,919.16","8,045.25","7,878.95",0,1.06%
"Oct 21, 2019","7,919.16","8,434.91","8,434.91","7,859.79",0,-6.11%
"Oct 18, 2019","8,434.91","8,486.95","8,526.11","8,414.07",0,-0.61%
"Oct 17, 2019","8,486.95","8,417.77","8,520.94","8,417.77",0,0.82%
"Oct 16, 2019","8,417.77","8,444.22","8,525.77","8,384.19",0,-0.31%
"Oct 15, 2019","8,444.22","8,478.71","8,523.23","8,441.11",0,-0.41%
"Oct 14, 2019","8,478.71","8,506.56","8,511.20","8,430.91",0,-0.33%
"Oct 11, 2019","8,506.56","8,483.85","8,506.56","8,377.68",0,0.27%
"Oct 10, 2019","8,483.85","8,491.99","8,517.52","8,405.16",0,-0.10%
"Oct 09, 2019","8,491.99","8,502.69","8,551.90","8,456.78",0,-0.13%
"Oct 08, 2019","8,502.69","8,533.78","8,609.70","8,502.69",0,-0.36%
"Oct 07, 2019","8,533.78","8,421.69","8,533.78","8,374.65",0,1.33%
"Oct 04, 2019","8,421.69","8,320.47","8,442.24","8,319.96",0,1.22%
"Oct 03, 2019","8,320.47","8,364.02","8,372.13","8,219.73",0,-0.52%
"Oct 02, 2019","8,364.02","8,643.21","8,643.21","8,346.54",0,-3.23%
"Oct 01, 2019","8,643.21","8,744.11","8,810.33","8,626.09",0,-1.15%
"Sep 30, 2019","8,744.11","8,801.02","8,828.01","8,722.72",0,-0.65%
"Sep 27, 2019","8,801.02","8,768.57","8,888.81","8,744.24",0,0.37%
"Sep 26, 2019","8,768.57","8,707.46","8,845.80","8,698.79",0,0.70%
"Sep 25, 2019","8,707.46","8,751.50","8,751.50","8,566.90",0,-0.50%
"Sep 24, 2019","8,751.50","8,629.00","8,751.50","8,623.14",0,1.42%
"Sep 23, 2019","8,629.00","8,711.71","8,750.28","8,620.95",0,-0.95%
"Sep 20, 2019","8,711.71","8,701.29","8,718.56","8,644.78",0,0.12%
"Sep 19, 2019","8,701.29","8,678.88","8,730.20","8,647.58",0,0.26%
"Sep 18, 2019","8,678.88","8,690.59","8,756.11","8,648.87",0,-0.13%
"Sep 17, 2019","8,690.59","8,606.68","8,712.25","8,572.11",0,0.97%
"Sep 16, 2019","8,606.68","8,653.24","8,655.82","8,562.58",0,-0.54%
"Sep 13, 2019","8,653.24","8,646.14","8,660.74","8,566.65",0,0.08%
"Sep 12, 2019","8,646.14","8,659.67","8,697.26","8,587.88",0,-0.16%
"Sep 11, 2019","8,659.67","8,629.26","8,680.41","8,566.76",0,0.35%
"Sep 10, 2019","8,629.26","8,752.06","8,752.06","8,518.84",0,-1.40%
"Sep 09, 2019","8,752.06","8,877.70","8,900.33","8,697.61",0,-1.42%
"Sep 06, 2019","8,877.70","8,769.12","8,877.70","8,769.12",0,1.24%
"Sep 05, 2019","8,769.12","8,851.76","8,877.76","8,742.72",0,-0.93%
"Sep 04, 2019","8,851.76","8,867.10","8,899.26","8,818.01",0,-0.17%
"Sep 03, 2019","8,867.10","8,848.91","8,877.61","8,818.90",0,0.21%
"Sep 02, 2019","8,848.91","8,736.70","8,862.25","8,730.37",0,1.28%
"Aug 30, 2019","8,736.70","8,700.36","8,749.00","8,689.01",0,0.42%
"Aug 29, 2019","8,700.36","8,698.17","8,763.08","8,652.74",0,0.03%
"Aug 28, 2019","8,698.17","8,589.91","8,729.68","8,547.49",0,1.26%
"Aug 27, 2019","8,589.91","8,534.13","8,590.46","8,433.49",0,0.65%
"Aug 23, 2019","8,534.13","8,577.57","8,667.16","8,534.13",0,-0.51%
"Aug 22, 2019","8,577.57","8,521.00","8,764.35","8,497.06",0,0.66%
"Aug 21, 2019","8,521.00","8,402.49","8,521.00","8,386.79",0,1.41%
"Aug 20, 2019","8,402.49","8,452.94","8,553.85","8,391.65",0,-0.60%
"Aug 19, 2019","8,452.94","8,342.26","8,463.69","8,342.26",0,1.33%
"Aug 16, 2019","8,342.26","8,255.29","8,353.50","8,255.29",0,1.05%
"Aug 15, 2019","8,255.29","8,281.34","8,334.86","8,172.89",0,-0.31%
"Aug 14, 2019","8,281.34","8,344.83","8,398.08","8,235.26",0,-0.76%
"Aug 13, 2019","8,344.83","8,336.67","8,379.87","8,223.58",0,0.10%
"Aug 12, 2019","8,336.67","8,359.69","8,430.75","8,286.36",0,-0.28%
"Aug 09, 2019","8,359.69","8,361.10","8,402.45","8,323.68",0,-0.02%
"Aug 08, 2019","8,361.10","8,210.37","8,375.08","8,210.37",0,1.84%
"Aug 07, 2019","8,210.37","8,184.52","8,310.56","8,150.38",0,0.32%
"Aug 06, 2019","8,184.52","8,331.47","8,334.07","8,178.44",0,-1.76%
"Aug 05, 2019","8,331.47","8,483.66","8,483.66","8,303.89",0,-1.79%
"Aug 02, 2019","8,483.66","8,661.85","8,678.07","8,475.12",0,-2.06%
"Aug 01, 2019","8,661.85","8,332.03","8,666.59","8,332.03",0,3.96%
"Jul 31, 2019","8,332.03","8,353.49","8,554.74","8,266.81",0,-0.26%
"Jul 30, 2019","8,353.49","8,290.89","8,370.82","8,290.89",0,0.76%
"Jul 29, 2019","8,290.89","8,094.87","8,301.32","8,078.19",0,2.42%
"Jul 26, 2019","8,094.87","8,029.92","8,109.68","8,016.55",0,0.81%
"Jul 25, 2019","8,029.92","7,981.72","8,039.24","7,968.11",0,0.60%
"Jul 24, 2019","7,981.72","7,963.53","8,060.07","7,956.37",0,0.23%
"Jul 23, 2019","7,963.53","7,878.50","8,017.84","7,877.20",0,1.08%
"Jul 22, 2019","7,878.50","7,818.43","7,914.30","7,795.28",0,0.77%
"Jul 19, 2019","7,818.43","7,822.86","7,878.43","7,796.05",0,-0.06%
"Jul 18, 2019","7,822.86","7,913.66","7,932.70","7,798.65",0,-1.15%
"Jul 17, 2019","7,913.66","7,903.09","7,955.20","7,897.82",0,0.13%
"Jul 16, 2019","7,903.09","7,860.02","7,941.20","7,853.71",0,0.55%
"Jul 15, 2019","7,860.02","7,757.96","7,875.13","7,757.96",0,1.32%
"Jul 12, 2019","7,757.96","7,810.31","7,814.04","7,740.33",0,-0.67%
"Jul 11, 2019","7,810.31","7,809.32","7,844.69","7,778.95",0,0.01%
"Jul 10, 2019","7,809.32","7,802.35","7,842.75","7,767.55",0,0.09%
"Jul 09, 2019","7,802.35","7,811.54","7,862.96","7,769.06",0,-0.12%
"Jul 08, 2019","7,811.54","7,805.22","7,842.86","7,793.96",0,0.08%
"Jul 05, 2019","7,805.22","7,913.34","7,949.57","7,781.30",0,-1.37%
"Jul 04, 2019","7,913.34","7,957.12","7,957.12","7,867.77",0,-0.55%
"Jul 03, 2019","7,957.12","7,832.32","7,983.64","7,825.86",0,1.59%
"Jul 02, 2019","7,832.32","7,815.23","7,850.90","7,796.49",0,0.22%
"Jul 01, 2019","7,815.23","7,738.11","7,829.28","7,738.11",0,1.00%
"Jun 28, 2019","7,738.11","7,663.04","7,746.67","7,659.92",0,0.98%
"Jun 27, 2019","7,663.04","7,594.76","7,665.73","7,569.10",0,0.90%
"Jun 26, 2019","7,594.76","7,678.40","7,678.40","7,579.76",0,-1.09%
"Jun 25, 2019","7,678.40","7,732.61","7,732.61","7,669.74",0,-0.70%
"Jun 24, 2019","7,732.61","7,728.89","7,767.71","7,703.90",0,0.05%
"Jun 21, 2019","7,728.89","7,745.53","7,768.20","7,706.61",0,-0.21%
"Jun 20, 2019","7,745.53","7,718.77","7,817.37","7,718.77",0,0.35%
"Jun 19, 2019","7,718.77","7,723.10","7,781.54","7,664.42",0,-0.06%
"Jun 18, 2019","7,723.10","7,681.22","7,739.30","7,670.27",0,0.55%
"Jun 17, 2019","7,681.22","7,614.82","7,681.22","7,586.55",0,0.87%
"Jun 14, 2019","7,614.82","7,608.18","7,635.75","7,568.47",0,0.09%
"Jun 13, 2019","7,608.18","7,604.43","7,684.85","7,578.36",0,0.05%
"Jun 12, 2019","7,604.43","7,582.78","7,618.55","7,549.40",0,0.29%
"Jun 11, 2019","7,582.78","7,567.62","7,622.11","7,558.24",0,0.20%
"Jun 10, 2019","7,567.62","7,557.13","7,590.95","7,529.84",0,0.14%
"Jun 07, 2019","7,557.13","7,495.82","7,562.85","7,491.47",0,0.82%
"Jun 06, 2019","7,495.82","7,512.09","7,538.15","7,464.72",0,-0.22%
"Jun 05, 2019","7,512.09","7,461.71","7,527.76","7,457.35",0,0.59%
"Jun 04, 2019","7,467.69","7,539.04","7,548.63","7,423.12",0,-0.95%
"Jun 03, 2019","7,539.04","7,457.97","7,541.09","7,414.35",0,1.09%
"May 31, 2019","7,457.97","7,541.81","7,548.19","7,429.39",0,-1.11%
"May 30, 2019","7,541.81","7,517.61","7,590.57","7,475.15",0,0.32%
"May 29, 2019","7,517.61","7,673.55","7,673.55","7,505.47",0,-2.03%
"May 28, 2019","7,673.55","7,521.86","7,673.55","7,494.22",0,2.02%
"May 24, 2019","7,521.86","7,480.46","7,575.65","7,479.13",0,0.55%
"May 23, 2019","7,480.46","7,517.13","7,522.10","7,452.17",0,-0.49%
"May 22, 2019","7,517.13","7,434.70","7,550.44","7,433.45",0,1.11%
"May 21, 2019","7,434.70","7,416.16","7,485.27","7,415.90",0,0.25%
"May 20, 2019","7,416.16","7,450.67","7,450.97","7,382.24",0,-0.46%
"May 17, 2019","7,450.67","7,503.79","7,514.24","7,420.82",0,-0.71%
"May 16, 2019","7,503.79","7,470.22","7,538.62","7,431.78",0,0.45%
"May 15, 2019","7,470.22","7,453.98","7,489.72","7,406.35",0,0.22%
"May 14, 2019","7,453.98","7,395.45","7,464.81","7,394.69",0,0.79%
"May 13, 2019","7,395.45","7,465.97","7,493.44","7,349.12",0,-0.94%
"May 10, 2019","7,465.97","7,429.15","7,524.95","7,428.74",0,0.50%
"May 09, 2019","7,429.15","7,375.77","7,441.74","7,329.21",0,0.72%
"May 08, 2019","7,375.77","7,363.49","7,375.77","7,287.01",0,0.17%
"May 07, 2019","7,363.49","7,383.97","7,461.16","7,362.86",0,-0.28%
"May 03, 2019","7,383.97","7,169.53","7,392.00","7,167.00",0,2.99%
"May 02, 2019","7,169.53","7,073.75","7,222.23","7,073.75",0,1.35%
"May 01, 2019","7,073.75","7,073.78","7,152.90","7,053.63",0,-0.00%
"Apr 30, 2019","7,073.78","7,138.51","7,155.86","7,049.31",0,-0.91%
"Apr 29, 2019","7,138.51","7,090.50","7,169.73","7,074.37",0,0.68%
"Apr 26, 2019","7,090.50","6,999.08","7,101.63","6,995.96",0,1.31%
"Apr 25, 2019","6,999.08","6,944.17","6,999.08","6,926.84",0,0.79%
"Apr 24, 2019","6,944.17","6,966.25","6,975.49","6,927.43",0,-0.32%
"Apr 23, 2019","6,966.25","6,808.59","6,966.25","6,807.75",0,2.32%
"Apr 18, 2019","6,808.59","6,911.70","6,911.70","6,808.14",0,-1.49%
"Apr 17, 2019","6,911.70","6,937.39","6,940.04","6,874.64",0,-0.37%
"Apr 16, 2019","6,937.39","6,916.78","6,973.59","6,916.78",0,0.30%
"Apr 15, 2019","6,916.78","6,955.54","6,955.80","6,902.33",0,-0.56%
"Apr 12, 2019","6,955.54","6,958.20","6,958.20","6,878.93",0,-0.04%
"Apr 11, 2019","6,958.20","6,980.75","6,995.05","6,938.89",0,-0.32%
"Apr 10, 2019","6,980.75","7,002.38","7,003.36","6,938.95",0,-0.31%
"Apr 09, 2019","7,002.38","6,938.57","7,005.40","6,916.76",0,0.92%
"Apr 08, 2019","6,938.57","7,011.59","7,016.50","6,914.71",0,-1.04%
"Apr 05, 2019","7,011.59","6,960.98","7,036.51","6,960.98",0,0.73%
"Apr 04, 2019","6,960.98","7,037.63","7,037.63","6,947.38",0,-1.09%
"Apr 03, 2019","7,037.63","7,019.57","7,037.63","6,968.29",0,0.26%
"Apr 02, 2019","7,019.57","6,969.13","7,036.95","6,960.12",0,0.72%
"Apr 01, 2019","6,969.13","6,926.75","7,007.93","6,926.75",0,0.61%
"Mar 29, 2019","6,926.75","6,889.86","6,939.27","6,832.13",0,0.54%
"Mar 28, 2019","6,889.86","6,801.97","6,929.76","6,794.07",0,1.29%
"Mar 27, 2019","6,801.97","6,908.55","6,961.24","6,745.76",0,-1.54%
"Mar 26, 2019","6,908.55","6,820.46","6,938.26","6,820.46",0,1.29%
"Mar 25, 2019","6,820.46","6,881.86","6,887.48","6,813.53",0,-0.89%
"Mar 22, 2019","6,881.86","7,046.18","7,077.58","6,841.69",0,-2.33%
"Mar 21, 2019","7,046.18","6,980.58","7,087.94","6,971.81",0,0.94%
"Mar 20, 2019","6,980.58","6,997.12","7,020.19","6,959.76",0,-0.24%
"Mar 19, 2019","6,997.12","6,935.59","7,023.04","6,917.17",0,0.89%
"Mar 18, 2019","6,935.59","6,938.24","6,964.28","6,898.73",0,-0.04%
"Mar 15, 2019","6,938.24","6,843.13","6,946.76","6,843.13",0,1.39%
"Mar 14, 2019","6,843.13","6,843.00","6,874.31","6,807.20",0,0.00%
"Mar 13, 2019","6,843.00","6,873.98","6,873.98","6,827.08",0,-0.45%
"Mar 12, 2019","6,873.98","6,843.08","6,902.93","6,812.80",0,0.45%
"Mar 11, 2019","6,843.08","6,791.21","6,914.15","6,781.60",0,0.76%
"Mar 08, 2019","6,791.21","6,840.91","6,842.27","6,737.39",0,-0.73%
"Mar 07, 2019","6,840.91","6,990.76","6,990.76","6,840.91",0,-2.14%
"Mar 06, 2019","6,990.76","6,991.28","7,004.94","6,944.23",0,-0.01%
"Mar 05, 2019","6,991.28","6,925.24","7,003.39","6,894.36",0,0.95%
"Mar 04, 2019","6,925.24","6,855.31","6,967.38","6,855.31",0,1.02%
"Mar 01, 2019","6,855.31","6,773.04","6,869.92","6,773.04",0,1.21%
"Feb 28, 2019","6,773.04","6,706.47","6,773.04","6,671.94",0,0.99%
"Feb 27, 2019","6,706.47","6,737.21","6,741.16","6,677.81",0,-0.46%
"Feb 26, 2019","6,737.21","6,812.79","6,812.79","6,710.51",0,-1.11%
"Feb 25, 2019","6,812.79","6,777.71","6,826.84","6,777.71",0,0.52%
"Feb 22, 2019","6,777.71","6,777.38","6,827.27","6,768.33",0,0.00%
"Feb 21, 2019","6,777.38","6,775.67","6,840.73","6,759.03",0,0.03%
"Feb 20, 2019","6,775.67","6,704.62","6,775.67","6,691.31",0,1.06%
"Feb 19, 2019","6,704.62","6,777.84","6,783.39","6,699.46",0,-1.08%
"Feb 18, 2019","6,777.84","6,768.19","6,796.92","6,749.41",0,0.14%
"Feb 15, 2019","6,768.19","6,810.09","6,820.03","6,753.94",0,-0.62%
"Feb 14, 2019","6,810.09","6,938.47","6,991.91","6,761.88",0,-1.85%
"Feb 13, 2019","6,938.47","6,940.12","6,993.90","6,919.36",0,-0.02%
"Feb 12, 2019","6,940.12","6,923.27","6,983.02","6,914.16",0,0.24%
"Feb 11, 2019","6,923.27","7,036.79","7,043.11","6,781.17",0,-1.61%
"Feb 08, 2019","7,036.79","7,153.73","7,153.73","6,994.99",0,-1.63%
"Feb 07, 2019","7,153.73","6,934.53","7,163.70","6,920.78",0,3.16%
"Feb 06, 2019","6,934.53","6,957.40","6,969.30","6,897.67",0,-0.33%
"Feb 05, 2019","6,957.40","6,785.90","6,966.13","6,760.87",0,2.53%
"Feb 04, 2019","6,785.90","6,779.30","6,817.76","6,752.51",0,0.10%
"Feb 01, 2019","6,779.30","6,778.12","6,835.96","6,768.65",0,0.02%
"Jan 31, 2019","6,778.12","6,753.09","6,855.13","6,751.05",0,0.37%
"Jan 30, 2019","6,753.09","6,699.88","6,759.83","6,699.88",0,0.79%
"Jan 29, 2019","6,699.88","6,639.62","6,773.11","6,612.22",0,0.91%
"Jan 28, 2019","6,639.62","6,739.32","6,739.32","6,639.62",0,-1.48%
"Jan 25, 2019","6,739.32","6,775.69","6,789.50","6,720.81",0,-0.54%
"Jan 24, 2019","6,775.69","6,806.31","6,835.64","6,759.93",0,-0.45%
"Jan 23, 2019","6,806.31","6,880.07","6,880.07","6,794.56",0,-1.07%
"Jan 22, 2019","6,880.07","6,960.98","6,976.18","6,818.68",0,-1.16%
"Jan 21, 2019","6,960.98","6,894.79","6,968.19","6,889.53",0,0.96%
"Jan 18, 2019","6,894.79","6,850.55","6,928.91","6,825.03",0,0.65%
"Jan 17, 2019","6,850.55","6,856.37","6,875.39","6,808.99",0,-0.08%
"Jan 16, 2019","6,856.37","6,815.28","6,868.11","6,778.59",0,0.60%
"Jan 15, 2019","6,815.28","6,789.78","6,829.48","6,722.53",0,0.38%
"Jan 14, 2019","6,789.78","6,886.91","6,889.30","6,776.56",0,-1.41%
"Jan 11, 2019","6,886.91","6,977.75","7,000.54","6,876.47",0,-1.30%
"Jan 10, 2019","6,977.75","6,936.49","6,988.17","6,908.38",0,0.59%
"Jan 09, 2019","6,936.49","6,812.60","6,974.54","6,812.60",0,1.82%
"Jan 08, 2019","6,812.60","6,824.40","6,855.08","6,705.56",0,-0.17%
"Jan 07, 2019","6,824.40","6,781.84","6,869.74","6,770.67",0,0.63%
"Jan 04, 2019","6,781.84","6,632.66","6,786.50","6,615.81",0,2.25%
"Jan 03, 2019","6,632.66","6,784.09","6,784.09","6,612.88",0,-2.23%
"Jan 02, 2019","6,784.09","6,920.21","6,924.69","6,695.50",0,-1.97%
"Dec 31, 2018","6,920.21","6,873.65","6,957.12","6,873.65",0,0.68%
"Dec 28, 2018","6,873.65","6,736.93","6,891.93","6,736.93",0,2.03%
"Dec 27, 2018","6,736.93","6,856.36","6,899.37","6,691.79",0,-1.74%
"Dec 24, 2018","6,856.36","6,809.39","6,914.60","6,734.97",0,0.69%
"Dec 21, 2018","6,809.39","6,871.56","6,885.27","6,751.99",0,-0.90%
"Dec 20, 2018","6,871.56","6,930.18","6,956.25","6,775.15",0,-0.85%
"Dec 19, 2018","6,930.18","6,867.80","6,986.45","6,811.03",0,0.91%
"Dec 18, 2018","6,867.80","6,975.23","6,976.21","6,867.80",0,-1.54%
"Dec 17, 2018","6,975.23","7,107.17","7,115.89","6,975.23",0,-1.86%
"Dec 14, 2018","7,107.17","7,183.07","7,183.07","7,046.99",0,-1.06%
"Dec 13, 2018","7,183.07","7,296.18","7,312.72","7,178.41",0,-1.55%
"Dec 12, 2018","7,296.18","7,201.27","7,328.90","7,201.27",0,1.32%
"Dec 11, 2018","7,201.27","7,085.01","7,234.53","7,085.01",0,1.64%
"Dec 10, 2018","7,085.01","7,181.07","7,414.47","7,067.16",0,-1.34%
"Dec 07, 2018","7,181.07","7,004.46","7,246.43","7,004.46",0,2.52%
"Dec 06, 2018","7,004.46","7,193.91","7,193.91","6,972.88",0,-2.63%
"Dec 05, 2018","7,193.91","7,272.59","7,272.59","7,187.98",0,-1.08%
"Dec 04, 2018","7,272.59","7,215.59","7,328.11","7,211.65",0,0.79%
"Dec 03, 2018","7,215.59","7,156.32","7,377.40","7,156.32",0,0.83%
"Nov 30, 2018","7,156.32","7,240.27","7,250.71","7,138.65",0,-1.16%
"Nov 29, 2018","7,240.27","7,142.50","7,272.78","7,130.62",0,1.37%
"Nov 28, 2018","7,142.50","7,126.39","7,182.59","7,107.36",0,0.23%
"Nov 27, 2018","7,126.39","7,166.14","7,169.14","6,968.96",0,-0.55%
"Nov 26, 2018","7,166.14","7,120.80","7,194.71","7,113.31",0,0.64%
"Nov 23, 2018","7,120.80","7,072.05","7,125.37","7,036.76",0,0.69%
"Nov 22, 2018","7,072.05","7,135.76","7,179.57","7,058.28",0,-0.89%
"Nov 21, 2018","7,135.76","6,998.48","7,169.41","6,998.48",0,1.96%
"Nov 20, 2018","6,998.48","7,083.59","7,112.69","6,986.52",0,-1.20%
"Nov 19, 2018","7,083.59","7,183.54","7,246.79","7,083.59",0,-1.39%
"Nov 16, 2018","7,183.54","7,172.54","7,245.49","7,120.29",0,0.15%
"Nov 15, 2018","7,172.54","7,180.67","7,220.29","7,089.35",0,-0.11%
"Nov 14, 2018","7,180.67","7,178.41","7,283.27","7,165.40",0,0.03%
"Nov 13, 2018","7,178.41","7,135.60","7,193.71","7,106.71",0,0.60%
"Nov 12, 2018","7,135.60","7,168.37","7,212.03","7,124.76",0,-0.46%
"Nov 09, 2018","7,168.37","7,202.35","7,204.81","7,147.42",0,-0.47%
"Nov 08, 2018","7,202.35","7,224.69","7,280.51","7,183.20",0,-0.31%
"Nov 07, 2018","7,224.69","7,067.54","7,230.26","7,067.54",0,2.22%
"Nov 06, 2018","7,067.54","7,089.66","7,120.50","7,027.98",0,-0.31%
"Nov 05, 2018","7,089.66","7,130.21","7,197.13","7,077.01",0,-0.57%
"Nov 02, 2018","7,130.21","7,084.04","7,186.87","7,084.04",0,0.65%
"Nov 01, 2018","7,084.04","6,813.95","7,144.61","6,792.11",0,3.96%
"Oct 31, 2018","6,813.95","6,699.68","6,900.67","6,699.68",0,1.71%
"Oct 30, 2018","6,699.68","6,645.32","6,715.36","6,600.18",0,0.82%
"Oct 29, 2018","6,645.32","6,545.47","6,752.33","6,545.47",0,1.53%
"Oct 26, 2018","6,545.47","6,603.77","6,603.77","6,469.33",0,-0.88%
"Oct 25, 2018","6,603.77","6,592.49","6,618.95","6,500.28",0,0.17%
"Oct 24, 2018","6,592.49","6,584.72","6,745.78","6,584.72",0,0.12%
"Oct 23, 2018","6,584.72","6,640.95","6,650.26","6,556.02",0,-0.85%
"Oct 22, 2018","6,640.95","6,604.06","6,742.66","6,554.53",0,0.56%
"Oct 19, 2018","6,604.06","6,614.78","6,625.96","6,536.09",0,-0.16%
"Oct 18, 2018","6,614.78","6,646.57","6,718.82","6,614.78",0,-0.48%
"Oct 17, 2018","6,646.57","6,852.23","6,862.71","6,626.80",0,-3.00%
"Oct 16, 2018","6,852.23","6,760.23","6,867.61","6,657.75",0,1.36%
"Oct 15, 2018","6,760.23","7,184.22","7,187.39","6,684.86",0,-5.90%
"Oct 12, 2018","7,184.22","7,150.87","7,233.59","7,150.87",0,0.47%
"Oct 11, 2018","7,150.87","7,227.75","7,234.21","7,116.97",0,-1.06%
"Oct 10, 2018","7,227.75","7,344.31","7,344.31","7,214.83",0,-1.59%
"Oct 09, 2018","7,344.31","7,370.73","7,389.43","7,252.02",0,-0.36%
"Oct 08, 2018","7,370.73","7,459.06","7,474.27","7,370.73",0,-1.18%
"Oct 05, 2018","7,459.06","7,511.59","7,525.02","7,417.32",0,-0.70%
"Oct 04, 2018","7,511.59","7,702.40","7,702.40","7,489.03",0,-2.48%
"Oct 03, 2018","7,702.40","7,676.56","7,761.28","7,676.56",0,0.34%
"Oct 02, 2018","7,676.56","7,707.78","7,712.61","7,653.36",0,-0.41%
"Oct 01, 2018","7,707.78","7,636.99","7,775.14","7,618.17",0,0.93%
"Sep 28, 2018","7,636.99","7,681.53","7,704.50","7,617.30",0,-0.58%
"Sep 27, 2018","7,681.53","7,718.35","7,725.83","7,661.16",0,-0.48%
"Sep 26, 2018","7,718.35","7,677.13","7,735.23","7,641.60",0,0.54%
"Sep 25, 2018","7,677.13","7,639.93","7,687.84","7,610.64",0,0.49%
"Sep 24, 2018","7,639.93","7,653.09","7,655.05","7,581.25",0,-0.17%
"Sep 21, 2018","7,653.09","7,558.78","7,682.26","7,558.78",0,1.25%
"Sep 20, 2018","7,558.78","7,556.83","7,590.44","7,528.39",0,0.03%
"Sep 19, 2018","7,556.83","7,664.32","7,668.15","7,548.44",0,-1.40%
"Sep 18, 2018","7,664.32","7,723.05","7,733.78","7,632.52",0,-0.76%
"Sep 17, 2018","7,723.05","7,727.96","7,757.68","7,705.99",0,-0.06%
"Sep 14, 2018","7,727.96","7,718.05","7,744.10","7,675.03",0,0.13%
"Sep 13, 2018","7,718.05","7,835.33","7,865.10","7,712.76",0,-1.50%
"Sep 12, 2018","7,835.33","7,782.52","7,852.94","7,772.85",0,0.68%
"Sep 11, 2018","7,782.52","7,761.79","7,801.87","7,731.06",0,0.27%
"Sep 10, 2018","7,761.79","7,753.88","7,787.29","7,708.55",0,0.10%
"Sep 07, 2018","7,753.88","7,578.47","7,765.90","7,578.47",0,2.31%
"Sep 06, 2018","7,578.47","7,639.88","7,648.87","7,575.07",0,-0.80%
"Sep 05, 2018","7,639.88","7,745.53","7,745.53","7,618.34",0,-1.36%
"Sep 04, 2018","7,745.53","7,822.20","7,848.41","7,726.23",0,-0.98%
"Sep 03, 2018","7,822.20","7,733.68","7,827.65","7,733.68",0,1.14%
"Aug 31, 2018","7,733.68","7,785.83","7,795.33","7,721.78",0,-0.67%
"Aug 30, 2018","7,785.83","7,838.00","7,854.09","7,774.79",0,-0.67%
"Aug 29, 2018","7,838.00","7,879.43","7,904.50","7,819.84",0,-0.53%
"Aug 28, 2018","7,879.43","7,777.96","7,910.73","7,777.96",0,1.30%
"Aug 24, 2018","7,777.96","7,798.92","7,799.09","7,742.54",0,-0.27%
"Aug 23, 2018","7,798.92","7,855.62","7,887.87","7,794.77",0,-0.72%
"Aug 22, 2018","7,855.62","7,812.34","7,881.68","7,788.49",0,0.55%
"Aug 21, 2018","7,812.34","7,825.07","7,863.84","7,782.00",0,-0.16%
"Aug 20, 2018","7,825.07","7,824.41","7,914.66","7,820.11",0,0.01%
"Aug 17, 2018","7,824.41","7,799.46","7,824.41","7,776.17",0,0.32%
"Aug 16, 2018","7,799.46","7,690.48","7,802.46","7,684.89",0,1.42%
"Aug 15, 2018","7,690.48","7,754.24","7,807.03","7,654.27",0,-0.82%
"Aug 14, 2018","7,754.24","7,728.79","7,775.34","7,727.85",0,0.33%
"Aug 13, 2018","7,728.79","7,724.00","7,739.79","7,641.82",0,0.06%
"Aug 10, 2018","7,724.00","7,746.66","7,755.15","7,704.41",0,-0.29%
"Aug 09, 2018","7,746.66","7,759.14","7,795.39","7,712.26",0,-0.16%
"Aug 08, 2018","7,759.14","7,837.42","7,846.96","7,736.93",0,-1.00%
"Aug 07, 2018","7,837.42","7,813.96","7,870.27","7,770.64",0,0.30%
"Aug 06, 2018","7,813.96","7,862.75","7,877.27","7,773.67",0,-0.62%
"Aug 03, 2018","7,862.75","7,775.93","7,881.93","7,775.86",0,1.12%
"Aug 02, 2018","7,775.93","7,797.45","7,869.96","7,734.13",0,-0.28%
"Aug 01, 2018","7,797.45","7,800.06","7,819.08","7,738.34",0,-0.03%
"Jul 31, 2018","7,800.06","7,901.18","7,906.64","7,763.85",0,-1.28%
"Jul 30, 2018","7,901.18","7,963.05","7,963.05","7,884.10",0,-0.78%
"Jul 27, 2018","7,963.05","7,915.33","7,993.49","7,900.91",0,0.60%
"Jul 26, 2018","7,915.33","7,763.68","7,994.38","7,763.68",0,1.95%
"Jul 25, 2018","7,763.68","7,771.52","7,787.62","7,700.74",0,-0.10%
"Jul 24, 2018","7,771.52","7,716.57","7,815.90","7,681.73",0,0.71%
"Jul 23, 2018","7,716.57","7,805.39","7,805.39","7,707.71",0,-1.14%
"Jul 20, 2018","7,805.39","7,760.40","7,833.71","7,749.15",0,0.58%
"Jul 19, 2018","7,760.40","7,769.16","7,788.68","7,719.84",0,-0.11%
"Jul 18, 2018","7,769.16","7,783.02","7,874.86","7,754.53",0,-0.18%
"Jul 17, 2018","7,783.02","7,774.58","7,816.38","7,709.87",0,0.11%
"Jul 16, 2018","7,774.58","7,795.05","7,844.00","7,766.07",0,-0.26%
"Jul 13, 2018","7,795.05","7,806.80","7,882.28","7,790.79",0,-0.15%
"Jul 12, 2018","7,806.80","7,691.89","7,813.10","7,691.89",0,1.49%
"Jul 11, 2018","7,691.89","7,705.72","7,717.15","7,631.32",0,-0.18%
"Jul 10, 2018","7,705.72","7,682.76","7,718.70","7,647.01",0,0.30%
"Jul 09, 2018","7,682.76","7,589.55","7,705.75","7,582.16",0,1.23%
"Jul 06, 2018","7,589.55","7,638.75","7,679.45","7,576.82",0,-0.64%
"Jul 05, 2018","7,638.75","7,601.71","7,651.20","7,597.96",0,0.49%
"Jul 04, 2018","7,601.71","7,658.52","7,666.11","7,573.50",0,-0.74%
"Jul 03, 2018","7,658.52","7,684.29","7,728.45","7,623.75",0,-0.34%
"Jul 02, 2018","7,684.29","7,946.29","7,946.29","7,683.47",0,-3.30%
"Jun 29, 2018","7,946.29","7,927.02","8,019.47","7,924.82",0,0.24%
"Jun 28, 2018","7,927.02","7,982.16","8,000.90","7,877.00",0,-0.69%
"Jun 27, 2018","7,982.16","7,978.29","8,008.04","7,891.63",0,0.05%
"Jun 26, 2018","7,978.29","7,958.01","8,006.82","7,944.28",0,0.25%
"Jun 25, 2018","7,958.01","8,035.92","8,050.11","7,957.66",0,-0.97%
"Jun 22, 2018","8,035.92","7,969.60","8,046.90","7,966.39",0,0.83%
"Jun 21, 2018","7,969.60","7,934.68","8,019.98","7,919.57",0,0.44%
"Jun 20, 2018","7,934.68","7,878.96","7,981.08","7,878.96",0,0.71%
"Jun 19, 2018","7,878.96","7,869.69","7,921.58","7,790.71",0,0.12%
"Jun 18, 2018","7,869.69","7,942.96","7,954.13","7,847.77",0,-0.92%
"Jun 15, 2018","7,942.96","8,062.29","8,096.70","7,940.22",0,-1.48%
"Jun 14, 2018","8,062.29","8,012.93","8,088.26","7,963.24",0,0.62%
"Jun 13, 2018","8,012.93","8,011.84","8,096.15","7,958.19",0,0.01%
"Jun 12, 2018","8,011.84","7,989.25","8,024.07","7,956.85",0,0.28%
"Jun 11, 2018","7,989.25","7,935.93","8,039.05","7,905.65",0,0.67%
"Jun 08, 2018","7,935.93","7,967.64","7,981.12","7,850.99",0,-0.40%
"Jun 07, 2018","7,967.64","8,029.71","8,106.25","7,960.47",0,-0.77%
"Jun 06, 2018","8,029.71","8,004.98","8,052.63","7,995.60",0,0.31%
"Jun 05, 2018","8,004.98","8,043.23","8,080.70","8,004.98",0,-0.48%
"Jun 04, 2018","8,043.23","7,998.27","8,081.62","7,998.27",0,0.56%
"Jun 01, 2018","7,998.27","8,112.42","8,164.51","7,990.54",0,-1.41%
"May 31, 2018","8,112.42","8,136.29","8,199.68","8,088.83",0,-0.29%
"May 30, 2018","8,136.29","8,043.17","8,136.29","8,038.59",0,1.16%
"May 29, 2018","8,043.17","8,169.84","8,169.84","8,041.78",0,-1.55%
"May 25, 2018","8,169.84","8,088.36","8,225.30","8,088.36",0,1.01%
"May 24, 2018","8,088.36","8,098.06","8,143.50","8,067.89",0,-0.12%
"May 23, 2018","8,098.06","8,111.63","8,143.25","8,061.96",0,-0.17%
"May 22, 2018","8,111.63","8,137.29","8,142.81","8,068.61",0,-0.32%
"May 21, 2018","8,137.29","8,101.48","8,169.07","8,097.89",0,0.44%
"May 18, 2018","8,101.48","8,116.98","8,127.82","8,067.19",0,-0.19%
"May 17, 2018","8,116.98","8,055.06","8,127.56","8,021.39",0,0.77%
"May 16, 2018","8,055.06","8,028.26","8,069.54","7,993.91",0,0.33%
"May 15, 2018","8,028.26","8,094.37","8,115.31","8,027.69",0,-0.82%
"May 14, 2018","8,094.37","8,007.89","8,103.71","8,007.89",0,1.08%
"May 11, 2018","8,007.89","8,072.02","8,093.87","8,007.89",0,-0.79%
"May 10, 2018","8,072.02","8,044.37","8,080.08","8,001.36",0,0.34%
"May 09, 2018","8,044.37","8,040.86","8,049.71","7,972.33",0,0.04%
"May 08, 2018","8,040.86","7,995.91","8,046.51","7,968.93",0,0.56%
"May 04, 2018","7,995.91","7,975.83","8,047.14","7,965.08",0,0.25%
"May 03, 2018","7,975.83","8,323.43","8,330.14","7,929.92",0,-4.18%
"May 02, 2018","8,323.43","8,270.97","8,336.72","8,233.86",0,0.63%
"May 01, 2018","8,270.97","8,217.51","8,312.59","8,171.14",0,0.65%
"Apr 30, 2018","8,217.51","8,220.62","8,257.97","8,202.52",0,-0.04%
"Apr 27, 2018","8,220.62","8,149.36","8,238.48","8,148.04",0,0.87%
"Apr 26, 2018","8,149.36","8,063.97","8,181.36","8,063.97",0,1.06%
"Apr 25, 2018","8,063.97","8,143.85","8,143.85","8,056.07",0,-0.98%
"Apr 24, 2018","8,143.85","8,219.58","8,250.98","8,120.22",0,-0.92%
"Apr 23, 2018","8,219.58","8,160.64","8,288.04","8,123.36",0,0.72%
"Apr 20, 2018","8,160.64","8,058.66","8,166.27","8,058.66",0,1.27%
"Apr 19, 2018","8,058.66","8,027.86","8,064.35","7,999.54",0,0.38%
"Apr 18, 2018","8,027.86","7,816.02","8,035.04","7,816.02",0,2.71%
"Apr 17, 2018","7,816.02","7,716.13","7,840.10","7,716.13",0,1.29%
"Apr 16, 2018","7,716.13","7,756.38","7,768.79","7,713.15",0,-0.52%
"Apr 13, 2018","7,756.38","7,718.79","7,791.19","7,708.30",0,0.49%
"Apr 12, 2018","7,718.79","7,679.83","7,756.63","7,666.71",0,0.51%
"Apr 11, 2018","7,679.83","7,779.00","7,783.59","7,661.46",0,-1.27%
"Apr 10, 2018","7,779.00","7,704.42","7,787.56","7,704.42",0,0.97%
"Apr 09, 2018","7,704.42","7,681.66","7,747.73","7,672.22",0,0.30%
"Apr 06, 2018","7,681.66","7,661.86","7,701.24","7,620.77",0,0.26%
"Apr 05, 2018","7,661.86","7,520.14","7,661.86","7,520.14",0,1.88%
"Apr 04, 2018","7,520.14","7,662.36","7,687.09","7,506.88",0,-1.86%
"Apr 03, 2018","7,662.36","7,732.92","7,734.69","7,626.80",0,-0.91%
"Mar 29, 2018","7,732.92","7,740.73","7,769.11","7,681.77",0,-0.10%
"Mar 28, 2018","7,740.73","7,694.61","7,753.31","7,581.22",0,0.60%
"Mar 27, 2018","7,694.61","7,545.66","7,697.57","7,545.66",0,1.97%
"Mar 26, 2018","7,545.66","7,558.24","7,633.38","7,505.92",0,-0.17%
"Mar 23, 2018","7,558.24","7,597.87","7,597.87","7,480.70",0,-0.52%
"Mar 22, 2018","7,597.87","7,690.60","7,690.60","7,556.30",0,-1.21%
"Mar 21, 2018","7,690.60","7,610.37","7,696.80","7,609.18",0,1.05%
"Mar 20, 2018","7,610.37","7,636.83","7,677.84","7,603.96",0,-0.35%
"Mar 19, 2018","7,636.83","7,723.55","7,723.55","7,628.65",0,-1.12%
"Mar 16, 2018","7,723.55","7,702.57","7,745.95","7,657.47",0,0.27%
"Mar 15, 2018","7,702.57","7,674.46","7,734.33","7,671.95",0,0.37%
"Mar 14, 2018","7,674.46","7,723.05","7,742.27","7,672.97",0,-0.63%
"Mar 13, 2018","7,723.05","7,821.42","7,841.64","7,705.73",0,-1.26%
"Mar 12, 2018","7,821.42","7,859.07","7,861.35","7,796.16",0,-0.48%
"Mar 09, 2018","7,859.07","7,780.92","7,869.42","7,777.09",0,1.00%
"Mar 08, 2018","7,780.92","7,614.31","7,786.91","7,605.21",0,2.19%
"Mar 07, 2018","7,614.31","7,575.28","7,618.09","7,482.94",0,0.52%
"Mar 06, 2018","7,575.28","7,547.62","7,626.75","7,547.62",0,0.37%
"Mar 05, 2018","7,547.62","7,470.89","7,567.15","7,470.89",0,1.03%
"Mar 02, 2018","7,470.89","7,551.01","7,551.01","7,465.30",0,-1.06%
"Mar 01, 2018","7,551.01","7,564.97","7,585.71","7,512.96",0,-0.18%
"Feb 28, 2018","7,564.97","7,674.63","7,674.63","7,564.97",0,-1.43%
"Feb 27, 2018","7,674.63","7,662.98","7,702.18","7,611.96",0,0.15%
"Feb 26, 2018","7,662.98","7,634.26","7,680.12","7,614.45",0,0.38%
"Feb 23, 2018","7,634.26","7,642.19","7,652.38","7,592.31",0,-0.10%
"Feb 22, 2018","7,642.19","7,619.68","7,656.55","7,563.16",0,0.30%
"Feb 21, 2018","7,619.68","7,581.16","7,635.28","7,538.18",0,0.51%
"Feb 20, 2018","7,581.16","7,518.27","7,581.16","7,518.27",0,0.84%
"Feb 19, 2018","7,518.27","7,607.99","7,631.73","7,507.25",0,-1.18%
"Feb 16, 2018","7,607.99","7,517.57","7,624.19","7,516.79",0,1.20%
"Feb 15, 2018","7,517.57","7,379.60","7,525.89","7,358.59",0,1.87%
"Feb 14, 2018","7,379.60","7,287.37","7,430.46","7,275.15",0,1.27%
"Feb 13, 2018","7,287.37","7,311.72","7,356.32","7,287.37",0,-0.33%
"Feb 12, 2018","7,311.72","7,198.34","7,368.94","7,198.34",0,1.58%
"Feb 09, 2018","7,198.34","7,244.71","7,325.06","7,184.56",0,-0.64%
"Feb 08, 2018","7,244.71","7,344.47","7,407.55","7,206.95",0,-1.36%
"Feb 07, 2018","7,344.47","7,118.85","7,363.92","7,079.64",0,3.17%
"Feb 06, 2018","7,118.85","7,273.79","7,273.79","6,996.58",0,-2.13%
"Feb 05, 2018","7,273.79","7,340.59","7,340.59","7,221.54",0,-0.91%
"Feb 02, 2018","7,340.59","7,422.15","7,463.36","7,328.85",0,-1.10%
"Feb 01, 2018","7,422.15","7,527.63","7,558.66","7,404.18",0,-1.40%
"Jan 31, 2018","7,527.63","7,542.72","7,573.12","7,507.31",0,-0.20%
"Jan 30, 2018","7,542.72","7,624.49","7,624.49","7,522.68",0,-1.07%
"Jan 29, 2018","7,624.49","7,645.61","7,657.87","7,601.53",0,-0.28%
"Jan 26, 2018","7,645.61","7,646.66","7,688.99","7,598.61",0,-0.01%
"Jan 25, 2018","7,646.66","7,476.67","7,701.05","7,473.38",0,2.27%
"Jan 24, 2018","7,476.67","7,536.22","7,537.14","7,459.57",0,-0.79%
"Jan 23, 2018","7,536.22","7,386.00","7,576.71","7,385.01",0,2.03%
"Jan 22, 2018","7,386.00","7,363.36","7,435.62","7,353.81",0,0.31%
"Jan 19, 2018","7,363.36","7,311.50","7,375.56","7,300.57",0,0.71%
"Jan 18, 2018","7,311.50","7,358.04","7,369.49","7,284.77",0,-0.63%
"Jan 17, 2018","7,358.04","7,360.20","7,391.95","7,337.34",0,-0.03%
"Jan 16, 2018","7,360.20","7,335.24","7,392.81","7,329.75",0,0.34%
"Jan 15, 2018","7,335.24","7,391.01","7,393.62","7,327.16",0,-0.75%
"Jan 12, 2018","7,391.01","7,363.24","7,421.78","7,363.24",0,0.38%
"Jan 11, 2018","7,363.24","7,434.24","7,475.27","7,351.54",0,-0.96%
"Jan 10, 2018","7,434.24","7,575.33","7,575.33","7,431.48",0,-1.86%
"Jan 09, 2018","7,575.33","7,564.94","7,608.61","7,549.25",0,0.14%
"Jan 08, 2018","7,564.94","7,564.34","7,590.50","7,535.60",0,0.01%
"Jan 05, 2018","7,564.34","7,487.94","7,565.18","7,472.78",0,1.02%
"Jan 04, 2018","7,487.94","7,470.10","7,499.05","7,446.46",0,0.24%
"Jan 03, 2018","7,470.10","7,474.47","7,517.82","7,439.01",0,-0.06%
"Jan 02, 2018","7,474.47","7,576.26","7,596.18","7,467.21",0,-1.34%
"Dec 29, 2017","7,576.26","7,544.15","7,592.71","7,520.32",0,0.43%
"Dec 28, 2017","7,544.15","7,569.56","7,606.94","7,544.15",0,-0.34%
"Dec 27, 2017","7,569.56","7,530.03","7,586.66","7,491.47",0,0.52%
"Dec 22, 2017","7,530.03","7,490.89","7,543.07","7,462.33",0,0.52%
"Dec 21, 2017","7,490.89","7,410.60","7,508.45","7,374.88",0,1.08%
"Dec 20, 2017","7,410.60","7,469.00","7,482.33","7,396.36",0,-0.78%
"Dec 19, 2017","7,469.00","7,562.03","7,567.66","7,445.12",0,-1.23%
"Dec 18, 2017","7,562.03","7,501.48","7,585.25","7,501.48",0,0.81%
"Dec 15, 2017","7,501.48","7,539.12","7,541.28","7,444.99",0,-0.50%
"Dec 14, 2017","7,539.12","7,593.50","7,601.05","7,534.51",0,-0.72%
"Dec 13, 2017","7,593.50","7,630.81","7,644.62","7,580.25",0,-0.49%
"Dec 12, 2017","7,630.81","7,607.45","7,634.07","7,580.12",0,0.31%
"Dec 11, 2017","7,607.45","7,636.74","7,685.26","7,596.39",0,-0.38%
"Dec 08, 2017","7,636.74","7,568.71","7,671.25","7,525.30",0,0.90%
"Dec 07, 2017","7,568.71","7,575.32","7,618.74","7,561.34",0,-0.09%
"Dec 06, 2017","7,575.32","7,566.41","7,597.84","7,515.88",0,0.12%
"Dec 05, 2017","7,566.41","7,527.98","7,571.35","7,513.74",0,0.51%
"Dec 04, 2017","7,527.98","7,442.97","7,563.48","7,442.97",0,1.14%
"Dec 01, 2017","7,442.97","7,454.54","7,502.32","7,398.74",0,-0.16%
"Nov 30, 2017","7,454.54","7,408.54","7,456.23","7,379.16",0,0.62%
"Nov 29, 2017","7,408.54","7,468.14","7,474.03","7,389.27",0,-0.80%
"Nov 28, 2017","7,468.14","7,465.34","7,480.96","7,418.43",0,0.04%
"Nov 27, 2017","7,465.34","7,441.91","7,488.06","7,404.63",0,0.31%
"Nov 24, 2017","7,441.91","7,508.46","7,508.46","7,429.46",0,-0.89%
"Nov 23, 2017","7,508.46","7,431.98","7,518.95","7,393.92",0,1.03%
"Nov 22, 2017","7,431.98","7,435.51","7,478.12","7,385.62",0,-0.05%
"Nov 21, 2017","7,435.51","7,467.82","7,469.03","7,383.27",0,-0.43%
"Nov 20, 2017","7,467.82","7,532.21","7,546.10","7,460.86",0,-0.85%
"Nov 17, 2017","7,532.21","7,614.88","7,614.88","7,506.09",0,-1.09%
"Nov 16, 2017","7,614.88","7,576.48","7,638.53","7,525.42",0,0.51%
"Nov 15, 2017","7,576.48","7,675.46","7,676.83","7,541.27",0,-1.29%
"Nov 14, 2017","7,675.46","7,634.16","7,724.91","7,629.61",0,0.54%
"Nov 13, 2017","7,634.16","7,709.91","7,737.63","7,618.30",0,-0.98%
"Nov 10, 2017","7,709.91","7,806.25","7,833.64","7,708.69",0,-1.23%
"Nov 09, 2017","7,806.25","7,901.69","7,906.89","7,796.84",0,-1.21%
"Nov 08, 2017","7,901.69","7,964.65","7,976.60","7,887.22",0,-0.79%
"Nov 07, 2017","7,964.65","8,012.87","8,016.04","7,951.49",0,-0.60%
"Nov 06, 2017","8,012.87","7,969.18","8,060.29","7,969.18",0,0.55%
"Nov 03, 2017","7,969.18","7,852.22","7,971.41","7,719.17",0,1.49%
"Nov 02, 2017","7,852.22","7,813.16","7,876.70","7,798.44",0,0.50%
"Nov 01, 2017","7,813.16","7,961.06","8,025.20","7,792.53",0,-1.86%
"Oct 31, 2017","7,961.06","7,979.05","8,004.20","7,946.50",0,-0.23%
"Oct 30, 2017","7,979.05","8,018.17","8,030.96","7,970.54",0,-0.49%
"Oct 27, 2017","8,018.17","8,041.41","8,092.18","8,018.17",0,-0.29%
"Oct 26, 2017","8,041.41","8,007.48","8,048.02","8,000.89",0,0.42%
"Oct 25, 2017","8,007.48","7,999.03","8,052.73","7,976.77",0,0.11%
"Oct 24, 2017","7,999.03","8,088.13","8,120.20","7,997.18",0,-1.10%
"Oct 23, 2017","8,088.13","8,115.41","8,177.16","8,073.12",0,-0.34%
"Oct 20, 2017","8,115.41","8,020.07","8,164.26","8,020.07",0,1.19%
"Oct 19, 2017","8,020.07","8,062.75","8,070.50","8,010.26",0,-0.53%
"Oct 18, 2017","8,062.75","8,030.42","8,084.82","8,022.93",0,0.40%
"Oct 17, 2017","8,030.42","8,045.77","8,052.12","7,918.94",0,-0.19%
"Oct 16, 2017","8,045.77","8,406.67","8,428.54","8,015.11",0,-4.29%
"Oct 13, 2017","8,406.67","8,418.56","8,421.48","8,385.04",0,-0.14%
"Oct 12, 2017","8,418.56","8,336.98","8,425.71","8,336.98",0,0.98%
"Oct 11, 2017","8,336.98","8,189.51","8,380.28","8,189.51",0,1.80%
"Oct 10, 2017","8,189.51","8,237.01","8,251.87","8,165.40",0,-0.58%
"Oct 09, 2017","8,237.01","8,311.03","8,323.91","8,233.27",0,-0.89%
"Oct 06, 2017","8,311.03","8,192.81","8,322.97","8,188.70",0,1.44%
"Oct 05, 2017","8,192.81","8,213.04","8,241.68","8,182.18",0,-0.25%
"Oct 04, 2017","8,213.04","8,133.67","8,223.48","8,107.29",0,0.98%
"Oct 03, 2017","8,133.67","8,078.51","8,137.26","8,046.02",0,0.68%
"Oct 02, 2017","8,078.51","8,013.51","8,085.32","7,987.43",0,0.81%
"Sep 29, 2017","8,013.51","7,920.78","8,046.55","7,914.65",0,1.17%
"Sep 28, 2017","7,920.78","7,831.57","7,920.78","7,825.03",0,1.14%
"Sep 27, 2017","7,831.57","7,865.73","7,872.13","7,799.84",0,-0.43%
"Sep 26, 2017","7,865.73","7,891.17","7,905.32","7,857.09",0,-0.32%
"Sep 25, 2017","7,891.17","7,893.63","7,912.88","7,863.30",0,-0.03%
"Sep 22, 2017","7,893.63","7,863.99","7,914.00","7,840.83",0,0.38%
"Sep 21, 2017","7,863.99","7,945.59","7,963.71","7,863.99",0,-1.03%
"Sep 20, 2017","7,945.59","7,985.99","8,015.38","7,939.50",0,-0.51%
"Sep 19, 2017","7,985.99","8,025.61","8,031.14","7,960.47",0,-0.49%
"Sep 18, 2017","8,025.61","8,049.40","8,086.18","8,025.61",0,-0.30%
"Sep 15, 2017","8,049.40","8,133.34","8,141.06","8,023.68",0,-1.03%
"Sep 14, 2017","8,133.34","8,321.66","8,353.75","8,115.49",0,-2.26%
"Sep 13, 2017","8,321.66","8,376.28","8,385.48","8,292.94",0,-0.65%
"Sep 12, 2017","8,376.28","8,402.27","8,427.94","8,350.92",0,-0.31%
"Sep 11, 2017","8,402.27","8,432.46","8,486.48","8,394.91",0,-0.36%
"Sep 08, 2017","8,432.46","8,355.88","8,439.05","8,313.69",0,0.92%
"Sep 07, 2017","8,355.88","8,308.80","8,373.47","8,286.86",0,0.57%
"Sep 06, 2017","8,308.80","8,375.84","8,375.84","8,274.25",0,-0.80%
"Sep 05, 2017","8,375.84","8,392.54","8,446.73","8,367.72",0,-0.20%
"Sep 04, 2017","8,392.54","8,409.55","8,411.26","8,355.84",0,-0.20%
"Sep 01, 2017","8,409.55","8,457.17","8,511.81","8,409.55",0,-0.56%
"Aug 31, 2017","8,457.17","8,351.83","8,462.03","8,343.49",0,1.26%
"Aug 30, 2017","8,351.83","8,334.64","8,406.14","8,333.69",0,0.21%
"Aug 29, 2017","8,334.64","8,396.52","8,411.70","8,295.22",0,-0.74%
"Aug 25, 2017","8,396.52","8,399.19","8,436.56","8,393.68",0,-0.03%
"Aug 24, 2017","8,399.19","8,341.46","8,428.22","8,337.77",0,0.69%
"Aug 23, 2017","8,341.46","8,285.37","8,358.52","8,284.00",0,0.68%
"Aug 22, 2017","8,285.37","8,168.91","8,287.65","8,168.91",0,1.43%
"Aug 21, 2017","8,168.91","8,175.91","8,215.06","8,130.05",0,-0.09%
"Aug 18, 2017","8,175.91","8,251.38","8,255.27","8,119.14",0,-0.91%
"Aug 17, 2017","8,251.38","8,280.62","8,323.18","8,249.91",0,-0.35%
"Aug 16, 2017","8,280.62","8,225.83","8,325.00","8,222.88",0,0.67%
"Aug 15, 2017","8,225.83","8,162.46","8,225.83","8,159.45",0,0.78%
"Aug 14, 2017","8,162.46","8,077.80","8,198.06","8,077.33",0,1.05%
"Aug 11, 2017","8,077.80","8,120.38","8,120.38","8,002.38",0,-0.52%
"Aug 10, 2017","8,120.38","8,188.97","8,212.29","8,102.08",0,-0.84%
"Aug 09, 2017","8,188.97","8,154.21","8,188.97","8,072.88",0,0.43%
"Aug 08, 2017","8,154.21","8,123.71","8,154.21","8,093.90",0,0.38%
"Aug 07, 2017","8,123.71","8,092.14","8,137.81","8,089.55",0,0.39%
"Aug 04, 2017","8,092.14","8,056.70","8,092.14","7,982.86",0,0.44%
"Aug 03, 2017","8,056.70","8,157.68","8,165.10","7,987.16",0,-1.24%
"Aug 02, 2017","8,157.68","8,160.67","8,197.54","8,143.76",0,-0.04%
"Aug 01, 2017","8,160.67","8,198.91","8,250.93","8,154.65",0,-0.47%
"Jul 31, 2017","8,198.91","8,237.41","8,292.79","8,195.77",0,-0.47%
"Jul 28, 2017","8,237.41","8,335.33","8,335.33","8,186.31",0,-1.17%
"Jul 27, 2017","8,335.33","8,133.38","8,357.84","8,133.38",0,2.48%
"Jul 26, 2017","8,133.38","8,089.83","8,142.64","8,086.35",0,0.54%
"Jul 25, 2017","8,089.83","8,081.71","8,157.45","8,079.45",0,0.10%
"Jul 24, 2017","8,081.71","8,194.63","8,194.63","8,063.24",0,-1.38%
"Jul 21, 2017","8,194.63","8,217.25","8,281.57","8,186.82",0,-0.28%
"Jul 20, 2017","8,217.25","8,211.43","8,240.23","8,173.33",0,0.07%
"Jul 19, 2017","8,211.43","8,202.12","8,252.62","8,170.77",0,0.11%
"Jul 18, 2017","8,202.12","8,204.05","8,239.39","8,148.52",0,-0.02%
"Jul 17, 2017","8,204.05","8,137.67","8,208.11","8,110.97",0,0.82%
"Jul 14, 2017","8,137.67","8,116.04","8,137.67","8,082.57",0,0.27%
"Jul 13, 2017","8,116.04","8,067.60","8,116.04","8,030.46",0,0.60%
"Jul 12, 2017","8,067.60","7,963.71","8,070.84","7,963.71",0,1.30%
"Jul 11, 2017","7,963.71","8,020.09","8,034.34","7,898.00",0,-0.70%
"Jul 10, 2017","8,020.09","8,029.94","8,044.31","7,994.69",0,-0.12%
"Jul 07, 2017","8,029.94","8,028.28","8,044.02","7,989.18",0,0.02%
"Jul 06, 2017","8,028.28","8,123.01","8,138.95","8,007.32",0,-1.17%
"Jul 05, 2017","8,123.01","8,115.28","8,165.27","8,062.59",0,0.10%
"Jul 04, 2017","8,115.28","8,222.03","8,222.03","8,115.28",0,-1.30%
"Jul 03, 2017","8,222.03","8,229.88","8,259.44","8,200.38",0,-0.10%
"Jun 30, 2017","8,229.88","8,163.75","8,281.18","8,157.23",0,0.81%
"Jun 29, 2017","8,163.75","8,307.84","8,313.43","8,163.75",0,-1.73%
"Jun 28, 2017","8,307.84","8,346.98","8,370.57","8,265.94",0,-0.47%
"Jun 27, 2017","8,346.98","8,471.33","8,476.22","8,343.53",0,-1.47%
"Jun 26, 2017","8,471.33","8,475.00","8,518.46","8,459.09",0,-0.04%
"Jun 23, 2017","8,475.00","8,566.74","8,566.74","8,475.00",0,-1.07%
"Jun 22, 2017","8,566.74","8,539.57","8,582.94","8,531.18",0,0.32%
"Jun 21, 2017","8,539.57","8,556.30","8,558.45","8,489.53",0,-0.20%
"Jun 20, 2017","8,556.30","8,517.83","8,573.71","8,515.70",0,0.45%
"Jun 19, 2017","8,517.83","8,540.04","8,593.57","8,478.13",0,-0.26%
"Jun 16, 2017","8,540.04","8,341.53","8,540.04","8,341.53",0,2.38%
"Jun 15, 2017","8,341.53","8,420.24","8,427.61","8,301.82",0,-0.93%
"Jun 14, 2017","8,420.24","8,417.65","8,475.30","8,409.62",0,0.03%
"Jun 13, 2017","8,417.65","8,348.97","8,432.05","8,348.95",0,0.82%
"Jun 12, 2017","8,348.97","8,433.42","8,433.42","8,317.06",0,-1.00%
"Jun 09, 2017","8,433.42","8,379.68","8,468.51","8,373.59",0,0.64%
"Jun 08, 2017","8,379.68","8,440.77","8,461.33","8,370.01",0,-0.72%
"Jun 07, 2017","8,440.77","8,451.77","8,490.30","8,422.61",0,-0.13%
"Jun 06, 2017","8,451.77","8,528.48","8,530.96","8,404.31",0,-0.90%
"Jun 05, 2017","8,528.48","8,549.93","8,584.20","8,518.25",0,-0.25%
"Jun 02, 2017","8,549.93","8,438.90","8,549.93","8,438.90",0,1.32%
"Jun 01, 2017","8,438.90","8,412.98","8,461.27","8,375.61",0,0.31%
"May 31, 2017","8,412.98","8,345.08","8,434.94","8,345.08",0,0.81%
"May 30, 2017","8,345.08","8,401.95","8,407.64","8,312.15",0,-0.68%
"May 26, 2017","8,401.95","8,345.92","8,404.46","8,337.05",0,0.67%
"May 25, 2017","8,345.92","8,295.67","8,345.92","8,280.55",0,0.61%
"May 24, 2017","8,295.67","8,340.71","8,361.47","8,274.45",0,-0.54%
"May 23, 2017","8,340.71","8,312.32","8,365.30","8,303.09",0,0.34%
"May 22, 2017","8,312.32","8,242.71","8,317.13","8,227.65",0,0.84%
"May 19, 2017","8,242.71","8,167.42","8,254.72","8,158.78",0,0.92%
"May 18, 2017","8,167.42","8,212.24","8,224.85","8,140.72",0,-0.55%
"May 17, 2017","8,212.24","8,261.75","8,261.75","8,190.98",0,-0.60%
"May 16, 2017","8,261.75","8,159.07","8,283.58","8,149.90",0,1.26%
"May 15, 2017","8,159.07","8,175.33","8,198.42","8,135.80",0,-0.20%
"May 12, 2017","8,175.33","8,122.40","8,175.33","8,112.16",0,0.65%
"May 11, 2017","8,122.40","8,073.19","8,147.19","8,058.76",0,0.61%
"May 10, 2017","8,073.19","8,049.09","8,078.38","8,017.10",0,0.30%
"May 09, 2017","8,049.09","7,973.62","8,053.12","7,933.54",0,0.95%
"May 08, 2017","7,973.62","8,077.82","8,077.82","7,960.49",0,-1.29%
"May 05, 2017","8,077.82","7,962.11","8,150.35","7,962.11",0,1.45%
"May 04, 2017","7,962.11","7,987.69","7,987.69","7,821.45",0,-0.32%
"May 03, 2017","7,987.69","8,050.54","8,066.15","7,945.39",0,-0.78%
"May 02, 2017","8,050.54","7,964.06","8,076.02","7,964.06",0,1.09%
"Apr 28, 2017","7,964.06","8,015.96","8,024.81","7,936.63",0,-0.65%
"Apr 27, 2017","8,015.96","7,814.14","8,024.89","7,797.94",0,2.58%
"Apr 26, 2017","7,814.14","7,802.55","7,827.26","7,784.97",0,0.15%
"Apr 25, 2017","7,802.55","7,754.96","7,802.55","7,741.08",0,0.61%
"Apr 24, 2017","7,754.96","7,617.38","7,758.69","7,617.38",0,1.81%
"Apr 21, 2017","7,617.38","7,575.42","7,618.22","7,567.16",0,0.55%
"Apr 20, 2017","7,575.42","7,581.27","7,592.28","7,538.57",0,-0.08%
"Apr 19, 2017","7,581.27","7,599.36","7,605.49","7,557.85",0,-0.24%
"Apr 18, 2017","7,599.36","7,702.88","7,725.63","7,580.97",0,-1.34%
"Apr 13, 2017","7,702.88","7,662.04","7,702.88","7,646.17",0,0.53%
"Apr 12, 2017","7,662.04","7,600.13","7,675.06","7,600.13",0,0.81%
"Apr 11, 2017","7,600.13","7,569.29","7,631.95","7,568.52",0,0.41%
"Apr 10, 2017","7,569.29","7,465.58","7,578.48","7,464.67",0,1.39%
"Apr 07, 2017","7,465.58","7,424.86","7,472.05","7,394.30",0,0.55%
"Apr 06, 2017","7,424.86","7,400.90","7,426.61","7,363.99",0,0.32%
"Apr 05, 2017","7,400.90","7,404.30","7,420.71","7,373.93",0,-0.05%
"Apr 04, 2017","7,404.30","7,403.06","7,427.86","7,386.92",0,0.02%
"Apr 03, 2017","7,403.06","7,412.44","7,437.30","7,377.98",0,-0.13%
"Mar 31, 2017","7,412.44","7,472.59","7,477.71","7,403.98",0,-0.80%
"Mar 30, 2017","7,472.59","7,574.45","7,574.45","7,456.58",0,-1.34%
"Mar 29, 2017","7,574.45","7,554.15","7,584.47","7,519.69",0,0.27%
"Mar 28, 2017","7,554.15","7,556.05","7,567.97","7,517.02",0,-0.03%
"Mar 27, 2017","7,556.05","7,559.26","7,564.82","7,515.89",0,-0.04%
"Mar 24, 2017","7,559.26","7,631.42","7,635.73","7,540.42",0,-0.95%
"Mar 23, 2017","7,631.42","7,558.56","7,634.88","7,558.56",0,0.96%
"Mar 22, 2017","7,558.56","7,561.06","7,561.06","7,505.10",0,-0.03%
"Mar 21, 2017","7,561.06","7,612.05","7,618.26","7,551.26",0,-0.67%
"Mar 20, 2017","7,612.05","7,584.18","7,612.94","7,567.04",0,0.37%
"Mar 17, 2017","7,584.18","7,536.67","7,588.07","7,521.21",0,0.63%
"Mar 16, 2017","7,536.67","7,521.90","7,575.89","7,514.11",0,0.20%
"Mar 15, 2017","7,521.90","7,517.94","7,530.42","7,493.94",0,0.05%
"Mar 14, 2017","7,517.94","7,541.48","7,586.11","7,517.94",0,-0.31%
"Mar 13, 2017","7,541.48","7,530.70","7,575.97","7,530.70",0,0.14%
"Mar 10, 2017","7,530.70","7,498.46","7,550.65","7,476.13",0,0.43%
"Mar 09, 2017","7,498.46","7,472.09","7,509.87","7,424.34",0,0.35%
"Mar 08, 2017","7,472.09","7,415.74","7,485.45","7,394.89",0,0.76%
"Mar 07, 2017","7,415.74","7,424.78","7,468.55","7,415.74",0,-0.12%
"Mar 06, 2017","7,424.78","7,436.59","7,443.12","7,405.69",0,-0.16%
"Mar 03, 2017","7,436.59","7,449.10","7,466.06","7,409.37",0,-0.17%
"Mar 02, 2017","7,449.10","7,399.08","7,477.51","7,398.03",0,0.68%
"Mar 01, 2017","7,399.08","7,317.54","7,399.08","7,303.53",0,1.11%
"Feb 28, 2017","7,317.54","7,266.78","7,329.55","7,266.78",0,0.70%
"Feb 27, 2017","7,266.78","7,263.66","7,300.57","7,229.59",0,0.04%
"Feb 24, 2017","7,263.66","7,304.65","7,310.82","7,222.69",0,-0.56%
"Feb 23, 2017","7,304.65","7,326.97","7,344.74","7,304.65",0,-0.30%
"Feb 22, 2017","7,326.97","7,332.67","7,340.17","7,293.54",0,-0.08%
"Feb 21, 2017","7,332.67","7,363.84","7,372.21","7,270.96",0,-0.42%
"Feb 20, 2017","7,363.84","7,417.15","7,429.58","7,341.51",0,-0.72%
"Feb 17, 2017","7,417.15","7,415.02","7,452.88","7,403.67",0,0.03%
"Feb 16, 2017","7,415.02","7,403.30","7,441.60","7,391.57",0,0.16%
"Feb 15, 2017","7,403.30","7,356.92","7,408.29","7,356.92",0,0.63%
"Feb 14, 2017","7,356.92","7,368.62","7,391.95","7,350.74",0,-0.16%
"Feb 13, 2017","7,368.62","7,393.19","7,415.31","7,358.47",0,-0.33%
"Feb 10, 2017","7,393.19","7,399.49","7,431.50","7,353.21",0,-0.09%
"Feb 09, 2017","7,399.49","7,391.80","7,418.81","7,187.36",0,0.10%
"Feb 08, 2017","7,391.80","7,359.43","7,429.12","7,330.01",0,0.44%
"Feb 07, 2017","7,359.43","7,348.94","7,408.49","7,338.69",0,0.14%
"Feb 06, 2017","7,348.94","7,351.75","7,399.62","7,341.14",0,-0.04%
"Feb 03, 2017","7,351.75","7,275.57","7,369.70","7,275.57",0,1.05%
"Feb 02, 2017","7,275.57","7,221.07","7,303.25","7,193.64",0,0.75%
"Feb 01, 2017","7,221.07","7,221.32","7,289.08","7,202.13",0,-0.00%
"Jan 31, 2017","7,221.32","7,254.53","7,287.62","7,221.32",0,-0.46%
"Jan 30, 2017","7,254.53","7,292.07","7,292.07","7,211.36",0,-0.51%
"Jan 27, 2017","7,292.07","7,210.07","7,306.20","7,194.93",0,1.14%
"Jan 26, 2017","7,210.07","7,230.11","7,287.11","7,189.66",0,-0.28%
"Jan 25, 2017","7,230.11","7,251.82","7,290.23","7,220.04",0,-0.30%
"Jan 24, 2017","7,251.82","7,250.96","7,288.08","7,237.95",0,0.01%
"Jan 23, 2017","7,250.96","7,310.64","7,310.64","7,246.61",0,-0.82%
"Jan 20, 2017","7,310.64","7,327.48","7,336.74","7,297.32",0,-0.23%
"Jan 19, 2017","7,327.48","7,343.90","7,349.38","7,277.01",0,-0.22%
"Jan 18, 2017","7,343.90","7,331.37","7,389.57","7,325.12",0,0.17%
"Jan 17, 2017","7,331.37","7,433.63","7,433.63","7,331.37",0,-1.38%