"Date","Price","Open","High","Low","Vol.","Change %"
"Jan 01, 2020","7,001.21","7,007.14","7,029.00","6,987.98","-","0.07%"
"Dec 31, 2019","6,996.14","7,045.44","7,045.58","6,985.81","-","-0.55%"
"Dec 30, 2019","7,034.87","7,073.11","7,074.85","7,015.04","-","-0.18%"
"Dec 27, 2019","7,047.77","6,991.68","7,054.32","6,977.99","-","1.16%"
"Dec 26, 2019","6,966.69","7,018.07","7,018.07","6,957.98","-","-0.46%"
"Dec 24, 2019","6,998.65","7,019.63","7,029.04","6,992.57","-","-0.24%"
"Dec 23, 2019","7,015.65","7,012.81","7,035.62","6,979.39","-","0.09%"
"Dec 20, 2019","7,009.15","6,995.40","7,013.35","6,981.21","-","0.37%"
"Dec 19, 2019","6,983.25","7,007.69","7,012.03","6,972.11","-","-0.31%"
"Dec 18, 2019","7,004.62","7,006.08","7,012.00","6,958.97","-","0.39%"
"Dec 17, 2019","6,977.61","6,926.40","6,983.44","6,912.89","-","0.92%"
"Dec 16, 2019","6,913.72","6,938.27","6,947.09","6,903.75","-","-0.05%"
"Dec 13, 2019","6,917.05","6,867.52","6,936.67","6,867.18","-","0.99%"
"Dec 12, 2019","6,849.36","6,811.32","6,857.57","6,801.15","-","0.95%"
"Dec 11, 2019","6,784.65","6,752.19","6,800.55","6,712.86","-","0.58%"
"Dec 10, 2019","6,745.45","6,797.30","6,801.23","6,738.08","-","-0.43%"
"Dec 09, 2019","6,774.57","6,776.24","6,806.39","6,729.85","-","0.19%"
"Dec 06, 2019","6,762.03","6,883.44","6,883.92","6,737.07","-","-1.34%"
"Dec 05, 2019","6,853.87","6,894.88","6,911.85","6,840.80","-","-0.49%"
"Dec 04, 2019","6,887.52","6,824.82","6,895.79","6,800.59","-","0.76%"
"Dec 03, 2019","6,835.54","6,863.65","6,873.64","6,806.30","-","-0.41%"
"Dec 02, 2019","6,863.60","6,905.38","6,915.96","6,837.42","-","-0.34%"
"Nov 29, 2019","6,887.05","6,925.57","6,927.34","6,856.41","-","-0.55%"
"Nov 28, 2019","6,924.80","6,909.59","6,935.34","6,893.53","-","0.49%"
"Nov 27, 2019","6,891.06","6,883.73","6,900.55","6,857.67","-","0.55%"
"Nov 26, 2019","6,853.06","6,858.13","6,882.86","6,808.26","-","0.27%"
"Nov 25, 2019","6,834.53","6,738.01","6,840.80","6,730.50","-","1.52%"
"Nov 22, 2019","6,732.53","6,768.50","6,768.84","6,713.57","-","-0.37%"
"Nov 21, 2019","6,757.22","6,754.65","6,778.98","6,726.18","-","0.18%"
"Nov 20, 2019","6,744.85","6,763.76","6,775.06","6,732.09","-","0.04%"
"Nov 19, 2019","6,742.15","6,738.75","6,757.44","6,711.66","-","0.25%"
"Nov 18, 2019","6,725.10","6,732.32","6,755.78","6,702.47","-","-0.03%"
"Nov 15, 2019","6,727.34","6,726.80","6,762.00","6,708.17","-","0.45%"
"Nov 14, 2019","6,697.02","6,654.58","6,705.77","6,612.00","-","0.80%"
"Nov 13, 2019","6,643.71","6,729.68","6,742.46","6,636.26","-","-1.22%"
"Nov 11, 2019","6,726.04","6,673.38","6,740.41","6,654.76","-","0.82%"
"Nov 08, 2019","6,671.51","6,677.30","6,746.89","6,656.94","-","-0.13%"
"Nov 07, 2019","6,680.31","6,675.72","6,703.02","6,652.44","-","0.53%"
"Nov 06, 2019","6,644.87","6,591.17","6,660.60","6,529.86","-","1.05%"
"Nov 05, 2019","6,575.54","6,626.81","6,631.32","6,556.29","-","-0.20%"
"Nov 04, 2019","6,588.78","6,575.77","6,610.87","6,546.64","-","0.52%"
"Nov 01, 2019","6,554.47","6,535.90","6,577.24","6,519.29","-","0.69%"
"Oct 31, 2019","6,509.64","6,523.40","6,565.97","6,498.91","-","0.18%"
"Oct 30, 2019","6,497.75","6,503.94","6,533.95","6,469.85","-","0.20%"
"Oct 29, 2019","6,485.08","6,417.26","6,505.15","6,390.94","-","1.59%"
"Oct 25, 2019","6,383.74","6,393.56","6,405.87","6,309.44","-","0.18%"
"Oct 24, 2019","6,372.20","6,440.53","6,468.68","6,351.89","-","-0.74%"
"Oct 23, 2019","6,419.40","6,423.94","6,447.72","6,368.86","-","0.36%"
"Oct 22, 2019","6,396.55","6,392.89","6,465.53","6,371.87","-","0.85%"
"Oct 18, 2019","6,342.51","6,304.17","6,355.73","6,279.34","-","0.66%"
"Oct 17, 2019","6,300.68","6,216.69","6,311.94","6,204.42","-","1.55%"
"Oct 16, 2019","6,204.81","6,202.20","6,228.45","6,164.26","-","0.54%"
"Oct 15, 2019","6,171.52","6,129.89","6,197.35","6,123.55","-","0.93%"
"Oct 14, 2019","6,114.36","6,135.26","6,189.95","6,096.72","-","0.07%"
"Oct 11, 2019","6,109.92","6,129.84","6,200.69","6,044.60","-","0.41%"
"Oct 10, 2019","6,085.19","6,190.65","6,190.65","6,070.54","-","-2.03%"
"Oct 09, 2019","6,211.56","6,056.72","6,222.24","6,030.50","-","2.84%"
"Oct 07, 2019","6,040.06","6,086.53","6,115.30","6,010.61","-","-0.04%"
"Oct 04, 2019","6,042.61","6,199.32","6,214.20","6,033.38","-","-1.78%"
"Oct 03, 2019","6,152.36","6,183.24","6,222.41","6,120.40","-","-0.98%"
"Oct 01, 2019","6,213.26","6,290.26","6,330.81","6,100.87","-","-0.74%"
"Sep 30, 2019","6,259.35","6,416.86","6,416.86","6,236.01","-","-2.40%"
"Sep 27, 2019","6,413.56","6,441.45","6,474.50","6,398.67","-","-0.38%"
"Sep 26, 2019","6,437.85","6,376.98","6,538.88","6,375.44","-","1.17%"
"Sep 25, 2019","6,363.49","6,478.62","6,478.62","6,337.90","-","-1.91%"
"Sep 24, 2019","6,487.38","6,551.70","6,582.03","6,437.72","-","-0.99%"
"Sep 23, 2019","6,552.28","6,401.64","6,601.68","6,391.76","-","5.02%"
"Sep 20, 2019","6,239.18","5,837.69","6,300.38","5,814.66","-","7.25%"
"Sep 19, 2019","5,817.47","5,890.66","5,892.09","5,793.81","-","-1.19%"
"Sep 18, 2019","5,887.79","5,916.71","5,946.12","5,875.46","-","0.00%"
"Sep 17, 2019","5,887.66","6,026.40","6,026.48","5,871.73","-","-2.31%"
"Sep 16, 2019","6,027.17","6,060.99","6,070.07","6,021.76","-","-0.95%"
"Sep 13, 2019","6,084.84","6,052.32","6,089.76","6,002.29","-","0.61%"
"Sep 12, 2019","6,047.83","6,039.44","6,101.20","6,038.43","-","0.35%"
"Sep 11, 2019","6,026.74","6,015.05","6,043.59","5,999.15","-","0.65%"
"Sep 09, 2019","5,987.88","5,945.40","6,004.84","5,896.70","-","0.86%"
"Sep 06, 2019","5,936.87","5,902.75","5,949.75","5,886.51","-","0.91%"
"Sep 05, 2019","5,883.56","5,951.48","5,951.79","5,874.68","-","-0.99%"
"Sep 04, 2019","5,942.50","5,894.25","5,971.56","5,852.50","-","0.85%"
"Sep 03, 2019","5,892.49","6,010.22","6,010.22","5,876.87","-","-2.39%"
"Aug 30, 2019","6,036.67","6,018.49","6,043.33","5,966.02","-","0.87%"
"Aug 29, 2019","5,984.42","6,073.95","6,073.95","5,970.24","-","-1.69%"
"Aug 28, 2019","6,087.60","6,137.24","6,138.24","6,056.56","-","-0.79%"
"Aug 27, 2019","6,136.08","6,123.05","6,160.56","6,095.88","-","0.82%"
"Aug 26, 2019","6,086.46","6,020.80","6,092.26","5,871.46","-","3.86%"
"Aug 23, 2019","5,859.98","5,817.30","5,897.50","5,739.96","-","0.28%"
"Aug 22, 2019","5,843.49","6,004.99","6,005.85","5,833.82","-","-2.69%"
"Aug 21, 2019","6,005.22","6,054.05","6,091.95","5,997.75","-","-1.08%"
"Aug 20, 2019","6,070.92","6,123.07","6,128.17","6,043.10","-","-0.81%"
"Aug 19, 2019","6,120.22","6,149.34","6,180.38","6,114.83","-","-0.06%"
"Aug 16, 2019","6,123.87","6,100.31","6,136.36","6,040.32","-","0.44%"
"Aug 14, 2019","6,097.26","6,084.37","6,120.35","6,048.73","-","1.07%"
"Aug 13, 2019","6,032.75","6,205.54","6,217.19","6,021.54","-","-3.01%"
"Aug 09, 2019","6,219.91","6,165.81","6,260.60","6,158.22","-","1.41%"
"Aug 08, 2019","6,133.45","6,087.66","6,149.31","6,024.05","-","1.27%"
"Aug 07, 2019","6,056.70","6,110.23","6,139.17","6,044.42","-","-0.77%"
"Aug 06, 2019","6,103.86","5,986.42","6,135.96","5,980.63","-","1.52%"
"Aug 05, 2019","6,012.19","6,038.32","6,038.32","5,949.25","-","-1.33%"
"Aug 02, 2019","6,093.21","6,074.19","6,158.60","5,993.80","-","-0.01%"
"Aug 01, 2019","6,093.56","6,172.01","6,185.41","6,035.79","-","-1.62%"
"Jul 31, 2019","6,194.00","6,149.08","6,210.46","6,122.42","-","0.28%"
"Jul 30, 2019","6,176.56","6,276.45","6,307.58","6,168.02","-","-1.39%"
"Jul 29, 2019","6,263.43","6,333.19","6,333.37","6,221.23","-","-0.44%"
"Jul 26, 2019","6,291.06","6,249.40","6,303.97","6,227.38","-","0.75%"
"Jul 25, 2019","6,244.50","6,242.82","6,303.30","6,223.50","-","0.23%"
"Jul 24, 2019","6,230.45","6,262.52","6,303.29","6,218.03","-","-0.50%"
"Jul 23, 2019","6,261.96","6,324.45","6,324.54","6,250.66","-","-0.82%"
"Jul 22, 2019","6,313.42","6,449.66","6,449.69","6,290.53","-","-2.28%"
"Jul 19, 2019","6,460.94","6,614.24","6,617.82","6,447.56","-","-2.02%"
"Jul 18, 2019","6,594.30","6,620.28","6,637.75","6,590.19","-","-0.38%"
"Jul 17, 2019","6,619.29","6,598.97","6,635.10","6,593.26","-","0.35%"
"Jul 16, 2019","6,596.05","6,586.64","6,604.53","6,555.39","-","0.53%"
"Jul 15, 2019","6,561.59","6,600.89","6,602.48","6,530.58","-","-0.26%"
"Jul 12, 2019","6,578.60","6,615.03","6,634.63","6,571.84","-","-0.28%"
"Jul 11, 2019","6,596.95","6,568.66","6,611.16","6,551.69","-","0.84%"
"Jul 10, 2019","6,542.01","6,581.19","6,608.43","6,534.83","-","-0.49%"
"Jul 09, 2019","6,574.28","6,583.91","6,599.50","6,505.75","-","-0.05%"
"Jul 08, 2019","6,577.44","6,765.84","6,765.84","6,556.03","-","-2.91%"
"Jul 05, 2019","6,774.56","6,794.36","6,818.50","6,758.85","-","-0.10%"
"Jul 04, 2019","6,781.09","6,776.66","6,801.99","6,767.11","-","0.27%"
"Jul 03, 2019","6,763.03","6,748.23","6,778.26","6,724.99","-","0.34%"
"Jul 02, 2019","6,740.01","6,746.38","6,748.26","6,687.34","-","0.18%"
"Jul 01, 2019","6,728.04","6,682.43","6,736.26","6,682.16","-","0.99%"
"Jun 28, 2019","6,661.83","6,690.29","6,703.60","6,652.74","-","-0.40%"
"Jun 27, 2019","6,688.31","6,654.33","6,713.82","6,654.22","-","0.55%"
"Jun 26, 2019","6,651.57","6,594.03","6,663.16","6,578.17","-","0.80%"
"Jun 25, 2019","6,598.81","6,550.30","6,606.51","6,519.98","-","0.76%"
"Jun 24, 2019","6,549.01","6,550.64","6,580.80","6,530.55","-","-0.05%"
"Jun 21, 2019","6,552.28","6,604.10","6,607.62","6,536.52","-","-0.72%"
"Jun 20, 2019","6,599.96","6,519.31","6,606.09","6,480.76","-","1.38%"
"Jun 19, 2019","6,510.42","6,534.28","6,584.48","6,475.74","-","-0.02%"
"Jun 18, 2019","6,511.70","6,523.74","6,551.72","6,482.18","-","0.09%"
"Jun 17, 2019","6,506.12","6,587.25","6,592.06","6,501.25","-","-1.15%"
"Jun 14, 2019","6,581.58","6,660.62","6,660.88","6,565.64","-","-1.02%"
"Jun 13, 2019","6,649.60","6,617.27","6,658.27","6,564.67","-","0.32%"
"Jun 12, 2019","6,628.44","6,683.04","6,683.18","6,616.76","-","-0.93%"
"Jun 11, 2019","6,690.81","6,679.96","6,713.95","6,635.20","-","0.47%"
"Jun 10, 2019","6,659.40","6,704.15","6,730.40","6,630.36","-","-0.22%"
"Jun 07, 2019","6,673.82","6,641.88","6,685.92","6,580.98","-","0.66%"
"Jun 06, 2019","6,630.28","6,781.68","6,781.68","6,619.65","-","-2.27%"
"Jun 04, 2019","6,784.11","6,773.22","6,814.52","6,766.53","-","-0.07%"
"Jun 03, 2019","6,788.76","6,723.91","6,794.34","6,706.74","-","1.15%"
"May 31, 2019","6,711.90","6,762.72","6,783.94","6,587.26","-","-0.32%"
"May 30, 2019","6,733.69","6,680.91","6,741.56","6,661.80","-","0.97%"
"May 29, 2019","6,669.21","6,712.39","6,714.06","6,657.50","-","-0.79%"
"May 28, 2019","6,722.28","6,743.46","6,750.12","6,671.43","-","-0.17%"
"May 27, 2019","6,733.48","6,665.69","6,743.27","6,638.57","-","1.31%"
"May 24, 2019","6,646.68","6,542.09","6,655.97","6,520.05","-","2.21%"
"May 23, 2019","6,503.18","6,614.57","6,763.20","6,478.49","-","-0.52%"
"May 22, 2019","6,537.03","6,512.72","6,563.06","6,484.96","-","0.65%"
"May 21, 2019","6,494.63","6,586.18","6,625.86","6,479.98","-","-1.06%"
"May 20, 2019","6,564.25","6,409.68","6,581.72","6,404.37","-","4.81%"
"May 17, 2019","6,263.12","6,146.04","6,275.63","6,127.62","-","2.25%"
"May 16, 2019","6,125.54","6,086.96","6,148.94","6,063.70","-","0.71%"
"May 15, 2019","6,082.60","6,143.15","6,144.87","6,072.27","-","-0.51%"
"May 14, 2019","6,113.67","6,086.71","6,162.89","6,047.29","-","0.61%"
"May 13, 2019","6,076.78","6,148.10","6,148.10","6,063.42","-","-1.05%"
"May 10, 2019","6,141.48","6,134.11","6,178.37","6,117.44","-","0.40%"
"May 09, 2019","6,117.12","6,136.34","6,147.93","6,085.84","-","-0.26%"
"May 08, 2019","6,132.88","6,212.47","6,212.47","6,127.03","-","-1.27%"
"May 07, 2019","6,211.94","6,311.80","6,313.42","6,201.94","-","-0.96%"
"May 06, 2019","6,272.45","6,308.11","6,308.11","6,260.28","-","-1.31%"
"May 03, 2019","6,355.40","6,344.63","6,385.70","6,339.70","-","0.49%"
"May 02, 2019","6,324.28","6,316.52","6,357.99","6,300.30","-","0.08%"
"Apr 30, 2019","6,319.39","6,357.83","6,357.83","6,268.99","-","-0.66%"
"Apr 26, 2019","6,361.67","6,326.84","6,368.16","6,290.00","-","0.97%"
"Apr 25, 2019","6,300.26","6,371.57","6,396.13","6,289.27","-","-0.88%"
"Apr 24, 2019","6,356.13","6,289.14","6,362.94","6,269.14","-","1.43%"
"Apr 23, 2019","6,266.61","6,312.74","6,341.60","6,260.21","-","-0.51%"
"Apr 22, 2019","6,298.67","6,446.13","6,446.13","6,290.10","-","-2.00%"
"Apr 18, 2019","6,426.91","6,504.21","6,518.24","6,412.30","-","-0.96%"
"Apr 16, 2019","6,488.95","6,440.28","6,502.36","6,440.21","-","1.08%"
"Apr 15, 2019","6,419.34","6,415.04","6,437.77","6,406.12","-","0.20%"
"Apr 12, 2019","6,406.27","6,392.53","6,416.05","6,372.05","-","0.34%"
"Apr 11, 2019","6,384.76","6,388.79","6,392.74","6,359.40","-","0.07%"
"Apr 10, 2019","6,380.10","6,424.14","6,451.02","6,373.95","-","-1.06%"
"Apr 09, 2019","6,448.73","6,410.84","6,457.04","6,367.37","-","0.63%"
"Apr 08, 2019","6,408.31","6,481.69","6,486.66","6,379.71","-","-0.75%"
"Apr 05, 2019","6,456.44","6,434.27","6,473.90","6,420.47","-","0.75%"
"Apr 04, 2019","6,408.36","6,434.40","6,465.75","6,386.78","-","-0.27%"
"Apr 03, 2019","6,425.83","6,461.70","6,507.94","6,414.31","-","-0.34%"
"Apr 02, 2019","6,448.01","6,440.33","6,462.60","6,400.58","-","0.42%"
"Apr 01, 2019","6,421.12","6,467.10","6,474.41","6,403.73","-","-0.18%"
"Mar 29, 2019","6,432.87","6,422.26","6,438.01","6,387.49","-","0.39%"
"Mar 28, 2019","6,407.96","6,332.96","6,417.10","6,318.83","-","1.38%"
"Mar 27, 2019","6,320.70","6,319.88","6,364.71","6,277.91","-","0.43%"
"Mar 26, 2019","6,293.75","6,211.42","6,308.47","6,205.88","-","1.53%"
"Mar 25, 2019","6,199.05","6,239.40","6,239.40","6,176.37","-","-1.10%"
"Mar 22, 2019","6,267.88","6,323.78","6,353.70","6,256.80","-","-0.67%"
"Mar 20, 2019","6,310.37","6,303.63","6,326.39","6,277.17","-","0.21%"
"Mar 19, 2019","6,297.18","6,275.94","6,305.40","6,265.08","-","0.50%"
"Mar 18, 2019","6,265.59","6,256.78","6,312.95","6,230.52","-","0.47%"
"Mar 15, 2019","6,236.39","6,144.89","6,268.39","6,144.30","-","1.31%"
"Mar 14, 2019","6,155.60","6,173.56","6,192.42","6,142.10","-","0.10%"
"Mar 13, 2019","6,149.31","6,080.04","6,157.86","6,062.34","-","1.20%"
"Mar 12, 2019","6,076.60","6,032.14","6,088.80","6,028.67","-","1.37%"
"Mar 11, 2019","5,994.29","5,946.13","6,000.99","5,939.94","-","1.00%"
"Mar 08, 2019","5,935.12","5,932.97","5,941.93","5,909.69","-","0.07%"
"Mar 07, 2019","5,931.00","5,941.28","5,949.96","5,902.51","-","0.11%"
"Mar 06, 2019","5,924.57","5,900.71","5,934.18","5,895.42","-","0.66%"
"Mar 05, 2019","5,885.73","5,789.04","5,888.20","5,753.70","-","1.92%"
"Mar 01, 2019","5,774.88","5,731.67","5,782.86","5,731.67","-","1.10%"
"Feb 28, 2019","5,711.84","5,716.12","5,733.72","5,704.71","-","0.09%"
"Feb 27, 2019","5,706.78","5,753.65","5,790.36","5,681.95","-","-0.40%"
"Feb 26, 2019","5,729.48","5,749.21","5,762.90","5,686.08","-","-0.95%"
"Feb 25, 2019","5,784.56","5,759.41","5,790.04","5,747.80","-","0.79%"
"Feb 22, 2019","5,739.16","5,755.60","5,762.55","5,736.35","-","-0.31%"
"Feb 21, 2019","5,756.80","5,723.31","5,765.21","5,714.85","-","0.86%"
"Feb 20, 2019","5,707.70","5,676.10","5,712.49","5,664.22","-","1.12%"
"Feb 19, 2019","5,644.72","5,653.67","5,711.82","5,634.25","-","-0.03%"
"Feb 18, 2019","5,646.22","5,674.20","5,693.57","5,641.99","-","-0.61%"
"Feb 15, 2019","5,680.67","5,743.53","5,747.52","5,647.47","-","-0.88%"
"Feb 14, 2019","5,731.26","5,725.99","5,745.74","5,698.53","-","0.31%"
"Feb 13, 2019","5,713.36","5,734.70","5,753.96","5,704.64","-","-0.19%"
"Feb 12, 2019","5,724.08","5,771.34","5,794.34","5,716.30","-","-0.84%"
"Feb 11, 2019","5,772.75","5,810.96","5,810.96","5,762.77","-","-0.54%"
"Feb 08, 2019","5,804.16","5,836.86","5,849.44","5,793.86","-","-0.84%"
"Feb 07, 2019","5,853.24","5,853.87","5,891.03","5,837.57","-","0.14%"
"Feb 06, 2019","5,845.08","5,817.93","5,849.88","5,816.01","-","0.62%"
"Feb 05, 2019","5,808.82","5,804.21","5,826.61","5,788.89","-","0.12%"
"Feb 04, 2019","5,801.97","5,801.32","5,808.43","5,740.57","-","-0.01%"
"Feb 01, 2019","5,802.55","5,818.67","5,881.04","5,766.45","-","-0.06%"
"Jan 31, 2019","5,806.28","5,758.55","5,811.82","5,719.01","-","1.38%"
"Jan 30, 2019","5,727.30","5,759.44","5,762.01","5,702.16","-","0.36%"
"Jan 29, 2019","5,706.88","5,725.33","5,742.55","5,668.25","-","-0.24%"
"Jan 28, 2019","5,720.50","5,833.54","5,839.05","5,702.82","-","-2.01%"
"Jan 25, 2019","5,837.57","5,884.42","5,914.92","5,825.69","-","-0.60%"
"Jan 24, 2019","5,872.77","5,867.10","5,886.70","5,843.25","-","0.05%"
"Jan 23, 2019","5,869.70","5,923.67","5,932.63","5,857.20","-","-0.81%"
"Jan 22, 2019","5,917.71","5,960.71","5,960.76","5,896.49","-","-0.41%"
"Jan 21, 2019","5,942.25","5,955.96","5,965.77","5,921.01","-","-0.02%"
"Jan 18, 2019","5,943.20","5,958.90","5,976.34","5,934.57","-","-0.30%"
"Jan 17, 2019","5,961.22","5,960.11","5,977.03","5,922.69","-","0.15%"
"Jan 16, 2019","5,952.00","5,952.05","5,978.94","5,945.08","-","0.04%"
"Jan 15, 2019","5,949.73","5,915.37","5,953.81","5,914.99","-","0.76%"
"Jan 14, 2019","5,904.71","5,953.33","5,953.93","5,885.50","-","-0.78%"
"Jan 11, 2019","5,951.24","5,971.09","5,983.36","5,929.25","-","-0.15%"
"Jan 10, 2019","5,960.25","5,990.86","5,992.45","5,952.44","-","-0.44%"
"Jan 09, 2019","5,986.68","5,965.05","5,994.05","5,924.47","-","0.63%"
"Jan 08, 2019","5,949.35","5,940.92","5,957.28","5,892.49","-","0.48%"
"Jan 07, 2019","5,920.90","5,956.44","5,969.22","5,915.80","-","0.02%"
"Jan 04, 2019","5,919.80","5,868.79","5,926.33","5,858.70","-","0.97%"
"Jan 03, 2019","5,862.89","5,934.29","5,936.07","5,855.61","-","-1.00%"
"Jan 02, 2019","5,921.85","5,975.81","5,984.84","5,904.03","-","-1.01%"
"Jan 01, 2019","5,982.16","5,936.60","5,990.30","5,901.82","-","0.90%"
"Dec 31, 2018","5,928.97","5,952.02","5,963.61","5,918.55","-","0.10%"
"Dec 28, 2018","5,923.26","5,882.96","5,937.89","5,882.96","-","1.13%"
"Dec 27, 2018","5,857.30","5,909.21","5,916.24","5,849.87","-","0.00%"
"Dec 26, 2018","5,857.07","5,804.75","5,871.02","5,725.25","-","0.88%"
"Dec 24, 2018","5,806.11","5,865.67","5,869.46","5,799.30","-","-0.87%"
"Dec 21, 2018","5,857.14","5,946.04","5,959.38","5,838.44","-","-1.37%"
"Dec 20, 2018","5,938.65","5,923.29","5,946.51","5,888.96","-","0.02%"
"Dec 19, 2018","5,937.61","5,897.10","5,946.86","5,892.93","-","1.02%"
"Dec 18, 2018","5,877.59","5,839.43","5,882.20","5,811.60","-","0.52%"
"Dec 17, 2018","5,846.91","5,815.22","5,852.13","5,809.55","-","0.98%"
"Dec 14, 2018","5,790.30","5,808.93","5,820.92","5,774.39","-","-0.17%"
"Dec 13, 2018","5,800.24","5,798.94","5,839.79","5,780.07","-","0.68%"
"Dec 12, 2018","5,760.95","5,668.07","5,768.93","5,659.11","-","2.06%"
"Dec 11, 2018","5,644.78","5,541.85","5,654.55","5,516.90","-","0.48%"
"Dec 10, 2018","5,617.60","5,643.80","5,666.70","5,612.04","-","-2.09%"
"Dec 07, 2018","5,737.26","5,694.50","5,749.04","5,686.04","-","1.06%"
"Dec 06, 2018","5,676.81","5,725.38","5,731.13","5,669.54","-","-1.49%"
"Dec 05, 2018","5,762.79","5,773.36","5,777.47","5,741.39","-","-0.51%"
"Dec 04, 2018","5,792.60","5,826.05","5,827.63","5,777.26","-","-0.53%"
"Dec 03, 2018","5,823.64","5,845.59","5,859.05","5,800.37","-","0.27%"
"Nov 30, 2018","5,807.71","5,835.20","5,840.36","5,791.50","-","-0.04%"
"Nov 29, 2018","5,810.05","5,745.80","5,819.95","5,745.80","-","1.66%"
"Nov 28, 2018","5,715.12","5,722.18","5,742.87","5,707.46","-","0.05%"
"Nov 27, 2018","5,712.04","5,686.35","5,722.70","5,675.66","-","0.45%"
"Nov 26, 2018","5,686.45","5,656.84","5,696.65","5,629.61","-","0.90%"
"Nov 22, 2018","5,635.83","5,687.19","5,705.72","5,627.04","-","-0.83%"
"Nov 21, 2018","5,683.25","5,668.14","5,698.19","5,645.56","-","0.39%"
"Nov 20, 2018","5,661.14","5,695.95","5,697.32","5,649.15","-","-0.78%"
"Nov 19, 2018","5,705.82","5,717.08","5,721.50","5,686.71","-","0.27%"
"Nov 16, 2018","5,690.54","5,686.06","5,707.69","5,665.14","-","0.37%"
"Nov 15, 2018","5,669.80","5,629.84","5,677.62","5,600.72","-","0.80%"
"Nov 14, 2018","5,624.84","5,618.03","5,649.09","5,599.60","-","0.67%"
"Nov 13, 2018","5,587.48","5,544.25","5,593.15","5,501.43","-","0.81%"
"Nov 12, 2018","5,542.63","5,621.18","5,636.44","5,532.36","-","-1.11%"
"Nov 09, 2018","5,604.67","5,594.70","5,613.04","5,545.10","-","0.35%"
"Nov 07, 2018","5,585.16","5,597.32","5,597.43","5,579.15","-","0.57%"
"Nov 06, 2018","5,553.53","5,584.77","5,599.47","5,542.81","-","-0.23%"
"Nov 05, 2018","5,566.40","5,594.61","5,596.37","5,534.32","-","-0.27%"
"Nov 02, 2018","5,581.57","5,551.18","5,623.78","5,532.17","-","1.67%"
"Nov 01, 2018","5,490.15","5,471.28","5,521.74","5,453.69","-","0.75%"
"Oct 31, 2018","5,449.05","5,335.25","5,455.56","5,293.61","-","2.23%"
"Oct 30, 2018","5,330.06","5,365.79","5,394.56","5,307.41","-","-0.40%"
"Oct 29, 2018","5,351.57","5,287.51","5,363.47","5,231.65","-","2.03%"
"Oct 26, 2018","5,245.08","5,306.35","5,307.49","5,233.54","-","-1.02%"
"Oct 25, 2018","5,299.29","5,329.72","5,335.43","5,281.79","-","-1.33%"
"Oct 24, 2018","5,370.49","5,352.63","5,380.35","5,307.27","-","1.44%"
"Oct 23, 2018","5,294.18","5,264.75","5,330.91","5,252.22","-","-0.01%"
"Oct 22, 2018","5,294.89","5,382.62","5,394.97","5,284.59","-","-0.29%"
"Oct 19, 2018","5,310.55","5,387.13","5,419.40","5,289.81","-","-1.59%"
"Oct 17, 2018","5,396.20","5,577.50","5,587.68","5,382.79","-","-2.22%"
"Oct 16, 2018","5,518.85","5,486.87","5,547.89","5,466.28","-","0.91%"
"Oct 15, 2018","5,469.02","5,502.94","5,507.28","5,423.60","-","0.12%"
"Oct 12, 2018","5,462.35","5,376.10","5,480.67","5,375.44","-","2.61%"
"Oct 11, 2018","5,323.54","5,337.15","5,379.45","5,275.51","-","-2.60%"
"Oct 10, 2018","5,465.87","5,318.91","5,481.80","5,297.37","-","3.55%"
"Oct 09, 2018","5,278.49","5,289.58","5,332.74","5,257.77","-","0.30%"
"Oct 08, 2018","5,262.68","5,288.77","5,312.24","5,183.00","-","-0.53%"
"Oct 05, 2018","5,290.89","5,423.05","5,436.87","5,244.16","-","-2.38%"
"Oct 04, 2018","5,419.91","5,437.20","5,442.33","5,360.40","-","-1.11%"
"Oct 03, 2018","5,480.83","5,548.50","5,563.32","5,469.97","-","-0.91%"
"Oct 01, 2018","5,531.17","5,445.88","5,545.03","5,391.62","-","1.22%"
"Sep 28, 2018","5,464.30","5,495.60","5,526.08","5,424.77","-","-0.19%"
"Sep 27, 2018","5,474.71","5,607.98","5,609.47","5,462.85","-","-1.95%"
"Sep 26, 2018","5,583.61","5,612.10","5,625.30","5,561.85","-","0.23%"
"Sep 25, 2018","5,570.90","5,502.44","5,585.49","5,428.02","-","1.26%"
"Sep 24, 2018","5,501.80","5,726.85","5,733.77","5,485.39","-","-3.46%"
"Sep 21, 2018","5,699.10","5,870.85","5,905.33","5,462.04","-","-2.51%"
"Sep 19, 2018","5,845.88","5,921.26","5,933.78","5,837.27","-","-1.01%"
"Sep 18, 2018","5,905.24","5,989.01","6,007.71","5,897.29","-","-1.42%"
"Sep 17, 2018","5,990.19","6,066.17","6,066.17","5,980.17","-","-1.44%"
"Sep 14, 2018","6,077.77","6,018.43","6,083.73","6,014.86","-","1.70%"
"Sep 12, 2018","5,976.32","5,982.21","5,994.39","5,909.16","-","0.13%"
"Sep 11, 2018","5,968.76","6,064.32","6,071.58","5,960.36","-","-1.40%"
"Sep 10, 2018","6,053.41","6,131.21","6,131.40","6,045.89","-","-1.50%"
"Sep 07, 2018","6,145.57","6,152.43","6,154.56","6,103.60","-","-0.02%"
"Sep 06, 2018","6,146.76","6,158.54","6,160.11","6,098.57","-","0.29%"
"Sep 05, 2018","6,129.10","6,146.28","6,163.78","6,070.53","-","-0.35%"
"Sep 04, 2018","6,150.66","6,253.89","6,255.33","6,140.34","-","-1.25%"
"Sep 03, 2018","6,228.68","6,304.67","6,312.30","6,221.38","-","-0.66%"
"Aug 31, 2018","6,269.94","6,277.26","6,301.55","6,246.04","-","-0.24%"
"Aug 30, 2018","6,285.17","6,316.12","6,322.12","6,267.58","-","-0.41%"
"Aug 29, 2018","6,311.00","6,319.88","6,334.82","6,298.37","-","0.02%"
"Aug 28, 2018","6,309.47","6,314.76","6,329.89","6,287.11","-","0.18%"
"Aug 27, 2018","6,298.17","6,271.20","6,309.48","6,254.09","-","1.13%"
"Aug 24, 2018","6,227.84","6,273.00","6,277.68","6,221.51","-","-0.49%"
"Aug 23, 2018","6,258.75","6,321.56","6,331.73","6,253.80","-","-0.63%"
"Aug 21, 2018","6,298.20","6,310.32","6,316.55","6,280.95","-","-0.03%"
"Aug 20, 2018","6,300.25","6,283.16","6,310.11","6,283.16","-","0.66%"
"Aug 17, 2018","6,258.95","6,241.29","6,269.01","6,233.28","-","0.84%"
"Aug 16, 2018","6,206.89","6,251.74","6,261.05","6,195.68","-","-0.93%"
"Aug 14, 2018","6,265.31","6,247.70","6,274.07","6,241.25","-","0.67%"
"Aug 13, 2018","6,223.38","6,252.44","6,263.43","6,215.64","-","-1.33%"
"Aug 10, 2018","6,307.53","6,354.79","6,359.70","6,298.07","-","-0.64%"
"Aug 09, 2018","6,348.41","6,328.41","6,352.57","6,319.82","-","0.67%"
"Aug 08, 2018","6,305.86","6,287.37","6,319.76","6,267.62","-","0.47%"
"Aug 07, 2018","6,276.33","6,298.82","6,303.03","6,265.43","-","-0.09%"
"Aug 06, 2018","6,281.84","6,275.69","6,300.29","6,270.64","-","0.60%"
"Aug 03, 2018","6,244.33","6,188.72","6,252.16","6,185.55","-","1.44%"
"Aug 02, 2018","6,155.93","6,202.53","6,202.53","6,150.69","-","-0.89%"
"Aug 01, 2018","6,211.26","6,249.23","6,257.03","6,188.13","-","-0.54%"
"Jul 31, 2018","6,245.18","6,282.98","6,282.98","6,218.24","-","-0.53%"
"Jul 30, 2018","6,278.56","6,272.34","6,288.93","6,241.06","-","0.47%"
"Jul 27, 2018","6,248.94","6,222.57","6,252.36","6,214.98","-","0.94%"
"Jul 26, 2018","6,190.94","6,129.64","6,205.17","6,116.99","-","1.29%"
"Jul 25, 2018","6,112.30","6,100.74","6,124.08","6,091.47","-","0.46%"
"Jul 24, 2018","6,084.20","6,078.76","6,097.00","6,052.78","-","0.42%"
"Jul 23, 2018","6,058.86","6,010.41","6,063.97","5,999.20","-","0.51%"
"Jul 20, 2018","6,027.86","5,994.75","6,035.75","5,972.39","-","0.53%"
"Jul 19, 2018","5,996.08","6,039.10","6,040.30","5,983.44","-","-0.38%"
"Jul 18, 2018","6,018.99","6,066.51","6,075.11","6,012.28","-","-0.24%"
"Jul 17, 2018","6,033.29","5,970.82","6,037.42","5,947.89","-","1.23%"
"Jul 16, 2018","5,960.08","6,030.74","6,030.74","5,950.79","-","-0.91%"
"Jul 13, 2018","6,014.70","6,039.92","6,044.97","6,005.73","-","-0.28%"
"Jul 12, 2018","6,031.60","5,996.72","6,060.80","5,996.51","-","0.91%"
"Jul 11, 2018","5,976.98","6,013.05","6,023.93","5,967.19","-","-0.47%"
"Jul 10, 2018","6,005.07","5,974.86","6,009.22","5,968.02","-","0.92%"
"Jul 09, 2018","5,950.56","5,927.72","5,963.21","5,927.72","-","0.68%"
"Jul 06, 2018","5,910.59","5,901.59","5,938.97","5,893.74","-","-0.02%"
"Jul 05, 2018","5,911.53","5,909.79","5,932.15","5,896.04","-","0.20%"
"Jul 04, 2018","5,899.59","5,850.85","5,908.12","5,840.23","-","0.78%"
"Jul 03, 2018","5,853.82","5,863.59","5,871.33","5,831.30","-","-0.04%"
"Jul 02, 2018","5,856.40","5,897.30","5,917.37","5,822.41","-","-0.57%"
"Jun 29, 2018","5,890.24","5,862.32","5,898.96","5,859.64","-","0.58%"
"Jun 28, 2018","5,856.50","5,908.15","5,917.13","5,833.29","-","-0.99%"
"Jun 27, 2018","5,914.97","5,972.55","5,985.74","5,898.56","-","-0.98%"
"Jun 26, 2018","5,973.45","5,941.43","5,996.85","5,939.99","-","-0.01%"
"Jun 25, 2018","5,974.30","6,028.20","6,030.11","5,967.31","-","-0.59%"
"Jun 22, 2018","6,009.97","5,939.32","6,018.43","5,918.56","-","1.27%"
"Jun 21, 2018","5,934.71","5,963.24","5,974.08","5,928.62","-","-0.22%"
"Jun 20, 2018","5,947.83","5,896.46","5,953.94","5,896.38","-","1.00%"
"Jun 19, 2018","5,889.00","5,928.00","5,928.00","5,880.97","-","-0.54%"
"Jun 18, 2018","5,921.05","5,940.12","5,942.99","5,911.33","-","-0.14%"
"Jun 15, 2018","5,929.06","5,969.55","5,969.57","5,916.84","-","-0.52%"
"Jun 14, 2018","5,959.79","5,984.45","5,984.46","5,946.73","-","-0.30%"
"Jun 13, 2018","5,977.72","6,003.99","6,009.85","5,970.04","-","-0.20%"
"Jun 12, 2018","5,989.67","5,957.80","5,997.97","5,949.22","-","0.64%"
"Jun 11, 2018","5,951.69","5,946.65","5,990.48","5,943.70","-","0.13%"
"Jun 08, 2018","5,943.84","5,954.09","5,956.20","5,913.15","-","-0.30%"
"Jun 07, 2018","5,961.82","5,933.03","5,995.67","5,933.03","-","0.91%"
"Jun 06, 2018","5,908.33","5,859.92","5,917.80","5,849.19","-","0.87%"
"Jun 05, 2018","5,857.52","5,874.14","5,883.64","5,819.31","-","-0.21%"
"Jun 04, 2018","5,869.65","6,016.01","6,030.38","5,860.01","-","-1.50%"
"Jun 01, 2018","5,958.85","6,004.78","6,025.02","5,945.92","-","-0.73%"
"May 31, 2018","6,002.58","5,947.09","6,028.14","5,913.67","-","1.71%"
"May 30, 2018","5,901.86","5,884.05","5,921.28","5,844.80","-","0.03%"
"May 29, 2018","5,900.34","5,969.62","5,970.15","5,890.79","-","-1.12%"
"May 28, 2018","5,967.19","5,909.35","5,980.36","5,897.60","-","1.37%"
"May 25, 2018","5,886.42","5,832.90","5,900.05","5,823.18","-","1.25%"
"May 24, 2018","5,813.68","5,771.56","5,825.67","5,756.16","-","0.94%"
"May 23, 2018","5,759.28","5,797.05","5,811.42","5,752.63","-","-0.75%"
"May 22, 2018","5,803.01","5,784.75","5,836.98","5,778.93","-","0.28%"
"May 21, 2018","5,786.88","5,841.80","5,874.78","5,779.36","-","-0.92%"
"May 18, 2018","5,840.70","5,892.08","5,897.98","5,834.16","-","-0.84%"
"May 17, 2018","5,890.15","5,912.34","5,921.69","5,869.90","-","-0.27%"
"May 16, 2018","5,905.89","5,942.24","5,948.95","5,886.92","-","-0.91%"
"May 15, 2018","5,960.22","5,959.38","6,053.05","5,947.51","-","-0.15%"
"May 14, 2018","5,969.15","5,963.51","5,993.81","5,951.17","-","0.04%"
"May 11, 2018","5,966.75","5,910.55","5,976.44","5,905.52","-","0.98%"
"May 10, 2018","5,909.04","5,933.31","5,956.10","5,901.89","-","-0.41%"
"May 09, 2018","5,933.60","5,922.55","5,947.31","5,903.19","-","-0.00%"
"May 08, 2018","5,933.78","5,938.98","5,942.55","5,912.10","-","0.44%"
"May 07, 2018","5,907.66","5,881.68","5,913.70","5,876.81","-","0.63%"
"May 04, 2018","5,870.62","5,878.37","5,891.47","5,858.30","-","-0.15%"
"May 03, 2018","5,879.48","5,893.74","5,893.90","5,856.26","-","-0.02%"
"May 02, 2018","5,880.53","5,907.34","5,910.09","5,861.27","-","0.01%"
"Apr 30, 2018","5,879.99","5,855.37","5,891.32","5,853.27","-","0.69%"
"Apr 27, 2018","5,839.73","5,761.94","5,848.45","5,761.94","-","1.16%"
"Apr 26, 2018","5,772.94","5,746.95","5,781.51","5,732.83","-","0.61%"
"Apr 25, 2018","5,738.22","5,771.88","5,776.65","5,726.00","-","-0.65%"
"Apr 24, 2018","5,776.04","5,745.01","5,786.96","5,743.19","-","0.57%"
"Apr 23, 2018","5,743.29","5,763.86","5,768.83","5,695.99","-","0.06%"
"Apr 20, 2018","5,739.60","5,785.35","5,785.38","5,721.21","-","-0.96%"
"Apr 19, 2018","5,795.32","5,804.91","5,823.71","5,779.85","-","-0.07%"
"Apr 18, 2018","5,799.11","5,847.31","5,857.35","5,787.55","-","-0.66%"
"Apr 17, 2018","5,837.93","5,836.49","5,849.80","5,809.06","-","0.26%"
"Apr 16, 2018","5,822.64","5,763.95","5,827.43","5,754.90","-","0.72%"
"Apr 13, 2018","5,780.93","5,765.21","5,812.10","5,757.13","-","0.27%"
"Apr 12, 2018","5,765.55","5,754.77","5,781.61","5,728.60","-","0.23%"
"Apr 11, 2018","5,752.08","5,787.78","5,787.78","5,725.38","-","-0.45%"
"Apr 10, 2018","5,778.08","5,784.66","5,795.16","5,763.42","-","0.21%"
"Apr 09, 2018","5,765.96","5,736.56","5,783.00","5,710.25","-","0.62%"
"Apr 06, 2018","5,730.66","5,704.86","5,739.93","5,688.01","-","0.59%"
"Apr 05, 2018","5,697.24","5,618.23","5,711.28","5,609.62","-","2.39%"
"Apr 04, 2018","5,564.27","5,643.39","5,672.59","5,557.30","-","-1.41%"
"Apr 03, 2018","5,643.57","5,593.25","5,651.88","5,587.21","-","0.74%"
"Apr 02, 2018","5,602.07","5,565.26","5,608.40","5,547.15","-","0.57%"
"Mar 28, 2018","5,570.09","5,587.59","5,590.39","5,560.16","-","-0.48%"
"Mar 27, 2018","5,596.94","5,574.97","5,629.33","5,567.84","-","0.87%"
"Mar 26, 2018","5,548.65","5,418.09","5,556.99","5,417.79","-","2.26%"
"Mar 23, 2018","5,426.22","5,457.33","5,457.33","5,405.50","-","-1.73%"
"Mar 22, 2018","5,521.87","5,559.03","5,570.08","5,512.62","-","-0.52%"
"Mar 21, 2018","5,550.64","5,537.88","5,596.96","5,537.70","-","0.56%"
"Mar 20, 2018","5,519.58","5,499.77","5,544.56","5,487.81","-","0.01%"
"Mar 19, 2018","5,519.26","5,602.87","5,608.62","5,507.23","-","-1.26%"
"Mar 16, 2018","5,589.56","5,674.42","5,675.27","5,578.42","-","-1.32%"
"Mar 15, 2018","5,664.20","5,671.83","5,692.53","5,653.00","-","-0.11%"
"Mar 14, 2018","5,670.52","5,625.46","5,680.67","5,607.02","-","0.25%"
"Mar 13, 2018","5,656.41","5,613.41","5,707.43","5,610.10","-","0.64%"
"Mar 12, 2018","5,620.35","5,560.81","5,631.43","5,560.73","-","1.36%"
"Mar 09, 2018","5,545.16","5,572.18","5,584.82","5,536.94","-","-0.18%"
"Mar 08, 2018","5,555.26","5,534.18","5,568.19","5,474.52","-","1.16%"
"Mar 07, 2018","5,491.68","5,554.28","5,558.15","5,483.56","-","-1.37%"
"Mar 06, 2018","5,567.94","5,695.66","5,700.52","5,544.97","-","-1.35%"
"Mar 05, 2018","5,644.02","5,669.94","5,670.33","5,622.74","-","-0.58%"
"Mar 01, 2018","5,677.12","5,689.00","5,731.30","5,665.99","-","-0.53%"
"Feb 28, 2018","5,707.46","5,714.30","5,731.06","5,684.83","-","-0.82%"
"Feb 27, 2018","5,754.46","5,834.81","5,834.85","5,749.70","-","-1.15%"
"Feb 26, 2018","5,821.23","5,760.22","5,826.40","5,757.34","-","1.47%"
"Feb 23, 2018","5,736.95","5,664.10","5,743.51","5,664.10","-","1.21%"
"Feb 22, 2018","5,668.39","5,659.23","5,675.35","5,642.01","-","-0.03%"
"Feb 21, 2018","5,670.27","5,664.69","5,690.16","5,642.88","-","0.24%"
"Feb 20, 2018","5,656.78","5,712.00","5,717.50","5,647.07","-","-0.43%"
"Feb 19, 2018","5,680.95","5,727.62","5,745.46","5,634.96","-","-0.70%"
"Feb 16, 2018","5,720.79","5,798.49","5,817.99","5,703.08","-","-1.05%"
"Feb 15, 2018","5,781.78","5,769.66","5,833.37","5,751.69","-","0.08%"
"Feb 14, 2018","5,777.42","5,835.80","5,846.49","5,753.01","-","-0.62%"
"Feb 12, 2018","5,813.19","5,772.04","5,822.97","5,754.97","-","1.17%"
"Feb 09, 2018","5,745.92","5,747.52","5,765.66","5,720.70","-","-1.54%"
"Feb 08, 2018","5,835.54","5,779.17","5,877.35","5,771.02","-","1.28%"
"Feb 07, 2018","5,761.79","5,845.62","5,865.66","5,745.61","-","-0.38%"
"Feb 06, 2018","5,783.66","5,675.94","5,845.87","5,612.90","-","-1.27%"
"Feb 05, 2018","5,858.26","5,877.21","5,881.86","5,824.75","-","-1.53%"
"Feb 02, 2018","5,949.42","6,098.41","6,114.57","5,932.95","-","-3.23%"
"Feb 01, 2018","6,147.81","6,158.12","6,206.53","6,080.58","-","-0.16%"
"Jan 31, 2018","6,157.81","6,129.88","6,168.53","6,108.50","-","0.25%"
"Jan 30, 2018","6,142.69","6,204.76","6,207.59","6,135.50","-","-0.85%"
"Jan 29, 2018","6,195.09","6,190.85","6,230.72","6,185.77","-","0.41%"
"Jan 25, 2018","6,170.01","6,201.43","6,203.93","6,127.38","-","-0.23%"
"Jan 24, 2018","6,184.40","6,186.12","6,215.75","6,155.26","-","0.09%"
"Jan 23, 2018","6,179.04","6,128.62","6,184.68","6,128.12","-","0.98%"
"Jan 22, 2018","6,119.19","6,119.48","6,134.29","6,090.63","-","0.30%"
"Jan 19, 2018","6,101.19","6,035.87","6,108.60","6,008.61","-","1.32%"
"Jan 18, 2018","6,021.82","6,066.60","6,103.94","6,000.03","-","0.56%"
"Jan 17, 2018","5,988.25","5,915.96","5,997.81","5,905.87","-","1.02%"
"Jan 16, 2018","5,927.61","5,986.86","5,997.25","5,924.11","-","-0.92%"
"Jan 15, 2018","5,982.45","5,907.30","5,993.96","5,907.00","-","1.65%"
"Jan 12, 2018","5,885.56","5,867.13","5,899.65","5,836.28","-","0.31%"
"Jan 11, 2018","5,867.59","5,856.95","5,875.67","5,842.12","-","0.24%"
"Jan 10, 2018","5,853.38","5,885.51","5,894.58","5,843.55","-","-0.46%"
"Jan 09, 2018","5,880.17","5,899.36","5,911.00","5,862.62","-","-0.08%"
"Jan 08, 2018","5,884.77","5,860.90","5,894.27","5,860.90","-","0.68%"
"Jan 05, 2018","5,845.31","5,808.38","5,856.68","5,806.00","-","0.81%"
"Jan 04, 2018","5,798.26","5,788.06","5,803.87","5,767.57","-","0.57%"
"Jan 03, 2018","5,765.45","5,771.57","5,796.29","5,761.81","-","0.00%"
"Jan 02, 2018","5,765.31","5,786.65","5,798.15","5,744.97","-","-0.19%"
"Jan 01, 2018","5,776.32","5,811.26","5,827.48","5,767.69","-","-0.64%"
"Dec 29, 2017","5,813.73","5,802.27","5,820.82","5,799.37","-","0.36%"
"Dec 28, 2017","5,793.15","5,811.79","5,821.05","5,775.29","-","-0.29%"
"Dec 27, 2017","5,810.26","5,848.95","5,854.52","5,794.91","-","-0.44%"
"Dec 26, 2017","5,835.87","5,838.20","5,845.07","5,819.98","-","0.03%"
"Dec 22, 2017","5,833.99","5,816.58","5,844.70","5,816.54","-","0.31%"
"Dec 21, 2017","5,816.20","5,815.57","5,827.56","5,804.19","-","0.14%"
"Dec 20, 2017","5,807.92","5,840.77","5,847.18","5,803.55","-","-0.41%"
"Dec 19, 2017","5,831.85","5,828.22","5,838.95","5,810.47","-","0.49%"
"Dec 18, 2017","5,803.27","5,765.55","5,842.18","5,616.91","-","0.47%"
"Dec 15, 2017","5,775.99","5,744.77","5,795.65","5,744.77","-","1.16%"
"Dec 14, 2017","5,709.61","5,678.39","5,717.87","5,645.26","-","0.52%"
"Dec 13, 2017","5,680.25","5,717.35","5,743.67","5,666.62","-","-0.68%"
"Dec 12, 2017","5,719.14","5,754.61","5,767.47","5,713.77","-","-0.97%"
"Dec 11, 2017","5,775.24","5,759.53","5,799.77","5,754.94","-","0.53%"
"Dec 08, 2017","5,744.77","5,694.00","5,754.62","5,693.68","-","1.06%"
"Dec 07, 2017","5,684.73","5,638.30","5,692.94","5,638.30","-","0.88%"
"Dec 06, 2017","5,635.32","5,704.32","5,706.60","5,629.16","-","-1.30%"
"Dec 05, 2017","5,709.58","5,683.94","5,721.93","5,653.50","-","0.25%"
"Dec 04, 2017","5,695.57","5,710.77","5,726.70","5,678.47","-","-0.10%"
"Dec 01, 2017","5,701.35","5,771.71","5,783.69","5,693.19","-","-0.94%"
"Nov 30, 2017","5,755.61","5,833.84","5,833.84","5,745.25","-","-1.44%"
"Nov 29, 2017","5,839.69","5,868.22","5,869.78","5,829.63","-","-0.34%"
"Nov 28, 2017","5,859.68","5,854.22","5,886.66","5,848.86","-","0.05%"
"Nov 27, 2017","5,856.54","5,832.56","5,861.57","5,817.13","-","0.33%"
"Nov 24, 2017","5,837.32","5,839.59","5,849.59","5,828.40","-","0.25%"
"Nov 23, 2017","5,822.80","5,838.25","5,842.40","5,798.90","-","-0.21%"
"Nov 22, 2017","5,835.29","5,844.53","5,849.02","5,815.57","-","0.16%"
"Nov 21, 2017","5,826.16","5,846.92","5,865.24","5,817.97","-","-0.07%"
"Nov 20, 2017","5,830.32","5,838.35","5,845.33","5,818.88","-","0.02%"
"Nov 17, 2017","5,829.01","5,815.20","5,866.23","5,814.30","-","1.45%"
"Nov 16, 2017","5,745.79","5,698.58","5,763.51","5,698.09","-","1.02%"
"Nov 15, 2017","5,687.67","5,726.45","5,730.49","5,677.62","-","-0.69%"
"Nov 14, 2017","5,726.91","5,737.63","5,764.70","5,714.96","-","-0.38%"
"Nov 13, 2017","5,748.91","5,820.91","5,828.54","5,743.00","-","-0.74%"
"Nov 10, 2017","5,791.77","5,770.37","5,817.54","5,757.43","-","0.26%"
"Nov 09, 2017","5,776.53","5,776.28","5,801.49","5,738.29","-","0.25%"
"Nov 08, 2017","5,762.07","5,811.78","5,825.62","5,748.66","-","-0.63%"
"Nov 07, 2017","5,798.81","5,881.99","5,894.37","5,791.24","-","-1.28%"
"Nov 06, 2017","5,873.87","5,888.10","5,904.27","5,858.79","-","-0.27%"
"Nov 03, 2017","5,889.92","5,858.17","5,900.69","5,841.18","-","0.72%"
"Nov 02, 2017","5,847.68","5,851.71","5,872.58","5,835.17","-","0.15%"
"Nov 01, 2017","5,838.78","5,766.37","5,850.95","5,766.19","-","1.65%"
"Oct 31, 2017","5,743.75","5,744.95","5,763.61","5,734.78","-","0.09%"
"Oct 30, 2017","5,738.51","5,726.05","5,757.67","5,714.09","-","0.53%"
"Oct 27, 2017","5,708.19","5,729.35","5,730.76","5,700.84","-","-0.33%"
"Oct 26, 2017","5,726.81","5,706.54","5,735.72","5,644.88","-","0.29%"
"Oct 25, 2017","5,710.10","5,761.29","5,790.87","5,640.45","-","1.40%"
"Oct 24, 2017","5,631.48","5,631.58","5,648.76","5,612.25","-","0.37%"
"Oct 23, 2017","5,610.58","5,618.22","5,635.33","5,588.09","-","-0.17%"
"Oct 19, 2017","5,619.89","5,689.48","5,689.48","5,600.69","-","-0.89%"
"Oct 18, 2017","5,670.48","5,690.26","5,694.83","5,659.51","-","-0.86%"
"Oct 17, 2017","5,719.50","5,729.16","5,745.44","5,705.15","-","-0.03%"
"Oct 16, 2017","5,721.20","5,733.70","5,758.36","5,691.83","-","-0.01%"
"Oct 13, 2017","5,721.94","5,667.31","5,737.63","5,666.64","-","1.01%"
"Oct 12, 2017","5,664.84","5,615.73","5,671.59","5,587.67","-","0.96%"
"Oct 11, 2017","5,610.77","5,669.77","5,691.17","5,599.41","-","-0.83%"
"Oct 10, 2017","5,657.71","5,643.93","5,665.82","5,641.16","-","0.33%"
"Oct 09, 2017","5,639.33","5,624.25","5,646.07","5,612.72","-","0.31%"
"Oct 06, 2017","5,622.08","5,601.51","5,634.54","5,601.51","-","0.46%"
"Oct 05, 2017","5,596.35","5,609.40","5,632.22","5,590.92","-","-0.20%"
"Oct 04, 2017","5,607.57","5,592.86","5,630.56","5,586.35","-","0.17%"
"Oct 03, 2017","5,597.90","5,585.18","5,605.57","5,568.28","-","0.66%"
"Sep 29, 2017","5,561.17","5,559.47","5,606.75","5,549.61","-","0.27%"
"Sep 28, 2017","5,546.06","5,507.18","5,554.74","5,476.01","-","0.87%"
"Sep 27, 2017","5,498.31","5,626.81","5,626.99","5,488.52","-","-1.67%"
"Sep 26, 2017","5,591.41","5,592.24","5,609.51","5,545.92","-","0.18%"
"Sep 25, 2017","5,581.48","5,659.49","5,659.55","5,541.92","-","-1.32%"
"Sep 22, 2017","5,656.34","5,758.05","5,758.05","5,649.10","-","-1.96%"
"Sep 21, 2017","5,769.21","5,787.91","5,800.17","5,728.87","-","-0.42%"
"Sep 20, 2017","5,793.70","5,801.39","5,808.51","5,786.18","-","-0.12%"
"Sep 19, 2017","5,800.60","5,821.94","5,822.61","5,792.31","-","-0.12%"
"Sep 18, 2017","5,807.43","5,779.63","5,818.90","5,779.56","-","0.65%"
"Sep 15, 2017","5,769.89","5,759.68","5,783.18","5,744.98","-","-0.14%"
"Sep 14, 2017","5,777.74","5,778.53","5,793.69","5,767.34","-","0.31%"
"Sep 13, 2017","5,760.01","5,775.27","5,791.41","5,753.25","-","-0.12%"
"Sep 12, 2017","5,766.91","5,770.90","5,771.41","5,734.95","-","0.46%"
"Sep 11, 2017","5,740.70","5,707.45","5,758.39","5,705.74","-","0.99%"
"Sep 08, 2017","5,684.67","5,703.62","5,717.90","5,668.10","-","-0.10%"
"Sep 07, 2017","5,690.15","5,684.18","5,707.32","5,674.89","-","0.48%"
"Sep 06, 2017","5,663.24","5,641.53","5,673.89","5,611.40","-","0.18%"
"Sep 05, 2017","5,652.90","5,630.17","5,658.60","5,627.22","-","0.49%"
"Sep 04, 2017","5,625.36","5,664.78","5,669.39","5,594.79","-","-0.66%"
"Sep 01, 2017","5,662.89","5,638.19","5,675.14","5,637.54","-","0.42%"
"Aug 31, 2017","5,638.95","5,631.43","5,645.54","5,604.92","-","0.24%"
"Aug 30, 2017","5,625.29","5,587.18","5,643.22","5,583.42","-","1.08%"
"Aug 29, 2017","5,564.96","5,643.22","5,643.27","5,561.42","-","-1.22%"
"Aug 28, 2017","5,633.88","5,614.37","5,639.65","5,610.76","-","0.67%"
"Aug 24, 2017","5,596.27","5,609.45","5,616.85","5,578.70","-","0.01%"
"Aug 23, 2017","5,595.72","5,522.63","5,599.53","5,522.63","-","1.53%"
"Aug 22, 2017","5,511.17","5,525.05","5,554.06","5,485.93","-","0.03%"
"Aug 21, 2017","5,509.69","5,562.06","5,582.48","5,499.32","-","-0.62%"
"Aug 18, 2017","5,543.97","5,560.24","5,560.62","5,515.61","-","-0.77%"
"Aug 17, 2017","5,587.27","5,608.74","5,616.14","5,567.42","-","-0.17%"
"Aug 16, 2017","5,596.91","5,543.82","5,600.39","5,506.58","-","1.38%"
"Aug 14, 2017","5,520.61","5,483.71","5,542.43","5,480.85","-","0.98%"
"Aug 11, 2017","5,467.25","5,466.15","5,508.46","5,433.14","-","-0.64%"
"Aug 10, 2017","5,502.29","5,574.50","5,575.43","5,473.92","-","-1.50%"
"Aug 09, 2017","5,586.19","5,608.54","5,622.72","5,569.43","-","-0.85%"
"Aug 08, 2017","5,633.98","5,701.85","5,711.84","5,613.26","-","-1.06%"
"Aug 07, 2017","5,694.08","5,680.31","5,714.82","5,671.39","-","0.46%"
"Aug 04, 2017","5,668.14","5,613.97","5,676.75","5,613.04","-","0.61%"
"Aug 03, 2017","5,633.63","5,710.81","5,711.15","5,620.54","-","-1.33%"
"Aug 02, 2017","5,709.51","5,737.78","5,740.93","5,688.01","-","-0.28%"
"Aug 01, 2017","5,725.30","5,736.94","5,741.45","5,697.70","-","0.07%"
"Jul 31, 2017","5,721.18","5,690.06","5,725.88","5,675.64","-","0.82%"
"Jul 28, 2017","5,674.78","5,639.37","5,685.34","5,612.13","-","0.27%"
"Jul 27, 2017","5,659.32","5,608.64","5,689.71","5,607.73","-","1.42%"
"Jul 26, 2017","5,580.08","5,559.84","5,585.67","5,553.22","-","0.48%"
"Jul 25, 2017","5,553.19","5,549.95","5,564.67","5,538.39","-","0.41%"
"Jul 24, 2017","5,530.33","5,517.21","5,546.60","5,507.22","-","0.49%"
"Jul 21, 2017","5,503.61","5,507.90","5,514.01","5,466.01","-","0.07%"
"Jul 20, 2017","5,499.77","5,496.36","5,515.17","5,492.06","-","0.23%"
"Jul 19, 2017","5,486.96","5,482.93","5,492.21","5,466.51","-","0.60%"
"Jul 18, 2017","5,454.36","5,463.61","5,492.49","5,447.57","-","-0.20%"
"Jul 17, 2017","5,465.18","5,458.83","5,474.41","5,444.80","-","0.27%"
"Jul 14, 2017","5,450.21","5,443.05","5,456.00","5,406.64","-","0.12%"
"Jul 13, 2017","5,443.46","5,410.84","5,454.87","5,410.84","-","0.91%"
"Jul 12, 2017","5,394.28","5,379.14","5,401.03","5,352.88","-","0.55%"
"Jul 11, 2017","5,364.93","5,404.39","5,406.28","5,357.47","-","-0.42%"
"Jul 10, 2017","5,387.48","5,378.26","5,398.62","5,360.20","-","0.87%"
"Jul 07, 2017","5,341.10","5,362.68","5,365.56","5,332.90","-","-0.34%"
"Jul 06, 2017","5,359.26","5,332.86","5,378.72","5,331.48","-","0.64%"
"Jul 05, 2017","5,324.98","5,310.63","5,331.02","5,292.49","-","0.54%"
"Jul 04, 2017","5,296.31","5,311.42","5,326.12","5,281.83","-","-0.04%"
"Jul 03, 2017","5,298.48","5,287.45","5,310.16","5,262.40","-","0.33%"
"Jun 30, 2017","5,280.94","5,284.91","5,288.32","5,238.47","-","-0.17%"
"Jun 29, 2017","5,290.04","5,294.01","5,334.17","5,277.32","-","0.19%"
"Jun 28, 2017","5,280.05","5,285.30","5,299.32","5,257.57","-","-0.03%"
"Jun 27, 2017","5,281.41","5,368.67","5,369.26","5,249.46","-","-1.20%"
"Jun 23, 2017","5,345.56","5,407.75","5,411.38","5,332.77","-","-0.96%"
"Jun 22, 2017","5,397.53","5,404.29","5,440.59","5,387.44","-","0.15%"
"Jun 21, 2017","5,389.52","5,389.71","5,404.04","5,369.44","-","-0.05%"
"Jun 20, 2017","5,392.35","5,412.90","5,412.90","5,387.59","-","-0.26%"
"Jun 19, 2017","5,406.50","5,379.25","5,417.60","5,375.32","-","0.77%"
"Jun 16, 2017","5,364.97","5,367.81","5,376.15","5,350.78","-","0.31%"
"Jun 15, 2017","5,348.19","5,367.57","5,367.61","5,331.21","-","-0.29%"
"Jun 14, 2017","5,363.96","5,365.12","5,375.55","5,336.39","-","0.01%"
"Jun 13, 2017","5,363.60","5,341.54","5,394.42","5,341.44","-","0.45%"
"Jun 12, 2017","5,339.70","5,373.21","5,373.23","5,333.50","-","-0.71%"
"Jun 09, 2017","5,377.77","5,340.00","5,384.29","5,326.80","-","0.62%"
"Jun 08, 2017","5,344.61","5,346.08","5,360.68","5,334.85","-","0.28%"
"Jun 07, 2017","5,329.61","5,306.61","5,343.34","5,303.05","-","0.61%"
"Jun 06, 2017","5,297.09","5,331.03","5,333.74","5,290.50","-","-0.36%"
"Jun 05, 2017","5,316.19","5,311.47","5,323.71","5,290.38","-","0.26%"
"Jun 02, 2017","5,302.58","5,280.29","5,307.03","5,274.75","-","0.69%"
"Jun 01, 2017","5,266.00","5,262.07","5,272.87","5,243.71","-","-0.09%"
"May 31, 2017","5,270.63","5,261.08","5,279.39","5,240.61","-","0.46%"
"May 30, 2017","5,246.55","5,218.56","5,252.11","5,200.80","-","0.41%"
"May 29, 2017","5,225.13","5,243.37","5,282.80","5,216.08","-","-0.31%"
"May 26, 2017","5,241.24","5,194.66","5,251.26","5,180.26","-","1.00%"
"May 25, 2017","5,189.40","5,080.30","5,196.33","5,080.30","-","2.28%"
"May 24, 2017","5,073.82","5,099.94","5,121.33","5,056.44","-","-0.31%"
"May 23, 2017","5,089.66","5,123.99","5,134.10","5,066.17","-","-0.62%"
"May 22, 2017","5,121.29","5,191.93","5,197.60","5,113.27","-","-0.70%"
"May 19, 2017","5,157.55","5,179.98","5,215.77","5,126.98","-","-0.27%"
"May 18, 2017","5,171.52","5,204.81","5,223.69","5,164.59","-","-1.38%"
"May 17, 2017","5,244.12","5,260.74","5,264.29","5,232.01","-","-0.19%"
"May 16, 2017","5,254.12","5,245.20","5,258.16","5,217.11","-","0.47%"
"May 15, 2017","5,229.42","5,204.26","5,243.10","5,204.02","-","0.80%"
"May 12, 2017","5,187.67","5,241.25","5,242.21","5,168.65","-","-0.89%"
"May 11, 2017","5,234.08","5,249.90","5,269.17","5,225.12","-","-0.11%"
"May 10, 2017","5,239.59","5,202.94","5,244.18","5,202.86","-","0.95%"
"May 09, 2017","5,190.22","5,211.92","5,219.64","5,182.78","-","-0.18%"
"May 08, 2017","5,199.44","5,192.32","5,222.44","5,180.27","-","0.40%"
"May 05, 2017","5,178.63","5,228.18","5,237.60","5,157.08","-","-0.71%"
"May 04, 2017","5,215.52","5,195.91","5,229.34","5,176.82","-","1.38%"
"May 03, 2017","5,144.55","5,171.24","5,174.94","5,134.61","-","-0.23%"
"May 02, 2017","5,156.54","5,137.51","5,168.16","5,116.96","-","0.70%"
"Apr 28, 2017","5,120.91","5,130.31","5,130.73","5,094.48","-","-0.04%"
"Apr 27, 2017","5,122.78","5,121.66","5,136.97","5,104.01","-","0.02%"
"Apr 26, 2017","5,121.68","5,105.73","5,130.29","5,083.52","-","0.74%"
"Apr 25, 2017","5,084.14","5,048.78","5,086.78","5,046.62","-","1.18%"
"Apr 24, 2017","5,024.94","4,966.37","5,028.65","4,965.47","-","1.43%"
"Apr 21, 2017","4,954.15","4,968.12","4,976.10","4,922.69","-","0.12%"
"Apr 20, 2017","4,948.44","4,924.05","4,965.91","4,920.67","-","0.27%"
"Apr 19, 2017","4,935.04","4,946.29","4,951.67","4,904.11","-","-0.04%"
"Apr 18, 2017","4,936.83","4,956.65","5,004.83","4,931.66","-","-0.19%"
"Apr 17, 2017","4,945.99","4,958.45","4,975.00","4,939.85","-","-0.13%"
"Apr 13, 2017","4,952.54","4,942.51","4,974.07","4,941.79","-","0.14%"
"Apr 12, 2017","4,945.58","4,966.70","4,973.20","4,914.62","-","-0.29%"
"Apr 11, 2017","4,960.00","4,921.69","4,966.11","4,907.69","-","1.03%"
"Apr 10, 2017","4,909.61","4,903.56","4,917.98","4,883.54","-","0.30%"
"Apr 07, 2017","4,895.08","4,906.99","4,933.50","4,885.68","-","-0.52%"
"Apr 06, 2017","4,920.78","4,920.67","4,929.51","4,895.53","-","-0.12%"
"Apr 05, 2017","4,926.54","4,938.55","4,938.79","4,903.99","-","0.01%"
"Apr 03, 2017","4,925.90","4,898.25","4,930.11","4,887.63","-","0.82%"
"Mar 31, 2017","4,885.69","4,910.10","4,910.10","4,882.23","-","-0.52%"
"Mar 30, 2017","4,911.21","4,878.64","4,917.78","4,869.66","-","0.75%"
"Mar 29, 2017","4,874.71","4,853.25","4,878.62","4,846.76","-","0.73%"
"Mar 28, 2017","4,839.23","4,818.23","4,848.49","4,816.33","-","0.93%"
"Mar 27, 2017","4,794.41","4,802.17","4,809.15","4,774.63","-","-0.03%"
"Mar 24, 2017","4,796.05","4,763.30","4,811.80","4,763.29","-","0.87%"
"Mar 23, 2017","4,754.59","4,727.95","4,761.75","4,727.95","-","0.77%"
"Mar 22, 2017","4,718.44","4,752.94","4,752.94","4,712.18","-","-1.15%"
"Mar 21, 2017","4,773.34","4,789.51","4,801.85","4,756.69","-","-0.43%"
"Mar 20, 2017","4,793.78","4,798.96","4,799.55","4,777.54","-","0.03%"
"Mar 17, 2017","4,792.45","4,811.01","4,818.75","4,777.32","-","-0.13%"
"Mar 16, 2017","4,798.80","4,774.77","4,803.83","4,774.77","-","0.81%"
"Mar 15, 2017","4,760.47","4,739.65","4,773.34","4,732.00","-","0.53%"
"Mar 14, 2017","4,735.34","4,732.73","4,753.96","4,716.41","-","2.22%"
"Mar 10, 2017","4,632.45","4,646.62","4,661.27","4,618.57","-","0.01%"
"Mar 09, 2017","4,632.10","4,631.14","4,646.42","4,615.32","-","0.12%"
"Mar 08, 2017","4,626.51","4,619.83","4,638.04","4,597.08","-","0.13%"
"Mar 07, 2017","4,620.33","4,628.38","4,632.05","4,611.73","-","-0.08%"
"Mar 06, 2017","4,623.85","4,608.33","4,649.53","4,607.06","-","0.57%"
"Mar 03, 2017","4,597.70","4,621.89","4,626.69","4,579.06","-","-0.50%"
"Mar 02, 2017","4,620.69","4,693.14","4,699.16","4,614.53","-","-1.11%"
"Mar 01, 2017","4,672.68","4,644.99","4,687.05","4,644.99","-","0.88%"
"Feb 28, 2017","4,631.80","4,634.13","4,649.11","4,627.02","-","0.03%"
"Feb 27, 2017","4,630.48","4,670.08","4,672.61","4,627.41","-","-0.96%"
"Feb 23, 2017","4,675.31","4,678.60","4,704.84","4,668.20","-","-0.04%"
"Feb 22, 2017","4,677.00","4,688.47","4,703.46","4,669.12","-","-0.15%"
"Feb 21, 2017","4,683.98","4,648.06","4,691.72","4,636.66","-","0.86%"
"Feb 20, 2017","4,644.25","4,627.81","4,650.25","4,611.76","-","0.42%"
"Feb 17, 2017","4,624.99","4,678.30","4,704.04","4,611.29","-","1.24%"
"Feb 16, 2017","4,568.53","4,555.05","4,572.69","4,532.65","-","0.58%"
"Feb 15, 2017","4,542.30","4,571.90","4,586.46","4,533.30","-","-0.56%"
"Feb 14, 2017","4,567.70","4,575.70","4,577.93","4,546.83","-","-0.03%"
"Feb 13, 2017","4,569.25","4,582.21","4,583.62","4,534.54","-","0.11%"
"Feb 10, 2017","4,564.21","4,572.27","4,592.67","4,557.71","-","0.04%"
"Feb 09, 2017","4,562.51","4,590.95","4,617.85","4,533.27","-","-0.38%"
"Feb 08, 2017","4,580.11","4,595.97","4,600.13","4,536.58","-","-0.28%"
"Feb 07, 2017","4,592.90","4,597.21","4,609.94","4,580.37","-","-0.08%"
"Feb 06, 2017","4,596.60","4,579.03","4,614.81","4,579.03","-","0.80%"
"Feb 03, 2017","4,560.00","4,541.14","4,564.69","4,524.82","-","0.59%"
"Feb 02, 2017","4,533.33","4,531.13","4,542.22","4,493.80","-","0.28%"
"Feb 01, 2017","4,520.59","4,396.42","4,522.10","4,393.71","-","2.86%"
"Jan 31, 2017","4,394.86","4,418.77","4,425.37","4,388.70","-","-0.49%"
"Jan 30, 2017","4,416.43","4,432.59","4,444.45","4,413.60","-","-0.41%"
"Jan 27, 2017","4,434.78","4,389.58","4,449.79","4,389.39","-","1.37%"
"Jan 25, 2017","4,374.63","4,284.52","4,381.36","4,281.41","-","2.59%"
"Jan 24, 2017","4,264.29","4,232.79","4,269.20","4,232.77","-","1.03%"
"Jan 23, 2017","4,220.75","4,196.17","4,228.15","4,189.32","-","0.51%"
"Jan 20, 2017","4,199.30","4,243.22","4,252.39","4,193.60","-","-1.43%"
"Jan 19, 2017","4,260.15","4,266.39","4,274.91","4,249.31","-","-0.22%"
"Jan 18, 2017","4,269.73","4,258.79","4,298.50","4,257.37","-","0.37%"
"Jan 17, 2017","4,253.97","4,272.77","4,282.06","4,235.99","-","-0.16%"