date,AMZN,overlap,TSLA,HD,NKE,MCD,LOW,TJX,BKNG,TGT,SBUX
2017-01-17,8.0,1.0,11.0,68.0,10.0,1.0,87.0,50.0,0.0,35.0,24.0
2017-01-18,8.0,1.0,10.0,67.0,12.0,1.0,86.0,43.0,0.0,32.0,27.0
2017-01-19,10.0,1.0,13.0,67.0,11.0,2.0,86.0,36.0,14.0,31.0,26.0
2017-01-20,10.0,1.0,14.0,71.0,11.0,1.0,78.0,43.0,0.0,24.0,13.0
2017-01-21,3.0,1.0,3.0,82.0,6.0,2.0,82.0,26.0,0.0,24.0,12.0
2017-01-22,2.0,1.0,2.0,79.0,14.0,1.0,86.0,40.0,0.0,15.0,4.0
2017-01-23,7.0,1.0,10.0,69.0,7.0,1.0,86.0,56.0,0.0,28.0,20.0
2017-01-24,11.0,1.0,14.0,70.0,14.0,1.0,89.0,51.0,0.0,31.0,22.0
2017-01-25,11.0,1.0,12.0,72.0,16.0,1.0,84.0,28.0,0.0,24.0,24.0
2017-01-26,12.0,1.0,12.0,74.0,9.0,1.0,86.0,43.0,0.0,20.0,52.0
2017-01-27,11.0,1.0,12.0,73.0,6.0,1.0,85.0,37.0,0.0,20.0,52.0
2017-01-28,3.0,1.0,3.0,86.0,7.0,1.0,83.0,32.0,0.0,29.0,18.0
2017-01-29,2.0,1.0,2.0,82.0,6.0,1.0,85.0,42.0,0.0,29.0,12.0
2017-01-30,11.0,1.0,12.0,70.0,14.0,1.0,86.0,53.0,39.0,19.0,34.0
2017-01-31,11.0,1.0,11.0,69.0,7.0,1.0,91.0,58.0,0.0,29.0,38.0
2017-02-01,11.0,1.0,10.0,65.0,13.0,1.0,84.0,65.0,0.0,34.0,41.0
2017-02-02,28.0,1.0,9.0,70.0,11.0,2.0,84.0,85.0,0.0,31.0,34.0
2017-02-03,26.0,1.0,10.0,70.0,16.0,1.0,86.0,64.0,0.0,18.0,48.0
2017-02-04,6.0,1.0,2.0,82.0,8.0,1.0,83.0,47.0,0.0,29.0,22.0
2017-02-05,2.0,1.0,2.0,81.0,8.0,1.0,87.0,44.0,0.0,16.0,11.0
2017-02-06,11.0,1.0,11.0,67.0,16.0,2.0,85.0,50.0,0.0,22.0,12.0
2017-02-07,11.0,1.0,12.0,68.0,13.0,1.0,89.0,73.0,0.0,28.0,22.0
2017-02-08,9.0,1.0,10.0,66.0,10.0,2.0,86.0,73.0,0.0,27.0,18.0
2017-02-09,9.0,1.0,20.0,68.0,16.0,1.0,86.0,70.0,0.0,33.0,22.0
2017-02-10,9.0,1.0,13.0,70.0,11.0,2.0,80.0,73.0,0.0,33.0,22.0
2017-02-11,4.0,1.0,3.0,82.0,11.0,2.0,82.0,34.0,0.0,32.0,18.0
2017-02-12,2.0,1.0,3.0,81.0,5.0,1.0,83.0,32.0,0.0,23.0,6.0
2017-02-13,8.0,1.0,16.0,68.0,7.0,1.0,81.0,51.0,0.0,25.0,20.0
2017-02-14,9.0,1.0,18.0,66.0,20.0,2.0,81.0,47.0,0.0,26.0,33.0
2017-02-15,12.0,1.0,16.0,68.0,12.0,2.0,81.0,58.0,0.0,27.0,21.0
2017-02-16,12.0,1.0,15.0,68.0,8.0,1.0,83.0,69.0,39.0,23.0,34.0
2017-02-17,10.0,1.0,16.0,71.0,9.0,1.0,83.0,73.0,0.0,24.0,9.0
2017-02-18,3.0,1.0,5.0,80.0,4.0,1.0,83.0,51.0,0.0,18.0,10.0
2017-02-19,2.0,1.0,2.0,81.0,4.0,1.0,84.0,49.0,0.0,27.0,8.0
2017-02-20,3.0,1.0,8.0,67.0,9.0,2.0,89.0,43.0,0.0,19.0,21.0
2017-02-21,9.0,1.0,18.0,67.0,12.0,2.0,87.0,47.0,0.0,25.0,26.0
2017-02-22,11.0,1.0,34.0,67.0,8.0,2.0,88.0,62.0,0.0,31.0,17.0
2017-02-23,9.0,1.0,36.0,68.0,11.0,2.0,87.0,56.0,0.0,22.0,26.0
2017-02-24,8.0,1.0,17.0,68.0,11.0,2.0,86.0,92.0,0.0,23.0,21.0
2017-02-25,3.0,1.0,5.0,80.0,14.0,2.0,86.0,41.0,0.0,23.0,8.0
2017-02-26,3.0,1.0,2.0,79.0,10.0,1.0,87.0,66.0,0.0,17.0,10.0
2017-02-27,9.0,1.0,24.0,67.0,12.0,2.0,89.0,39.0,0.0,32.0,20.0
2017-02-28,13.0,1.0,19.0,68.0,12.0,1.0,87.0,69.0,0.0,65.0,15.0
2017-03-01,12.0,1.0,18.0,64.0,14.0,2.0,92.0,51.0,0.0,45.0,36.0
2017-03-02,8.0,1.0,16.0,66.0,17.0,2.0,89.0,58.0,0.0,36.0,11.0
2017-03-03,9.0,1.0,8.0,70.0,12.0,2.0,86.0,67.0,0.0,35.0,16.0
2017-03-04,2.0,1.0,4.0,83.0,7.0,2.0,85.0,35.0,0.0,31.0,10.0
2017-03-05,1.0,1.0,2.0,80.0,8.0,2.0,89.0,23.0,0.0,28.0,11.0
2017-03-06,7.0,1.0,9.0,65.0,18.0,2.0,91.0,58.0,0.0,41.0,33.0
2017-03-07,7.0,1.0,11.0,66.0,18.0,2.0,90.0,39.0,0.0,35.0,26.0
2017-03-08,6.0,1.0,8.0,68.0,6.0,2.0,87.0,44.0,38.0,36.0,25.0
2017-03-09,6.0,1.0,10.0,70.0,8.0,2.0,86.0,38.0,0.0,32.0,28.0
2017-03-10,8.0,1.0,8.0,72.0,10.0,1.0,85.0,46.0,0.0,31.0,14.0
2017-03-11,3.0,1.0,3.0,81.0,9.0,1.0,83.0,58.0,0.0,26.0,6.0
2017-03-12,1.0,1.0,1.0,79.0,8.0,1.0,85.0,45.0,27.0,21.0,11.0
2017-03-13,8.0,1.0,7.0,62.0,16.0,2.0,86.0,46.0,0.0,26.0,13.0
2017-03-14,7.0,1.0,9.0,68.0,16.0,3.0,89.0,56.0,0.0,34.0,19.0
2017-03-15,6.0,1.0,15.0,67.0,11.0,2.0,87.0,37.0,0.0,26.0,29.0
2017-03-16,7.0,1.0,14.0,70.0,17.0,2.0,89.0,45.0,0.0,34.0,17.0
2017-03-17,4.0,1.0,15.0,73.0,11.0,2.0,86.0,24.0,0.0,43.0,25.0
2017-03-18,1.0,1.0,3.0,84.0,14.0,1.0,83.0,44.0,0.0,31.0,8.0
2017-03-19,1.0,1.0,1.0,81.0,5.0,1.0,86.0,37.0,0.0,16.0,6.0
2017-03-20,7.0,1.0,10.0,70.0,20.0,2.0,89.0,82.0,0.0,30.0,19.0
2017-03-21,9.0,1.0,9.0,71.0,26.0,3.0,90.0,32.0,0.0,32.0,20.0
2017-03-22,7.0,1.0,9.0,70.0,28.0,2.0,88.0,42.0,0.0,34.0,30.0
2017-03-23,6.0,,7.0,72.0,7.0,2.0,88.0,46.0,0.0,44.0,35.0
2017-03-24,10.0,,7.0,75.0,12.0,3.0,78.0,36.0,0.0,20.0,21.0
2017-03-25,2.0,,5.0,88.0,11.0,2.0,78.0,13.0,0.0,33.0,0.0
2017-03-26,2.0,,2.0,85.0,12.0,2.0,83.0,31.0,0.0,17.0,8.0
2017-03-27,6.0,,13.0,71.0,20.0,3.0,88.0,46.0,0.0,37.0,21.0
2017-03-28,11.0,,22.0,73.0,18.0,3.0,88.0,23.0,0.0,31.0,31.0
2017-03-29,10.0,,13.0,72.0,14.0,3.0,83.0,35.0,0.0,26.0,10.0
2017-03-30,11.0,,12.0,75.0,15.0,3.0,87.0,91.0,0.0,41.0,25.0
2017-03-31,12.0,,12.0,78.0,13.0,3.0,82.0,68.0,0.0,35.0,7.0
2017-04-01,2.0,,2.0,83.0,12.0,5.0,77.0,39.0,0.0,17.0,12.0
2017-04-02,3.0,,4.0,85.0,9.0,7.0,82.0,31.0,0.0,17.0,0.0
2017-04-03,14.0,,37.0,67.0,14.0,6.0,81.0,42.0,0.0,31.0,17.0
2017-04-04,14.0,,37.0,69.0,21.0,3.0,86.0,46.0,28.0,26.0,21.0
2017-04-05,19.0,,24.0,69.0,25.0,3.0,82.0,42.0,0.0,30.0,34.0
2017-04-06,13.0,,19.0,72.0,12.0,2.0,84.0,43.0,0.0,25.0,21.0
2017-04-07,11.0,,14.0,72.0,19.0,2.0,79.0,24.0,0.0,28.0,14.0
2017-04-08,3.0,,5.0,83.0,7.0,3.0,80.0,54.0,0.0,33.0,12.0
2017-04-09,1.0,,4.0,83.0,7.0,2.0,80.0,45.0,0.0,19.0,8.0
2017-04-10,13.0,,22.0,71.0,17.0,3.0,82.0,23.0,0.0,19.0,21.0
2017-04-11,14.0,,20.0,71.0,14.0,2.0,83.0,15.0,0.0,34.0,31.0
2017-04-12,11.0,,15.0,72.0,15.0,2.0,79.0,51.0,0.0,29.0,32.0
2017-04-13,11.0,,14.0,78.0,13.0,4.0,81.0,62.0,0.0,21.0,29.0
2017-04-14,3.0,,10.0,81.0,12.0,3.0,80.0,53.0,31.0,39.0,20.0
2017-04-15,3.0,,4.0,88.0,7.0,2.0,76.0,32.0,0.0,19.0,4.0
2017-04-16,2.0,,2.0,88.0,7.0,2.0,75.0,28.0,0.0,18.0,0.0
2017-04-17,14.0,,12.0,74.0,14.0,3.0,81.0,76.0,0.0,37.0,25.0
2017-04-18,10.0,,11.0,70.0,13.0,3.0,85.0,69.0,0.0,23.0,14.0
2017-04-19,10.0,,10.0,69.0,15.0,3.0,87.0,58.0,0.0,27.0,14.0
2017-04-20,11.0,,13.0,72.0,9.0,3.0,84.0,51.0,0.0,25.0,38.0
2017-04-21,8.0,,12.0,74.0,21.0,4.0,83.0,41.0,0.0,28.0,25.0
2017-04-22,3.0,,3.0,82.0,12.0,5.0,80.0,49.0,0.0,39.0,12.0
2017-04-23,4.0,,2.0,83.0,4.0,13.0,77.0,26.0,0.0,33.0,4.0
2017-04-24,11.0,,12.0,65.0,12.0,7.0,86.0,38.0,0.0,25.0,30.0
2017-04-25,12.0,,15.0,69.0,12.0,7.0,87.0,65.0,0.0,33.0,44.0
2017-04-26,10.0,,11.0,67.0,16.0,100.0,83.0,49.0,0.0,22.0,30.0
2017-04-27,37.0,,13.0,70.0,18.0,10.0,83.0,35.0,0.0,21.0,52.0
2017-04-28,35.0,,13.0,73.0,16.0,3.0,78.0,40.0,0.0,27.0,61.0
2017-04-29,7.0,,3.0,85.0,7.0,3.0,79.0,37.0,0.0,36.0,8.0
2017-04-30,2.0,,2.0,88.0,16.0,2.0,81.0,32.0,0.0,25.0,0.0
2017-05-01,20.0,,21.0,79.0,11.0,3.0,89.0,50.0,0.0,45.0,22.0
2017-05-02,15.0,,16.0,72.0,21.0,2.0,86.0,42.0,0.0,37.0,37.0
2017-05-03,12.0,,34.0,72.0,12.0,2.0,82.0,54.0,0.0,39.0,14.0
2017-05-04,14.0,,33.0,71.0,15.0,2.0,80.0,55.0,0.0,30.0,24.0
2017-05-05,11.0,,20.0,72.0,6.0,2.0,82.0,53.0,0.0,43.0,22.0
2017-05-06,3.0,,7.0,79.0,12.0,2.0,81.0,40.0,0.0,38.0,12.0
2017-05-07,3.0,,1.0,83.0,22.0,2.0,81.0,31.0,0.0,23.0,4.0
2017-05-08,14.0,,14.0,68.0,9.0,2.0,82.0,50.0,0.0,36.0,14.0
2017-05-09,12.0,,16.0,69.0,13.0,2.0,83.0,27.0,0.0,26.0,3.0
2017-05-10,14.0,,21.0,70.0,9.0,1.0,81.0,31.0,0.0,30.0,27.0
2017-05-11,12.0,,17.0,70.0,15.0,2.0,81.0,35.0,0.0,23.0,17.0
2017-05-12,14.0,,18.0,75.0,13.0,2.0,80.0,33.0,29.0,37.0,33.0
2017-05-13,4.0,,4.0,87.0,7.0,1.0,78.0,40.0,0.0,31.0,8.0
2017-05-14,3.0,,4.0,86.0,9.0,1.0,73.0,27.0,0.0,17.0,4.0
2017-05-15,14.0,,14.0,71.0,22.0,2.0,82.0,41.0,0.0,32.0,22.0
2017-05-16,13.0,,13.0,72.0,18.0,2.0,84.0,62.0,0.0,40.0,18.0
2017-05-17,15.0,,16.0,70.0,16.0,2.0,84.0,80.0,0.0,44.0,22.0
2017-05-18,16.0,,14.0,74.0,14.0,2.0,81.0,50.0,0.0,71.0,30.0
2017-05-19,15.0,,10.0,78.0,14.0,2.0,81.0,39.0,0.0,38.0,58.0
2017-05-20,5.0,,1.0,90.0,7.0,2.0,79.0,24.0,0.0,36.0,13.0
2017-05-21,1.0,,3.0,88.0,15.0,1.0,78.0,24.0,0.0,29.0,0.0
2017-05-22,7.0,,13.0,75.0,21.0,2.0,81.0,58.0,0.0,40.0,11.0
2017-05-23,12.0,,8.0,74.0,19.0,2.0,84.0,29.0,0.0,45.0,33.0
2017-05-24,12.0,,10.0,75.0,8.0,2.0,80.0,13.0,0.0,43.0,11.0
2017-05-25,24.0,,12.0,79.0,8.0,2.0,78.0,25.0,0.0,31.0,15.0
2017-05-26,19.0,,14.0,80.0,14.0,2.0,77.0,32.0,0.0,31.0,28.0
2017-05-27,2.0,,4.0,87.0,14.0,2.0,77.0,25.0,0.0,31.0,9.0
2017-05-28,2.0,,4.0,82.0,10.0,1.0,80.0,25.0,0.0,33.0,0.0
2017-05-29,6.0,,4.0,71.0,17.0,2.0,81.0,26.0,0.0,32.0,4.0
2017-05-30,22.0,1.0,16.0,70.0,20.0,1.0,82.0,49.0,0.0,45.0,18.0
2017-05-31,21.0,1.0,18.0,68.0,17.0,2.0,83.0,44.0,0.0,38.0,20.0
2017-06-01,15.0,1.0,19.0,72.0,9.0,2.0,81.0,49.0,0.0,31.0,12.0
2017-06-02,14.0,1.0,16.0,75.0,15.0,2.0,81.0,55.0,0.0,40.0,14.0
2017-06-03,5.0,1.0,3.0,83.0,5.0,2.0,77.0,29.0,6.0,36.0,18.0
2017-06-04,2.0,1.0,2.0,84.0,5.0,2.0,78.0,38.0,0.0,27.0,6.0
2017-06-05,15.0,1.0,17.0,72.0,13.0,2.0,84.0,27.0,0.0,28.0,7.0
2017-06-06,15.0,1.0,19.0,69.0,13.0,2.0,82.0,61.0,0.0,36.0,20.0
2017-06-07,16.0,1.0,20.0,69.0,11.0,2.0,82.0,32.0,19.0,37.0,14.0
2017-06-08,13.0,1.0,21.0,74.0,11.0,2.0,80.0,50.0,0.0,37.0,19.0
2017-06-09,18.0,1.0,24.0,76.0,4.0,2.0,80.0,83.0,5.0,35.0,29.0
2017-06-10,7.0,1.0,7.0,91.0,15.0,2.0,79.0,14.0,0.0,39.0,12.0
2017-06-11,5.0,1.0,3.0,91.0,10.0,2.0,81.0,12.0,0.0,33.0,4.0
2017-06-12,18.0,1.0,20.0,72.0,14.0,2.0,85.0,47.0,0.0,32.0,8.0
2017-06-13,21.0,1.0,23.0,73.0,18.0,2.0,86.0,53.0,0.0,33.0,20.0
2017-06-14,17.0,1.0,24.0,74.0,11.0,2.0,80.0,41.0,0.0,29.0,11.0
2017-06-15,17.0,1.0,23.0,77.0,15.0,2.0,80.0,47.0,0.0,41.0,34.0
2017-06-16,41.0,1.0,16.0,80.0,11.0,2.0,80.0,50.0,0.0,59.0,19.0
2017-06-17,12.0,1.0,5.0,91.0,9.0,2.0,81.0,32.0,0.0,40.0,4.0
2017-06-18,6.0,1.0,3.0,89.0,6.0,2.0,79.0,14.0,0.0,22.0,4.0
2017-06-19,22.0,1.0,17.0,76.0,14.0,2.0,83.0,50.0,0.0,41.0,24.0
2017-06-20,16.0,1.0,19.0,74.0,10.0,2.0,88.0,33.0,14.0,58.0,16.0
2017-06-21,18.0,1.0,18.0,76.0,17.0,2.0,86.0,56.0,0.0,51.0,19.0
2017-06-22,16.0,1.0,20.0,74.0,11.0,2.0,85.0,66.0,0.0,73.0,18.0
2017-06-23,13.0,1.0,19.0,78.0,15.0,2.0,79.0,54.0,0.0,55.0,19.0
2017-06-24,3.0,1.0,4.0,92.0,3.0,2.0,80.0,50.0,0.0,39.0,4.0
2017-06-25,3.0,1.0,3.0,92.0,2.0,2.0,82.0,27.0,0.0,35.0,4.0
2017-06-26,16.0,1.0,17.0,82.0,19.0,3.0,87.0,56.0,0.0,41.0,14.0
2017-06-27,13.0,1.0,14.0,82.0,14.0,2.0,88.0,32.0,0.0,33.0,18.0
2017-06-28,15.0,1.0,16.0,84.0,13.0,2.0,89.0,53.0,0.0,47.0,18.0
2017-06-29,13.0,1.0,14.0,85.0,29.0,3.0,82.0,41.0,15.0,27.0,14.0
2017-06-30,15.0,1.0,12.0,85.0,36.0,3.0,83.0,29.0,0.0,24.0,18.0
2017-07-01,3.0,1.0,6.0,97.0,13.0,2.0,76.0,32.0,0.0,39.0,17.0
2017-07-02,4.0,1.0,4.0,95.0,15.0,2.0,80.0,29.0,0.0,25.0,6.0
2017-07-03,15.0,1.0,23.0,83.0,15.0,2.0,81.0,50.0,0.0,29.0,16.0
2017-07-04,18.0,1.0,9.0,83.0,12.0,2.0,84.0,31.0,0.0,36.0,4.0
2017-07-05,15.0,1.0,30.0,82.0,8.0,2.0,83.0,59.0,0.0,42.0,11.0
2017-07-06,13.0,1.0,41.0,82.0,16.0,2.0,91.0,50.0,0.0,40.0,20.0
2017-07-07,12.0,1.0,39.0,84.0,11.0,2.0,82.0,40.0,0.0,33.0,24.0
2017-07-08,2.0,1.0,6.0,96.0,4.0,2.0,87.0,42.0,0.0,40.0,10.0
2017-07-09,4.0,1.0,6.0,94.0,6.0,2.0,88.0,37.0,0.0,28.0,0.0
2017-07-10,10.0,1.0,29.0,78.0,11.0,2.0,85.0,52.0,0.0,39.0,16.0
2017-07-11,15.0,1.0,20.0,82.0,8.0,2.0,88.0,65.0,0.0,35.0,15.0
2017-07-12,19.0,1.0,19.0,81.0,7.0,2.0,85.0,65.0,0.0,32.0,6.0
2017-07-13,13.0,1.0,18.0,83.0,9.0,2.0,85.0,35.0,0.0,50.0,16.0
2017-07-14,14.0,1.0,18.0,83.0,9.0,2.0,84.0,66.0,0.0,63.0,23.0
2017-07-15,4.0,1.0,4.0,97.0,7.0,2.0,84.0,47.0,35.0,51.0,0.0
2017-07-16,2.0,1.0,6.0,94.0,9.0,1.0,86.0,59.0,0.0,47.0,4.0
2017-07-17,14.0,1.0,20.0,81.0,12.0,2.0,88.0,53.0,0.0,28.0,9.0
2017-07-18,20.0,1.0,16.0,80.0,7.0,2.0,87.0,59.0,0.0,32.0,10.0
2017-07-19,14.0,1.0,16.0,80.0,10.0,2.0,87.0,68.0,0.0,39.0,16.0
2017-07-20,16.0,1.0,17.0,82.0,15.0,2.0,86.0,73.0,0.0,29.0,6.0
2017-07-21,13.0,1.0,12.0,84.0,14.0,2.0,81.0,61.0,5.0,34.0,15.0
2017-07-22,4.0,1.0,4.0,100.0,4.0,2.0,85.0,41.0,0.0,34.0,8.0
2017-07-23,5.0,1.0,2.0,93.0,10.0,2.0,87.0,24.0,0.0,21.0,0.0
2017-07-24,14.0,1.0,11.0,80.0,14.0,2.0,86.0,43.0,0.0,39.0,19.0
2017-07-25,16.0,1.0,17.0,80.0,6.0,2.0,87.0,64.0,20.0,25.0,22.0
2017-07-26,20.0,1.0,14.0,80.0,15.0,2.0,89.0,51.0,5.0,33.0,22.0
2017-07-27,57.0,1.0,17.0,82.0,15.0,3.0,85.0,69.0,15.0,34.0,59.0
2017-07-28,39.0,1.0,17.0,84.0,9.0,2.0,81.0,63.0,0.0,37.0,100.0
2017-07-29,8.0,1.0,13.0,96.0,7.0,2.0,82.0,44.0,17.0,33.0,32.0
2017-07-30,4.0,1.0,7.0,96.0,10.0,2.0,85.0,22.0,0.0,35.0,14.0
2017-07-31,25.0,1.0,22.0,80.0,11.0,2.0,87.0,50.0,15.0,20.0,46.0
2017-08-01,20.0,1.0,19.0,78.0,13.0,1.0,88.0,72.0,0.0,36.0,31.0
2017-08-02,23.0,1.0,41.0,76.0,16.0,2.0,85.0,68.0,5.0,28.0,38.0
2017-08-03,16.0,1.0,43.0,78.0,10.0,2.0,85.0,45.0,0.0,34.0,23.0
2017-08-04,14.0,1.0,19.0,82.0,13.0,2.0,84.0,83.0,0.0,32.0,24.0
2017-08-05,4.0,1.0,7.0,91.0,9.0,2.0,81.0,28.0,0.0,15.0,9.0
2017-08-06,4.0,1.0,4.0,93.0,9.0,2.0,84.0,42.0,0.0,21.0,4.0
2017-08-07,16.0,1.0,21.0,76.0,18.0,1.0,88.0,45.0,0.0,18.0,28.0
2017-08-08,13.0,1.0,19.0,76.0,16.0,2.0,88.0,68.0,14.0,30.0,24.0
2017-08-09,17.0,1.0,16.0,80.0,6.0,2.0,85.0,59.0,0.0,31.0,24.0
2017-08-10,16.0,1.0,18.0,80.0,8.0,2.0,85.0,38.0,0.0,35.0,29.0
2017-08-11,18.0,1.0,16.0,83.0,16.0,2.0,81.0,60.0,5.0,37.0,22.0
2017-08-12,3.0,1.0,5.0,94.0,4.0,2.0,79.0,47.0,17.0,29.0,10.0
2017-08-13,3.0,1.0,3.0,98.0,2.0,1.0,81.0,40.0,6.0,28.0,6.0
2017-08-14,17.0,1.0,14.0,86.0,11.0,2.0,84.0,50.0,0.0,30.0,19.0
2017-08-15,15.0,1.0,12.0,82.0,8.0,1.0,85.0,92.0,5.0,24.0,34.0
2017-08-16,21.0,1.0,10.0,78.0,17.0,2.0,80.0,66.0,14.0,56.0,24.0
2017-08-17,12.0,1.0,10.0,81.0,6.0,2.0,82.0,38.0,0.0,36.0,20.0
2017-08-18,14.0,1.0,10.0,82.0,16.0,2.0,80.0,55.0,0.0,40.0,24.0
2017-08-19,3.0,1.0,3.0,95.0,12.0,2.0,80.0,30.0,0.0,34.0,4.0
2017-08-20,3.0,1.0,0.0,95.0,4.0,1.0,78.0,41.0,0.0,26.0,0.0
2017-08-21,14.0,1.0,11.0,76.0,13.0,1.0,78.0,59.0,0.0,30.0,31.0
2017-08-22,13.0,1.0,12.0,81.0,16.0,2.0,84.0,67.0,0.0,57.0,25.0
2017-08-23,12.0,1.0,8.0,80.0,16.0,2.0,84.0,32.0,0.0,52.0,44.0
2017-08-24,13.0,1.0,9.0,72.0,11.0,2.0,81.0,45.0,0.0,39.0,19.0
2017-08-25,13.0,1.0,14.0,66.0,9.0,2.0,78.0,58.0,20.0,26.0,14.0
2017-08-26,4.0,1.0,2.0,74.0,6.0,2.0,77.0,36.0,0.0,34.0,9.0
2017-08-27,3.0,1.0,3.0,74.0,11.0,2.0,76.0,21.0,0.0,32.0,8.0
2017-08-28,16.0,1.0,12.0,64.0,15.0,2.0,81.0,43.0,0.0,39.0,18.0
2017-08-29,13.0,1.0,10.0,66.0,23.0,2.0,83.0,42.0,0.0,42.0,11.0
2017-08-30,13.0,1.0,11.0,65.0,16.0,2.0,83.0,46.0,0.0,40.0,16.0
2017-08-31,14.0,1.0,7.0,64.0,10.0,2.0,82.0,41.0,10.0,35.0,19.0
2017-09-01,10.0,1.0,9.0,68.0,14.0,2.0,78.0,37.0,20.0,33.0,21.0
2017-09-02,4.0,1.0,3.0,79.0,12.0,1.0,78.0,35.0,17.0,42.0,10.0
2017-09-03,2.0,1.0,2.0,79.0,9.0,2.0,80.0,33.0,0.0,18.0,6.0
2017-09-04,2.0,1.0,3.0,69.0,7.0,1.0,81.0,38.0,25.0,19.0,6.0
2017-09-05,12.0,1.0,8.0,64.0,14.0,2.0,82.0,43.0,0.0,41.0,8.0
2017-09-06,13.0,1.0,10.0,62.0,10.0,2.0,81.0,63.0,0.0,34.0,22.0
2017-09-07,8.0,1.0,9.0,65.0,10.0,2.0,79.0,50.0,0.0,40.0,15.0
2017-09-08,12.0,,7.0,67.0,10.0,1.0,78.0,42.0,0.0,39.0,16.0
2017-09-09,2.0,,2.0,74.0,7.0,2.0,81.0,41.0,0.0,42.0,21.0
2017-09-10,2.0,,1.0,75.0,11.0,2.0,80.0,27.0,0.0,33.0,7.0
2017-09-11,13.0,,12.0,63.0,23.0,2.0,85.0,16.0,0.0,39.0,27.0
2017-09-12,11.0,,15.0,62.0,8.0,2.0,81.0,43.0,0.0,41.0,12.0
2017-09-13,15.0,,13.0,62.0,6.0,2.0,82.0,27.0,0.0,42.0,24.0
2017-09-14,14.0,,16.0,65.0,16.0,2.0,86.0,37.0,0.0,49.0,12.0
2017-09-15,10.0,,13.0,67.0,19.0,2.0,83.0,63.0,0.0,41.0,10.0
2017-09-16,4.0,,4.0,78.0,8.0,2.0,80.0,28.0,0.0,37.0,11.0
2017-09-17,2.0,,3.0,76.0,13.0,2.0,82.0,37.0,0.0,31.0,10.0
2017-09-18,11.0,,11.0,60.0,21.0,2.0,83.0,39.0,0.0,26.0,15.0
2017-09-19,12.0,,16.0,64.0,8.0,2.0,86.0,71.0,0.0,23.0,9.0
2017-09-20,10.0,,12.0,65.0,5.0,2.0,83.0,52.0,0.0,34.0,9.0
2017-09-21,8.0,,10.0,64.0,13.0,2.0,83.0,61.0,0.0,36.0,21.0
2017-09-22,7.0,,15.0,66.0,15.0,1.0,83.0,63.0,0.0,24.0,22.0
2017-09-23,2.0,,4.0,79.0,9.0,2.0,77.0,56.0,0.0,26.0,4.0
2017-09-24,3.0,,3.0,75.0,15.0,2.0,81.0,13.0,0.0,31.0,3.0
2017-09-25,11.0,,11.0,61.0,15.0,2.0,79.0,43.0,0.0,41.0,9.0
2017-09-26,12.0,,14.0,60.0,24.0,1.0,84.0,36.0,0.0,42.0,6.0
2017-09-27,12.0,,11.0,61.0,29.0,2.0,84.0,32.0,0.0,33.0,12.0
2017-09-28,10.0,,10.0,62.0,18.0,2.0,85.0,37.0,0.0,38.0,9.0
2017-09-29,10.0,,11.0,66.0,7.0,2.0,83.0,50.0,0.0,32.0,16.0
2017-09-30,3.0,,3.0,76.0,6.0,1.0,79.0,38.0,0.0,18.0,0.0
2017-10-01,1.0,,2.0,75.0,15.0,2.0,84.0,27.0,0.0,34.0,10.0
2017-10-02,8.0,,17.0,67.0,16.0,2.0,81.0,67.0,0.0,33.0,24.0
2017-10-03,9.0,,21.0,63.0,7.0,2.0,85.0,48.0,0.0,74.0,18.0
2017-10-04,8.0,,16.0,62.0,24.0,2.0,87.0,51.0,0.0,38.0,30.0
2017-10-05,14.0,,11.0,63.0,11.0,2.0,80.0,56.0,0.0,50.0,18.0
2017-10-06,14.0,,14.0,66.0,20.0,2.0,77.0,54.0,10.0,33.0,9.0
2017-10-07,5.0,,4.0,76.0,15.0,2.0,80.0,55.0,0.0,33.0,14.0
2017-10-08,2.0,,5.0,75.0,15.0,2.0,87.0,45.0,0.0,14.0,7.0
2017-10-09,14.0,,12.0,63.0,11.0,1.0,86.0,56.0,10.0,33.0,12.0
2017-10-10,13.0,,12.0,61.0,16.0,2.0,87.0,42.0,0.0,42.0,12.0
2017-10-11,10.0,,11.0,61.0,19.0,2.0,85.0,88.0,10.0,48.0,12.0
2017-10-12,13.0,,10.0,64.0,13.0,2.0,87.0,73.0,0.0,36.0,15.0
2017-10-13,11.0,,12.0,66.0,15.0,2.0,84.0,63.0,0.0,42.0,29.0
2017-10-14,5.0,,5.0,75.0,4.0,2.0,80.0,46.0,0.0,36.0,7.0
2017-10-15,2.0,,1.0,76.0,5.0,2.0,85.0,50.0,11.0,22.0,14.0
2017-10-16,12.0,,12.0,61.0,25.0,2.0,85.0,51.0,0.0,20.0,6.0
2017-10-17,15.0,,11.0,61.0,11.0,2.0,88.0,47.0,0.0,38.0,9.0
2017-10-18,13.0,,10.0,61.0,13.0,2.0,84.0,47.0,0.0,18.0,35.0
2017-10-19,11.0,,9.0,62.0,20.0,2.0,82.0,49.0,0.0,21.0,22.0
2017-10-20,10.0,,16.0,68.0,7.0,1.0,79.0,67.0,0.0,36.0,19.0
2017-10-21,2.0,,3.0,77.0,9.0,2.0,75.0,23.0,0.0,30.0,7.0
2017-10-22,2.0,,3.0,75.0,9.0,3.0,75.0,26.0,0.0,39.0,3.0
2017-10-23,14.0,,13.0,65.0,16.0,2.0,87.0,50.0,0.0,39.0,9.0
2017-10-24,15.0,,9.0,64.0,14.0,2.0,88.0,27.0,0.0,50.0,9.0
2017-10-25,14.0,,14.0,64.0,17.0,2.0,84.0,39.0,0.0,36.0,21.0
2017-10-26,42.0,,13.0,65.0,8.0,2.0,84.0,64.0,0.0,26.0,18.0
2017-10-27,64.0,,15.0,67.0,8.0,2.0,77.0,45.0,0.0,27.0,12.0
2017-10-28,13.0,,3.0,76.0,9.0,2.0,74.0,40.0,0.0,33.0,3.0
2017-10-29,6.0,,4.0,74.0,12.0,2.0,80.0,17.0,0.0,29.0,10.0
2017-10-30,28.0,,15.0,64.0,7.0,2.0,87.0,39.0,0.0,35.0,24.0
2017-10-31,15.0,,18.0,62.0,20.0,1.0,85.0,57.0,0.0,18.0,9.0
2017-11-01,19.0,,33.0,65.0,8.0,2.0,83.0,49.0,0.0,27.0,15.0
2017-11-02,16.0,,45.0,67.0,20.0,2.0,88.0,53.0,10.0,33.0,74.0
2017-11-03,13.0,,31.0,67.0,10.0,2.0,82.0,69.0,0.0,36.0,62.0
2017-11-04,3.0,,9.0,78.0,9.0,2.0,76.0,53.0,0.0,23.0,20.0
2017-11-05,2.0,,6.0,76.0,12.0,2.0,82.0,57.0,0.0,24.0,7.0
2017-11-06,14.0,,13.0,61.0,12.0,2.0,88.0,73.0,0.0,32.0,35.0
2017-11-07,12.0,,17.0,62.0,11.0,2.0,87.0,31.0,0.0,39.0,9.0
2017-11-08,13.0,,16.0,63.0,13.0,2.0,88.0,47.0,0.0,36.0,18.0
2017-11-09,13.0,,12.0,64.0,11.0,2.0,83.0,55.0,0.0,43.0,18.0
2017-11-10,13.0,,11.0,65.0,11.0,2.0,79.0,72.0,0.0,36.0,21.0
2017-11-11,4.0,,3.0,79.0,18.0,2.0,80.0,40.0,0.0,26.0,3.0
2017-11-12,2.0,,1.0,73.0,16.0,2.0,81.0,52.0,0.0,30.0,3.0
2017-11-13,11.0,,18.0,61.0,9.0,2.0,86.0,72.0,0.0,24.0,17.0
2017-11-14,11.0,,15.0,62.0,12.0,2.0,87.0,88.0,0.0,36.0,32.0
2017-11-15,12.0,1.0,14.0,63.0,19.0,2.0,84.0,81.0,0.0,56.0,23.0
2017-11-16,12.0,1.0,18.0,63.0,12.0,2.0,85.0,72.0,0.0,47.0,15.0
2017-11-17,15.0,1.0,47.0,67.0,13.0,2.0,81.0,77.0,0.0,37.0,8.0
2017-11-18,4.0,1.0,7.0,78.0,7.0,2.0,81.0,41.0,0.0,38.0,7.0
2017-11-19,2.0,1.0,4.0,76.0,8.0,1.0,79.0,52.0,0.0,28.0,9.0
2017-11-20,13.0,1.0,14.0,64.0,9.0,2.0,82.0,43.0,0.0,30.0,12.0
2017-11-21,13.0,1.0,18.0,64.0,13.0,2.0,82.0,62.0,5.0,39.0,16.0
2017-11-22,15.0,1.0,10.0,64.0,12.0,2.0,81.0,41.0,0.0,31.0,5.0
2017-11-23,5.0,1.0,5.0,67.0,10.0,2.0,72.0,29.0,0.0,28.0,4.0
2017-11-24,15.0,1.0,7.0,70.0,17.0,2.0,72.0,53.0,0.0,27.0,10.0
2017-11-25,9.0,1.0,4.0,78.0,9.0,2.0,76.0,51.0,5.0,31.0,2.0
2017-11-26,7.0,1.0,3.0,77.0,6.0,2.0,77.0,35.0,0.0,25.0,5.0
2017-11-27,20.0,1.0,11.0,63.0,14.0,2.0,85.0,52.0,0.0,37.0,12.0
2017-11-28,19.0,1.0,12.0,64.0,19.0,2.0,85.0,66.0,0.0,41.0,10.0
2017-11-29,23.0,1.0,14.0,63.0,15.0,2.0,82.0,63.0,0.0,43.0,29.0
2017-11-30,21.0,1.0,12.0,66.0,17.0,2.0,83.0,47.0,0.0,45.0,14.0
2017-12-01,17.0,1.0,13.0,66.0,10.0,2.0,77.0,74.0,0.0,38.0,26.0
2017-12-02,5.0,1.0,3.0,76.0,14.0,2.0,76.0,57.0,0.0,23.0,6.0
2017-12-03,3.0,1.0,3.0,75.0,7.0,2.0,76.0,53.0,0.0,27.0,3.0
2017-12-04,19.0,1.0,12.0,61.0,11.0,2.0,82.0,81.0,0.0,39.0,16.0
2017-12-05,21.0,1.0,11.0,62.0,12.0,2.0,86.0,55.0,0.0,24.0,29.0
2017-12-06,14.0,1.0,13.0,64.0,14.0,2.0,81.0,63.0,0.0,29.0,20.0
2017-12-07,13.0,1.0,12.0,64.0,13.0,2.0,81.0,65.0,0.0,37.0,31.0
2017-12-08,19.0,1.0,11.0,66.0,23.0,2.0,78.0,71.0,0.0,43.0,10.0
2017-12-09,4.0,1.0,4.0,76.0,13.0,1.0,77.0,53.0,0.0,25.0,8.0
2017-12-10,4.0,1.0,3.0,75.0,13.0,2.0,77.0,42.0,0.0,25.0,0.0
2017-12-11,11.0,1.0,15.0,64.0,15.0,2.0,79.0,42.0,0.0,19.0,14.0
2017-12-12,13.0,1.0,16.0,65.0,14.0,2.0,81.0,44.0,0.0,31.0,10.0
2017-12-13,12.0,1.0,17.0,64.0,14.0,2.0,79.0,57.0,9.0,28.0,11.0
2017-12-14,13.0,1.0,14.0,65.0,23.0,2.0,76.0,70.0,0.0,35.0,17.0
2017-12-15,13.0,1.0,14.0,68.0,17.0,2.0,79.0,59.0,0.0,32.0,21.0
2017-12-16,2.0,1.0,4.0,77.0,14.0,2.0,72.0,52.0,0.0,26.0,8.0
2017-12-17,2.0,1.0,2.0,77.0,12.0,1.0,74.0,28.0,16.0,26.0,9.0
2017-12-18,10.0,1.0,13.0,65.0,12.0,2.0,73.0,43.0,0.0,25.0,14.0
2017-12-19,12.0,1.0,12.0,67.0,16.0,2.0,76.0,64.0,0.0,49.0,17.0
2017-12-20,14.0,1.0,11.0,66.0,17.0,2.0,73.0,48.0,5.0,50.0,18.0
2017-12-21,15.0,1.0,12.0,71.0,29.0,2.0,75.0,54.0,0.0,43.0,11.0
2017-12-22,10.0,1.0,11.0,72.0,24.0,2.0,69.0,88.0,0.0,51.0,9.0
2017-12-23,2.0,1.0,4.0,85.0,8.0,2.0,69.0,40.0,0.0,39.0,4.0
2017-12-24,2.0,1.0,2.0,86.0,4.0,2.0,62.0,40.0,0.0,36.0,3.0
2017-12-25,3.0,1.0,3.0,87.0,5.0,2.0,62.0,17.0,0.0,37.0,3.0
2017-12-26,9.0,1.0,9.0,78.0,4.0,2.0,74.0,72.0,20.0,55.0,9.0
2017-12-27,13.0,1.0,13.0,75.0,6.0,2.0,80.0,44.0,10.0,33.0,14.0
2017-12-28,14.0,1.0,10.0,74.0,10.0,2.0,81.0,61.0,0.0,41.0,10.0
2017-12-29,15.0,1.0,10.0,76.0,11.0,2.0,76.0,49.0,5.0,35.0,13.0
2017-12-30,4.0,1.0,2.0,82.0,5.0,2.0,81.0,37.0,0.0,22.0,4.0
2017-12-31,2.0,1.0,2.0,81.0,2.0,2.0,75.0,31.0,0.0,15.0,8.0
2018-01-01,3.0,1.0,2.0,78.0,8.0,2.0,80.0,46.0,0.0,18.0,5.0
2018-01-02,13.0,1.0,11.0,72.0,12.0,1.0,95.0,62.0,0.0,38.0,15.0
2018-01-03,15.0,1.0,20.0,68.0,6.0,2.0,90.0,65.0,0.0,31.0,19.0
2018-01-04,13.0,1.0,21.0,67.0,12.0,2.0,89.0,54.0,0.0,32.0,25.0
2018-01-05,15.0,1.0,11.0,69.0,13.0,2.0,89.0,70.0,5.0,37.0,15.0
2018-01-06,5.0,1.0,4.0,77.0,10.0,2.0,89.0,52.0,0.0,37.0,7.0
2018-01-07,4.0,1.0,3.0,76.0,8.0,2.0,86.0,42.0,0.0,31.0,9.0
2018-01-08,18.0,1.0,16.0,66.0,20.0,1.0,95.0,46.0,0.0,35.0,18.0
2018-01-09,18.0,1.0,11.0,66.0,17.0,2.0,92.0,64.0,0.0,52.0,10.0
2018-01-10,18.0,1.0,11.0,67.0,11.0,2.0,90.0,66.0,5.0,37.0,23.0
2018-01-11,17.0,1.0,11.0,66.0,15.0,2.0,92.0,64.0,0.0,50.0,14.0
2018-01-12,23.0,1.0,12.0,68.0,12.0,2.0,91.0,66.0,0.0,40.0,17.0
2018-01-13,7.0,1.0,2.0,77.0,10.0,1.0,89.0,51.0,15.0,33.0,8.0
2018-01-14,4.0,1.0,1.0,75.0,14.0,1.0,89.0,40.0,0.0,21.0,4.0
2018-01-15,7.0,1.0,5.0,65.0,11.0,2.0,90.0,33.0,13.0,29.0,7.0
2018-01-16,22.0,1.0,9.0,65.0,12.0,2.0,92.0,40.0,0.0,42.0,10.0
2018-01-17,16.0,1.0,10.0,65.0,23.0,3.0,89.0,42.0,4.0,39.0,14.0
2018-01-18,17.0,1.0,12.0,67.0,17.0,2.0,89.0,48.0,0.0,64.0,24.0
2018-01-19,20.0,1.0,10.0,70.0,21.0,2.0,91.0,65.0,0.0,44.0,30.0
2018-01-20,6.0,1.0,3.0,79.0,11.0,2.0,87.0,48.0,0.0,33.0,6.0
2018-01-21,4.0,1.0,2.0,77.0,12.0,1.0,92.0,33.0,0.0,34.0,6.0
2018-01-22,21.0,1.0,9.0,64.0,17.0,2.0,89.0,47.0,9.0,37.0,20.0
2018-01-23,24.0,1.0,14.0,67.0,15.0,2.0,90.0,38.0,0.0,34.0,10.0
2018-01-24,23.0,1.0,12.0,65.0,13.0,1.0,92.0,39.0,0.0,35.0,23.0
2018-01-25,22.0,1.0,15.0,70.0,8.0,2.0,92.0,60.0,0.0,36.0,59.0
2018-01-26,25.0,1.0,11.0,71.0,19.0,2.0,88.0,72.0,0.0,30.0,71.0
2018-01-27,9.0,1.0,4.0,82.0,6.0,2.0,88.0,27.0,0.0,24.0,10.0
2018-01-28,4.0,1.0,3.0,80.0,12.0,1.0,92.0,28.0,0.0,42.0,5.0
2018-01-29,26.0,1.0,11.0,66.0,12.0,2.0,93.0,47.0,0.0,41.0,24.0
2018-01-30,33.0,1.0,10.0,66.0,15.0,2.0,91.0,48.0,4.0,38.0,26.0
2018-01-31,40.0,1.0,14.0,64.0,15.0,2.0,89.0,46.0,0.0,41.0,15.0
2018-02-01,67.0,1.0,11.0,65.0,11.0,2.0,90.0,43.0,0.0,34.0,23.0
2018-02-02,76.0,1.0,10.0,70.0,10.0,2.0,87.0,49.0,0.0,37.0,20.0
2018-02-03,15.0,1.0,3.0,77.0,8.0,2.0,87.0,46.0,0.0,22.0,9.0
2018-02-04,7.0,1.0,4.0,75.0,4.0,2.0,88.0,42.0,0.0,27.0,6.0
2018-02-05,40.0,1.0,12.0,64.0,9.0,2.0,89.0,45.0,0.0,30.0,13.0
2018-02-06,48.0,1.0,21.0,65.0,16.0,2.0,91.0,52.0,0.0,36.0,31.0
2018-02-07,30.0,1.0,30.0,64.0,13.0,2.0,92.0,46.0,0.0,28.0,25.0
2018-02-08,35.0,1.0,34.0,67.0,18.0,2.0,91.0,53.0,4.0,25.0,14.0
2018-02-09,37.0,1.0,22.0,67.0,13.0,2.0,85.0,75.0,0.0,34.0,16.0
2018-02-10,10.0,1.0,4.0,77.0,2.0,2.0,86.0,34.0,0.0,27.0,9.0
2018-02-11,5.0,1.0,3.0,78.0,9.0,2.0,86.0,28.0,0.0,21.0,9.0
2018-02-12,30.0,1.0,12.0,68.0,12.0,2.0,90.0,42.0,0.0,46.0,12.0
2018-02-13,28.0,1.0,13.0,66.0,13.0,2.0,92.0,49.0,0.0,30.0,14.0
2018-02-14,26.0,1.0,10.0,64.0,7.0,2.0,81.0,56.0,0.0,18.0,12.0
2018-02-15,26.0,1.0,10.0,68.0,9.0,2.0,86.0,37.0,0.0,37.0,20.0
2018-02-16,24.0,1.0,10.0,68.0,14.0,2.0,84.0,56.0,0.0,32.0,26.0
2018-02-17,5.0,1.0,3.0,78.0,4.0,2.0,87.0,22.0,0.0,22.0,6.0
2018-02-18,3.0,1.0,1.0,76.0,11.0,1.0,92.0,22.0,0.0,16.0,4.0
2018-02-19,8.0,1.0,4.0,65.0,8.0,2.0,92.0,27.0,0.0,33.0,2.0
2018-02-20,20.0,1.0,9.0,66.0,10.0,2.0,94.0,41.0,0.0,28.0,17.0
2018-02-21,23.0,1.0,9.0,63.0,12.0,2.0,91.0,56.0,0.0,29.0,20.0
2018-02-22,25.0,1.0,12.0,64.0,5.0,2.0,92.0,50.0,0.0,32.0,15.0
2018-02-23,22.0,1.0,10.0,69.0,9.0,2.0,87.0,53.0,0.0,33.0,16.0
2018-02-24,6.0,,3.0,77.0,5.0,1.0,84.0,43.0,0.0,26.0,5.0
2018-02-25,3.0,,3.0,76.0,10.0,2.0,87.0,26.0,0.0,19.0,3.0
2018-02-26,22.0,,9.0,64.0,6.0,1.0,91.0,34.0,0.0,30.0,16.0
2018-02-27,22.0,,9.0,64.0,11.0,2.0,90.0,47.0,76.0,37.0,18.0
2018-02-28,25.0,,11.0,63.0,7.0,2.0,87.0,60.0,33.0,24.0,13.0
2018-03-01,25.0,,11.0,67.0,14.0,2.0,92.0,80.0,25.0,33.0,9.0
2018-03-02,23.0,,10.0,69.0,10.0,2.0,86.0,67.0,18.0,30.0,14.0
2018-03-03,8.0,,3.0,79.0,4.0,2.0,85.0,38.0,0.0,36.0,15.0
2018-03-04,3.0,,2.0,78.0,7.0,2.0,89.0,52.0,0.0,35.0,5.0
2018-03-05,21.0,,10.0,64.0,5.0,2.0,90.0,49.0,8.0,28.0,15.0
2018-03-06,22.0,,6.0,64.0,5.0,2.0,88.0,40.0,8.0,55.0,11.0
2018-03-07,19.0,,10.0,65.0,11.0,2.0,92.0,48.0,0.0,47.0,22.0
2018-03-08,25.0,,8.0,67.0,11.0,2.0,90.0,89.0,51.0,38.0,4.0
2018-03-09,24.0,,8.0,70.0,7.0,2.0,88.0,61.0,27.0,38.0,9.0
2018-03-10,10.0,,3.0,78.0,4.0,2.0,89.0,11.0,9.0,36.0,5.0
2018-03-11,4.0,,1.0,79.0,7.0,2.0,83.0,31.0,9.0,16.0,10.0
2018-03-12,25.0,,11.0,65.0,5.0,2.0,88.0,53.0,8.0,35.0,16.0
2018-03-13,24.0,,9.0,64.0,11.0,2.0,91.0,40.0,8.0,36.0,9.0
2018-03-14,24.0,,11.0,66.0,4.0,2.0,89.0,47.0,8.0,24.0,9.0
2018-03-15,20.0,,9.0,67.0,8.0,2.0,88.0,48.0,0.0,39.0,13.0
2018-03-16,23.0,,9.0,69.0,7.0,1.0,84.0,35.0,9.0,36.0,2.0
2018-03-17,6.0,,3.0,79.0,11.0,2.0,89.0,39.0,9.0,29.0,5.0
2018-03-18,5.0,,1.0,79.0,7.0,2.0,85.0,26.0,19.0,24.0,2.0
2018-03-19,20.0,,12.0,64.0,8.0,2.0,93.0,37.0,8.0,38.0,26.0
2018-03-20,29.0,,11.0,64.0,8.0,2.0,93.0,47.0,25.0,29.0,11.0
2018-03-21,27.0,,13.0,66.0,11.0,2.0,89.0,40.0,17.0,31.0,20.0
2018-03-22,20.0,,14.0,67.0,18.0,3.0,87.0,31.0,8.0,29.0,6.0
2018-03-23,29.0,,9.0,72.0,12.0,3.0,89.0,29.0,9.0,40.0,9.0
2018-03-24,7.0,,4.0,80.0,4.0,2.0,89.0,23.0,0.0,28.0,3.0
2018-03-25,5.0,,3.0,79.0,10.0,2.0,90.0,27.0,0.0,25.0,3.0
2018-03-26,29.0,,14.0,68.0,6.0,2.0,90.0,37.0,26.0,45.0,9.0
2018-03-27,31.0,,22.0,69.0,13.0,2.0,91.0,27.0,26.0,29.0,13.0
2018-03-28,51.0,,46.0,69.0,8.0,2.0,93.0,42.0,8.0,29.0,23.0
2018-03-29,50.0,,46.0,70.0,7.0,2.0,86.0,54.0,27.0,33.0,5.0
2018-03-30,19.0,,25.0,75.0,8.0,2.0,89.0,47.0,9.0,26.0,5.0
2018-03-31,6.0,,10.0,81.0,6.0,2.0,86.0,28.0,10.0,29.0,8.0
2018-04-01,5.0,,6.0,80.0,6.0,2.0,80.0,12.0,0.0,19.0,8.0
2018-04-02,50.0,,45.0,68.0,7.0,2.0,98.0,33.0,9.0,40.0,21.0
2018-04-03,43.0,,42.0,65.0,8.0,2.0,89.0,34.0,17.0,23.0,18.0
2018-04-04,40.0,,34.0,67.0,5.0,2.0,91.0,54.0,43.0,31.0,11.0
2018-04-05,33.0,,25.0,66.0,8.0,3.0,90.0,38.0,0.0,25.0,16.0
2018-04-06,37.0,,30.0,68.0,9.0,2.0,86.0,29.0,18.0,27.0,14.0
2018-04-07,7.0,,5.0,77.0,4.0,2.0,84.0,27.0,0.0,28.0,8.0
2018-04-08,4.0,,4.0,78.0,11.0,2.0,89.0,43.0,9.0,25.0,3.0
2018-04-09,24.0,,21.0,64.0,8.0,2.0,95.0,54.0,8.0,39.0,6.0
2018-04-10,26.0,,22.0,64.0,8.0,2.0,90.0,48.0,0.0,27.0,20.0
2018-04-11,23.0,,20.0,65.0,10.0,2.0,91.0,31.0,25.0,38.0,6.0
2018-04-12,24.0,,18.0,66.0,9.0,2.0,89.0,62.0,0.0,49.0,16.0
2018-04-13,25.0,,18.0,68.0,10.0,2.0,85.0,39.0,18.0,27.0,7.0
2018-04-14,8.0,,8.0,77.0,5.0,2.0,82.0,32.0,10.0,23.0,3.0
2018-04-15,5.0,,6.0,76.0,6.0,1.0,91.0,27.0,9.0,29.0,5.0
2018-04-16,21.0,,17.0,64.0,8.0,2.0,91.0,44.0,17.0,25.0,16.0
2018-04-17,29.0,,23.0,65.0,13.0,2.0,90.0,40.0,17.0,37.0,24.0
2018-04-18,34.0,,16.0,66.0,7.0,2.0,93.0,27.0,18.0,29.0,29.0
2018-04-19,38.0,,15.0,67.0,18.0,2.0,91.0,42.0,18.0,37.0,2.0
2018-04-20,34.0,,10.0,66.0,8.0,2.0,83.0,57.0,9.0,27.0,21.0
2018-04-21,7.0,,5.0,77.0,6.0,2.0,80.0,48.0,0.0,17.0,11.0
2018-04-22,3.0,,3.0,77.0,8.0,2.0,93.0,23.0,0.0,30.0,3.0
2018-04-23,24.0,,15.0,63.0,14.0,2.0,92.0,43.0,17.0,33.0,9.0
2018-04-24,28.0,,14.0,66.0,8.0,2.0,88.0,47.0,17.0,42.0,11.0
2018-04-25,30.0,,14.0,64.0,6.0,2.0,90.0,48.0,8.0,31.0,23.0
2018-04-26,70.0,,15.0,65.0,12.0,2.0,90.0,65.0,43.0,25.0,27.0
2018-04-27,68.0,,13.0,70.0,10.0,3.0,85.0,58.0,27.0,17.0,19.0
2018-04-28,9.0,,3.0,80.0,1.0,2.0,87.0,28.0,0.0,25.0,8.0
2018-04-29,4.0,,5.0,76.0,8.0,3.0,87.0,16.0,0.0,15.0,5.0
2018-04-30,31.0,,17.0,68.0,5.0,3.0,90.0,42.0,18.0,20.0,11.0
2018-05-01,29.0,,17.0,70.0,6.0,2.0,93.0,68.0,9.0,21.0,7.0
2018-05-02,25.0,,40.0,66.0,8.0,2.0,92.0,41.0,26.0,25.0,13.0
2018-05-03,25.0,1.0,58.0,66.0,9.0,2.0,88.0,63.0,20.0,32.0,14.0
2018-05-04,24.0,1.0,30.0,68.0,8.0,3.0,84.0,42.0,12.0,30.0,13.0
2018-05-05,5.0,1.0,9.0,82.0,9.0,2.0,82.0,41.0,10.0,23.0,5.0
2018-05-06,5.0,1.0,5.0,80.0,8.0,2.0,83.0,21.0,15.0,26.0,9.0
2018-05-07,22.0,1.0,18.0,65.0,12.0,2.0,88.0,50.0,36.0,26.0,25.0
2018-05-08,25.0,1.0,19.0,66.0,10.0,2.0,91.0,55.0,35.0,30.0,24.0
2018-05-09,22.0,1.0,16.0,68.0,16.0,2.0,91.0,78.0,67.0,24.0,28.0
2018-05-10,21.0,1.0,18.0,67.0,11.0,2.0,90.0,62.0,100.0,28.0,11.0
2018-05-11,21.0,1.0,12.0,67.0,11.0,2.0,87.0,79.0,39.0,23.0,8.0
2018-05-12,5.0,1.0,6.0,79.0,5.0,2.0,82.0,44.0,14.0,34.0,6.0
2018-05-13,4.0,1.0,3.0,78.0,10.0,2.0,82.0,25.0,5.0,23.0,2.0
2018-05-14,18.0,1.0,15.0,66.0,7.0,2.0,89.0,48.0,20.0,22.0,5.0
2018-05-15,22.0,1.0,23.0,64.0,11.0,2.0,89.0,66.0,4.0,22.0,5.0
2018-05-16,20.0,1.0,18.0,65.0,21.0,2.0,88.0,54.0,30.0,33.0,7.0
2018-05-17,20.0,1.0,17.0,63.0,9.0,2.0,84.0,63.0,27.0,31.0,7.0
2018-05-18,17.0,1.0,13.0,65.0,9.0,2.0,83.0,39.0,24.0,30.0,8.0
2018-05-19,5.0,1.0,6.0,75.0,4.0,2.0,82.0,17.0,9.0,23.0,5.0
2018-05-20,4.0,1.0,5.0,77.0,3.0,2.0,87.0,25.0,9.0,22.0,4.0
2018-05-21,18.0,1.0,17.0,64.0,10.0,2.0,87.0,44.0,8.0,37.0,4.0
2018-05-22,15.0,1.0,21.0,63.0,11.0,2.0,90.0,65.0,8.0,33.0,16.0
2018-05-23,16.0,1.0,22.0,66.0,5.0,2.0,89.0,38.0,24.0,37.0,12.0
2018-05-24,21.0,1.0,17.0,68.0,11.0,3.0,86.0,48.0,12.0,52.0,11.0
2018-05-25,21.0,1.0,12.0,69.0,8.0,2.0,85.0,54.0,8.0,33.0,12.0
2018-05-26,4.0,1.0,4.0,79.0,5.0,2.0,79.0,34.0,0.0,33.0,5.0
2018-05-27,3.0,1.0,3.0,81.0,4.0,2.0,84.0,42.0,0.0,32.0,6.0
2018-05-28,5.0,1.0,3.0,69.0,12.0,2.0,80.0,35.0,4.0,38.0,3.0
2018-05-29,18.0,1.0,15.0,68.0,14.0,2.0,88.0,47.0,8.0,33.0,19.0
2018-05-30,20.0,1.0,19.0,67.0,16.0,2.0,86.0,34.0,12.0,33.0,17.0
2018-05-31,19.0,1.0,14.0,70.0,11.0,2.0,87.0,55.0,38.0,27.0,10.0
2018-06-01,17.0,1.0,13.0,70.0,12.0,2.0,85.0,40.0,0.0,23.0,10.0
2018-06-02,6.0,1.0,5.0,79.0,6.0,2.0,86.0,35.0,9.0,28.0,8.0
2018-06-03,3.0,1.0,3.0,78.0,6.0,2.0,89.0,26.0,9.0,26.0,3.0
2018-06-04,20.0,1.0,13.0,65.0,10.0,2.0,87.0,57.0,11.0,31.0,19.0
2018-06-05,26.0,1.0,22.0,65.0,14.0,2.0,90.0,41.0,20.0,36.0,30.0
2018-06-06,25.0,1.0,31.0,66.0,7.0,2.0,88.0,54.0,31.0,36.0,4.0
2018-06-07,20.0,1.0,28.0,67.0,8.0,2.0,89.0,39.0,32.0,32.0,8.0
2018-06-08,21.0,1.0,20.0,69.0,9.0,2.0,85.0,39.0,0.0,25.0,12.0
2018-06-09,6.0,1.0,5.0,81.0,11.0,2.0,84.0,36.0,4.0,33.0,5.0
2018-06-10,4.0,1.0,3.0,79.0,8.0,2.0,91.0,32.0,4.0,22.0,2.0
2018-06-11,14.0,1.0,19.0,66.0,14.0,2.0,90.0,41.0,11.0,37.0,26.0
2018-06-12,19.0,1.0,35.0,64.0,8.0,2.0,88.0,28.0,22.0,32.0,15.0
2018-06-13,15.0,1.0,29.0,66.0,7.0,2.0,90.0,42.0,4.0,27.0,4.0
2018-06-14,20.0,1.0,23.0,69.0,12.0,2.0,85.0,30.0,20.0,26.0,19.0
2018-06-15,23.0,1.0,23.0,75.0,8.0,2.0,79.0,46.0,8.0,23.0,11.0
2018-06-16,4.0,1.0,4.0,86.0,12.0,2.0,79.0,34.0,0.0,22.0,4.0
2018-06-17,3.0,1.0,6.0,85.0,4.0,2.0,83.0,21.0,13.0,22.0,3.0
2018-06-18,19.0,1.0,24.0,74.0,12.0,2.0,88.0,38.0,22.0,32.0,8.0
2018-06-19,23.0,1.0,28.0,72.0,11.0,2.0,84.0,52.0,15.0,24.0,21.0
2018-06-20,20.0,1.0,23.0,74.0,10.0,2.0,87.0,40.0,19.0,33.0,66.0
2018-06-21,26.0,1.0,21.0,73.0,9.0,2.0,85.0,29.0,15.0,41.0,55.0
2018-06-22,19.0,1.0,19.0,73.0,7.0,2.0,82.0,30.0,0.0,23.0,29.0
2018-06-23,6.0,1.0,7.0,84.0,5.0,2.0,84.0,22.0,0.0,33.0,5.0
2018-06-24,1.0,1.0,4.0,81.0,3.0,1.0,81.0,22.0,4.0,23.0,6.0
2018-06-25,23.0,1.0,17.0,68.0,11.0,2.0,86.0,34.0,0.0,33.0,23.0
2018-06-26,21.0,1.0,17.0,69.0,5.0,2.0,87.0,26.0,27.0,39.0,21.0
2018-06-27,20.0,1.0,17.0,68.0,7.0,3.0,87.0,62.0,8.0,44.0,10.0
2018-06-28,21.0,1.0,22.0,71.0,12.0,2.0,91.0,57.0,40.0,38.0,20.0
2018-06-29,23.0,1.0,18.0,74.0,29.0,4.0,86.0,28.0,12.0,46.0,24.0
2018-06-30,6.0,1.0,6.0,85.0,4.0,3.0,81.0,17.0,5.0,42.0,7.0
2018-07-01,3.0,1.0,6.0,85.0,7.0,2.0,85.0,35.0,0.0,36.0,6.0
2018-07-02,15.0,1.0,43.0,68.0,10.0,2.0,85.0,45.0,16.0,36.0,21.0
2018-07-03,16.0,1.0,35.0,70.0,6.0,2.0,85.0,44.0,9.0,34.0,19.0
2018-07-04,5.0,1.0,8.0,73.0,7.0,2.0,83.0,37.0,0.0,35.0,11.0
2018-07-05,15.0,1.0,28.0,71.0,5.0,2.0,84.0,42.0,21.0,37.0,10.0
2018-07-06,16.0,1.0,23.0,72.0,8.0,2.0,78.0,58.0,11.0,30.0,18.0
2018-07-07,6.0,1.0,6.0,83.0,7.0,2.0,81.0,28.0,0.0,38.0,6.0
2018-07-08,2.0,1.0,5.0,82.0,6.0,2.0,86.0,28.0,0.0,26.0,4.0
2018-07-09,20.0,1.0,19.0,67.0,8.0,2.0,87.0,44.0,23.0,26.0,22.0
2018-07-10,21.0,1.0,25.0,65.0,14.0,2.0,86.0,48.0,8.0,31.0,20.0
2018-07-11,21.0,1.0,17.0,67.0,7.0,2.0,89.0,41.0,11.0,41.0,20.0
2018-07-12,25.0,1.0,18.0,68.0,11.0,2.0,88.0,56.0,20.0,29.0,18.0
2018-07-13,29.0,1.0,13.0,72.0,3.0,2.0,86.0,74.0,8.0,31.0,22.0
2018-07-14,8.0,1.0,6.0,83.0,4.0,2.0,86.0,42.0,14.0,47.0,9.0
2018-07-15,4.0,1.0,4.0,85.0,7.0,2.0,83.0,27.0,0.0,28.0,1.0
2018-07-16,37.0,1.0,25.0,70.0,7.0,2.0,90.0,40.0,19.0,30.0,21.0
2018-07-17,40.0,1.0,21.0,68.0,4.0,2.0,90.0,29.0,28.0,42.0,22.0
2018-07-18,33.0,1.0,18.0,70.0,9.0,2.0,92.0,32.0,8.0,28.0,33.0
2018-07-19,24.0,1.0,19.0,68.0,7.0,2.0,88.0,39.0,11.0,34.0,13.0
2018-07-20,26.0,1.0,17.0,72.0,9.0,2.0,89.0,42.0,4.0,32.0,17.0
2018-07-21,7.0,1.0,5.0,80.0,3.0,2.0,83.0,27.0,5.0,22.0,8.0
2018-07-22,4.0,1.0,4.0,82.0,7.0,2.0,94.0,27.0,0.0,37.0,3.0
2018-07-23,26.0,1.0,32.0,73.0,6.0,2.0,90.0,49.0,28.0,44.0,14.0
2018-07-24,30.0,1.0,30.0,68.0,9.0,2.0,92.0,26.0,11.0,40.0,22.0
2018-07-25,32.0,1.0,23.0,69.0,9.0,2.0,89.0,35.0,29.0,50.0,25.0
2018-07-26,87.0,1.0,22.0,71.0,11.0,2.0,88.0,50.0,24.0,46.0,45.0
2018-07-27,76.0,1.0,23.0,72.0,7.0,2.0,86.0,41.0,14.0,42.0,41.0
2018-07-28,11.0,1.0,6.0,85.0,5.0,2.0,85.0,40.0,0.0,42.0,16.0
2018-07-29,7.0,1.0,4.0,81.0,3.0,2.0,88.0,30.0,0.0,28.0,4.0
2018-07-30,37.0,1.0,18.0,69.0,11.0,2.0,92.0,56.0,13.0,44.0,11.0
2018-07-31,33.0,1.0,30.0,68.0,13.0,2.0,90.0,71.0,23.0,34.0,15.0
2018-08-01,29.0,1.0,65.0,69.0,8.0,2.0,93.0,53.0,32.0,51.0,9.0
2018-08-02,32.0,1.0,68.0,69.0,12.0,2.0,91.0,39.0,39.0,47.0,21.0
2018-08-03,29.0,1.0,34.0,72.0,6.0,2.0,90.0,63.0,4.0,55.0,17.0
2018-08-04,7.0,1.0,8.0,82.0,6.0,2.0,87.0,23.0,0.0,45.0,8.0
2018-08-05,4.0,1.0,7.0,82.0,1.0,2.0,90.0,31.0,4.0,44.0,12.0
2018-08-06,22.0,1.0,23.0,69.0,7.0,2.0,92.0,28.0,12.0,44.0,20.0
2018-08-07,27.0,1.0,86.0,69.0,5.0,2.0,88.0,40.0,30.0,50.0,12.0
2018-08-08,30.0,1.0,78.0,71.0,13.0,2.0,90.0,44.0,67.0,53.0,10.0
2018-08-09,29.0,1.0,51.0,71.0,8.0,2.0,91.0,56.0,78.0,50.0,8.0
2018-08-10,26.0,1.0,45.0,72.0,6.0,2.0,86.0,52.0,25.0,53.0,9.0
2018-08-11,6.0,1.0,12.0,83.0,6.0,2.0,84.0,37.0,28.0,25.0,1.0
2018-08-12,5.0,,9.0,84.0,4.0,2.0,84.0,10.0,0.0,44.0,2.0
2018-08-13,28.0,,41.0,71.0,8.0,2.0,88.0,35.0,15.0,48.0,8.0
2018-08-14,32.0,,34.0,73.0,12.0,2.0,90.0,60.0,44.0,61.0,16.0
2018-08-15,32.0,,35.0,72.0,5.0,2.0,87.0,42.0,15.0,39.0,18.0
2018-08-16,23.0,,28.0,72.0,8.0,2.0,90.0,58.0,15.0,63.0,18.0
2018-08-17,27.0,,54.0,76.0,4.0,3.0,86.0,22.0,15.0,60.0,22.0
2018-08-18,7.0,,15.0,84.0,1.0,2.0,83.0,11.0,0.0,52.0,7.0
2018-08-19,5.0,,8.0,84.0,7.0,2.0,83.0,29.0,17.0,49.0,7.0
2018-08-20,20.0,,55.0,68.0,11.0,2.0,89.0,80.0,15.0,50.0,13.0
2018-08-21,23.0,,39.0,70.0,12.0,2.0,86.0,63.0,0.0,51.0,17.0
2018-08-22,22.0,,27.0,71.0,8.0,2.0,88.0,71.0,37.0,79.0,18.0
2018-08-23,27.0,,29.0,69.0,11.0,2.0,86.0,35.0,7.0,63.0,13.0
2018-08-24,20.0,,20.0,72.0,6.0,2.0,84.0,56.0,0.0,43.0,28.0
2018-08-25,5.0,,18.0,84.0,8.0,2.0,79.0,47.0,0.0,34.0,9.0
2018-08-26,3.0,,8.0,80.0,12.0,2.0,82.0,33.0,0.0,25.0,0.0
2018-08-27,26.0,,38.0,71.0,14.0,2.0,86.0,37.0,15.0,59.0,16.0
2018-08-28,24.0,,29.0,70.0,7.0,2.0,87.0,34.0,15.0,52.0,10.0
2018-08-29,39.0,,27.0,70.0,12.0,2.0,87.0,31.0,15.0,52.0,6.0
2018-08-30,47.0,,20.0,68.0,8.0,2.0,86.0,57.0,29.0,55.0,12.0
2018-08-31,33.0,,21.0,71.0,10.0,2.0,83.0,55.0,30.0,48.0,23.0
2018-09-01,6.0,,6.0,81.0,8.0,2.0,83.0,35.0,8.0,37.0,14.0
2018-09-02,4.0,,3.0,82.0,8.0,2.0,81.0,35.0,8.0,57.0,2.0
2018-09-03,10.0,,5.0,70.0,8.0,1.0,82.0,22.0,0.0,35.0,10.0
2018-09-04,41.0,,21.0,65.0,91.0,2.0,82.0,46.0,7.0,68.0,10.0
2018-09-05,33.0,,29.0,65.0,100.0,2.0,90.0,68.0,15.0,62.0,6.0
2018-09-06,30.0,,24.0,66.0,55.0,1.0,86.0,73.0,21.0,54.0,10.0
2018-09-07,33.0,,83.0,71.0,43.0,2.0,80.0,90.0,23.0,68.0,17.0
2018-09-08,9.0,,27.0,82.0,22.0,2.0,79.0,46.0,0.0,61.0,9.0
2018-09-09,6.0,,10.0,80.0,10.0,2.0,81.0,24.0,0.0,69.0,7.0
2018-09-10,25.0,,41.0,69.0,18.0,2.0,84.0,48.0,0.0,71.0,12.0
2018-09-11,27.0,,36.0,65.0,27.0,2.0,81.0,42.0,0.0,73.0,16.0
2018-09-12,24.0,,30.0,66.0,23.0,2.0,84.0,46.0,15.0,55.0,12.0
2018-09-13,28.0,,29.0,71.0,25.0,2.0,83.0,43.0,0.0,58.0,20.0
2018-09-14,24.0,,22.0,68.0,23.0,2.0,79.0,38.0,15.0,53.0,17.0
2018-09-15,5.0,,7.0,79.0,14.0,2.0,80.0,35.0,8.0,44.0,7.0
2018-09-16,4.0,,6.0,79.0,8.0,2.0,83.0,32.0,8.0,48.0,9.0
2018-09-17,24.0,,24.0,64.0,21.0,2.0,85.0,76.0,14.0,35.0,12.0
2018-09-18,23.0,,39.0,66.0,10.0,2.0,82.0,39.0,0.0,61.0,12.0
2018-09-19,26.0,,27.0,64.0,16.0,2.0,85.0,54.0,7.0,41.0,10.0
2018-09-20,28.0,,27.0,65.0,8.0,2.0,84.0,46.0,35.0,44.0,10.0
2018-09-21,27.0,,19.0,65.0,18.0,2.0,82.0,66.0,0.0,70.0,17.0
2018-09-22,5.0,,9.0,72.0,7.0,2.0,82.0,32.0,8.0,60.0,14.0
2018-09-23,4.0,,3.0,74.0,4.0,2.0,83.0,48.0,0.0,42.0,9.0
2018-09-24,22.0,,19.0,60.0,14.0,2.0,83.0,55.0,7.0,40.0,20.0
2018-09-25,31.0,,17.0,60.0,24.0,2.0,82.0,54.0,7.0,45.0,10.0
2018-09-26,23.0,,24.0,59.0,30.0,2.0,81.0,51.0,7.0,48.0,27.0
2018-09-27,28.0,,48.0,61.0,15.0,2.0,81.0,58.0,0.0,41.0,8.0
2018-09-28,30.0,,100.0,64.0,9.0,2.0,76.0,35.0,7.0,30.0,11.0
2018-09-29,7.0,,33.0,73.0,7.0,2.0,78.0,29.0,17.0,24.0,5.0
2018-09-30,4.0,,21.0,71.0,4.0,2.0,81.0,38.0,0.0,35.0,2.0
2018-10-01,25.0,,83.0,61.0,12.0,2.0,86.0,34.0,7.0,33.0,6.0
2018-10-02,26.0,,55.0,63.0,10.0,2.0,87.0,48.0,15.0,37.0,12.0
2018-10-03,27.0,,38.0,62.0,14.0,3.0,83.0,56.0,7.0,48.0,14.0
2018-10-04,27.0,,32.0,61.0,10.0,2.0,89.0,47.0,7.0,32.0,18.0
2018-10-05,31.0,,47.0,65.0,16.0,2.0,79.0,52.0,30.0,41.0,11.0
2018-10-06,6.0,,13.0,71.0,7.0,2.0,79.0,35.0,17.0,46.0,0.0
2018-10-07,5.0,,9.0,69.0,5.0,2.0,76.0,54.0,0.0,32.0,0.0
2018-10-08,28.0,,37.0,59.0,11.0,2.0,82.0,48.0,0.0,39.0,12.0
2018-10-09,28.0,,43.0,65.0,6.0,2.0,87.0,24.0,7.0,28.0,23.0
2018-10-10,40.0,,45.0,60.0,12.0,2.0,86.0,53.0,22.0,34.0,18.0
2018-10-11,63.0,,35.0,61.0,19.0,2.0,84.0,38.0,22.0,57.0,22.0
2018-10-12,54.0,,27.0,62.0,16.0,2.0,81.0,53.0,7.0,43.0,11.0
2018-10-13,8.0,,9.0,73.0,7.0,2.0,79.0,51.0,8.0,28.0,0.0
2018-10-14,8.0,,6.0,71.0,0.0,2.0,86.0,14.0,0.0,30.0,5.0
2018-10-15,31.0,,25.0,60.0,15.0,2.0,88.0,44.0,7.0,38.0,10.0
2018-10-16,27.0,,29.0,59.0,10.0,2.0,83.0,37.0,0.0,46.0,10.0
2018-10-17,38.0,,32.0,62.0,7.0,2.0,86.0,40.0,15.0,32.0,14.0
2018-10-18,30.0,,22.0,63.0,9.0,2.0,84.0,48.0,0.0,30.0,15.0
2018-10-19,32.0,1.0,29.0,63.0,5.0,2.0,77.0,37.0,4.0,27.0,9.0
2018-10-20,6.0,1.0,7.0,73.0,7.0,2.0,77.0,7.0,0.0,24.0,7.0
2018-10-21,4.0,1.0,4.0,73.0,9.0,2.0,79.0,35.0,3.0,19.0,0.0
2018-10-22,26.0,1.0,21.0,61.0,13.0,2.0,83.0,66.0,0.0,35.0,8.0
2018-10-23,31.0,1.0,52.0,63.0,7.0,2.0,87.0,43.0,0.0,36.0,11.0
2018-10-24,38.0,1.0,85.0,63.0,12.0,2.0,79.0,30.0,3.0,30.0,7.0
2018-10-25,91.0,1.0,76.0,66.0,11.0,2.0,84.0,50.0,22.0,19.0,11.0
2018-10-26,100.0,1.0,47.0,68.0,14.0,2.0,78.0,45.0,24.0,23.0,7.0
2018-10-27,11.0,1.0,14.0,81.0,6.0,2.0,77.0,22.0,0.0,32.0,4.0
2018-10-28,6.0,1.0,6.0,74.0,6.0,2.0,80.0,19.0,10.0,26.0,0.0
2018-10-29,46.0,1.0,35.0,68.0,9.0,2.0,86.0,39.0,6.0,39.0,7.0
2018-10-30,63.0,1.0,31.0,65.0,9.0,2.0,82.0,37.0,6.0,24.0,11.0
2018-10-31,53.0,1.0,30.0,68.0,9.0,2.0,81.0,38.0,19.0,37.0,19.0
2018-11-01,48.0,1.0,30.0,68.0,8.0,2.0,79.0,56.0,4.0,52.0,54.0
2018-11-02,43.0,1.0,27.0,70.0,8.0,2.0,82.0,48.0,4.0,27.0,50.0
2018-11-03,8.0,1.0,7.0,76.0,8.0,2.0,78.0,44.0,6.0,25.0,8.0
2018-11-04,5.0,1.0,5.0,73.0,10.0,2.0,84.0,34.0,0.0,18.0,5.0
2018-11-05,32.0,1.0,24.0,63.0,10.0,2.0,85.0,45.0,38.0,33.0,15.0
2018-11-06,34.0,1.0,23.0,63.0,8.0,2.0,84.0,47.0,48.0,24.0,31.0
2018-11-07,40.0,1.0,24.0,60.0,10.0,2.0,84.0,82.0,15.0,16.0,38.0
2018-11-08,37.0,1.0,27.0,66.0,11.0,2.0,82.0,67.0,6.0,21.0,25.0
2018-11-09,28.0,1.0,19.0,69.0,10.0,2.0,81.0,53.0,14.0,16.0,15.0
2018-11-10,8.0,1.0,6.0,76.0,8.0,2.0,77.0,28.0,0.0,14.0,13.0
2018-11-11,6.0,1.0,3.0,78.0,8.0,1.0,79.0,27.0,3.0,29.0,8.0
2018-11-12,28.0,1.0,17.0,65.0,9.0,2.0,83.0,56.0,9.0,39.0,18.0
2018-11-13,35.0,1.0,21.0,65.0,10.0,2.0,83.0,47.0,0.0,36.0,19.0
2018-11-14,30.0,1.0,20.0,64.0,10.0,2.0,85.0,54.0,12.0,32.0,20.0
2018-11-15,36.0,1.0,20.0,67.0,14.0,2.0,86.0,47.0,9.0,27.0,24.0
2018-11-16,30.0,1.0,17.0,70.0,10.0,2.0,82.0,47.0,9.0,22.0,14.0
2018-11-17,8.0,1.0,7.0,79.0,8.0,2.0,79.0,42.0,0.0,31.0,9.0
2018-11-18,4.0,1.0,3.0,76.0,5.0,2.0,81.0,40.0,3.0,44.0,8.0
2018-11-19,38.0,1.0,20.0,65.0,9.0,2.0,87.0,72.0,16.0,36.0,7.0
2018-11-20,40.0,1.0,21.0,66.0,9.0,2.0,80.0,53.0,4.0,52.0,16.0
2018-11-21,34.0,1.0,16.0,67.0,8.0,2.0,80.0,42.0,13.0,49.0,10.0
2018-11-22,10.0,1.0,7.0,68.0,12.0,2.0,74.0,26.0,6.0,32.0,10.0
2018-11-23,21.0,1.0,13.0,68.0,17.0,2.0,75.0,34.0,7.0,38.0,12.0
2018-11-24,8.0,1.0,5.0,76.0,4.0,2.0,76.0,40.0,7.0,38.0,5.0
2018-11-25,6.0,1.0,3.0,73.0,9.0,2.0,77.0,23.0,0.0,28.0,7.0
2018-11-26,33.0,1.0,20.0,61.0,13.0,2.0,85.0,49.0,3.0,39.0,21.0
2018-11-27,34.0,1.0,20.0,62.0,12.0,2.0,85.0,51.0,9.0,34.0,17.0
2018-11-28,32.0,1.0,17.0,63.0,11.0,2.0,86.0,47.0,13.0,44.0,9.0
2018-11-29,40.0,1.0,15.0,66.0,13.0,3.0,86.0,39.0,15.0,44.0,28.0
2018-11-30,31.0,1.0,17.0,65.0,12.0,2.0,82.0,59.0,4.0,27.0,24.0
2018-12-01,9.0,1.0,5.0,74.0,9.0,2.0,78.0,41.0,7.0,28.0,11.0
2018-12-02,6.0,1.0,3.0,72.0,7.0,2.0,80.0,41.0,0.0,44.0,5.0
2018-12-03,38.0,1.0,21.0,60.0,7.0,2.0,83.0,74.0,4.0,43.0,11.0
2018-12-04,36.0,1.0,18.0,61.0,15.0,2.0,84.0,68.0,9.0,56.0,19.0
2018-12-05,18.0,1.0,14.0,62.0,15.0,2.0,83.0,43.0,5.0,30.0,10.0
2018-12-06,28.0,1.0,16.0,63.0,14.0,2.0,81.0,48.0,14.0,45.0,9.0
2018-12-07,34.0,1.0,24.0,65.0,12.0,2.0,78.0,42.0,3.0,43.0,9.0
2018-12-08,10.0,1.0,4.0,74.0,9.0,2.0,77.0,20.0,0.0,28.0,10.0
2018-12-09,4.0,1.0,4.0,71.0,9.0,2.0,77.0,41.0,7.0,33.0,1.0
2018-12-10,26.0,1.0,21.0,60.0,15.0,2.0,84.0,49.0,4.0,44.0,9.0
2018-12-11,29.0,1.0,18.0,60.0,13.0,2.0,80.0,43.0,24.0,43.0,18.0
2018-12-12,30.0,1.0,18.0,61.0,11.0,2.0,81.0,48.0,6.0,43.0,10.0
2018-12-13,28.0,1.0,21.0,63.0,12.0,2.0,80.0,47.0,7.0,43.0,11.0
2018-12-14,24.0,1.0,20.0,63.0,9.0,2.0,74.0,71.0,23.0,52.0,17.0
2018-12-15,8.0,1.0,6.0,73.0,10.0,2.0,76.0,35.0,0.0,54.0,7.0
2018-12-16,3.0,1.0,3.0,73.0,5.0,2.0,75.0,42.0,0.0,39.0,5.0
2018-12-17,28.0,1.0,13.0,61.0,10.0,2.0,79.0,48.0,12.0,50.0,11.0
2018-12-18,34.0,1.0,17.0,61.0,15.0,2.0,80.0,57.0,6.0,38.0,17.0
2018-12-19,28.0,1.0,18.0,62.0,13.0,2.0,79.0,39.0,4.0,53.0,9.0
2018-12-20,36.0,1.0,21.0,62.0,18.0,2.0,77.0,55.0,17.0,45.0,10.0
2018-12-21,38.0,1.0,20.0,65.0,26.0,1.0,71.0,40.0,0.0,47.0,27.0
2018-12-22,13.0,1.0,6.0,76.0,7.0,2.0,70.0,30.0,0.0,73.0,4.0
2018-12-23,5.0,1.0,3.0,74.0,4.0,2.0,69.0,24.0,0.0,60.0,5.0
2018-12-24,31.0,1.0,16.0,73.0,13.0,2.0,69.0,28.0,0.0,53.0,14.0
2018-12-25,13.0,1.0,7.0,78.0,4.0,2.0,62.0,22.0,8.0,56.0,9.0
2018-12-26,36.0,1.0,19.0,71.0,12.0,2.0,75.0,26.0,4.0,47.0,19.0
2018-12-27,41.0,1.0,22.0,66.0,11.0,2.0,77.0,67.0,14.0,47.0,9.0
2018-12-28,34.0,1.0,19.0,66.0,8.0,2.0,83.0,45.0,11.0,51.0,15.0
2018-12-29,9.0,1.0,7.0,71.0,2.0,2.0,80.0,37.0,3.0,41.0,7.0
2018-12-30,8.0,1.0,3.0,73.0,2.0,2.0,80.0,22.0,4.0,27.0,1.0
2018-12-31,26.0,1.0,17.0,79.0,11.0,2.0,78.0,39.0,7.0,36.0,8.0
2019-01-01,10.0,1.0,6.0,76.0,8.0,2.0,80.0,24.0,3.0,35.0,4.0
2019-01-02,33.0,1.0,34.0,66.0,11.0,2.0,93.0,57.0,4.0,50.0,8.0
2019-01-03,41.0,1.0,25.0,63.0,8.0,2.0,92.0,64.0,0.0,41.0,18.0
2019-01-04,43.0,1.0,24.0,64.0,16.0,2.0,95.0,40.0,13.0,37.0,9.0
2019-01-05,8.0,1.0,6.0,70.0,5.0,2.0,91.0,41.0,0.0,43.0,6.0
2019-01-06,6.0,1.0,3.0,71.0,8.0,2.0,93.0,40.0,3.0,54.0,5.0
2019-01-07,35.0,1.0,20.0,61.0,10.0,2.0,96.0,64.0,4.0,60.0,16.0
2019-01-08,36.0,1.0,18.0,60.0,10.0,2.0,91.0,44.0,19.0,64.0,15.0
2019-01-09,40.0,1.0,17.0,60.0,12.0,2.0,98.0,54.0,3.0,59.0,14.0
2019-01-10,38.0,1.0,15.0,61.0,12.0,2.0,96.0,57.0,0.0,61.0,12.0
2019-01-11,28.0,1.0,17.0,63.0,7.0,2.0,94.0,35.0,0.0,75.0,15.0
2019-01-12,12.0,1.0,5.0,69.0,8.0,2.0,90.0,40.0,7.0,51.0,1.0
2019-01-13,4.0,1.0,3.0,68.0,4.0,2.0,95.0,27.0,0.0,42.0,1.0
2019-01-14,23.0,1.0,13.0,59.0,16.0,1.0,93.0,36.0,4.0,49.0,12.0
2019-01-15,25.0,1.0,13.0,59.0,11.0,2.0,94.0,28.0,4.0,55.0,10.0
2019-01-16,32.0,1.0,17.0,60.0,13.0,2.0,95.0,64.0,9.0,57.0,18.0
2019-01-17,29.0,1.0,12.0,59.0,10.0,2.0,95.0,37.0,19.0,52.0,16.0
2019-01-18,27.0,1.0,37.0,59.0,14.0,2.0,93.0,46.0,14.0,57.0,10.0
2019-01-19,6.0,1.0,9.0,68.0,3.0,2.0,90.0,33.0,0.0,59.0,6.0
2019-01-20,6.0,1.0,5.0,68.0,6.0,2.0,87.0,26.0,0.0,37.0,5.0
2019-01-21,10.0,1.0,11.0,60.0,7.0,1.0,91.0,24.0,3.0,61.0,12.0
2019-01-22,22.0,1.0,23.0,59.0,10.0,2.0,94.0,30.0,6.0,55.0,11.0
2019-01-23,25.0,1.0,26.0,58.0,15.0,2.0,90.0,47.0,0.0,42.0,13.0
2019-01-24,25.0,1.0,24.0,60.0,11.0,2.0,95.0,51.0,13.0,57.0,45.0
2019-01-25,23.0,1.0,20.0,64.0,6.0,1.0,92.0,64.0,19.0,47.0,45.0
2019-01-26,8.0,1.0,5.0,72.0,8.0,2.0,90.0,44.0,11.0,40.0,8.0
2019-01-27,6.0,1.0,4.0,68.0,9.0,2.0,93.0,34.0,0.0,37.0,12.0
2019-01-28,24.0,,20.0,60.0,5.0,1.0,100.0,39.0,11.0,65.0,28.0
2019-01-29,24.0,,21.0,58.0,8.0,2.0,93.0,33.0,0.0,82.0,21.0
2019-01-30,37.0,,44.0,57.0,15.0,2.0,96.0,36.0,0.0,59.0,28.0
2019-01-31,70.0,,47.0,60.0,9.0,2.0,98.0,19.0,5.0,61.0,24.0
2019-02-01,67.0,,26.0,62.0,7.0,2.0,92.0,38.0,5.0,35.0,24.0
2019-02-02,12.0,,8.0,69.0,4.0,2.0,89.0,35.0,6.0,56.0,5.0
2019-02-03,4.0,,3.0,68.0,7.0,2.0,92.0,24.0,0.0,51.0,7.0
2019-02-04,29.0,,20.0,59.0,9.0,2.0,94.0,77.0,11.0,64.0,22.0
2019-02-05,33.0,,24.0,57.0,9.0,2.0,98.0,58.0,22.0,57.0,22.0
2019-02-06,25.0,,20.0,60.0,15.0,2.0,95.0,52.0,11.0,40.0,39.0
2019-02-07,24.0,,16.0,57.0,10.0,2.0,93.0,46.0,0.0,37.0,15.0
2019-02-08,27.0,,20.0,60.0,4.0,2.0,94.0,32.0,5.0,45.0,14.0
2019-02-09,7.0,,8.0,66.0,6.0,2.0,93.0,31.0,0.0,43.0,10.0
2019-02-10,4.0,,4.0,62.0,3.0,2.0,93.0,24.0,0.0,32.0,5.0
2019-02-11,24.0,,21.0,55.0,12.0,2.0,95.0,36.0,10.0,46.0,27.0
2019-02-12,26.0,,20.0,57.0,17.0,2.0,96.0,30.0,11.0,51.0,12.0
2019-02-13,27.0,,18.0,57.0,5.0,2.0,91.0,48.0,10.0,57.0,21.0
2019-02-14,24.0,,17.0,58.0,10.0,2.0,87.0,55.0,5.0,41.0,6.0
2019-02-15,22.0,,19.0,61.0,9.0,2.0,91.0,36.0,11.0,41.0,30.0
2019-02-16,8.0,,8.0,65.0,6.0,2.0,90.0,52.0,12.0,61.0,10.0
2019-02-17,7.0,,9.0,66.0,9.0,2.0,91.0,38.0,0.0,67.0,2.0
2019-02-18,8.0,,12.0,55.0,10.0,1.0,95.0,34.0,5.0,60.0,9.0
2019-02-19,23.0,,22.0,57.0,8.0,2.0,96.0,30.0,5.0,61.0,12.0
2019-02-20,22.0,,31.0,56.0,10.0,2.0,94.0,36.0,16.0,62.0,17.0
2019-02-21,19.0,,31.0,58.0,43.0,2.0,95.0,61.0,5.0,79.0,6.0
2019-02-22,20.0,,34.0,59.0,38.0,2.0,92.0,38.0,11.0,51.0,11.0
2019-02-23,7.0,,19.0,66.0,12.0,2.0,95.0,49.0,12.0,56.0,5.0
2019-02-24,6.0,,14.0,64.0,3.0,2.0,92.0,24.0,0.0,49.0,2.0
2019-02-25,19.0,,27.0,54.0,14.0,2.0,92.0,45.0,11.0,56.0,10.0
2019-02-26,22.0,,47.0,53.0,15.0,2.0,94.0,57.0,11.0,44.0,11.0
2019-02-27,18.0,,41.0,54.0,10.0,2.0,90.0,65.0,26.0,58.0,8.0
2019-02-28,20.0,,57.0,55.0,12.0,1.0,95.0,74.0,33.0,48.0,15.0
2019-03-01,23.0,,70.0,57.0,8.0,2.0,90.0,64.0,28.0,54.0,27.0
2019-03-02,9.0,,31.0,64.0,3.0,2.0,88.0,17.0,18.0,44.0,10.0
2019-03-03,8.0,,20.0,66.0,6.0,2.0,91.0,59.0,0.0,34.0,8.0
2019-03-04,26.0,,45.0,57.0,6.0,2.0,92.0,15.0,22.0,55.0,2.0
2019-03-05,21.0,,51.0,56.0,9.0,2.0,96.0,37.0,28.0,57.0,17.0
2019-03-06,21.0,,46.0,55.0,10.0,2.0,94.0,36.0,16.0,63.0,6.0
2019-03-07,18.0,,48.0,56.0,8.0,1.0,93.0,56.0,17.0,59.0,17.0
2019-03-08,20.0,,49.0,56.0,6.0,2.0,88.0,55.0,11.0,73.0,14.0
2019-03-09,8.0,,26.0,66.0,8.0,2.0,89.0,43.0,0.0,64.0,5.0
2019-03-10,3.0,,16.0,63.0,7.0,2.0,90.0,31.0,6.0,53.0,2.0
2019-03-11,19.0,,44.0,56.0,5.0,2.0,89.0,46.0,11.0,39.0,19.0
2019-03-12,16.0,,46.0,55.0,12.0,2.0,93.0,34.0,11.0,52.0,0.0
2019-03-13,23.0,,41.0,53.0,10.0,2.0,91.0,40.0,5.0,37.0,30.0
2019-03-14,22.0,,38.0,55.0,12.0,2.0,88.0,40.0,0.0,45.0,19.0
2019-03-15,22.0,,58.0,56.0,8.0,2.0,84.0,54.0,28.0,37.0,18.0
2019-03-16,8.0,,25.0,66.0,6.0,2.0,92.0,24.0,0.0,30.0,5.0
2019-03-17,7.0,,21.0,62.0,9.0,1.0,89.0,21.0,0.0,36.0,2.0
2019-03-18,24.0,,44.0,57.0,12.0,2.0,94.0,31.0,5.0,20.0,17.0
2019-03-19,27.0,,48.0,55.0,14.0,2.0,92.0,51.0,10.0,27.0,17.0
2019-03-20,22.0,,39.0,57.0,13.0,1.0,94.0,56.0,22.0,38.0,13.0
2019-03-21,25.0,,42.0,55.0,24.0,2.0,91.0,31.0,17.0,25.0,15.0
2019-03-22,26.0,,38.0,60.0,19.0,2.0,89.0,42.0,0.0,43.0,9.0
2019-03-23,10.0,,22.0,65.0,7.0,2.0,92.0,35.0,0.0,41.0,5.0
2019-03-24,7.0,,23.0,65.0,8.0,2.0,89.0,16.0,0.0,18.0,0.0
2019-03-25,22.0,,42.0,55.0,13.0,2.0,92.0,43.0,22.0,35.0,11.0
2019-03-26,22.0,,37.0,55.0,18.0,2.0,99.0,16.0,5.0,28.0,19.0
2019-03-27,21.0,,39.0,58.0,11.0,2.0,97.0,48.0,17.0,75.0,14.0
2019-03-28,23.0,,33.0,57.0,12.0,2.0,93.0,44.0,0.0,46.0,17.0
2019-03-29,19.0,,34.0,57.0,11.0,2.0,91.0,36.0,11.0,37.0,7.0
2019-03-30,8.0,,23.0,67.0,2.0,2.0,88.0,36.0,0.0,36.0,3.0
2019-03-31,8.0,,18.0,63.0,10.0,2.0,89.0,25.0,0.0,23.0,5.0
2019-04-01,18.0,,26.0,52.0,17.0,2.0,88.0,52.0,11.0,24.0,11.0
2019-04-02,25.0,,31.0,53.0,3.0,2.0,90.0,46.0,22.0,25.0,9.0
2019-04-03,24.0,,28.0,51.0,15.0,2.0,92.0,48.0,11.0,27.0,15.0
2019-04-04,22.0,,66.0,55.0,8.0,2.0,91.0,61.0,0.0,35.0,6.0
2019-04-05,23.0,,47.0,59.0,11.0,2.0,86.0,100.0,0.0,20.0,16.0
2019-04-06,7.0,1.0,15.0,61.0,8.0,2.0,82.0,35.0,5.0,29.0,7.0
2019-04-07,6.0,1.0,9.0,61.0,6.0,3.0,89.0,49.0,0.0,22.0,2.0
2019-04-08,22.0,1.0,25.0,53.0,14.0,2.0,94.0,35.0,13.0,35.0,17.0
2019-04-09,24.0,1.0,26.0,51.0,4.0,2.0,93.0,47.0,2.0,28.0,8.0
2019-04-10,19.0,1.0,27.0,53.0,15.0,2.0,91.0,40.0,12.0,34.0,8.0
2019-04-11,26.0,1.0,33.0,54.0,10.0,2.0,90.0,39.0,9.0,27.0,10.0
2019-04-12,22.0,1.0,31.0,57.0,9.0,2.0,85.0,51.0,7.0,21.0,12.0
2019-04-13,9.0,1.0,11.0,63.0,6.0,2.0,87.0,26.0,5.0,17.0,6.0
2019-04-14,6.0,1.0,11.0,63.0,6.0,2.0,89.0,44.0,0.0,24.0,0.0
2019-04-15,20.0,1.0,24.0,55.0,19.0,2.0,87.0,36.0,7.0,22.0,16.0
2019-04-16,21.0,1.0,24.0,54.0,13.0,2.0,91.0,42.0,3.0,22.0,14.0
2019-04-17,23.0,1.0,26.0,55.0,15.0,2.0,91.0,35.0,6.0,22.0,7.0
2019-04-18,22.0,1.0,23.0,58.0,12.0,2.0,87.0,49.0,3.0,29.0,23.0
2019-04-19,14.0,1.0,16.0,61.0,6.0,2.0,89.0,47.0,0.0,17.0,10.0
2019-04-20,7.0,1.0,12.0,63.0,6.0,2.0,86.0,21.0,0.0,27.0,3.0
2019-04-21,7.0,1.0,12.0,65.0,8.0,2.0,82.0,25.0,0.0,14.0,9.0
2019-04-22,26.0,1.0,40.0,58.0,9.0,2.0,90.0,46.0,0.0,24.0,13.0
2019-04-23,28.0,1.0,43.0,53.0,12.0,2.0,92.0,40.0,12.0,20.0,16.0
2019-04-24,29.0,1.0,63.0,54.0,11.0,2.0,91.0,46.0,2.0,29.0,17.0
2019-04-25,56.0,1.0,72.0,55.0,8.0,3.0,88.0,36.0,5.0,22.0,38.0
2019-04-26,52.0,1.0,56.0,57.0,11.0,2.0,87.0,63.0,6.0,38.0,40.0
2019-04-27,13.0,1.0,24.0,63.0,4.0,2.0,84.0,30.0,0.0,18.0,5.0
2019-04-28,7.0,1.0,14.0,63.0,4.0,2.0,89.0,34.0,3.0,22.0,4.0
2019-04-29,27.0,1.0,42.0,54.0,14.0,2.0,88.0,50.0,5.0,28.0,23.0
2019-04-30,24.0,1.0,34.0,54.0,11.0,2.0,91.0,24.0,3.0,33.0,6.0
2019-05-01,24.0,1.0,42.0,59.0,7.0,2.0,98.0,50.0,8.0,24.0,10.0
2019-05-02,24.0,1.0,45.0,54.0,18.0,2.0,92.0,43.0,3.0,17.0,21.0
2019-05-03,37.0,1.0,46.0,53.0,17.0,2.0,87.0,52.0,12.0,27.0,14.0
2019-05-04,14.0,1.0,18.0,61.0,11.0,2.0,87.0,23.0,0.0,25.0,2.0
2019-05-05,8.0,1.0,13.0,58.0,11.0,2.0,83.0,45.0,6.0,14.0,6.0
2019-05-06,30.0,1.0,32.0,50.0,15.0,2.0,90.0,39.0,18.0,25.0,17.0
2019-05-07,29.0,1.0,32.0,47.0,7.0,2.0,88.0,40.0,14.0,24.0,14.0
2019-05-08,23.0,1.0,29.0,49.0,11.0,2.0,88.0,50.0,9.0,18.0,14.0
2019-05-09,25.0,1.0,28.0,50.0,10.0,2.0,89.0,37.0,13.0,27.0,18.0
2019-05-10,28.0,1.0,30.0,50.0,16.0,2.0,87.0,54.0,19.0,37.0,11.0
2019-05-11,9.0,1.0,19.0,59.0,6.0,2.0,83.0,35.0,2.0,30.0,8.0
2019-05-12,6.0,1.0,12.0,58.0,8.0,2.0,81.0,22.0,3.0,18.0,8.0
2019-05-13,29.0,1.0,36.0,50.0,19.0,2.0,92.0,55.0,2.0,33.0,8.0
2019-05-14,28.0,1.0,32.0,51.0,8.0,2.0,92.0,50.0,4.0,21.0,21.0
2019-05-15,27.0,1.0,31.0,50.0,21.0,2.0,92.0,45.0,14.0,33.0,12.0
2019-05-16,29.0,1.0,32.0,50.0,11.0,2.0,86.0,62.0,9.0,27.0,12.0
2019-05-17,25.0,1.0,43.0,53.0,14.0,2.0,84.0,55.0,8.0,31.0,13.0
2019-05-18,9.0,1.0,19.0,60.0,8.0,2.0,84.0,49.0,0.0,16.0,4.0
2019-05-19,6.0,1.0,16.0,61.0,6.0,2.0,86.0,23.0,16.0,23.0,6.0
2019-05-20,25.0,1.0,63.0,52.0,13.0,2.0,89.0,47.0,5.0,28.0,16.0
2019-05-21,25.0,1.0,63.0,49.0,9.0,2.0,91.0,54.0,7.0,28.0,8.0
2019-05-22,22.0,1.0,61.0,50.0,15.0,2.0,88.0,50.0,2.0,55.0,15.0
2019-05-23,21.0,1.0,71.0,49.0,6.0,2.0,86.0,51.0,3.0,42.0,11.0
2019-05-24,20.0,1.0,58.0,53.0,15.0,2.0,82.0,48.0,10.0,30.0,11.0
2019-05-25,7.0,1.0,22.0,60.0,11.0,2.0,83.0,30.0,0.0,27.0,1.0
2019-05-26,7.0,1.0,17.0,59.0,6.0,2.0,81.0,24.0,0.0,28.0,4.0
2019-05-27,6.0,1.0,18.0,52.0,10.0,2.0,82.0,44.0,5.0,19.0,2.0
2019-05-28,22.0,1.0,42.0,48.0,10.0,2.0,88.0,44.0,5.0,29.0,7.0
2019-05-29,19.0,1.0,53.0,50.0,18.0,2.0,90.0,35.0,18.0,30.0,11.0
2019-05-30,18.0,1.0,45.0,49.0,10.0,2.0,89.0,28.0,5.0,23.0,12.0
2019-05-31,20.0,1.0,45.0,50.0,9.0,2.0,85.0,61.0,2.0,29.0,9.0
2019-06-01,7.0,1.0,24.0,58.0,3.0,2.0,85.0,31.0,7.0,18.0,9.0
2019-06-02,7.0,1.0,15.0,58.0,9.0,2.0,90.0,33.0,13.0,17.0,3.0
2019-06-03,29.0,1.0,37.0,49.0,7.0,2.0,87.0,47.0,4.0,25.0,19.0
2019-06-04,30.0,1.0,53.0,51.0,10.0,2.0,88.0,49.0,9.0,27.0,4.0
2019-06-05,21.0,1.0,45.0,53.0,13.0,2.0,88.0,36.0,7.0,23.0,20.0
2019-06-06,25.0,1.0,45.0,55.0,9.0,2.0,86.0,34.0,7.0,24.0,18.0
2019-06-07,22.0,1.0,38.0,58.0,11.0,2.0,86.0,31.0,5.0,24.0,17.0
2019-06-08,10.0,1.0,19.0,64.0,11.0,2.0,87.0,28.0,0.0,20.0,2.0
2019-06-09,7.0,1.0,14.0,62.0,8.0,2.0,84.0,32.0,0.0,23.0,11.0
2019-06-10,25.0,1.0,34.0,52.0,4.0,2.0,88.0,37.0,5.0,20.0,18.0
2019-06-11,21.0,1.0,43.0,53.0,4.0,2.0,87.0,74.0,6.0,28.0,20.0
2019-06-12,20.0,1.0,51.0,54.0,5.0,2.0,89.0,45.0,2.0,23.0,14.0
2019-06-13,20.0,1.0,36.0,53.0,12.0,2.0,86.0,41.0,0.0,28.0,22.0
2019-06-14,16.0,1.0,32.0,55.0,13.0,2.0,85.0,28.0,9.0,21.0,17.0
2019-06-15,5.0,1.0,15.0,62.0,5.0,2.0,85.0,25.0,2.0,25.0,16.0
2019-06-16,3.0,1.0,9.0,59.0,6.0,2.0,82.0,16.0,0.0,14.0,14.0
2019-06-17,20.0,1.0,36.0,55.0,11.0,2.0,89.0,40.0,0.0,28.0,20.0
2019-06-18,19.0,1.0,34.0,53.0,12.0,3.0,88.0,44.0,5.0,29.0,14.0
2019-06-19,21.0,1.0,29.0,52.0,11.0,2.0,88.0,57.0,12.0,24.0,22.0
2019-06-20,23.0,1.0,32.0,54.0,13.0,3.0,89.0,48.0,5.0,26.0,24.0
2019-06-21,15.0,1.0,29.0,55.0,5.0,2.0,84.0,52.0,5.0,28.0,23.0
2019-06-22,5.0,1.0,8.0,61.0,4.0,2.0,83.0,36.0,2.0,15.0,8.0
2019-06-23,4.0,1.0,7.0,63.0,2.0,2.0,85.0,33.0,0.0,22.0,5.0
2019-06-24,20.0,1.0,22.0,53.0,10.0,3.0,88.0,41.0,5.0,26.0,16.0
2019-06-25,19.0,1.0,22.0,51.0,13.0,3.0,90.0,45.0,2.0,22.0,32.0
2019-06-26,19.0,1.0,22.0,51.0,11.0,3.0,87.0,48.0,5.0,29.0,13.0
2019-06-27,16.0,1.0,22.0,52.0,18.0,3.0,83.0,51.0,4.0,29.0,16.0
2019-06-28,18.0,1.0,20.0,54.0,17.0,3.0,82.0,62.0,7.0,27.0,15.0
2019-06-29,3.0,1.0,9.0,60.0,9.0,3.0,83.0,40.0,0.0,28.0,18.0
2019-06-30,4.0,1.0,6.0,60.0,7.0,2.0,84.0,38.0,0.0,21.0,13.0
2019-07-01,17.0,1.0,20.0,51.0,11.0,2.0,87.0,51.0,7.0,21.0,18.0
2019-07-02,15.0,1.0,43.0,50.0,15.0,2.0,85.0,47.0,5.0,28.0,22.0
2019-07-03,16.0,1.0,51.0,52.0,13.0,2.0,84.0,56.0,0.0,36.0,29.0
2019-07-04,5.0,1.0,14.0,54.0,8.0,2.0,85.0,33.0,0.0,37.0,25.0
2019-07-05,14.0,1.0,22.0,55.0,10.0,2.0,84.0,22.0,7.0,37.0,21.0
2019-07-06,4.0,1.0,6.0,60.0,8.0,2.0,80.0,44.0,0.0,31.0,24.0
2019-07-07,3.0,1.0,9.0,59.0,6.0,2.0,84.0,35.0,6.0,29.0,21.0
2019-07-08,20.0,1.0,25.0,51.0,6.0,2.0,92.0,64.0,2.0,59.0,19.0
2019-07-09,20.0,1.0,21.0,50.0,13.0,2.0,89.0,55.0,7.0,56.0,27.0
2019-07-10,28.0,1.0,24.0,51.0,9.0,2.0,92.0,48.0,5.0,37.0,30.0
2019-07-11,22.0,1.0,23.0,51.0,6.0,2.0,86.0,59.0,0.0,49.0,26.0
2019-07-12,22.0,1.0,27.0,53.0,13.0,2.0,85.0,48.0,7.0,41.0,16.0
2019-07-13,8.0,1.0,8.0,62.0,1.0,2.0,85.0,29.0,3.0,38.0,15.0
2019-07-14,4.0,1.0,7.0,59.0,10.0,2.0,85.0,27.0,5.0,34.0,17.0
2019-07-15,19.0,1.0,27.0,54.0,11.0,2.0,90.0,37.0,4.0,31.0,24.0
2019-07-16,20.0,,28.0,50.0,4.0,2.0,92.0,54.0,8.0,38.0,15.0
2019-07-17,19.0,,25.0,50.0,6.0,2.0,94.0,26.0,4.0,42.0,30.0
2019-07-18,20.0,,23.0,52.0,5.0,2.0,92.0,46.0,8.0,27.0,20.0
2019-07-19,21.0,,18.0,54.0,8.0,2.0,87.0,36.0,4.0,30.0,32.0
2019-07-20,2.0,,9.0,58.0,5.0,2.0,87.0,8.0,0.0,34.0,7.0
2019-07-21,4.0,,5.0,58.0,7.0,2.0,87.0,33.0,0.0,31.0,3.0
2019-07-22,20.0,,20.0,50.0,14.0,2.0,92.0,41.0,4.0,31.0,15.0
2019-07-23,19.0,,25.0,52.0,11.0,2.0,94.0,41.0,0.0,46.0,15.0
2019-07-24,20.0,,53.0,52.0,14.0,2.0,88.0,22.0,4.0,29.0,29.0
2019-07-25,42.0,,79.0,51.0,11.0,2.0,86.0,37.0,8.0,32.0,44.0
2019-07-26,38.0,,39.0,52.0,3.0,3.0,85.0,48.0,9.0,34.0,68.0
2019-07-27,7.0,,9.0,61.0,9.0,2.0,87.0,30.0,0.0,41.0,12.0
2019-07-28,2.0,,6.0,59.0,4.0,2.0,88.0,16.0,0.0,32.0,7.0
2019-07-29,17.0,,24.0,51.0,8.0,3.0,92.0,53.0,0.0,28.0,31.0
2019-07-30,16.0,,25.0,50.0,12.0,2.0,95.0,53.0,0.0,41.0,16.0
2019-07-31,21.0,,25.0,50.0,14.0,3.0,88.0,36.0,4.0,37.0,31.0
2019-08-01,18.0,,23.0,50.0,3.0,2.0,87.0,49.0,4.0,45.0,20.0
2019-08-02,20.0,,24.0,52.0,8.0,2.0,85.0,48.0,4.0,55.0,16.0
2019-08-03,6.0,,8.0,60.0,7.0,2.0,89.0,53.0,4.0,38.0,10.0
2019-08-04,5.0,,4.0,58.0,4.0,2.0,90.0,19.0,0.0,39.0,10.0
2019-08-05,27.0,,19.0,48.0,14.0,2.0,87.0,26.0,0.0,48.0,18.0
2019-08-06,25.0,,22.0,50.0,8.0,2.0,87.0,44.0,0.0,46.0,24.0
2019-08-07,17.0,,19.0,50.0,6.0,2.0,87.0,29.0,12.0,37.0,13.0
2019-08-08,17.0,,22.0,50.0,12.0,2.0,87.0,43.0,16.0,46.0,24.0
2019-08-09,13.0,,16.0,51.0,8.0,2.0,87.0,40.0,0.0,47.0,22.0
2019-08-10,4.0,,7.0,56.0,4.0,2.0,89.0,25.0,4.0,31.0,3.0
2019-08-11,4.0,,5.0,57.0,7.0,2.0,86.0,25.0,4.0,24.0,7.0
2019-08-12,18.0,,16.0,50.0,8.0,2.0,91.0,33.0,8.0,34.0,11.0
2019-08-13,20.0,,16.0,52.0,15.0,2.0,91.0,30.0,4.0,29.0,17.0
2019-08-14,26.0,,23.0,53.0,4.0,2.0,93.0,48.0,8.0,21.0,33.0
2019-08-15,27.0,,22.0,50.0,8.0,2.0,86.0,24.0,12.0,21.0,29.0
2019-08-16,19.0,,16.0,53.0,17.0,2.0,86.0,41.0,4.0,30.0,14.0
2019-08-17,4.0,,3.0,61.0,10.0,2.0,86.0,29.0,0.0,38.0,24.0
2019-08-18,5.0,,6.0,62.0,2.0,2.0,89.0,30.0,0.0,18.0,15.0
2019-08-19,15.0,,16.0,51.0,9.0,2.0,85.0,55.0,8.0,41.0,27.0
2019-08-20,18.0,,18.0,49.0,8.0,2.0,94.0,80.0,12.0,36.0,34.0
2019-08-21,16.0,,20.0,50.0,12.0,2.0,94.0,49.0,4.0,100.0,8.0
2019-08-22,15.0,,17.0,51.0,6.0,2.0,92.0,45.0,8.0,57.0,26.0
2019-08-23,17.0,,15.0,52.0,12.0,2.0,86.0,66.0,0.0,61.0,13.0
2019-08-24,5.0,,7.0,57.0,4.0,2.0,87.0,32.0,0.0,35.0,12.0
2019-08-25,4.0,,6.0,58.0,10.0,2.0,85.0,33.0,0.0,39.0,12.0
2019-08-26,16.0,,15.0,47.0,19.0,2.0,86.0,44.0,0.0,40.0,16.0
2019-08-27,15.0,,18.0,48.0,7.0,2.0,88.0,25.0,8.0,54.0,19.0
2019-08-28,17.0,,17.0,49.0,14.0,2.0,92.0,25.0,4.0,32.0,19.0
2019-08-29,13.0,,15.0,49.0,13.0,2.0,87.0,33.0,4.0,43.0,10.0
2019-08-30,13.0,,24.0,49.0,12.0,2.0,86.0,47.0,4.0,31.0,15.0
2019-08-31,6.0,,6.0,54.0,2.0,2.0,84.0,31.0,0.0,27.0,2.0
2019-09-01,2.0,,4.0,55.0,7.0,2.0,83.0,38.0,0.0,33.0,7.0
2019-09-02,5.0,,6.0,49.0,8.0,2.0,83.0,47.0,0.0,35.0,8.0
2019-09-03,19.0,,18.0,47.0,12.0,2.0,86.0,49.0,0.0,47.0,16.0
2019-09-04,15.0,,17.0,45.0,16.0,2.0,88.0,47.0,8.0,36.0,43.0
2019-09-05,17.0,,14.0,47.0,14.0,2.0,87.0,29.0,15.0,39.0,18.0
2019-09-06,17.0,,13.0,47.0,14.0,2.0,87.0,40.0,20.0,40.0,40.0
2019-09-07,5.0,,6.0,54.0,5.0,3.0,81.0,56.0,4.0,51.0,2.0
2019-09-08,5.0,,3.0,54.0,5.0,2.0,87.0,29.0,0.0,56.0,10.0
2019-09-09,16.0,,15.0,45.0,13.0,2.0,90.0,41.0,7.0,40.0,10.0
2019-09-10,14.0,,19.0,45.0,13.0,2.0,86.0,51.0,7.0,30.0,22.0
2019-09-11,16.0,,14.0,46.0,9.0,2.0,88.0,51.0,0.0,32.0,26.0
2019-09-12,17.0,,17.0,47.0,6.0,2.0,91.0,43.0,0.0,35.0,24.0
2019-09-13,14.0,,17.0,48.0,8.0,2.0,90.0,45.0,8.0,42.0,21.0
2019-09-14,4.0,,6.0,54.0,3.0,2.0,84.0,25.0,0.0,30.0,5.0
2019-09-15,2.0,,4.0,54.0,5.0,2.0,83.0,30.0,4.0,20.0,5.0
2019-09-16,17.0,,21.0,46.0,16.0,2.0,92.0,56.0,11.0,36.0,16.0
2019-09-17,15.0,,13.0,45.0,11.0,2.0,88.0,39.0,4.0,43.0,22.0
2019-09-18,15.0,,14.0,46.0,6.0,2.0,88.0,40.0,7.0,37.0,20.0
2019-09-19,15.0,,10.0,47.0,7.0,2.0,88.0,36.0,8.0,28.0,18.0
2019-09-20,15.0,,13.0,49.0,4.0,3.0,85.0,35.0,8.0,26.0,15.0
2019-09-21,4.0,,6.0,56.0,5.0,2.0,82.0,21.0,4.0,29.0,10.0
2019-09-22,4.0,,4.0,53.0,5.0,2.0,87.0,30.0,4.0,32.0,12.0
2019-09-23,12.0,,11.0,45.0,11.0,3.0,88.0,39.0,4.0,37.0,16.0
2019-09-24,14.0,,17.0,45.0,39.0,2.0,93.0,48.0,7.0,30.0,22.0
2019-09-25,15.0,,17.0,46.0,29.0,2.0,91.0,53.0,0.0,59.0,14.0
2019-09-26,17.0,,23.0,47.0,17.0,2.0,84.0,38.0,4.0,32.0,16.0
2019-09-27,13.0,,22.0,48.0,9.0,2.0,84.0,37.0,0.0,26.0,29.0
2019-09-28,5.0,,6.0,58.0,7.0,2.0,83.0,29.0,0.0,30.0,10.0
2019-09-29,2.0,,6.0,54.0,10.0,2.0,84.0,28.0,0.0,20.0,5.0
2019-09-30,13.0,,14.0,45.0,16.0,2.0,88.0,27.0,0.0,29.0,20.0
2019-10-01,14.0,,13.0,45.0,16.0,2.0,89.0,35.0,0.0,26.0,30.0
2019-10-02,15.0,,21.0,45.0,17.0,2.0,85.0,46.0,4.0,20.0,28.0
2019-10-03,18.0,,27.0,46.0,21.0,2.0,89.0,52.0,0.0,38.0,14.0
2019-10-04,13.0,,15.0,47.0,16.0,2.0,87.0,35.0,0.0,23.0,13.0
2019-10-05,3.0,,2.0,53.0,6.0,2.0,84.0,18.0,4.0,33.0,12.0
2019-10-06,5.0,,4.0,51.0,5.0,2.0,83.0,37.0,0.0,23.0,9.0
2019-10-07,14.0,,14.0,46.0,20.0,2.0,86.0,33.0,11.0,42.0,16.0
2019-10-08,14.0,,16.0,46.0,10.0,2.0,89.0,49.0,0.0,17.0,18.0
2019-10-09,14.0,,19.0,47.0,7.0,2.0,90.0,36.0,4.0,24.0,6.0
2019-10-10,15.0,,15.0,47.0,7.0,2.0,87.0,37.0,4.0,37.0,10.0
2019-10-11,15.0,,13.0,49.0,22.0,2.0,85.0,50.0,8.0,25.0,6.0
2019-10-12,3.0,,5.0,54.0,5.0,2.0,81.0,33.0,0.0,27.0,10.0
2019-10-13,2.0,,3.0,54.0,3.0,2.0,81.0,41.0,0.0,22.0,7.0
2019-10-14,11.0,,18.0,47.0,9.0,2.0,87.0,29.0,4.0,28.0,8.0
2019-10-15,16.0,,17.0,47.0,13.0,2.0,88.0,58.0,4.0,42.0,18.0
2019-10-16,14.0,,17.0,46.0,17.0,2.0,91.0,49.0,4.0,38.0,12.0
2019-10-17,17.0,,18.0,47.0,10.0,2.0,91.0,65.0,4.0,29.0,22.0
2019-10-18,12.0,,19.0,49.0,9.0,2.0,82.0,44.0,4.0,24.0,8.0
2019-10-19,4.0,,5.0,54.0,10.0,2.0,83.0,41.0,0.0,31.0,9.0
2019-10-20,4.0,,2.0,54.0,6.0,2.0,89.0,20.0,0.0,14.0,9.0
2019-10-21,16.0,,14.0,44.0,14.0,2.0,90.0,37.0,7.0,24.0,16.0
2019-10-22,17.0,,19.0,45.0,14.0,2.0,90.0,34.0,0.0,29.0,25.0
2019-10-23,21.0,,50.0,47.0,14.0,3.0,87.0,35.0,7.0,30.0,18.0
2019-10-24,47.0,,79.0,47.0,21.0,2.0,88.0,37.0,4.0,26.0,26.0
2019-10-25,60.0,,50.0,49.0,9.0,2.0,87.0,67.0,15.0,30.0,21.0
2019-10-26,12.0,,16.0,54.0,5.0,2.0,78.0,25.0,4.0,76.0,10.0
2019-10-27,5.0,,6.0,52.0,6.0,2.0,81.0,35.0,0.0,22.0,9.0
2019-10-28,21.0,,34.0,47.0,8.0,2.0,86.0,37.0,0.0,48.0,16.0
2019-10-29,17.0,,31.0,47.0,10.0,2.0,84.0,51.0,4.0,38.0,24.0
2019-10-30,20.0,,20.0,47.0,14.0,2.0,85.0,33.0,4.0,49.0,37.0
2019-10-31,17.0,,19.0,49.0,9.0,2.0,84.0,45.0,0.0,53.0,60.0
2019-11-01,17.0,,22.0,51.0,15.0,3.0,85.0,54.0,0.0,45.0,19.0
2019-11-02,5.0,,5.0,56.0,8.0,2.0,86.0,47.0,0.0,23.0,18.0
2019-11-03,3.0,,2.0,55.0,14.0,2.0,82.0,40.0,0.0,26.0,5.0
2019-11-04,18.0,,26.0,48.0,20.0,3.0,88.0,50.0,4.0,41.0,22.0
2019-11-05,17.0,,19.0,46.0,10.0,2.0,85.0,44.0,4.0,28.0,26.0
2019-11-06,15.0,,21.0,47.0,16.0,2.0,89.0,42.0,11.0,33.0,30.0
2019-11-07,15.0,,23.0,47.0,13.0,2.0,85.0,64.0,41.0,35.0,16.0
2019-11-08,13.0,,19.0,49.0,10.0,2.0,85.0,54.0,30.0,35.0,24.0
2019-11-09,4.0,,6.0,56.0,6.0,2.0,77.0,39.0,4.0,40.0,18.0
2019-11-10,3.0,,5.0,52.0,6.0,2.0,81.0,49.0,0.0,18.0,7.0
2019-11-11,13.0,,21.0,48.0,11.0,2.0,90.0,37.0,7.0,41.0,18.0
2019-11-12,12.0,,28.0,46.0,10.0,2.0,87.0,33.0,18.0,29.0,39.0
2019-11-13,14.0,,25.0,46.0,14.0,2.0,85.0,43.0,7.0,34.0,22.0
2019-11-14,13.0,,23.0,47.0,11.0,3.0,87.0,50.0,0.0,26.0,31.0
2019-11-15,16.0,,20.0,49.0,22.0,2.0,85.0,53.0,4.0,27.0,37.0
2019-11-16,7.0,,7.0,55.0,8.0,2.0,87.0,35.0,0.0,33.0,7.0
2019-11-17,7.0,,4.0,54.0,10.0,2.0,90.0,22.0,0.0,26.0,12.0
2019-11-18,17.0,,19.0,46.0,14.0,2.0,89.0,41.0,0.0,35.0,16.0
2019-11-19,17.0,,22.0,47.0,17.0,2.0,88.0,70.0,4.0,62.0,12.0
2019-11-20,16.0,,20.0,45.0,8.0,2.0,91.0,60.0,7.0,74.0,20.0
2019-11-21,12.0,,26.0,47.0,10.0,2.0,88.0,62.0,15.0,53.0,8.0
2019-11-22,12.0,,68.0,49.0,8.0,2.0,87.0,46.0,0.0,50.0,15.0
2019-11-23,4.0,,25.0,54.0,11.0,2.0,83.0,45.0,4.0,29.0,5.0
2019-11-24,2.0,,13.0,50.0,6.0,2.0,80.0,14.0,4.0,24.0,0.0
2019-11-25,13.0,,35.0,47.0,10.0,2.0,86.0,62.0,7.0,41.0,12.0
2019-11-26,20.0,,25.0,47.0,13.0,2.0,86.0,26.0,4.0,41.0,6.0
2019-11-27,11.0,,20.0,47.0,14.0,3.0,78.0,33.0,15.0,40.0,16.0
2019-11-28,7.0,,8.0,47.0,12.0,3.0,75.0,20.0,4.0,32.0,4.0
2019-11-29,10.0,,13.0,51.0,10.0,2.0,76.0,34.0,15.0,40.0,19.0
2019-11-30,4.0,,6.0,54.0,6.0,2.0,75.0,37.0,8.0,24.0,5.0
2019-12-01,5.0,,2.0,52.0,6.0,2.0,78.0,29.0,0.0,31.0,0.0
2019-12-02,15.0,,17.0,44.0,12.0,2.0,82.0,38.0,0.0,28.0,18.0
2019-12-03,17.0,,18.0,45.0,14.0,2.0,85.0,48.0,7.0,28.0,22.0
2019-12-04,14.0,,19.0,44.0,10.0,2.0,85.0,37.0,4.0,26.0,14.0
2019-12-05,17.0,,17.0,45.0,20.0,2.0,85.0,53.0,4.0,22.0,6.0
2019-12-06,13.0,,17.0,46.0,6.0,2.0,81.0,51.0,15.0,28.0,14.0
2019-12-07,5.0,,11.0,51.0,5.0,2.0,78.0,15.0,0.0,32.0,10.0
2019-12-08,2.0,,2.0,50.0,12.0,2.0,79.0,56.0,4.0,24.0,14.0
2019-12-09,13.0,,18.0,43.0,19.0,2.0,79.0,27.0,4.0,39.0,20.0
2019-12-10,14.0,,21.0,44.0,10.0,3.0,84.0,34.0,4.0,37.0,8.0
2019-12-11,11.0,,21.0,44.0,16.0,2.0,81.0,37.0,4.0,25.0,30.0
2019-12-12,14.0,,24.0,45.0,16.0,2.0,82.0,29.0,7.0,32.0,16.0
2019-12-13,15.0,,17.0,45.0,19.0,2.0,78.0,36.0,8.0,41.0,24.0
2019-12-14,2.0,,9.0,52.0,16.0,2.0,80.0,33.0,0.0,39.0,0.0
2019-12-15,2.0,,6.0,50.0,8.0,2.0,74.0,41.0,4.0,21.0,5.0
2019-12-16,14.0,,31.0,43.0,27.0,2.0,78.0,47.0,7.0,32.0,12.0
2019-12-17,17.0,,33.0,43.0,14.0,2.0,79.0,29.0,4.0,26.0,24.0
2019-12-18,15.0,,29.0,43.0,19.0,2.0,79.0,33.0,4.0,39.0,14.0
2019-12-19,14.0,,47.0,43.0,40.0,2.0,79.0,44.0,0.0,33.0,19.0
2019-12-20,13.0,,45.0,46.0,39.0,2.0,80.0,36.0,4.0,39.0,24.0
2019-12-21,5.0,,11.0,51.0,13.0,2.0,74.0,33.0,4.0,27.0,5.0
2019-12-22,3.0,,6.0,52.0,3.0,2.0,72.0,33.0,0.0,25.0,5.0
2019-12-23,11.0,,50.0,48.0,8.0,2.0,74.0,52.0,4.0,34.0,13.0
2019-12-24,9.0,,35.0,53.0,10.0,3.0,74.0,25.0,4.0,35.0,12.0
2019-12-25,4.0,,12.0,56.0,5.0,2.0,64.0,14.0,0.0,27.0,10.0
2019-12-26,28.0,,27.0,52.0,9.0,2.0,76.0,49.0,4.0,18.0,24.0
2019-12-27,27.0,,35.0,50.0,8.0,2.0,86.0,44.0,4.0,40.0,13.0
2019-12-28,8.0,,9.0,52.0,12.0,2.0,82.0,33.0,4.0,47.0,5.0
2019-12-29,3.0,,8.0,53.0,6.0,2.0,83.0,25.0,4.0,25.0,7.0
2019-12-30,13.0,,33.0,49.0,4.0,2.0,83.0,30.0,0.0,30.0,2.0
2019-12-31,13.0,,24.0,49.0,8.0,2.0,80.0,42.0,0.0,23.0,16.0
