date,goods,overlap,consumer,consumer protection,rights,final good,consumer rights act 2015,2015,product return,law,sale of goods act 1979
2017-01-17,25.0,1.0,83.0,28.0,83.0,54.0,20.0,96.0,17.0,84.0,43.0
2017-01-18,27.0,1.0,80.0,39.0,84.0,62.0,67.0,97.0,67.0,80.0,0.0
2017-01-19,26.0,1.0,77.0,35.0,88.0,55.0,33.0,100.0,17.0,81.0,18.0
2017-01-20,24.0,1.0,70.0,29.0,87.0,42.0,0.0,95.0,43.0,75.0,0.0
2017-01-21,25.0,1.0,53.0,19.0,95.0,51.0,35.0,99.0,43.0,60.0,0.0
2017-01-22,24.0,1.0,53.0,10.0,100.0,48.0,22.0,100.0,4.0,62.0,0.0
2017-01-23,26.0,1.0,73.0,32.0,98.0,54.0,18.0,98.0,17.0,84.0,0.0
2017-01-24,27.0,1.0,87.0,43.0,94.0,62.0,40.0,97.0,38.0,88.0,0.0
2017-01-25,25.0,1.0,84.0,31.0,92.0,30.0,31.0,93.0,14.0,90.0,0.0
2017-01-26,27.0,1.0,75.0,33.0,85.0,43.0,9.0,93.0,17.0,84.0,0.0
2017-01-27,26.0,1.0,72.0,30.0,82.0,36.0,42.0,93.0,14.0,79.0,0.0
2017-01-28,25.0,1.0,56.0,23.0,50.0,45.0,0.0,94.0,12.0,63.0,0.0
2017-01-29,28.0,1.0,52.0,28.0,60.0,59.0,22.0,98.0,27.0,64.0,0.0
2017-01-30,26.0,1.0,82.0,31.0,88.0,74.0,30.0,98.0,34.0,85.0,42.0
2017-01-31,25.0,1.0,86.0,24.0,88.0,42.0,0.0,98.0,27.0,89.0,0.0
2017-02-01,26.0,1.0,83.0,32.0,92.0,42.0,0.0,95.0,50.0,86.0,0.0
2017-02-02,28.0,1.0,90.0,36.0,86.0,55.0,11.0,94.0,45.0,87.0,18.0
2017-02-03,27.0,1.0,82.0,45.0,76.0,35.0,0.0,95.0,25.0,81.0,0.0
2017-02-04,25.0,1.0,56.0,34.0,47.0,40.0,22.0,96.0,31.0,60.0,29.0
2017-02-05,25.0,1.0,58.0,35.0,50.0,75.0,0.0,99.0,23.0,62.0,0.0
2017-02-06,27.0,1.0,76.0,38.0,76.0,68.0,11.0,99.0,20.0,80.0,0.0
2017-02-07,27.0,1.0,88.0,44.0,86.0,55.0,0.0,90.0,24.0,82.0,0.0
2017-02-08,25.0,1.0,87.0,43.0,86.0,19.0,28.0,92.0,30.0,83.0,0.0
2017-02-09,26.0,1.0,82.0,29.0,83.0,47.0,37.0,91.0,24.0,84.0,43.0
2017-02-10,25.0,1.0,73.0,40.0,78.0,44.0,21.0,86.0,11.0,79.0,0.0
2017-02-11,23.0,1.0,55.0,21.0,45.0,70.0,10.0,92.0,8.0,58.0,0.0
2017-02-12,27.0,1.0,57.0,18.0,53.0,53.0,12.0,93.0,8.0,60.0,0.0
2017-02-13,27.0,1.0,82.0,27.0,79.0,45.0,30.0,86.0,46.0,77.0,0.0
2017-02-14,27.0,1.0,81.0,54.0,82.0,52.0,11.0,86.0,27.0,81.0,0.0
2017-02-15,26.0,1.0,86.0,52.0,79.0,56.0,51.0,86.0,31.0,84.0,0.0
2017-02-16,25.0,1.0,75.0,31.0,85.0,42.0,22.0,87.0,27.0,86.0,0.0
2017-02-17,25.0,1.0,80.0,40.0,73.0,46.0,0.0,89.0,17.0,74.0,0.0
2017-02-18,24.0,1.0,56.0,17.0,45.0,40.0,10.0,89.0,27.0,56.0,0.0
2017-02-19,27.0,1.0,56.0,19.0,49.0,50.0,35.0,93.0,12.0,60.0,0.0
2017-02-20,30.0,1.0,82.0,31.0,71.0,55.0,18.0,90.0,37.0,76.0,0.0
2017-02-21,28.0,1.0,88.0,25.0,83.0,67.0,41.0,87.0,40.0,82.0,42.0
2017-02-22,26.0,1.0,81.0,33.0,83.0,79.0,19.0,88.0,30.0,85.0,25.0
2017-02-23,25.0,1.0,77.0,26.0,89.0,33.0,11.0,85.0,51.0,85.0,42.0
2017-02-24,25.0,1.0,70.0,36.0,81.0,63.0,0.0,86.0,14.0,75.0,0.0
2017-02-25,25.0,1.0,54.0,26.0,49.0,35.0,0.0,89.0,54.0,57.0,0.0
2017-02-26,28.0,1.0,63.0,22.0,62.0,43.0,0.0,91.0,61.0,63.0,0.0
2017-02-27,29.0,1.0,84.0,38.0,90.0,41.0,9.0,92.0,20.0,83.0,16.0
2017-02-28,26.0,1.0,86.0,35.0,88.0,58.0,0.0,89.0,20.0,88.0,58.0
2017-03-01,26.0,1.0,83.0,23.0,87.0,26.0,19.0,85.0,26.0,86.0,24.0
2017-03-02,28.0,1.0,86.0,46.0,91.0,45.0,19.0,85.0,29.0,88.0,17.0
2017-03-03,26.0,1.0,75.0,27.0,78.0,36.0,9.0,86.0,49.0,80.0,0.0
2017-03-04,26.0,1.0,68.0,20.0,49.0,37.0,44.0,88.0,31.0,56.0,0.0
2017-03-05,28.0,1.0,52.0,17.0,53.0,39.0,22.0,90.0,15.0,61.0,0.0
2017-03-06,28.0,1.0,82.0,30.0,84.0,31.0,9.0,85.0,42.0,85.0,40.0
2017-03-07,29.0,1.0,88.0,46.0,93.0,55.0,0.0,85.0,35.0,84.0,23.0
2017-03-08,27.0,1.0,88.0,28.0,95.0,72.0,19.0,85.0,33.0,83.0,42.0
2017-03-09,28.0,1.0,89.0,43.0,91.0,80.0,9.0,85.0,26.0,85.0,0.0
2017-03-10,27.0,1.0,75.0,43.0,78.0,48.0,40.0,86.0,31.0,76.0,0.0
2017-03-11,27.0,1.0,54.0,16.0,45.0,14.0,12.0,85.0,34.0,56.0,0.0
2017-03-12,27.0,1.0,63.0,23.0,48.0,73.0,12.0,89.0,25.0,60.0,0.0
2017-03-13,28.0,1.0,74.0,38.0,80.0,36.0,18.0,85.0,25.0,79.0,0.0
2017-03-14,29.0,1.0,79.0,33.0,81.0,35.0,48.0,86.0,20.0,78.0,0.0
2017-03-15,28.0,1.0,83.0,41.0,84.0,73.0,32.0,84.0,27.0,81.0,17.0
2017-03-16,29.0,1.0,81.0,32.0,77.0,69.0,0.0,83.0,51.0,79.0,0.0
2017-03-17,26.0,1.0,71.0,36.0,69.0,38.0,41.0,82.0,24.0,70.0,26.0
2017-03-18,26.0,1.0,48.0,22.0,41.0,55.0,0.0,83.0,46.0,52.0,0.0
2017-03-19,26.0,1.0,60.0,29.0,52.0,63.0,12.0,85.0,8.0,60.0,0.0
2017-03-20,27.0,1.0,82.0,37.0,81.0,51.0,39.0,83.0,20.0,78.0,0.0
2017-03-21,27.0,1.0,84.0,36.0,87.0,63.0,19.0,84.0,23.0,85.0,0.0
2017-03-22,27.0,1.0,80.0,28.0,88.0,32.0,30.0,81.0,20.0,86.0,42.0
2017-03-23,27.0,,79.0,47.0,85.0,28.0,0.0,84.0,46.0,81.0,50.0
2017-03-24,28.0,,79.0,30.0,70.0,22.0,18.0,83.0,28.0,76.0,0.0
2017-03-25,25.0,,56.0,16.0,44.0,24.0,0.0,84.0,23.0,54.0,0.0
2017-03-26,28.0,,62.0,17.0,53.0,24.0,0.0,86.0,31.0,58.0,0.0
2017-03-27,29.0,,79.0,44.0,78.0,57.0,0.0,84.0,14.0,83.0,0.0
2017-03-28,26.0,,90.0,44.0,83.0,43.0,35.0,81.0,26.0,80.0,100.0
2017-03-29,27.0,,83.0,39.0,83.0,28.0,18.0,83.0,27.0,83.0,50.0
2017-03-30,28.0,,79.0,24.0,78.0,79.0,18.0,83.0,41.0,85.0,51.0
2017-03-31,26.0,,76.0,21.0,67.0,80.0,0.0,85.0,35.0,76.0,0.0
2017-04-01,28.0,,53.0,23.0,40.0,16.0,0.0,82.0,31.0,56.0,0.0
2017-04-02,29.0,,53.0,21.0,50.0,65.0,0.0,86.0,31.0,57.0,0.0
2017-04-03,27.0,,84.0,46.0,78.0,56.0,35.0,83.0,26.0,80.0,0.0
2017-04-04,27.0,,78.0,23.0,78.0,49.0,17.0,79.0,13.0,82.0,0.0
2017-04-05,27.0,,91.0,23.0,83.0,35.0,35.0,84.0,26.0,79.0,50.0
2017-04-06,30.0,,82.0,29.0,79.0,43.0,0.0,83.0,41.0,79.0,51.0
2017-04-07,24.0,,74.0,35.0,63.0,29.0,0.0,83.0,7.0,71.0,52.0
2017-04-08,27.0,,52.0,19.0,38.0,24.0,0.0,84.0,23.0,54.0,0.0
2017-04-09,27.0,,60.0,14.0,50.0,42.0,0.0,84.0,47.0,54.0,0.0
2017-04-10,27.0,,86.0,42.0,71.0,57.0,0.0,84.0,20.0,78.0,0.0
2017-04-11,27.0,,82.0,22.0,83.0,57.0,0.0,85.0,61.0,80.0,51.0
2017-04-12,27.0,,77.0,35.0,73.0,36.0,0.0,78.0,14.0,80.0,0.0
2017-04-13,28.0,,71.0,25.0,67.0,46.0,0.0,82.0,21.0,81.0,0.0
2017-04-14,26.0,,58.0,15.0,49.0,64.0,40.0,79.0,15.0,61.0,0.0
2017-04-15,25.0,,53.0,12.0,38.0,25.0,21.0,81.0,16.0,52.0,60.0
2017-04-16,26.0,,51.0,16.0,40.0,33.0,21.0,88.0,8.0,52.0,0.0
2017-04-17,26.0,,81.0,33.0,59.0,44.0,0.0,84.0,21.0,73.0,0.0
2017-04-18,24.0,,85.0,29.0,73.0,42.0,17.0,84.0,33.0,79.0,0.0
2017-04-19,26.0,,73.0,28.0,79.0,27.0,17.0,86.0,39.0,82.0,0.0
2017-04-20,27.0,,84.0,34.0,77.0,50.0,0.0,86.0,14.0,81.0,0.0
2017-04-21,27.0,,77.0,26.0,74.0,37.0,37.0,86.0,28.0,72.0,0.0
2017-04-22,25.0,,52.0,14.0,44.0,65.0,0.0,91.0,38.0,57.0,0.0
2017-04-23,28.0,,52.0,19.0,52.0,40.0,0.0,86.0,45.0,57.0,0.0
2017-04-24,29.0,,83.0,25.0,83.0,49.0,17.0,89.0,33.0,80.0,0.0
2017-04-25,26.0,,80.0,40.0,85.0,35.0,52.0,88.0,46.0,78.0,0.0
2017-04-26,27.0,,77.0,37.0,86.0,35.0,52.0,86.0,33.0,80.0,0.0
2017-04-27,26.0,,92.0,49.0,83.0,57.0,35.0,84.0,41.0,80.0,0.0
2017-04-28,24.0,,71.0,25.0,73.0,37.0,19.0,82.0,35.0,71.0,0.0
2017-04-29,25.0,,54.0,26.0,43.0,32.0,20.0,85.0,31.0,56.0,0.0
2017-04-30,30.0,,56.0,16.0,53.0,16.0,21.0,90.0,16.0,59.0,0.0
2017-05-01,28.0,,71.0,40.0,92.0,82.0,37.0,90.0,28.0,81.0,0.0
2017-05-02,29.0,,81.0,30.0,87.0,49.0,0.0,84.0,40.0,78.0,0.0
2017-05-03,29.0,,94.0,30.0,94.0,56.0,0.0,89.0,47.0,80.0,0.0
2017-05-04,25.0,,86.0,41.0,88.0,63.0,35.0,86.0,20.0,80.0,0.0
2017-05-05,26.0,,71.0,40.0,74.0,45.0,0.0,84.0,36.0,75.0,0.0
2017-05-06,24.0,,50.0,16.0,50.0,49.0,0.0,91.0,31.0,55.0,0.0
2017-05-07,26.0,,50.0,8.0,56.0,56.0,0.0,89.0,38.0,57.0,58.0
2017-05-08,24.0,,83.0,36.0,85.0,56.0,52.0,84.0,53.0,80.0,50.0
2017-05-09,25.0,,80.0,28.0,86.0,62.0,17.0,83.0,33.0,83.0,0.0
2017-05-10,25.0,,80.0,36.0,80.0,28.0,0.0,79.0,61.0,78.0,0.0
2017-05-11,26.0,,79.0,31.0,83.0,64.0,35.0,75.0,20.0,76.0,51.0
2017-05-12,23.0,,77.0,25.0,71.0,37.0,19.0,82.0,63.0,76.0,0.0
2017-05-13,22.0,,53.0,16.0,46.0,16.0,0.0,78.0,39.0,57.0,0.0
2017-05-14,22.0,,54.0,18.0,52.0,24.0,20.0,81.0,31.0,62.0,58.0
2017-05-15,26.0,,77.0,20.0,87.0,60.0,19.0,78.0,28.0,80.0,0.0
2017-05-16,28.0,,80.0,29.0,84.0,52.0,75.0,75.0,43.0,78.0,0.0
2017-05-17,26.0,,70.0,36.0,80.0,53.0,19.0,70.0,14.0,78.0,0.0
2017-05-18,24.0,,81.0,29.0,78.0,46.0,0.0,72.0,21.0,75.0,0.0
2017-05-19,25.0,,68.0,31.0,71.0,48.0,20.0,75.0,30.0,72.0,0.0
2017-05-20,26.0,,44.0,15.0,40.0,26.0,44.0,75.0,16.0,56.0,63.0
2017-05-21,27.0,,52.0,13.0,58.0,44.0,0.0,77.0,33.0,59.0,0.0
2017-05-22,27.0,,78.0,20.0,79.0,38.0,0.0,75.0,43.0,73.0,0.0
2017-05-23,25.0,,73.0,30.0,79.0,37.0,19.0,75.0,14.0,78.0,52.0
2017-05-24,25.0,,71.0,38.0,73.0,46.0,0.0,72.0,28.0,86.0,54.0
2017-05-25,24.0,,70.0,33.0,75.0,23.0,39.0,74.0,0.0,79.0,56.0
2017-05-26,27.0,,62.0,29.0,61.0,0.0,40.0,72.0,23.0,71.0,0.0
2017-05-27,26.0,,53.0,13.0,39.0,37.0,0.0,78.0,43.0,51.0,0.0
2017-05-28,27.0,,53.0,9.0,44.0,9.0,0.0,78.0,17.0,53.0,0.0
2017-05-29,28.0,,61.0,22.0,50.0,40.0,19.0,76.0,22.0,57.0,0.0
2017-05-30,24.0,1.0,68.0,24.0,66.0,53.0,24.0,77.0,26.0,73.0,0.0
2017-05-31,24.0,1.0,69.0,35.0,68.0,31.0,39.0,77.0,34.0,73.0,0.0
2017-06-01,23.0,1.0,66.0,30.0,63.0,33.0,0.0,75.0,24.0,73.0,0.0
2017-06-02,25.0,1.0,64.0,35.0,53.0,60.0,0.0,76.0,24.0,68.0,84.0
2017-06-03,23.0,1.0,53.0,15.0,35.0,71.0,11.0,80.0,0.0,51.0,0.0
2017-06-04,26.0,1.0,44.0,13.0,40.0,29.0,18.0,78.0,22.0,51.0,0.0
2017-06-05,26.0,1.0,74.0,26.0,62.0,61.0,43.0,78.0,16.0,72.0,0.0
2017-06-06,25.0,1.0,71.0,26.0,66.0,23.0,9.0,77.0,40.0,72.0,26.0
2017-06-07,25.0,1.0,73.0,29.0,71.0,35.0,6.0,77.0,23.0,72.0,25.0
2017-06-08,24.0,1.0,65.0,24.0,65.0,25.0,9.0,84.0,50.0,72.0,0.0
2017-06-09,23.0,1.0,62.0,26.0,50.0,44.0,0.0,85.0,20.0,64.0,0.0
2017-06-10,25.0,1.0,45.0,15.0,35.0,30.0,0.0,78.0,43.0,55.0,0.0
2017-06-11,27.0,1.0,47.0,15.0,43.0,30.0,0.0,77.0,27.0,60.0,0.0
2017-06-12,25.0,1.0,64.0,28.0,58.0,48.0,12.0,73.0,26.0,69.0,0.0
2017-06-13,25.0,1.0,72.0,38.0,58.0,76.0,9.0,76.0,11.0,70.0,0.0
2017-06-14,26.0,1.0,75.0,27.0,57.0,36.0,0.0,71.0,38.0,69.0,0.0
2017-06-15,23.0,1.0,65.0,30.0,56.0,58.0,22.0,72.0,49.0,72.0,27.0
2017-06-16,27.0,1.0,60.0,34.0,50.0,15.0,26.0,69.0,25.0,63.0,0.0
2017-06-17,28.0,1.0,44.0,27.0,41.0,8.0,19.0,72.0,23.0,52.0,0.0
2017-06-18,26.0,1.0,45.0,22.0,38.0,37.0,0.0,72.0,19.0,54.0,0.0
2017-06-19,25.0,1.0,66.0,24.0,58.0,68.0,0.0,73.0,15.0,70.0,0.0
2017-06-20,25.0,1.0,65.0,33.0,54.0,23.0,6.0,72.0,44.0,70.0,75.0
2017-06-21,26.0,1.0,67.0,36.0,49.0,17.0,6.0,73.0,21.0,71.0,0.0
2017-06-22,29.0,1.0,73.0,37.0,55.0,21.0,30.0,71.0,33.0,67.0,0.0
2017-06-23,27.0,1.0,68.0,30.0,46.0,36.0,6.0,70.0,24.0,63.0,26.0
2017-06-24,28.0,1.0,48.0,11.0,33.0,41.0,25.0,69.0,30.0,53.0,0.0
2017-06-25,31.0,1.0,45.0,8.0,36.0,9.0,29.0,69.0,28.0,49.0,0.0
2017-06-26,29.0,1.0,61.0,20.0,49.0,36.0,25.0,67.0,33.0,65.0,26.0
2017-06-27,29.0,1.0,65.0,27.0,50.0,4.0,6.0,69.0,36.0,69.0,0.0
2017-06-28,29.0,1.0,66.0,32.0,51.0,4.0,19.0,68.0,25.0,68.0,0.0
2017-06-29,29.0,1.0,62.0,27.0,52.0,25.0,10.0,70.0,28.0,70.0,56.0
2017-06-30,32.0,1.0,60.0,18.0,47.0,39.0,0.0,75.0,37.0,65.0,0.0
2017-07-01,38.0,1.0,49.0,14.0,35.0,38.0,0.0,80.0,22.0,52.0,32.0
2017-07-02,32.0,1.0,44.0,12.0,36.0,29.0,0.0,76.0,46.0,52.0,0.0
2017-07-03,32.0,1.0,59.0,23.0,42.0,22.0,19.0,77.0,37.0,61.0,0.0
2017-07-04,30.0,1.0,61.0,23.0,44.0,34.0,0.0,79.0,57.0,59.0,0.0
2017-07-05,27.0,1.0,64.0,18.0,47.0,45.0,13.0,79.0,65.0,70.0,0.0
2017-07-06,32.0,1.0,66.0,24.0,50.0,11.0,10.0,79.0,21.0,70.0,0.0
2017-07-07,29.0,1.0,65.0,23.0,45.0,22.0,0.0,73.0,38.0,65.0,27.0
2017-07-08,34.0,1.0,49.0,12.0,35.0,38.0,0.0,80.0,33.0,52.0,0.0
2017-07-09,31.0,1.0,49.0,18.0,38.0,17.0,0.0,79.0,9.0,55.0,0.0
2017-07-10,27.0,1.0,70.0,24.0,51.0,44.0,22.0,75.0,48.0,71.0,0.0
2017-07-11,31.0,1.0,74.0,23.0,48.0,14.0,12.0,77.0,20.0,71.0,53.0
2017-07-12,29.0,1.0,64.0,31.0,52.0,60.0,15.0,76.0,43.0,71.0,0.0
2017-07-13,27.0,1.0,66.0,31.0,47.0,15.0,0.0,79.0,29.0,69.0,0.0
2017-07-14,33.0,1.0,60.0,24.0,43.0,50.0,55.0,77.0,20.0,66.0,0.0
2017-07-15,31.0,1.0,44.0,25.0,34.0,43.0,11.0,82.0,55.0,53.0,0.0
2017-07-16,34.0,1.0,47.0,15.0,32.0,30.0,7.0,77.0,57.0,53.0,0.0
2017-07-17,28.0,1.0,68.0,22.0,48.0,33.0,6.0,74.0,33.0,68.0,0.0
2017-07-18,30.0,1.0,69.0,28.0,48.0,29.0,6.0,74.0,27.0,70.0,0.0
2017-07-19,29.0,1.0,66.0,31.0,48.0,18.0,25.0,74.0,20.0,73.0,27.0
2017-07-20,31.0,1.0,61.0,24.0,49.0,21.0,16.0,75.0,59.0,70.0,53.0
2017-07-21,28.0,1.0,62.0,16.0,43.0,34.0,43.0,76.0,27.0,68.0,0.0
2017-07-22,32.0,1.0,44.0,20.0,34.0,29.0,0.0,76.0,0.0,55.0,0.0
2017-07-23,30.0,1.0,40.0,11.0,35.0,37.0,7.0,76.0,40.0,54.0,0.0
2017-07-24,30.0,1.0,65.0,30.0,47.0,22.0,22.0,77.0,11.0,71.0,0.0
2017-07-25,29.0,1.0,67.0,33.0,45.0,14.0,0.0,77.0,19.0,70.0,78.0
2017-07-26,28.0,1.0,66.0,36.0,56.0,25.0,0.0,75.0,23.0,71.0,0.0
2017-07-27,28.0,1.0,62.0,25.0,57.0,42.0,0.0,72.0,20.0,66.0,0.0
2017-07-28,27.0,1.0,59.0,27.0,43.0,30.0,0.0,74.0,21.0,66.0,0.0
2017-07-29,32.0,1.0,48.0,15.0,35.0,25.0,18.0,77.0,41.0,51.0,0.0
2017-07-30,30.0,1.0,44.0,26.0,38.0,24.0,0.0,73.0,9.0,53.0,0.0
2017-07-31,28.0,1.0,64.0,16.0,45.0,21.0,9.0,71.0,16.0,68.0,52.0
2017-08-01,30.0,1.0,75.0,20.0,46.0,37.0,15.0,69.0,18.0,69.0,0.0
2017-08-02,28.0,1.0,69.0,30.0,47.0,14.0,20.0,74.0,25.0,70.0,25.0
2017-08-03,29.0,1.0,60.0,36.0,49.0,31.0,0.0,71.0,43.0,70.0,0.0
2017-08-04,32.0,1.0,62.0,29.0,42.0,22.0,0.0,73.0,20.0,63.0,0.0
2017-08-05,34.0,1.0,49.0,17.0,35.0,38.0,11.0,77.0,12.0,50.0,0.0
2017-08-06,34.0,1.0,44.0,9.0,35.0,45.0,0.0,77.0,22.0,52.0,0.0
2017-08-07,33.0,1.0,70.0,29.0,43.0,24.0,12.0,72.0,22.0,68.0,0.0
2017-08-08,33.0,1.0,72.0,27.0,47.0,31.0,0.0,70.0,40.0,70.0,0.0
2017-08-09,32.0,1.0,71.0,25.0,50.0,31.0,27.0,72.0,57.0,67.0,0.0
2017-08-10,30.0,1.0,68.0,29.0,46.0,11.0,0.0,72.0,34.0,68.0,26.0
2017-08-11,33.0,1.0,65.0,22.0,45.0,18.0,10.0,70.0,20.0,64.0,0.0
2017-08-12,39.0,1.0,49.0,13.0,34.0,17.0,14.0,73.0,22.0,50.0,0.0
2017-08-13,40.0,1.0,52.0,14.0,38.0,33.0,0.0,72.0,23.0,54.0,0.0
2017-08-14,36.0,1.0,67.0,22.0,52.0,32.0,0.0,73.0,46.0,68.0,0.0
2017-08-15,36.0,1.0,64.0,33.0,55.0,4.0,28.0,72.0,23.0,69.0,0.0
2017-08-16,37.0,1.0,70.0,25.0,56.0,24.0,9.0,71.0,14.0,70.0,0.0
2017-08-17,35.0,1.0,64.0,24.0,55.0,32.0,9.0,72.0,19.0,70.0,0.0
2017-08-18,38.0,1.0,62.0,19.0,51.0,14.0,16.0,71.0,16.0,66.0,0.0
2017-08-19,39.0,1.0,47.0,15.0,34.0,15.0,0.0,74.0,38.0,51.0,0.0
2017-08-20,40.0,1.0,48.0,9.0,34.0,21.0,0.0,74.0,26.0,52.0,0.0
2017-08-21,34.0,1.0,67.0,23.0,48.0,57.0,15.0,71.0,29.0,65.0,0.0
2017-08-22,35.0,1.0,75.0,26.0,55.0,38.0,6.0,73.0,45.0,70.0,0.0
2017-08-23,36.0,1.0,70.0,20.0,54.0,18.0,0.0,72.0,25.0,72.0,51.0
2017-08-24,39.0,1.0,72.0,20.0,59.0,38.0,0.0,71.0,11.0,72.0,51.0
2017-08-25,39.0,1.0,64.0,17.0,51.0,30.0,6.0,71.0,21.0,67.0,0.0
2017-08-26,42.0,1.0,49.0,20.0,39.0,24.0,42.0,73.0,17.0,52.0,0.0
2017-08-27,43.0,1.0,45.0,21.0,34.0,12.0,0.0,71.0,12.0,52.0,59.0
2017-08-28,37.0,1.0,71.0,24.0,53.0,46.0,0.0,70.0,23.0,67.0,0.0
2017-08-29,38.0,1.0,75.0,44.0,60.0,45.0,39.0,72.0,20.0,72.0,0.0
2017-08-30,35.0,1.0,78.0,26.0,62.0,21.0,18.0,68.0,30.0,72.0,25.0
2017-08-31,37.0,1.0,69.0,21.0,55.0,28.0,18.0,67.0,33.0,69.0,0.0
2017-09-01,40.0,1.0,66.0,25.0,54.0,30.0,0.0,69.0,16.0,67.0,0.0
2017-09-02,43.0,1.0,49.0,17.0,32.0,41.0,0.0,71.0,23.0,52.0,0.0
2017-09-03,45.0,1.0,58.0,11.0,39.0,17.0,0.0,73.0,10.0,54.0,0.0
2017-09-04,46.0,1.0,67.0,11.0,51.0,25.0,0.0,70.0,21.0,58.0,53.0
2017-09-05,37.0,1.0,74.0,26.0,63.0,16.0,30.0,68.0,19.0,72.0,0.0
2017-09-06,38.0,1.0,76.0,23.0,65.0,43.0,6.0,68.0,14.0,76.0,0.0
2017-09-07,37.0,1.0,77.0,36.0,70.0,11.0,0.0,67.0,15.0,74.0,25.0
2017-09-08,40.0,,72.0,31.0,58.0,48.0,0.0,69.0,43.0,64.0,0.0
2017-09-09,37.0,,47.0,20.0,37.0,38.0,0.0,72.0,19.0,51.0,57.0
2017-09-10,35.0,,56.0,20.0,40.0,37.0,0.0,72.0,37.0,56.0,56.0
2017-09-11,34.0,,83.0,35.0,59.0,26.0,35.0,67.0,16.0,70.0,0.0
2017-09-12,34.0,,76.0,31.0,78.0,38.0,12.0,69.0,65.0,73.0,49.0
2017-09-13,33.0,,74.0,28.0,73.0,38.0,0.0,68.0,25.0,78.0,0.0
2017-09-14,36.0,,86.0,37.0,82.0,20.0,0.0,65.0,41.0,74.0,0.0
2017-09-15,37.0,,85.0,22.0,68.0,20.0,0.0,71.0,17.0,70.0,0.0
2017-09-16,43.0,,52.0,21.0,43.0,15.0,14.0,75.0,47.0,54.0,58.0
2017-09-17,44.0,,48.0,35.0,45.0,21.0,0.0,72.0,27.0,57.0,0.0
2017-09-18,38.0,,78.0,24.0,80.0,7.0,0.0,67.0,25.0,78.0,0.0
2017-09-19,36.0,,79.0,42.0,75.0,45.0,46.0,67.0,8.0,78.0,0.0
2017-09-20,34.0,,79.0,28.0,74.0,13.0,23.0,65.0,40.0,76.0,49.0
2017-09-21,35.0,,80.0,46.0,77.0,20.0,12.0,67.0,33.0,79.0,50.0
2017-09-22,36.0,,80.0,35.0,62.0,20.0,12.0,67.0,86.0,73.0,52.0
2017-09-23,41.0,,49.0,14.0,43.0,45.0,0.0,69.0,38.0,55.0,0.0
2017-09-24,43.0,,55.0,16.0,52.0,22.0,0.0,68.0,74.0,57.0,56.0
2017-09-25,38.0,,81.0,30.0,81.0,0.0,12.0,70.0,33.0,77.0,0.0
2017-09-26,41.0,,89.0,36.0,85.0,44.0,12.0,67.0,48.0,76.0,49.0
2017-09-27,35.0,,76.0,26.0,80.0,44.0,0.0,67.0,24.0,78.0,49.0
2017-09-28,37.0,,81.0,30.0,83.0,85.0,0.0,66.0,16.0,78.0,50.0
2017-09-29,38.0,,64.0,24.0,69.0,41.0,0.0,68.0,51.0,68.0,0.0
2017-09-30,39.0,,47.0,10.0,37.0,31.0,0.0,68.0,29.0,52.0,0.0
2017-10-01,43.0,,52.0,16.0,48.0,29.0,0.0,67.0,9.0,55.0,0.0
2017-10-02,33.0,,68.0,28.0,78.0,26.0,12.0,64.0,57.0,78.0,0.0
2017-10-03,36.0,,82.0,30.0,84.0,32.0,12.0,66.0,33.0,82.0,0.0
2017-10-04,37.0,,86.0,21.0,80.0,45.0,0.0,67.0,49.0,82.0,50.0
2017-10-05,34.0,,80.0,30.0,74.0,26.0,47.0,66.0,25.0,78.0,0.0
2017-10-06,38.0,,64.0,9.0,65.0,20.0,24.0,67.0,26.0,73.0,0.0
2017-10-07,40.0,,55.0,8.0,44.0,22.0,0.0,68.0,47.0,56.0,0.0
2017-10-08,45.0,,56.0,20.0,50.0,15.0,26.0,70.0,27.0,57.0,56.0
2017-10-09,40.0,,79.0,35.0,71.0,26.0,12.0,69.0,41.0,73.0,99.0
2017-10-10,38.0,,78.0,26.0,77.0,38.0,12.0,65.0,64.0,76.0,0.0
2017-10-11,38.0,,86.0,46.0,79.0,13.0,35.0,66.0,57.0,82.0,49.0
2017-10-12,39.0,,87.0,41.0,83.0,39.0,36.0,66.0,91.0,84.0,0.0
2017-10-13,38.0,,72.0,26.0,70.0,20.0,24.0,67.0,51.0,73.0,0.0
2017-10-14,45.0,,42.0,12.0,40.0,15.0,0.0,71.0,9.0,54.0,0.0
2017-10-15,47.0,,53.0,14.0,49.0,37.0,0.0,68.0,18.0,53.0,0.0
2017-10-16,36.0,,85.0,26.0,77.0,44.0,0.0,67.0,40.0,78.0,0.0
2017-10-17,35.0,,80.0,38.0,80.0,38.0,0.0,67.0,40.0,78.0,0.0
2017-10-18,34.0,,77.0,24.0,76.0,26.0,0.0,62.0,57.0,76.0,0.0
2017-10-19,31.0,,75.0,27.0,76.0,39.0,12.0,65.0,41.0,76.0,0.0
2017-10-20,33.0,,80.0,15.0,63.0,34.0,12.0,65.0,51.0,72.0,0.0
2017-10-21,38.0,,53.0,16.0,42.0,30.0,14.0,67.0,9.0,52.0,0.0
2017-10-22,32.0,,53.0,31.0,46.0,35.0,13.0,63.0,45.0,54.0,0.0
2017-10-23,34.0,,87.0,36.0,76.0,32.0,12.0,67.0,32.0,78.0,0.0
2017-10-24,30.0,,82.0,31.0,77.0,6.0,23.0,66.0,32.0,79.0,0.0
2017-10-25,34.0,,79.0,38.0,80.0,44.0,12.0,67.0,24.0,80.0,49.0
2017-10-26,32.0,,80.0,44.0,74.0,13.0,12.0,66.0,33.0,78.0,0.0
2017-10-27,33.0,,75.0,40.0,66.0,33.0,24.0,65.0,42.0,71.0,0.0
2017-10-28,33.0,,48.0,22.0,42.0,29.0,0.0,67.0,27.0,49.0,0.0
2017-10-29,32.0,,58.0,14.0,42.0,7.0,13.0,68.0,45.0,55.0,0.0
2017-10-30,36.0,,84.0,52.0,74.0,44.0,0.0,67.0,64.0,76.0,0.0
2017-10-31,30.0,,78.0,23.0,70.0,32.0,47.0,67.0,16.0,79.0,49.0
2017-11-01,31.0,,79.0,41.0,78.0,26.0,12.0,65.0,8.0,77.0,0.0
2017-11-02,36.0,,86.0,40.0,70.0,71.0,35.0,64.0,65.0,81.0,0.0
2017-11-03,30.0,,65.0,18.0,66.0,13.0,12.0,65.0,8.0,73.0,0.0
2017-11-04,34.0,,59.0,14.0,37.0,15.0,26.0,68.0,18.0,51.0,0.0
2017-11-05,34.0,,66.0,23.0,45.0,49.0,13.0,68.0,44.0,57.0,0.0
2017-11-06,31.0,,88.0,42.0,73.0,25.0,23.0,66.0,16.0,81.0,48.0
2017-11-07,29.0,,90.0,33.0,78.0,31.0,0.0,63.0,31.0,81.0,0.0
2017-11-08,29.0,,83.0,29.0,80.0,19.0,34.0,64.0,39.0,79.0,48.0
2017-11-09,30.0,,76.0,45.0,73.0,6.0,34.0,64.0,32.0,84.0,0.0
2017-11-10,31.0,,76.0,23.0,60.0,39.0,0.0,65.0,58.0,67.0,49.0
2017-11-11,31.0,,62.0,16.0,40.0,43.0,0.0,67.0,36.0,51.0,0.0
2017-11-12,31.0,,61.0,11.0,48.0,14.0,0.0,68.0,44.0,53.0,0.0
2017-11-13,32.0,,90.0,34.0,80.0,25.0,0.0,66.0,16.0,79.0,48.0
2017-11-14,28.0,,87.0,44.0,79.0,25.0,23.0,66.0,31.0,82.0,0.0
2017-11-15,28.0,1.0,90.0,48.0,79.0,18.0,6.0,65.0,50.0,82.0,0.0
2017-11-16,30.0,1.0,86.0,28.0,77.0,41.0,24.0,65.0,25.0,80.0,0.0
2017-11-17,29.0,1.0,75.0,33.0,66.0,25.0,0.0,66.0,15.0,73.0,0.0
2017-11-18,28.0,1.0,59.0,6.0,42.0,14.0,0.0,67.0,49.0,52.0,0.0
2017-11-19,32.0,1.0,58.0,23.0,43.0,32.0,0.0,69.0,36.0,54.0,0.0
2017-11-20,32.0,1.0,89.0,33.0,70.0,18.0,24.0,64.0,22.0,72.0,0.0
2017-11-21,32.0,1.0,86.0,46.0,67.0,12.0,6.0,65.0,32.0,73.0,37.0
2017-11-22,31.0,1.0,77.0,18.0,59.0,12.0,7.0,66.0,33.0,66.0,38.0
2017-11-23,35.0,1.0,67.0,29.0,48.0,47.0,50.0,67.0,37.0,58.0,0.0
2017-11-24,52.0,1.0,66.0,13.0,42.0,15.0,18.0,65.0,55.0,52.0,39.0
2017-11-25,37.0,1.0,65.0,36.0,39.0,38.0,14.0,68.0,29.0,51.0,0.0
2017-11-26,35.0,1.0,64.0,34.0,45.0,26.0,6.0,67.0,50.0,55.0,0.0
2017-11-27,41.0,1.0,100.0,94.0,73.0,23.0,18.0,68.0,42.0,74.0,0.0
2017-11-28,39.0,1.0,98.0,100.0,82.0,40.0,29.0,64.0,49.0,78.0,13.0
2017-11-29,32.0,1.0,85.0,62.0,81.0,30.0,24.0,64.0,46.0,78.0,0.0
2017-11-30,31.0,1.0,94.0,60.0,86.0,47.0,30.0,63.0,53.0,76.0,0.0
2017-12-01,32.0,1.0,73.0,30.0,68.0,38.0,13.0,64.0,66.0,71.0,0.0
2017-12-02,31.0,1.0,51.0,18.0,41.0,19.0,0.0,65.0,46.0,54.0,0.0
2017-12-03,31.0,1.0,62.0,25.0,54.0,33.0,7.0,68.0,49.0,55.0,0.0
2017-12-04,33.0,1.0,80.0,38.0,75.0,73.0,0.0,64.0,64.0,78.0,0.0
2017-12-05,34.0,1.0,90.0,28.0,79.0,28.0,23.0,60.0,24.0,78.0,0.0
2017-12-06,33.0,1.0,88.0,49.0,80.0,44.0,49.0,62.0,44.0,78.0,0.0
2017-12-07,33.0,1.0,86.0,32.0,84.0,35.0,31.0,63.0,25.0,79.0,24.0
2017-12-08,32.0,1.0,78.0,25.0,81.0,28.0,33.0,63.0,39.0,70.0,0.0
2017-12-09,33.0,1.0,60.0,26.0,48.0,34.0,6.0,68.0,37.0,53.0,0.0
2017-12-10,34.0,1.0,60.0,26.0,70.0,6.0,0.0,66.0,41.0,56.0,0.0
2017-12-11,36.0,1.0,88.0,45.0,84.0,41.0,12.0,63.0,56.0,76.0,37.0
2017-12-12,35.0,1.0,88.0,36.0,82.0,82.0,11.0,62.0,21.0,76.0,0.0
2017-12-13,33.0,1.0,91.0,38.0,82.0,35.0,25.0,62.0,53.0,78.0,0.0
2017-12-14,34.0,1.0,79.0,20.0,83.0,42.0,7.0,63.0,32.0,75.0,0.0
2017-12-15,33.0,1.0,81.0,34.0,75.0,47.0,25.0,66.0,38.0,68.0,0.0
2017-12-16,32.0,1.0,48.0,18.0,38.0,20.0,6.0,69.0,22.0,51.0,0.0
2017-12-17,34.0,1.0,51.0,19.0,41.0,45.0,7.0,69.0,13.0,52.0,0.0
2017-12-18,35.0,1.0,72.0,42.0,62.0,38.0,19.0,65.0,46.0,68.0,0.0
2017-12-19,34.0,1.0,76.0,30.0,65.0,31.0,20.0,65.0,45.0,73.0,0.0
2017-12-20,33.0,1.0,76.0,38.0,55.0,28.0,6.0,65.0,30.0,73.0,0.0
2017-12-21,31.0,1.0,72.0,49.0,49.0,44.0,13.0,65.0,38.0,68.0,0.0
2017-12-22,33.0,1.0,60.0,31.0,39.0,31.0,7.0,64.0,17.0,60.0,0.0
2017-12-23,32.0,1.0,43.0,18.0,29.0,25.0,0.0,66.0,33.0,47.0,0.0
2017-12-24,30.0,1.0,33.0,16.0,25.0,19.0,7.0,65.0,18.0,45.0,0.0
2017-12-25,18.0,1.0,28.0,12.0,24.0,11.0,0.0,65.0,38.0,41.0,0.0
2017-12-26,28.0,1.0,63.0,18.0,32.0,16.0,0.0,67.0,40.0,50.0,0.0
2017-12-27,26.0,1.0,77.0,35.0,32.0,10.0,20.0,68.0,39.0,56.0,0.0
2017-12-28,26.0,1.0,66.0,35.0,36.0,22.0,13.0,68.0,16.0,60.0,0.0
2017-12-29,23.0,1.0,61.0,18.0,32.0,23.0,7.0,65.0,27.0,56.0,0.0
2017-12-30,24.0,1.0,48.0,14.0,30.0,27.0,14.0,65.0,35.0,49.0,0.0
2017-12-31,23.0,1.0,43.0,16.0,27.0,25.0,22.0,66.0,31.0,43.0,0.0
2018-01-01,23.0,1.0,52.0,16.0,34.0,21.0,0.0,67.0,22.0,48.0,0.0
2018-01-02,22.0,1.0,76.0,23.0,47.0,18.0,0.0,62.0,66.0,65.0,0.0
2018-01-03,22.0,1.0,75.0,29.0,50.0,27.0,12.0,63.0,29.0,71.0,24.0
2018-01-04,23.0,1.0,73.0,26.0,57.0,12.0,17.0,65.0,51.0,76.0,0.0
2018-01-05,21.0,1.0,72.0,24.0,52.0,31.0,12.0,63.0,30.0,71.0,0.0
2018-01-06,23.0,1.0,59.0,25.0,36.0,57.0,0.0,66.0,33.0,57.0,0.0
2018-01-07,23.0,1.0,55.0,17.0,39.0,19.0,20.0,67.0,17.0,55.0,0.0
2018-01-08,21.0,1.0,78.0,39.0,58.0,39.0,24.0,64.0,40.0,75.0,13.0
2018-01-09,24.0,1.0,86.0,33.0,65.0,52.0,30.0,61.0,35.0,78.0,49.0
2018-01-10,23.0,1.0,82.0,40.0,72.0,37.0,24.0,60.0,45.0,78.0,13.0
2018-01-11,25.0,1.0,85.0,36.0,73.0,23.0,0.0,62.0,21.0,79.0,0.0
2018-01-12,24.0,1.0,77.0,26.0,65.0,12.0,6.0,59.0,12.0,70.0,0.0
2018-01-13,24.0,1.0,57.0,25.0,42.0,33.0,0.0,65.0,7.0,51.0,0.0
2018-01-14,24.0,1.0,57.0,22.0,42.0,13.0,20.0,63.0,25.0,56.0,0.0
2018-01-15,24.0,1.0,69.0,28.0,63.0,8.0,47.0,61.0,22.0,67.0,0.0
2018-01-16,26.0,1.0,77.0,30.0,70.0,25.0,29.0,61.0,10.0,76.0,0.0
2018-01-17,23.0,1.0,84.0,41.0,73.0,17.0,22.0,59.0,13.0,76.0,23.0
2018-01-18,24.0,1.0,80.0,36.0,74.0,40.0,36.0,61.0,25.0,76.0,0.0
2018-01-19,24.0,1.0,75.0,43.0,68.0,36.0,6.0,61.0,29.0,73.0,0.0
2018-01-20,23.0,1.0,62.0,32.0,42.0,30.0,13.0,61.0,21.0,52.0,0.0
2018-01-21,26.0,1.0,59.0,20.0,48.0,51.0,20.0,63.0,12.0,57.0,0.0
2018-01-22,26.0,1.0,78.0,39.0,71.0,28.0,12.0,61.0,21.0,77.0,0.0
2018-01-23,25.0,1.0,85.0,50.0,77.0,22.0,18.0,58.0,25.0,79.0,0.0
2018-01-24,23.0,1.0,78.0,42.0,77.0,31.0,34.0,61.0,18.0,77.0,0.0
2018-01-25,25.0,1.0,83.0,41.0,77.0,28.0,11.0,59.0,40.0,78.0,0.0
2018-01-26,25.0,1.0,67.0,27.0,68.0,24.0,12.0,61.0,15.0,71.0,13.0
2018-01-27,26.0,1.0,48.0,18.0,41.0,40.0,7.0,64.0,36.0,54.0,0.0
2018-01-28,24.0,1.0,51.0,18.0,46.0,22.0,13.0,61.0,28.0,54.0,0.0
2018-01-29,26.0,1.0,82.0,36.0,74.0,19.0,6.0,61.0,14.0,77.0,0.0
2018-01-30,27.0,1.0,88.0,34.0,77.0,19.0,29.0,60.0,28.0,81.0,23.0
2018-01-31,26.0,1.0,83.0,34.0,79.0,28.0,29.0,60.0,27.0,80.0,0.0
2018-02-01,27.0,1.0,87.0,30.0,73.0,37.0,23.0,59.0,43.0,77.0,0.0
2018-02-02,26.0,1.0,76.0,39.0,70.0,45.0,13.0,59.0,14.0,72.0,0.0
2018-02-03,25.0,1.0,56.0,22.0,39.0,32.0,20.0,65.0,24.0,54.0,0.0
2018-02-04,25.0,1.0,56.0,8.0,44.0,65.0,7.0,66.0,59.0,54.0,0.0
2018-02-05,27.0,1.0,82.0,38.0,75.0,26.0,17.0,62.0,28.0,74.0,23.0
2018-02-06,26.0,1.0,86.0,30.0,78.0,25.0,23.0,59.0,46.0,79.0,0.0
2018-02-07,26.0,1.0,85.0,28.0,80.0,31.0,12.0,59.0,10.0,79.0,0.0
2018-02-08,27.0,1.0,86.0,32.0,83.0,23.0,0.0,60.0,15.0,84.0,23.0
2018-02-09,23.0,1.0,83.0,34.0,75.0,38.0,6.0,58.0,26.0,73.0,13.0
2018-02-10,26.0,1.0,54.0,21.0,38.0,46.0,13.0,61.0,32.0,51.0,0.0
2018-02-11,27.0,1.0,63.0,24.0,47.0,52.0,13.0,61.0,19.0,56.0,41.0
2018-02-12,28.0,1.0,94.0,48.0,75.0,26.0,0.0,59.0,58.0,81.0,0.0
2018-02-13,28.0,1.0,78.0,25.0,80.0,38.0,35.0,59.0,32.0,78.0,0.0
2018-02-14,26.0,1.0,77.0,37.0,74.0,25.0,23.0,54.0,31.0,72.0,0.0
2018-02-15,25.0,1.0,80.0,34.0,78.0,38.0,30.0,58.0,40.0,78.0,0.0
2018-02-16,26.0,1.0,76.0,28.0,67.0,18.0,7.0,60.0,33.0,71.0,0.0
2018-02-17,25.0,1.0,53.0,17.0,45.0,10.0,14.0,66.0,8.0,51.0,0.0
2018-02-18,26.0,1.0,61.0,22.0,49.0,28.0,20.0,67.0,28.0,57.0,0.0
2018-02-19,29.0,1.0,85.0,31.0,68.0,23.0,22.0,64.0,36.0,70.0,0.0
2018-02-20,26.0,1.0,85.0,24.0,82.0,36.0,5.0,59.0,15.0,78.0,0.0
2018-02-21,27.0,1.0,83.0,34.0,88.0,23.0,51.0,57.0,32.0,79.0,0.0
2018-02-22,28.0,1.0,83.0,36.0,84.0,24.0,23.0,60.0,36.0,81.0,0.0
2018-02-23,26.0,1.0,78.0,30.0,76.0,20.0,23.0,60.0,19.0,73.0,24.0
2018-02-24,30.0,,61.0,19.0,44.0,24.0,0.0,61.0,15.0,53.0,0.0
2018-02-25,30.0,,65.0,28.0,53.0,41.0,41.0,59.0,43.0,58.0,0.0
2018-02-26,28.0,,87.0,34.0,88.0,32.0,0.0,62.0,38.0,80.0,0.0
2018-02-27,28.0,,88.0,38.0,80.0,26.0,24.0,59.0,19.0,80.0,0.0
2018-02-28,48.0,,94.0,48.0,85.0,26.0,12.0,58.0,37.0,77.0,0.0
2018-03-01,35.0,,81.0,32.0,87.0,31.0,36.0,57.0,19.0,76.0,0.0
2018-03-02,29.0,,75.0,23.0,65.0,43.0,26.0,57.0,13.0,68.0,0.0
2018-03-03,31.0,,54.0,24.0,43.0,30.0,0.0,61.0,36.0,51.0,0.0
2018-03-04,29.0,,60.0,18.0,52.0,18.0,14.0,64.0,51.0,56.0,0.0
2018-03-05,30.0,,95.0,46.0,80.0,16.0,24.0,58.0,19.0,77.0,0.0
2018-03-06,28.0,,98.0,46.0,85.0,37.0,0.0,59.0,51.0,79.0,0.0
2018-03-07,28.0,,87.0,30.0,85.0,37.0,0.0,59.0,7.0,79.0,0.0
2018-03-08,27.0,,89.0,42.0,94.0,32.0,24.0,58.0,45.0,78.0,0.0
2018-03-09,25.0,,72.0,38.0,77.0,50.0,52.0,59.0,7.0,75.0,0.0
2018-03-10,27.0,,57.0,21.0,46.0,36.0,0.0,62.0,37.0,55.0,0.0
2018-03-11,31.0,,62.0,14.0,50.0,0.0,42.0,62.0,14.0,61.0,0.0
2018-03-12,28.0,,83.0,35.0,79.0,51.0,48.0,58.0,37.0,76.0,25.0
2018-03-13,30.0,,96.0,29.0,76.0,32.0,12.0,58.0,44.0,78.0,25.0
2018-03-14,25.0,,93.0,47.0,78.0,37.0,12.0,60.0,57.0,77.0,26.0
2018-03-15,25.0,,88.0,24.0,74.0,47.0,13.0,57.0,32.0,77.0,0.0
2018-03-16,29.0,,75.0,28.0,65.0,28.0,0.0,59.0,7.0,72.0,0.0
2018-03-17,26.0,,70.0,21.0,42.0,42.0,0.0,59.0,15.0,51.0,0.0
2018-03-18,26.0,,56.0,22.0,48.0,18.0,27.0,61.0,22.0,57.0,0.0
2018-03-19,30.0,,88.0,35.0,81.0,53.0,24.0,59.0,12.0,76.0,0.0
2018-03-20,30.0,,84.0,34.0,80.0,21.0,36.0,58.0,25.0,80.0,0.0
2018-03-21,27.0,,93.0,36.0,81.0,26.0,49.0,57.0,19.0,79.0,0.0
2018-03-22,27.0,,88.0,49.0,80.0,16.0,0.0,59.0,13.0,77.0,0.0
2018-03-23,26.0,,86.0,38.0,67.0,72.0,13.0,59.0,27.0,69.0,27.0
2018-03-24,28.0,,59.0,19.0,49.0,55.0,0.0,59.0,7.0,54.0,0.0
2018-03-25,31.0,,56.0,21.0,48.0,37.0,0.0,59.0,15.0,56.0,0.0
2018-03-26,27.0,,81.0,31.0,78.0,69.0,13.0,59.0,26.0,73.0,0.0
2018-03-27,28.0,,90.0,33.0,80.0,47.0,13.0,57.0,32.0,77.0,0.0
2018-03-28,26.0,,84.0,28.0,78.0,43.0,13.0,55.0,13.0,76.0,0.0
2018-03-29,24.0,,80.0,23.0,66.0,23.0,0.0,56.0,34.0,68.0,27.0
2018-03-30,25.0,,68.0,24.0,47.0,47.0,14.0,62.0,14.0,59.0,29.0
2018-03-31,26.0,,48.0,26.0,37.0,43.0,15.0,62.0,30.0,52.0,0.0
2018-04-01,28.0,,47.0,22.0,37.0,32.0,0.0,60.0,0.0,50.0,0.0
2018-04-02,26.0,,82.0,23.0,66.0,11.0,0.0,60.0,47.0,72.0,0.0
2018-04-03,27.0,,92.0,46.0,72.0,32.0,37.0,57.0,45.0,73.0,0.0
2018-04-04,32.0,,92.0,49.0,76.0,21.0,24.0,57.0,19.0,78.0,26.0
2018-04-05,35.0,,83.0,41.0,75.0,43.0,13.0,58.0,26.0,76.0,0.0
2018-04-06,36.0,,76.0,31.0,65.0,50.0,13.0,59.0,34.0,69.0,0.0
2018-04-07,43.0,,52.0,13.0,41.0,31.0,0.0,60.0,0.0,54.0,0.0
2018-04-08,41.0,,58.0,25.0,49.0,42.0,14.0,60.0,37.0,53.0,0.0
2018-04-09,38.0,,87.0,50.0,79.0,22.0,0.0,59.0,26.0,77.0,0.0
2018-04-10,35.0,,83.0,47.0,81.0,37.0,12.0,59.0,32.0,78.0,0.0
2018-04-11,37.0,,84.0,24.0,78.0,21.0,0.0,59.0,19.0,75.0,0.0
2018-04-12,35.0,,94.0,36.0,73.0,27.0,13.0,56.0,19.0,76.0,0.0
2018-04-13,38.0,,81.0,34.0,71.0,17.0,13.0,57.0,20.0,71.0,0.0
2018-04-14,42.0,,57.0,19.0,38.0,19.0,0.0,59.0,38.0,53.0,0.0
2018-04-15,46.0,,63.0,27.0,53.0,31.0,0.0,61.0,30.0,57.0,0.0
2018-04-16,37.0,,84.0,32.0,82.0,26.0,49.0,57.0,26.0,79.0,0.0
2018-04-17,37.0,,88.0,29.0,80.0,26.0,24.0,57.0,19.0,80.0,0.0
2018-04-18,37.0,,85.0,46.0,81.0,33.0,13.0,59.0,27.0,77.0,0.0
2018-04-19,37.0,,85.0,36.0,80.0,17.0,25.0,54.0,27.0,78.0,0.0
2018-04-20,36.0,,86.0,29.0,73.0,28.0,13.0,55.0,41.0,70.0,0.0
2018-04-21,37.0,,52.0,15.0,49.0,19.0,0.0,57.0,37.0,53.0,0.0
2018-04-22,46.0,,59.0,27.0,51.0,6.0,14.0,58.0,45.0,55.0,0.0
2018-04-23,36.0,,92.0,29.0,82.0,52.0,13.0,57.0,19.0,78.0,26.0
2018-04-24,33.0,,96.0,38.0,84.0,63.0,24.0,57.0,12.0,77.0,0.0
2018-04-25,35.0,,95.0,40.0,84.0,16.0,0.0,59.0,52.0,75.0,26.0
2018-04-26,34.0,,89.0,31.0,81.0,37.0,13.0,56.0,38.0,74.0,0.0
2018-04-27,37.0,,87.0,28.0,70.0,23.0,0.0,57.0,27.0,70.0,0.0
2018-04-28,35.0,,52.0,15.0,42.0,37.0,15.0,57.0,15.0,53.0,0.0
2018-04-29,31.0,,60.0,11.0,53.0,37.0,29.0,62.0,22.0,55.0,0.0
2018-04-30,27.0,,88.0,30.0,80.0,17.0,26.0,58.0,33.0,78.0,0.0
2018-05-01,25.0,,86.0,41.0,90.0,29.0,0.0,61.0,48.0,78.0,0.0
2018-05-02,24.0,,87.0,40.0,83.0,42.0,37.0,58.0,38.0,77.0,0.0
2018-05-03,27.0,1.0,83.0,41.0,80.0,37.0,40.0,59.0,45.0,76.0,0.0
2018-05-04,26.0,1.0,77.0,28.0,71.0,33.0,10.0,57.0,50.0,71.0,54.0
2018-05-05,26.0,1.0,55.0,18.0,40.0,15.0,25.0,61.0,15.0,56.0,0.0
2018-05-06,26.0,1.0,53.0,17.0,51.0,21.0,0.0,60.0,33.0,57.0,0.0
2018-05-07,25.0,1.0,80.0,34.0,79.0,32.0,9.0,59.0,39.0,77.0,0.0
2018-05-08,24.0,1.0,89.0,33.0,84.0,37.0,15.0,63.0,26.0,79.0,0.0
2018-05-09,26.0,1.0,88.0,38.0,81.0,24.0,31.0,61.0,39.0,79.0,0.0
2018-05-10,28.0,1.0,90.0,49.0,79.0,32.0,0.0,61.0,29.0,78.0,0.0
2018-05-11,27.0,1.0,76.0,36.0,69.0,41.0,35.0,57.0,50.0,70.0,0.0
2018-05-12,25.0,1.0,47.0,18.0,42.0,35.0,40.0,62.0,15.0,55.0,15.0
2018-05-13,25.0,1.0,54.0,26.0,46.0,40.0,18.0,63.0,11.0,63.0,0.0
2018-05-14,26.0,1.0,83.0,40.0,76.0,48.0,15.0,58.0,35.0,78.0,0.0
2018-05-15,25.0,1.0,78.0,40.0,76.0,32.0,21.0,57.0,25.0,80.0,0.0
2018-05-16,25.0,1.0,77.0,43.0,77.0,29.0,9.0,58.0,23.0,79.0,0.0
2018-05-17,30.0,1.0,76.0,45.0,70.0,60.0,6.0,58.0,26.0,84.0,13.0
2018-05-18,31.0,1.0,75.0,35.0,68.0,26.0,33.0,57.0,27.0,72.0,27.0
2018-05-19,34.0,1.0,50.0,20.0,39.0,34.0,0.0,58.0,19.0,52.0,0.0
2018-05-20,39.0,1.0,51.0,18.0,51.0,37.0,51.0,60.0,15.0,56.0,0.0
2018-05-21,35.0,1.0,84.0,32.0,70.0,21.0,25.0,59.0,17.0,76.0,0.0
2018-05-22,33.0,1.0,81.0,38.0,79.0,47.0,0.0,58.0,22.0,77.0,0.0
2018-05-23,33.0,1.0,84.0,29.0,71.0,37.0,41.0,59.0,13.0,76.0,0.0
2018-05-24,34.0,1.0,75.0,37.0,72.0,24.0,29.0,56.0,40.0,73.0,0.0
2018-05-25,34.0,1.0,75.0,36.0,57.0,20.0,0.0,53.0,24.0,69.0,0.0
2018-05-26,37.0,1.0,56.0,15.0,38.0,68.0,0.0,52.0,52.0,50.0,0.0
2018-05-27,39.0,1.0,54.0,26.0,46.0,46.0,0.0,52.0,22.0,56.0,0.0
2018-05-28,39.0,1.0,67.0,17.0,49.0,52.0,25.0,51.0,23.0,56.0,27.0
2018-05-29,34.0,1.0,77.0,27.0,62.0,21.0,12.0,53.0,26.0,73.0,26.0
2018-05-30,33.0,1.0,74.0,23.0,71.0,19.0,15.0,52.0,29.0,74.0,0.0
2018-05-31,37.0,1.0,91.0,40.0,70.0,38.0,42.0,52.0,30.0,74.0,0.0
2018-06-01,35.0,1.0,74.0,25.0,56.0,25.0,26.0,50.0,41.0,69.0,0.0
2018-06-02,39.0,1.0,51.0,26.0,40.0,28.0,7.0,53.0,34.0,52.0,0.0
2018-06-03,44.0,1.0,47.0,27.0,42.0,28.0,0.0,52.0,26.0,56.0,0.0
2018-06-04,36.0,1.0,79.0,40.0,66.0,24.0,9.0,49.0,29.0,70.0,13.0
2018-06-05,35.0,1.0,75.0,28.0,64.0,48.0,37.0,49.0,22.0,74.0,0.0
2018-06-06,32.0,1.0,76.0,35.0,59.0,19.0,0.0,50.0,13.0,74.0,0.0
2018-06-07,37.0,1.0,74.0,35.0,59.0,24.0,0.0,49.0,16.0,73.0,26.0
2018-06-08,37.0,1.0,66.0,29.0,52.0,14.0,16.0,48.0,27.0,66.0,14.0
2018-06-09,35.0,1.0,49.0,18.0,38.0,34.0,0.0,52.0,15.0,51.0,0.0
2018-06-10,27.0,1.0,53.0,13.0,39.0,37.0,43.0,49.0,26.0,53.0,0.0
2018-06-11,28.0,1.0,75.0,38.0,59.0,26.0,15.0,50.0,3.0,68.0,13.0
2018-06-12,25.0,1.0,78.0,37.0,61.0,27.0,11.0,50.0,29.0,70.0,0.0
2018-06-13,23.0,1.0,70.0,24.0,57.0,45.0,17.0,48.0,24.0,70.0,0.0
2018-06-14,23.0,1.0,71.0,20.0,52.0,38.0,0.0,46.0,22.0,67.0,13.0
2018-06-15,22.0,1.0,64.0,25.0,53.0,22.0,16.0,43.0,20.0,63.0,14.0
2018-06-16,24.0,1.0,48.0,11.0,37.0,19.0,0.0,46.0,22.0,50.0,0.0
2018-06-17,25.0,1.0,46.0,14.0,37.0,27.0,35.0,46.0,25.0,52.0,0.0
2018-06-18,23.0,1.0,65.0,32.0,55.0,8.0,0.0,46.0,19.0,71.0,0.0
2018-06-19,22.0,1.0,74.0,27.0,81.0,26.0,15.0,45.0,28.0,77.0,0.0
2018-06-20,22.0,1.0,69.0,31.0,94.0,29.0,37.0,46.0,28.0,78.0,0.0
2018-06-21,22.0,1.0,70.0,32.0,59.0,24.0,15.0,45.0,12.0,73.0,0.0
2018-06-22,23.0,1.0,60.0,28.0,50.0,27.0,10.0,46.0,13.0,65.0,0.0
2018-06-23,27.0,1.0,43.0,19.0,34.0,51.0,0.0,47.0,33.0,51.0,0.0
2018-06-24,28.0,1.0,49.0,21.0,40.0,21.0,18.0,50.0,33.0,52.0,0.0
2018-06-25,26.0,1.0,68.0,50.0,54.0,13.0,48.0,45.0,40.0,66.0,0.0
2018-06-26,32.0,1.0,75.0,31.0,54.0,16.0,15.0,45.0,35.0,69.0,0.0
2018-06-27,33.0,1.0,71.0,26.0,51.0,31.0,49.0,44.0,34.0,68.0,0.0
2018-06-28,35.0,1.0,70.0,25.0,48.0,21.0,0.0,45.0,29.0,68.0,0.0
2018-06-29,35.0,1.0,74.0,32.0,42.0,34.0,23.0,47.0,35.0,67.0,14.0
2018-06-30,38.0,1.0,53.0,15.0,33.0,3.0,0.0,46.0,22.0,51.0,0.0
2018-07-01,36.0,1.0,47.0,15.0,39.0,18.0,14.0,46.0,15.0,55.0,0.0
2018-07-02,37.0,1.0,69.0,26.0,46.0,29.0,0.0,44.0,32.0,69.0,13.0
2018-07-03,34.0,1.0,70.0,24.0,47.0,39.0,0.0,45.0,32.0,65.0,26.0
2018-07-04,38.0,1.0,57.0,23.0,46.0,28.0,42.0,49.0,16.0,57.0,0.0
2018-07-05,33.0,1.0,67.0,36.0,46.0,30.0,6.0,46.0,26.0,67.0,0.0
2018-07-06,36.0,1.0,64.0,17.0,42.0,37.0,9.0,43.0,19.0,59.0,0.0
2018-07-07,34.0,1.0,46.0,16.0,35.0,36.0,0.0,46.0,22.0,48.0,0.0
2018-07-08,39.0,1.0,45.0,17.0,35.0,57.0,0.0,46.0,29.0,52.0,0.0
2018-07-09,38.0,1.0,71.0,35.0,45.0,34.0,30.0,47.0,32.0,70.0,0.0
2018-07-10,34.0,1.0,69.0,35.0,48.0,33.0,15.0,45.0,30.0,71.0,0.0
2018-07-11,33.0,1.0,68.0,20.0,49.0,47.0,15.0,45.0,39.0,67.0,0.0
2018-07-12,33.0,1.0,62.0,31.0,47.0,33.0,0.0,48.0,13.0,70.0,0.0
2018-07-13,35.0,1.0,65.0,21.0,44.0,39.0,43.0,47.0,27.0,65.0,14.0
2018-07-14,33.0,1.0,53.0,13.0,34.0,90.0,11.0,47.0,34.0,51.0,0.0
2018-07-15,39.0,1.0,46.0,20.0,35.0,89.0,10.0,45.0,26.0,49.0,0.0
2018-07-16,34.0,1.0,69.0,23.0,52.0,46.0,19.0,48.0,50.0,66.0,0.0
2018-07-17,34.0,1.0,76.0,23.0,52.0,22.0,10.0,47.0,26.0,70.0,0.0
2018-07-18,33.0,1.0,75.0,31.0,48.0,38.0,13.0,48.0,23.0,73.0,27.0
2018-07-19,35.0,1.0,72.0,32.0,50.0,36.0,26.0,49.0,30.0,69.0,0.0
2018-07-20,34.0,1.0,65.0,36.0,42.0,31.0,10.0,46.0,14.0,66.0,28.0
2018-07-21,38.0,1.0,51.0,13.0,39.0,15.0,0.0,47.0,23.0,51.0,0.0
2018-07-22,41.0,1.0,49.0,17.0,37.0,6.0,22.0,45.0,26.0,56.0,0.0
2018-07-23,37.0,1.0,70.0,19.0,47.0,25.0,10.0,49.0,40.0,72.0,0.0
2018-07-24,34.0,1.0,73.0,46.0,53.0,21.0,22.0,48.0,36.0,72.0,0.0
2018-07-25,35.0,1.0,71.0,25.0,49.0,13.0,10.0,46.0,26.0,71.0,0.0
2018-07-26,33.0,1.0,71.0,42.0,46.0,14.0,15.0,45.0,26.0,68.0,0.0
2018-07-27,34.0,1.0,65.0,24.0,44.0,16.0,0.0,46.0,20.0,67.0,0.0
2018-07-28,38.0,1.0,52.0,15.0,33.0,9.0,18.0,46.0,22.0,52.0,0.0
2018-07-29,44.0,1.0,48.0,18.0,35.0,28.0,0.0,46.0,11.0,52.0,15.0
2018-07-30,40.0,1.0,70.0,45.0,52.0,21.0,10.0,45.0,26.0,73.0,13.0
2018-07-31,36.0,1.0,71.0,33.0,49.0,16.0,6.0,45.0,16.0,71.0,0.0
2018-08-01,39.0,1.0,77.0,32.0,46.0,16.0,40.0,45.0,26.0,71.0,0.0
2018-08-02,34.0,1.0,67.0,34.0,45.0,20.0,0.0,45.0,49.0,71.0,13.0
2018-08-03,35.0,1.0,69.0,32.0,47.0,42.0,0.0,47.0,37.0,66.0,0.0
2018-08-04,40.0,1.0,54.0,20.0,37.0,12.0,18.0,48.0,15.0,54.0,0.0
2018-08-05,40.0,1.0,53.0,11.0,39.0,21.0,10.0,48.0,0.0,55.0,0.0
2018-08-06,36.0,1.0,73.0,30.0,52.0,16.0,15.0,46.0,32.0,69.0,0.0
2018-08-07,32.0,1.0,73.0,31.0,54.0,39.0,73.0,46.0,41.0,72.0,0.0
2018-08-08,37.0,1.0,74.0,26.0,49.0,21.0,6.0,46.0,50.0,70.0,0.0
2018-08-09,38.0,1.0,74.0,38.0,51.0,29.0,56.0,46.0,19.0,72.0,0.0
2018-08-10,38.0,1.0,64.0,37.0,42.0,22.0,16.0,43.0,20.0,64.0,0.0
2018-08-11,41.0,1.0,51.0,20.0,36.0,18.0,0.0,47.0,29.0,54.0,15.0
2018-08-12,42.0,,42.0,6.0,39.0,12.0,0.0,47.0,15.0,55.0,0.0
2018-08-13,40.0,,71.0,37.0,52.0,21.0,56.0,46.0,0.0,74.0,0.0
2018-08-14,34.0,,68.0,37.0,56.0,11.0,74.0,46.0,19.0,73.0,0.0
2018-08-15,27.0,,61.0,38.0,48.0,27.0,38.0,46.0,33.0,72.0,0.0
2018-08-16,25.0,,71.0,26.0,51.0,27.0,0.0,44.0,45.0,73.0,0.0
2018-08-17,26.0,,67.0,32.0,44.0,22.0,19.0,45.0,39.0,68.0,0.0
2018-08-18,30.0,,60.0,13.0,31.0,25.0,0.0,45.0,30.0,53.0,0.0
2018-08-19,33.0,,50.0,18.0,38.0,25.0,44.0,48.0,30.0,57.0,0.0
2018-08-20,29.0,,78.0,34.0,50.0,33.0,0.0,43.0,33.0,70.0,0.0
2018-08-21,27.0,,73.0,38.0,53.0,16.0,0.0,45.0,19.0,74.0,0.0
2018-08-22,27.0,,66.0,28.0,54.0,38.0,57.0,47.0,33.0,72.0,0.0
2018-08-23,23.0,,67.0,27.0,57.0,22.0,76.0,44.0,26.0,71.0,0.0
2018-08-24,28.0,,66.0,31.0,49.0,34.0,39.0,43.0,20.0,67.0,0.0
2018-08-25,27.0,,44.0,22.0,36.0,12.0,0.0,46.0,22.0,51.0,0.0
2018-08-26,29.0,,45.0,20.0,41.0,24.0,0.0,44.0,22.0,57.0,0.0
2018-08-27,29.0,,74.0,27.0,54.0,5.0,0.0,44.0,12.0,72.0,0.0
2018-08-28,29.0,,77.0,23.0,60.0,16.0,37.0,46.0,44.0,80.0,0.0
2018-08-29,26.0,,75.0,34.0,61.0,26.0,18.0,44.0,57.0,76.0,0.0
2018-08-30,29.0,,78.0,47.0,60.0,21.0,18.0,43.0,51.0,77.0,0.0
2018-08-31,32.0,,72.0,26.0,51.0,22.0,37.0,43.0,26.0,67.0,0.0
2018-09-01,39.0,,48.0,15.0,34.0,18.0,21.0,43.0,29.0,50.0,0.0
2018-09-02,44.0,,48.0,25.0,42.0,18.0,0.0,45.0,21.0,56.0,0.0
2018-09-03,48.0,,64.0,15.0,43.0,32.0,37.0,45.0,45.0,57.0,0.0
2018-09-04,35.0,,81.0,38.0,64.0,40.0,18.0,43.0,19.0,74.0,25.0
2018-09-05,38.0,,81.0,34.0,66.0,10.0,36.0,44.0,37.0,80.0,0.0
2018-09-06,38.0,,82.0,60.0,71.0,26.0,18.0,43.0,25.0,82.0,0.0
2018-09-07,37.0,,74.0,26.0,67.0,22.0,0.0,44.0,26.0,76.0,0.0
2018-09-08,40.0,,53.0,20.0,42.0,46.0,21.0,46.0,50.0,55.0,0.0
2018-09-09,39.0,,52.0,26.0,47.0,18.0,0.0,45.0,21.0,56.0,0.0
2018-09-10,35.0,,70.0,38.0,68.0,31.0,0.0,44.0,44.0,79.0,25.0
2018-09-11,35.0,,83.0,36.0,72.0,15.0,18.0,44.0,12.0,80.0,0.0
2018-09-12,32.0,,82.0,30.0,68.0,5.0,36.0,45.0,56.0,79.0,0.0
2018-09-13,37.0,,80.0,25.0,68.0,21.0,0.0,43.0,51.0,80.0,0.0
2018-09-14,35.0,,75.0,30.0,63.0,27.0,0.0,43.0,13.0,76.0,0.0
2018-09-15,34.0,,51.0,26.0,38.0,6.0,0.0,48.0,15.0,55.0,29.0
2018-09-16,38.0,,51.0,28.0,43.0,35.0,41.0,45.0,14.0,53.0,0.0
2018-09-17,35.0,,82.0,30.0,80.0,26.0,72.0,43.0,50.0,78.0,25.0
2018-09-18,36.0,,94.0,21.0,80.0,21.0,36.0,44.0,25.0,81.0,0.0
2018-09-19,31.0,,80.0,38.0,78.0,31.0,18.0,45.0,50.0,80.0,0.0
2018-09-20,32.0,,78.0,31.0,77.0,16.0,55.0,44.0,44.0,82.0,0.0
2018-09-21,30.0,,67.0,36.0,65.0,48.0,0.0,44.0,52.0,73.0,26.0
2018-09-22,28.0,,52.0,13.0,30.0,24.0,21.0,45.0,36.0,57.0,0.0
2018-09-23,28.0,,55.0,8.0,49.0,45.0,20.0,43.0,35.0,61.0,0.0
2018-09-24,28.0,,79.0,29.0,71.0,31.0,18.0,44.0,19.0,80.0,0.0
2018-09-25,29.0,,84.0,30.0,75.0,20.0,0.0,43.0,6.0,83.0,25.0
2018-09-26,28.0,,86.0,30.0,74.0,31.0,36.0,45.0,31.0,82.0,0.0
2018-09-27,25.0,,88.0,41.0,71.0,31.0,18.0,42.0,19.0,82.0,0.0
2018-09-28,25.0,,74.0,34.0,65.0,22.0,37.0,43.0,39.0,79.0,0.0
2018-09-29,28.0,,51.0,18.0,36.0,59.0,0.0,46.0,29.0,59.0,0.0
2018-09-30,28.0,,54.0,20.0,48.0,24.0,0.0,41.0,35.0,63.0,0.0
2018-10-01,28.0,,82.0,34.0,67.0,21.0,54.0,42.0,30.0,81.0,0.0
2018-10-02,26.0,,82.0,30.0,79.0,46.0,73.0,43.0,19.0,85.0,0.0
2018-10-03,28.0,,78.0,25.0,73.0,21.0,18.0,43.0,19.0,82.0,25.0
2018-10-04,28.0,,81.0,25.0,73.0,10.0,18.0,43.0,50.0,83.0,0.0
2018-10-05,27.0,,74.0,18.0,63.0,28.0,19.0,42.0,39.0,76.0,0.0
2018-10-06,27.0,,49.0,20.0,41.0,41.0,0.0,44.0,43.0,57.0,0.0
2018-10-07,25.0,,58.0,23.0,43.0,0.0,0.0,39.0,34.0,55.0,0.0
2018-10-08,29.0,,79.0,46.0,62.0,37.0,0.0,41.0,31.0,79.0,25.0
2018-10-09,27.0,,88.0,35.0,73.0,25.0,0.0,42.0,12.0,81.0,25.0
2018-10-10,26.0,,82.0,33.0,73.0,16.0,0.0,44.0,51.0,81.0,0.0
2018-10-11,27.0,,91.0,37.0,77.0,27.0,57.0,41.0,26.0,80.0,0.0
2018-10-12,28.0,,73.0,45.0,67.0,22.0,39.0,41.0,33.0,73.0,0.0
2018-10-13,26.0,,56.0,18.0,42.0,19.0,0.0,45.0,15.0,54.0,0.0
2018-10-14,28.0,,52.0,29.0,51.0,41.0,21.0,43.0,15.0,58.0,0.0
2018-10-15,28.0,,83.0,31.0,74.0,21.0,37.0,43.0,6.0,81.0,0.0
2018-10-16,32.0,,82.0,34.0,80.0,16.0,0.0,42.0,44.0,82.0,0.0
2018-10-17,30.0,,86.0,21.0,75.0,10.0,0.0,42.0,19.0,79.0,0.0
2018-10-18,29.0,,73.0,24.0,71.0,16.0,0.0,44.0,33.0,81.0,26.0
2018-10-19,32.0,1.0,67.0,35.0,61.0,20.0,18.0,42.0,30.0,70.0,0.0
2018-10-20,33.0,1.0,49.0,19.0,42.0,15.0,19.0,43.0,40.0,51.0,0.0
2018-10-21,34.0,1.0,52.0,49.0,49.0,12.0,0.0,44.0,36.0,56.0,0.0
2018-10-22,33.0,1.0,74.0,45.0,78.0,26.0,8.0,44.0,44.0,77.0,0.0
2018-10-23,31.0,1.0,73.0,34.0,77.0,23.0,27.0,43.0,50.0,79.0,0.0
2018-10-24,32.0,1.0,79.0,29.0,78.0,26.0,7.0,43.0,32.0,79.0,0.0
2018-10-25,30.0,1.0,78.0,41.0,74.0,15.0,51.0,41.0,22.0,79.0,23.0
2018-10-26,29.0,1.0,79.0,37.0,67.0,17.0,8.0,42.0,54.0,72.0,24.0
2018-10-27,32.0,1.0,47.0,18.0,40.0,32.0,0.0,44.0,21.0,54.0,0.0
2018-10-28,32.0,1.0,49.0,15.0,47.0,29.0,0.0,43.0,28.0,54.0,0.0
2018-10-29,35.0,1.0,75.0,40.0,71.0,30.0,16.0,42.0,49.0,78.0,22.0
2018-10-30,30.0,1.0,83.0,47.0,79.0,41.0,33.0,43.0,47.0,80.0,36.0
2018-10-31,31.0,1.0,72.0,55.0,72.0,21.0,9.0,44.0,26.0,79.0,0.0
2018-11-01,28.0,1.0,78.0,43.0,70.0,14.0,17.0,43.0,40.0,77.0,0.0
2018-11-02,31.0,1.0,72.0,30.0,63.0,28.0,42.0,42.0,40.0,72.0,38.0
2018-11-03,34.0,1.0,51.0,17.0,42.0,18.0,19.0,43.0,22.0,53.0,0.0
2018-11-04,40.0,1.0,55.0,27.0,49.0,20.0,10.0,45.0,35.0,57.0,0.0
2018-11-05,36.0,1.0,78.0,38.0,72.0,30.0,0.0,45.0,30.0,79.0,0.0
2018-11-06,34.0,1.0,67.0,20.0,83.0,16.0,7.0,43.0,35.0,77.0,36.0
2018-11-07,33.0,1.0,72.0,33.0,79.0,27.0,50.0,42.0,27.0,81.0,0.0
2018-11-08,35.0,1.0,72.0,34.0,76.0,20.0,0.0,42.0,16.0,80.0,0.0
2018-11-09,37.0,1.0,71.0,31.0,63.0,30.0,10.0,43.0,27.0,74.0,0.0
2018-11-10,38.0,1.0,47.0,17.0,40.0,15.0,0.0,45.0,0.0,55.0,0.0
2018-11-11,38.0,1.0,52.0,16.0,44.0,9.0,10.0,43.0,35.0,54.0,0.0
2018-11-12,38.0,1.0,76.0,32.0,61.0,23.0,16.0,42.0,28.0,69.0,0.0
2018-11-13,33.0,1.0,79.0,41.0,73.0,10.0,33.0,42.0,22.0,80.0,0.0
2018-11-14,34.0,1.0,74.0,35.0,75.0,28.0,23.0,42.0,38.0,79.0,0.0
2018-11-15,34.0,1.0,77.0,44.0,77.0,18.0,25.0,42.0,36.0,79.0,13.0
2018-11-16,35.0,1.0,77.0,40.0,62.0,22.0,19.0,42.0,23.0,72.0,13.0
2018-11-17,38.0,1.0,54.0,19.0,41.0,18.0,0.0,45.0,37.0,56.0,0.0
2018-11-18,46.0,1.0,52.0,18.0,48.0,12.0,30.0,43.0,54.0,57.0,26.0
2018-11-19,44.0,1.0,76.0,43.0,63.0,13.0,26.0,44.0,16.0,73.0,0.0
2018-11-20,40.0,1.0,78.0,44.0,60.0,28.0,17.0,42.0,44.0,70.0,0.0
2018-11-21,43.0,1.0,71.0,35.0,51.0,29.0,16.0,42.0,39.0,64.0,0.0
2018-11-22,58.0,1.0,66.0,26.0,43.0,10.0,26.0,41.0,23.0,53.0,0.0
2018-11-23,100.0,1.0,67.0,27.0,39.0,27.0,35.0,41.0,23.0,51.0,24.0
2018-11-24,65.0,1.0,56.0,18.0,37.0,20.0,18.0,44.0,39.0,49.0,26.0
2018-11-25,54.0,1.0,54.0,19.0,40.0,46.0,38.0,45.0,28.0,54.0,0.0
2018-11-26,80.0,1.0,83.0,53.0,66.0,38.0,16.0,44.0,46.0,80.0,0.0
2018-11-27,61.0,1.0,90.0,40.0,74.0,23.0,24.0,44.0,31.0,80.0,0.0
2018-11-28,46.0,1.0,86.0,54.0,77.0,34.0,48.0,43.0,57.0,84.0,0.0
2018-11-29,40.0,1.0,78.0,42.0,77.0,21.0,32.0,42.0,38.0,79.0,0.0
2018-11-30,36.0,1.0,77.0,36.0,68.0,23.0,9.0,42.0,29.0,73.0,0.0
2018-12-01,37.0,1.0,57.0,22.0,40.0,36.0,19.0,44.0,25.0,52.0,0.0
2018-12-02,40.0,1.0,52.0,21.0,45.0,46.0,10.0,45.0,32.0,54.0,0.0
2018-12-03,40.0,1.0,83.0,35.0,72.0,23.0,25.0,43.0,44.0,76.0,35.0
2018-12-04,38.0,1.0,86.0,45.0,76.0,28.0,35.0,42.0,32.0,81.0,0.0
2018-12-05,38.0,1.0,84.0,40.0,78.0,29.0,26.0,43.0,38.0,79.0,0.0
2018-12-06,36.0,1.0,90.0,58.0,77.0,16.0,34.0,43.0,45.0,78.0,0.0
2018-12-07,36.0,1.0,75.0,38.0,72.0,30.0,27.0,41.0,43.0,69.0,0.0
2018-12-08,35.0,1.0,57.0,17.0,39.0,39.0,0.0,44.0,18.0,52.0,0.0
2018-12-09,36.0,1.0,49.0,20.0,53.0,30.0,36.0,44.0,21.0,56.0,0.0
2018-12-10,38.0,1.0,77.0,40.0,95.0,74.0,24.0,42.0,13.0,77.0,0.0
2018-12-11,34.0,1.0,73.0,49.0,74.0,26.0,91.0,41.0,38.0,79.0,0.0
2018-12-12,33.0,1.0,79.0,45.0,75.0,29.0,10.0,44.0,33.0,79.0,0.0
2018-12-13,36.0,1.0,73.0,51.0,71.0,33.0,10.0,42.0,33.0,77.0,0.0
2018-12-14,35.0,1.0,73.0,43.0,69.0,35.0,0.0,41.0,23.0,71.0,0.0
2018-12-15,38.0,1.0,52.0,18.0,35.0,40.0,0.0,44.0,30.0,54.0,0.0
2018-12-16,36.0,1.0,48.0,21.0,43.0,42.0,0.0,43.0,30.0,54.0,0.0
2018-12-17,34.0,1.0,75.0,34.0,70.0,32.0,9.0,45.0,36.0,73.0,12.0
2018-12-18,36.0,1.0,74.0,50.0,68.0,28.0,25.0,44.0,28.0,73.0,0.0
2018-12-19,35.0,1.0,78.0,44.0,61.0,27.0,8.0,43.0,30.0,72.0,0.0
2018-12-20,33.0,1.0,75.0,44.0,58.0,40.0,16.0,45.0,31.0,70.0,25.0
2018-12-21,33.0,1.0,63.0,39.0,45.0,26.0,27.0,43.0,39.0,59.0,0.0
2018-12-22,34.0,1.0,44.0,30.0,30.0,16.0,0.0,43.0,38.0,45.0,0.0
2018-12-23,36.0,1.0,38.0,25.0,30.0,22.0,0.0,42.0,31.0,46.0,0.0
2018-12-24,32.0,1.0,45.0,20.0,27.0,22.0,9.0,43.0,11.0,46.0,0.0
2018-12-25,20.0,1.0,37.0,22.0,25.0,10.0,0.0,40.0,12.0,41.0,0.0
2018-12-26,30.0,1.0,56.0,20.0,31.0,33.0,0.0,44.0,28.0,49.0,0.0
2018-12-27,28.0,1.0,62.0,21.0,36.0,31.0,28.0,43.0,17.0,57.0,0.0
2018-12-28,26.0,1.0,60.0,27.0,34.0,6.0,19.0,43.0,21.0,58.0,0.0
2018-12-29,29.0,1.0,56.0,36.0,31.0,37.0,0.0,45.0,30.0,48.0,0.0
2018-12-30,29.0,1.0,43.0,9.0,28.0,16.0,0.0,43.0,30.0,48.0,0.0
2018-12-31,26.0,1.0,56.0,22.0,34.0,19.0,11.0,41.0,19.0,54.0,0.0
2019-01-01,28.0,1.0,46.0,28.0,27.0,22.0,23.0,41.0,24.0,47.0,0.0
2019-01-02,22.0,1.0,62.0,31.0,43.0,22.0,19.0,43.0,17.0,64.0,38.0
2019-01-03,24.0,1.0,66.0,32.0,46.0,32.0,17.0,44.0,39.0,70.0,50.0
2019-01-04,24.0,1.0,73.0,39.0,49.0,24.0,8.0,43.0,30.0,66.0,0.0
2019-01-05,25.0,1.0,52.0,32.0,36.0,18.0,30.0,44.0,15.0,55.0,0.0
2019-01-06,26.0,1.0,52.0,34.0,36.0,35.0,9.0,44.0,28.0,54.0,0.0
2019-01-07,24.0,1.0,71.0,36.0,58.0,31.0,9.0,42.0,51.0,72.0,13.0
2019-01-08,24.0,1.0,75.0,34.0,63.0,28.0,22.0,42.0,28.0,77.0,0.0
2019-01-09,22.0,1.0,80.0,48.0,70.0,18.0,56.0,41.0,28.0,81.0,13.0
2019-01-10,24.0,1.0,78.0,38.0,69.0,28.0,23.0,42.0,28.0,79.0,0.0
2019-01-11,24.0,1.0,69.0,28.0,63.0,32.0,49.0,42.0,17.0,73.0,13.0
2019-01-12,25.0,1.0,48.0,37.0,36.0,23.0,0.0,43.0,29.0,54.0,0.0
2019-01-13,25.0,1.0,40.0,18.0,40.0,23.0,8.0,41.0,35.0,56.0,0.0
2019-01-14,25.0,1.0,72.0,23.0,67.0,18.0,25.0,42.0,25.0,77.0,0.0
2019-01-15,26.0,1.0,77.0,45.0,74.0,28.0,9.0,42.0,25.0,77.0,22.0
2019-01-16,25.0,1.0,73.0,44.0,69.0,23.0,9.0,40.0,47.0,78.0,0.0
2019-01-17,25.0,1.0,74.0,40.0,76.0,21.0,35.0,43.0,16.0,79.0,13.0
2019-01-18,24.0,1.0,77.0,33.0,63.0,26.0,0.0,42.0,42.0,73.0,0.0
2019-01-19,24.0,1.0,55.0,24.0,41.0,21.0,17.0,43.0,39.0,56.0,0.0
2019-01-20,26.0,1.0,50.0,25.0,48.0,14.0,10.0,42.0,24.0,55.0,0.0
2019-01-21,32.0,1.0,64.0,34.0,63.0,18.0,16.0,43.0,16.0,63.0,12.0
2019-01-22,30.0,1.0,74.0,36.0,77.0,7.0,27.0,42.0,37.0,77.0,0.0
2019-01-23,30.0,1.0,75.0,43.0,69.0,15.0,23.0,42.0,21.0,82.0,0.0
2019-01-24,33.0,1.0,72.0,43.0,74.0,23.0,30.0,44.0,28.0,97.0,0.0
2019-01-25,32.0,1.0,68.0,27.0,63.0,18.0,32.0,42.0,20.0,90.0,13.0
2019-01-26,33.0,1.0,48.0,23.0,41.0,33.0,36.0,46.0,25.0,63.0,0.0
2019-01-27,36.0,1.0,53.0,21.0,44.0,23.0,8.0,43.0,39.0,64.0,0.0
2019-01-28,32.0,,78.0,48.0,72.0,26.0,30.0,43.0,12.0,81.0,92.0
2019-01-29,34.0,,76.0,48.0,68.0,15.0,0.0,40.0,37.0,81.0,0.0
2019-01-30,33.0,,80.0,33.0,70.0,5.0,15.0,41.0,32.0,80.0,0.0
2019-01-31,33.0,,78.0,53.0,73.0,5.0,30.0,42.0,6.0,82.0,0.0
2019-02-01,33.0,,70.0,41.0,68.0,16.0,16.0,41.0,26.0,72.0,0.0
2019-02-02,34.0,,44.0,30.0,41.0,35.0,0.0,45.0,43.0,53.0,0.0
2019-02-03,34.0,,52.0,25.0,43.0,41.0,16.0,43.0,21.0,60.0,0.0
2019-02-04,33.0,,77.0,60.0,72.0,10.0,46.0,43.0,26.0,75.0,0.0
2019-02-05,30.0,,82.0,61.0,78.0,47.0,30.0,42.0,38.0,77.0,0.0
2019-02-06,33.0,,82.0,46.0,86.0,42.0,0.0,42.0,12.0,83.0,0.0
2019-02-07,34.0,,85.0,39.0,81.0,47.0,30.0,43.0,38.0,81.0,0.0
2019-02-08,35.0,,78.0,27.0,70.0,27.0,16.0,43.0,26.0,75.0,0.0
2019-02-09,36.0,,50.0,32.0,41.0,47.0,0.0,45.0,44.0,54.0,0.0
2019-02-10,38.0,,57.0,34.0,44.0,29.0,0.0,43.0,7.0,57.0,0.0
2019-02-11,33.0,,76.0,47.0,77.0,30.0,15.0,41.0,19.0,77.0,0.0
2019-02-12,36.0,,74.0,24.0,80.0,21.0,15.0,41.0,44.0,79.0,0.0
2019-02-13,33.0,,77.0,43.0,78.0,26.0,0.0,43.0,31.0,79.0,45.0
2019-02-14,33.0,,76.0,40.0,80.0,16.0,0.0,42.0,32.0,75.0,0.0
2019-02-15,32.0,,67.0,64.0,62.0,38.0,0.0,43.0,46.0,68.0,0.0
2019-02-16,38.0,,48.0,25.0,38.0,12.0,68.0,46.0,21.0,53.0,0.0
2019-02-17,40.0,,48.0,27.0,48.0,29.0,0.0,42.0,7.0,59.0,0.0
2019-02-18,37.0,,75.0,48.0,60.0,47.0,30.0,42.0,19.0,73.0,0.0
2019-02-19,34.0,,67.0,30.0,74.0,36.0,15.0,42.0,38.0,78.0,0.0
2019-02-20,32.0,,76.0,41.0,78.0,26.0,45.0,40.0,44.0,77.0,45.0
2019-02-21,34.0,,77.0,52.0,78.0,31.0,30.0,42.0,32.0,79.0,46.0
2019-02-22,33.0,,76.0,41.0,70.0,16.0,16.0,42.0,46.0,74.0,0.0
2019-02-23,37.0,,58.0,20.0,44.0,18.0,0.0,44.0,37.0,59.0,0.0
2019-02-24,43.0,,63.0,15.0,51.0,24.0,17.0,44.0,28.0,59.0,0.0
2019-02-25,34.0,,77.0,40.0,73.0,15.0,0.0,43.0,37.0,77.0,0.0
2019-02-26,35.0,,79.0,39.0,87.0,10.0,30.0,41.0,44.0,82.0,0.0
2019-02-27,34.0,,76.0,48.0,78.0,15.0,15.0,42.0,37.0,78.0,44.0
2019-02-28,36.0,,77.0,44.0,80.0,21.0,16.0,43.0,13.0,80.0,0.0
2019-03-01,28.0,,81.0,44.0,67.0,27.0,0.0,42.0,26.0,73.0,48.0
2019-03-02,25.0,,59.0,18.0,42.0,24.0,17.0,43.0,58.0,54.0,0.0
2019-03-03,25.0,,58.0,30.0,49.0,18.0,17.0,43.0,22.0,55.0,0.0
2019-03-04,27.0,,85.0,51.0,78.0,26.0,46.0,40.0,39.0,76.0,0.0
2019-03-05,25.0,,80.0,42.0,80.0,37.0,46.0,42.0,19.0,80.0,0.0
2019-03-06,28.0,,81.0,51.0,75.0,10.0,44.0,40.0,31.0,77.0,0.0
2019-03-07,27.0,,79.0,49.0,82.0,48.0,0.0,40.0,39.0,78.0,0.0
2019-03-08,24.0,,68.0,41.0,78.0,44.0,0.0,42.0,33.0,72.0,0.0
2019-03-09,26.0,,44.0,18.0,39.0,6.0,0.0,42.0,8.0,57.0,0.0
2019-03-10,27.0,,49.0,30.0,50.0,41.0,16.0,42.0,28.0,57.0,0.0
2019-03-11,26.0,,74.0,48.0,74.0,11.0,0.0,43.0,26.0,76.0,0.0
2019-03-12,27.0,,74.0,37.0,76.0,26.0,15.0,42.0,19.0,75.0,0.0
2019-03-13,27.0,,79.0,50.0,79.0,36.0,15.0,42.0,19.0,78.0,0.0
2019-03-14,25.0,,80.0,58.0,77.0,26.0,16.0,41.0,39.0,77.0,46.0
2019-03-15,23.0,,79.0,41.0,65.0,11.0,47.0,41.0,20.0,74.0,0.0
2019-03-16,28.0,,55.0,32.0,39.0,30.0,0.0,42.0,22.0,55.0,0.0
2019-03-17,28.0,,50.0,20.0,45.0,42.0,0.0,42.0,8.0,56.0,0.0
2019-03-18,26.0,,81.0,47.0,71.0,64.0,16.0,42.0,19.0,79.0,0.0
2019-03-19,24.0,,78.0,51.0,73.0,35.0,29.0,43.0,49.0,79.0,0.0
2019-03-20,26.0,,71.0,47.0,80.0,43.0,16.0,43.0,26.0,78.0,0.0
2019-03-21,25.0,,64.0,46.0,86.0,32.0,31.0,41.0,20.0,76.0,0.0
2019-03-22,25.0,,74.0,52.0,68.0,28.0,32.0,42.0,34.0,75.0,0.0
2019-03-23,27.0,,52.0,28.0,43.0,54.0,17.0,46.0,37.0,56.0,0.0
2019-03-24,30.0,,52.0,16.0,49.0,16.0,0.0,42.0,26.0,55.0,0.0
2019-03-25,28.0,,75.0,62.0,74.0,37.0,0.0,41.0,39.0,73.0,0.0
2019-03-26,23.0,,85.0,65.0,73.0,21.0,46.0,43.0,13.0,77.0,0.0
2019-03-27,26.0,,78.0,67.0,70.0,43.0,16.0,41.0,39.0,77.0,0.0
2019-03-28,26.0,,76.0,42.0,73.0,32.0,30.0,44.0,26.0,76.0,47.0
2019-03-29,26.0,,67.0,52.0,61.0,22.0,32.0,42.0,34.0,71.0,0.0
2019-03-30,25.0,,49.0,23.0,42.0,31.0,17.0,42.0,45.0,54.0,0.0
2019-03-31,29.0,,49.0,33.0,44.0,24.0,17.0,42.0,29.0,56.0,0.0
2019-04-01,24.0,,75.0,24.0,70.0,26.0,15.0,41.0,57.0,75.0,0.0
2019-04-02,26.0,,76.0,33.0,79.0,26.0,16.0,42.0,32.0,79.0,46.0
2019-04-03,24.0,,77.0,44.0,77.0,67.0,0.0,42.0,38.0,76.0,0.0
2019-04-04,25.0,,75.0,48.0,77.0,37.0,15.0,42.0,38.0,76.0,0.0
2019-04-05,25.0,,65.0,16.0,61.0,22.0,16.0,41.0,20.0,72.0,0.0
2019-04-06,26.0,1.0,44.0,19.0,36.0,34.0,0.0,42.0,30.0,52.0,0.0
2019-04-07,25.0,1.0,48.0,17.0,46.0,25.0,39.0,43.0,11.0,56.0,0.0
2019-04-08,26.0,1.0,72.0,46.0,75.0,32.0,12.0,42.0,37.0,72.0,0.0
2019-04-09,25.0,1.0,73.0,56.0,75.0,38.0,7.0,41.0,17.0,76.0,22.0
2019-04-10,26.0,1.0,68.0,48.0,73.0,32.0,12.0,42.0,27.0,78.0,0.0
2019-04-11,26.0,1.0,74.0,41.0,77.0,22.0,12.0,42.0,30.0,78.0,0.0
2019-04-12,25.0,1.0,68.0,38.0,63.0,24.0,32.0,42.0,47.0,73.0,0.0
2019-04-13,28.0,1.0,45.0,12.0,40.0,6.0,9.0,43.0,33.0,52.0,0.0
2019-04-14,27.0,1.0,44.0,21.0,45.0,38.0,53.0,41.0,30.0,52.0,0.0
2019-04-15,26.0,1.0,69.0,48.0,69.0,30.0,8.0,41.0,3.0,73.0,0.0
2019-04-16,25.0,1.0,71.0,43.0,70.0,15.0,0.0,41.0,41.0,72.0,0.0
2019-04-17,25.0,1.0,64.0,49.0,68.0,33.0,52.0,41.0,21.0,73.0,0.0
2019-04-18,25.0,1.0,70.0,53.0,66.0,24.0,28.0,41.0,32.0,72.0,0.0
2019-04-19,25.0,1.0,56.0,27.0,47.0,24.0,0.0,40.0,32.0,62.0,0.0
2019-04-20,26.0,1.0,44.0,25.0,34.0,27.0,0.0,40.0,12.0,52.0,0.0
2019-04-21,25.0,1.0,44.0,14.0,36.0,15.0,0.0,40.0,29.0,52.0,0.0
2019-04-22,23.0,1.0,66.0,40.0,63.0,26.0,8.0,43.0,39.0,70.0,0.0
2019-04-23,24.0,1.0,81.0,52.0,71.0,25.0,58.0,41.0,25.0,76.0,0.0
2019-04-24,24.0,1.0,64.0,35.0,75.0,22.0,12.0,39.0,48.0,74.0,23.0
2019-04-25,23.0,1.0,69.0,41.0,75.0,30.0,39.0,41.0,48.0,74.0,0.0
2019-04-26,22.0,1.0,65.0,46.0,63.0,15.0,40.0,42.0,32.0,68.0,0.0
2019-04-27,22.0,1.0,46.0,26.0,40.0,34.0,30.0,40.0,23.0,51.0,0.0
2019-04-28,25.0,1.0,50.0,20.0,53.0,14.0,22.0,43.0,34.0,56.0,0.0
2019-04-29,24.0,1.0,77.0,51.0,76.0,27.0,42.0,40.0,42.0,73.0,0.0
2019-04-30,25.0,1.0,74.0,41.0,74.0,40.0,7.0,41.0,41.0,78.0,23.0
2019-05-01,24.0,1.0,68.0,46.0,82.0,42.0,0.0,39.0,26.0,79.0,0.0
2019-05-02,23.0,1.0,76.0,57.0,78.0,24.0,7.0,40.0,21.0,78.0,0.0
2019-05-03,23.0,1.0,68.0,39.0,71.0,26.0,12.0,41.0,24.0,74.0,0.0
2019-05-04,20.0,1.0,49.0,22.0,38.0,14.0,34.0,40.0,25.0,56.0,0.0
2019-05-05,25.0,1.0,44.0,28.0,48.0,16.0,0.0,40.0,30.0,54.0,51.0
2019-05-06,24.0,1.0,69.0,47.0,76.0,28.0,49.0,41.0,14.0,72.0,0.0
2019-05-07,24.0,1.0,69.0,47.0,77.0,30.0,7.0,41.0,40.0,76.0,22.0
2019-05-08,24.0,1.0,69.0,53.0,76.0,47.0,24.0,41.0,41.0,76.0,46.0
2019-05-09,24.0,1.0,67.0,46.0,76.0,40.0,19.0,40.0,38.0,80.0,0.0
2019-05-10,23.0,1.0,64.0,40.0,68.0,30.0,8.0,40.0,28.0,76.0,0.0
2019-05-11,23.0,1.0,43.0,33.0,39.0,26.0,22.0,41.0,19.0,60.0,0.0
2019-05-12,23.0,1.0,47.0,15.0,43.0,42.0,35.0,41.0,20.0,68.0,0.0
2019-05-13,25.0,1.0,71.0,37.0,70.0,34.0,34.0,40.0,42.0,78.0,0.0
2019-05-14,24.0,1.0,73.0,50.0,74.0,38.0,31.0,41.0,44.0,80.0,23.0
2019-05-15,22.0,1.0,69.0,52.0,73.0,46.0,26.0,41.0,28.0,90.0,0.0
2019-05-16,24.0,1.0,77.0,56.0,83.0,44.0,7.0,42.0,34.0,100.0,0.0
2019-05-17,23.0,1.0,62.0,35.0,76.0,42.0,32.0,41.0,14.0,99.0,0.0
2019-05-18,23.0,1.0,47.0,18.0,43.0,26.0,0.0,43.0,32.0,64.0,0.0
2019-05-19,24.0,1.0,45.0,32.0,47.0,44.0,22.0,43.0,14.0,62.0,0.0
2019-05-20,24.0,1.0,69.0,45.0,73.0,30.0,30.0,40.0,16.0,76.0,0.0
2019-05-21,22.0,1.0,71.0,41.0,70.0,39.0,33.0,42.0,30.0,75.0,0.0
2019-05-22,23.0,1.0,66.0,33.0,72.0,36.0,19.0,41.0,30.0,77.0,0.0
2019-05-23,23.0,1.0,64.0,41.0,63.0,29.0,33.0,40.0,32.0,69.0,22.0
2019-05-24,25.0,1.0,64.0,52.0,56.0,28.0,40.0,40.0,14.0,66.0,0.0
2019-05-25,29.0,1.0,42.0,17.0,38.0,12.0,22.0,41.0,31.0,50.0,0.0
2019-05-26,24.0,1.0,44.0,18.0,42.0,39.0,0.0,44.0,15.0,50.0,0.0
2019-05-27,28.0,1.0,59.0,30.0,47.0,20.0,7.0,42.0,24.0,54.0,0.0
2019-05-28,25.0,1.0,67.0,40.0,62.0,26.0,38.0,41.0,7.0,72.0,22.0
2019-05-29,24.0,1.0,68.0,36.0,61.0,50.0,22.0,40.0,33.0,73.0,45.0
2019-05-30,24.0,1.0,64.0,28.0,59.0,48.0,7.0,42.0,17.0,72.0,0.0
2019-05-31,26.0,1.0,66.0,36.0,56.0,28.0,16.0,42.0,25.0,68.0,47.0
2019-06-01,27.0,1.0,52.0,39.0,39.0,64.0,0.0,40.0,31.0,52.0,26.0
2019-06-02,29.0,1.0,47.0,22.0,42.0,22.0,0.0,42.0,7.0,60.0,0.0
2019-06-03,26.0,1.0,69.0,37.0,58.0,38.0,30.0,39.0,33.0,68.0,22.0
2019-06-04,26.0,1.0,73.0,40.0,60.0,46.0,7.0,41.0,20.0,70.0,0.0
2019-06-05,27.0,1.0,63.0,35.0,58.0,34.0,42.0,42.0,30.0,71.0,0.0
2019-06-06,23.0,1.0,67.0,44.0,57.0,27.0,0.0,41.0,37.0,68.0,0.0
2019-06-07,26.0,1.0,67.0,45.0,52.0,42.0,35.0,42.0,38.0,67.0,0.0
2019-06-08,25.0,1.0,53.0,23.0,38.0,30.0,0.0,43.0,19.0,52.0,0.0
2019-06-09,26.0,1.0,49.0,26.0,44.0,42.0,0.0,46.0,35.0,54.0,0.0
2019-06-10,27.0,1.0,65.0,43.0,53.0,9.0,0.0,42.0,42.0,70.0,22.0
2019-06-11,23.0,1.0,72.0,49.0,59.0,34.0,12.0,42.0,62.0,68.0,0.0
2019-06-12,25.0,1.0,72.0,33.0,54.0,70.0,12.0,42.0,47.0,73.0,0.0
2019-06-13,26.0,1.0,71.0,41.0,59.0,28.0,48.0,42.0,44.0,68.0,0.0
2019-06-14,25.0,1.0,64.0,31.0,49.0,12.0,46.0,42.0,10.0,66.0,46.0
2019-06-15,29.0,1.0,51.0,19.0,36.0,38.0,8.0,42.0,23.0,52.0,0.0
2019-06-16,26.0,1.0,50.0,16.0,38.0,30.0,26.0,46.0,7.0,59.0,0.0
2019-06-17,23.0,1.0,72.0,37.0,53.0,12.0,38.0,44.0,24.0,72.0,0.0
2019-06-18,23.0,1.0,69.0,49.0,54.0,24.0,38.0,43.0,36.0,70.0,0.0
2019-06-19,26.0,1.0,72.0,37.0,53.0,38.0,42.0,41.0,17.0,72.0,0.0
2019-06-20,26.0,1.0,66.0,47.0,50.0,12.0,31.0,41.0,24.0,70.0,0.0
2019-06-21,24.0,1.0,69.0,32.0,46.0,36.0,8.0,41.0,18.0,65.0,0.0
2019-06-22,24.0,1.0,51.0,21.0,38.0,20.0,0.0,43.0,15.0,52.0,0.0
2019-06-23,23.0,1.0,54.0,33.0,37.0,24.0,14.0,43.0,20.0,52.0,26.0
2019-06-24,25.0,1.0,70.0,45.0,49.0,48.0,57.0,41.0,10.0,69.0,0.0
2019-06-25,23.0,1.0,75.0,51.0,52.0,42.0,23.0,43.0,27.0,72.0,0.0
2019-06-26,23.0,1.0,72.0,61.0,51.0,26.0,7.0,41.0,13.0,68.0,22.0
2019-06-27,21.0,1.0,67.0,38.0,51.0,24.0,12.0,43.0,20.0,66.0,44.0
2019-06-28,21.0,1.0,72.0,37.0,45.0,20.0,8.0,40.0,17.0,63.0,0.0
2019-06-29,26.0,1.0,51.0,31.0,37.0,17.0,26.0,44.0,35.0,50.0,0.0
2019-06-30,26.0,1.0,53.0,25.0,38.0,32.0,14.0,42.0,16.0,52.0,0.0
2019-07-01,25.0,1.0,69.0,42.0,49.0,16.0,7.0,39.0,27.0,70.0,0.0
2019-07-02,25.0,1.0,71.0,41.0,50.0,34.0,22.0,41.0,28.0,68.0,0.0
2019-07-03,26.0,1.0,66.0,37.0,49.0,34.0,23.0,41.0,56.0,62.0,0.0
2019-07-04,25.0,1.0,55.0,35.0,40.0,38.0,20.0,39.0,18.0,57.0,47.0
2019-07-05,25.0,1.0,62.0,27.0,41.0,24.0,16.0,39.0,14.0,58.0,0.0
2019-07-06,23.0,1.0,51.0,25.0,33.0,44.0,21.0,43.0,31.0,50.0,0.0
2019-07-07,27.0,1.0,51.0,19.0,33.0,83.0,0.0,46.0,19.0,52.0,0.0
2019-07-08,23.0,1.0,73.0,44.0,51.0,20.0,27.0,43.0,17.0,70.0,0.0
2019-07-09,25.0,1.0,70.0,40.0,47.0,10.0,7.0,41.0,42.0,68.0,0.0
2019-07-10,22.0,1.0,67.0,46.0,51.0,30.0,34.0,49.0,19.0,68.0,0.0
2019-07-11,26.0,1.0,69.0,36.0,52.0,38.0,0.0,46.0,31.0,68.0,0.0
2019-07-12,26.0,1.0,66.0,35.0,45.0,40.0,47.0,41.0,34.0,63.0,0.0
2019-07-13,25.0,1.0,44.0,23.0,35.0,31.0,9.0,41.0,12.0,50.0,0.0
2019-07-14,27.0,1.0,54.0,19.0,38.0,100.0,35.0,46.0,27.0,50.0,0.0
2019-07-15,26.0,1.0,70.0,43.0,49.0,42.0,7.0,41.0,47.0,70.0,0.0
2019-07-16,29.0,,76.0,40.0,46.0,28.0,70.0,41.0,44.0,70.0,45.0
2019-07-17,25.0,,74.0,42.0,51.0,14.0,23.0,39.0,51.0,68.0,0.0
2019-07-18,26.0,,55.0,45.0,46.0,29.0,0.0,38.0,52.0,69.0,0.0
2019-07-19,25.0,,56.0,27.0,35.0,30.0,50.0,38.0,23.0,63.0,0.0
2019-07-20,25.0,,48.0,26.0,34.0,44.0,27.0,39.0,59.0,50.0,0.0
2019-07-21,28.0,,43.0,16.0,37.0,11.0,27.0,38.0,17.0,52.0,0.0
2019-07-22,27.0,,62.0,39.0,49.0,19.0,24.0,36.0,37.0,70.0,0.0
2019-07-23,32.0,,64.0,38.0,50.0,19.0,48.0,37.0,30.0,70.0,0.0
2019-07-24,32.0,,67.0,38.0,47.0,20.0,24.0,38.0,53.0,71.0,0.0
2019-07-25,35.0,,59.0,56.0,45.0,34.0,49.0,36.0,15.0,66.0,0.0
2019-07-26,35.0,,49.0,38.0,40.0,25.0,0.0,37.0,0.0,62.0,0.0
2019-07-27,40.0,,44.0,13.0,30.0,11.0,54.0,39.0,42.0,50.0,0.0
2019-07-28,42.0,,43.0,13.0,36.0,11.0,0.0,36.0,33.0,51.0,53.0
2019-07-29,35.0,,55.0,44.0,47.0,10.0,48.0,38.0,59.0,69.0,0.0
2019-07-30,34.0,,69.0,56.0,48.0,19.0,73.0,38.0,15.0,74.0,0.0
2019-07-31,35.0,,64.0,46.0,47.0,14.0,48.0,37.0,15.0,68.0,0.0
2019-08-01,38.0,,64.0,43.0,43.0,14.0,48.0,38.0,37.0,69.0,0.0
2019-08-02,37.0,,50.0,38.0,43.0,20.0,50.0,37.0,62.0,58.0,0.0
2019-08-03,44.0,,46.0,26.0,32.0,22.0,0.0,38.0,51.0,52.0,0.0
2019-08-04,48.0,,42.0,16.0,38.0,16.0,0.0,37.0,42.0,54.0,0.0
2019-08-05,38.0,,58.0,41.0,47.0,29.0,95.0,38.0,15.0,68.0,0.0
2019-08-06,38.0,,57.0,46.0,51.0,34.0,24.0,37.0,22.0,72.0,0.0
2019-08-07,38.0,,64.0,59.0,48.0,28.0,47.0,35.0,15.0,71.0,0.0
2019-08-08,36.0,,61.0,48.0,48.0,10.0,0.0,36.0,30.0,65.0,0.0
2019-08-09,34.0,,52.0,26.0,41.0,10.0,73.0,38.0,30.0,62.0,47.0
2019-08-10,33.0,,40.0,26.0,34.0,11.0,0.0,39.0,8.0,52.0,0.0
2019-08-11,31.0,,37.0,10.0,36.0,27.0,27.0,38.0,17.0,50.0,0.0
2019-08-12,27.0,,67.0,39.0,50.0,24.0,24.0,42.0,60.0,69.0,0.0
2019-08-13,28.0,,68.0,57.0,52.0,32.0,23.0,38.0,29.0,70.0,0.0
2019-08-14,28.0,,59.0,45.0,47.0,22.0,0.0,41.0,35.0,70.0,0.0
2019-08-15,33.0,,57.0,30.0,51.0,24.0,48.0,39.0,37.0,71.0,0.0
2019-08-16,42.0,,56.0,34.0,51.0,29.0,73.0,38.0,23.0,65.0,0.0
2019-08-17,39.0,,55.0,18.0,37.0,16.0,0.0,40.0,8.0,52.0,0.0
2019-08-18,33.0,,42.0,28.0,38.0,21.0,27.0,39.0,58.0,56.0,0.0
2019-08-19,29.0,,69.0,50.0,52.0,5.0,0.0,38.0,14.0,73.0,44.0
2019-08-20,27.0,,68.0,46.0,57.0,23.0,23.0,40.0,43.0,75.0,0.0
2019-08-21,29.0,,77.0,56.0,61.0,9.0,0.0,39.0,14.0,77.0,0.0
2019-08-22,29.0,,66.0,53.0,61.0,32.0,69.0,37.0,36.0,73.0,0.0
2019-08-23,30.0,,59.0,30.0,53.0,29.0,72.0,39.0,22.0,65.0,0.0
2019-08-24,30.0,,46.0,13.0,40.0,11.0,0.0,39.0,33.0,53.0,0.0
2019-08-25,31.0,,48.0,25.0,41.0,21.0,0.0,37.0,58.0,56.0,0.0
2019-08-26,31.0,,68.0,48.0,57.0,41.0,91.0,38.0,28.0,72.0,0.0
2019-08-27,31.0,,69.0,37.0,59.0,27.0,22.0,39.0,49.0,74.0,0.0
2019-08-28,27.0,,68.0,53.0,61.0,27.0,23.0,38.0,49.0,76.0,0.0
2019-08-29,26.0,,68.0,42.0,63.0,14.0,23.0,37.0,35.0,78.0,0.0
2019-08-30,27.0,,66.0,40.0,55.0,32.0,23.0,37.0,22.0,66.0,0.0
2019-08-31,27.0,,48.0,27.0,36.0,5.0,0.0,37.0,24.0,50.0,0.0
2019-09-01,30.0,,47.0,58.0,34.0,40.0,25.0,37.0,8.0,52.0,0.0
2019-09-02,32.0,,55.0,46.0,48.0,0.0,0.0,37.0,21.0,58.0,0.0
2019-09-03,25.0,,69.0,35.0,60.0,13.0,22.0,36.0,61.0,74.0,0.0
2019-09-04,26.0,,69.0,40.0,65.0,35.0,22.0,37.0,20.0,78.0,0.0
2019-09-05,28.0,,66.0,26.0,66.0,22.0,0.0,37.0,21.0,73.0,0.0
2019-09-06,27.0,,59.0,45.0,64.0,14.0,23.0,40.0,64.0,70.0,0.0
2019-09-07,30.0,,50.0,29.0,39.0,20.0,0.0,39.0,40.0,53.0,0.0
2019-09-08,31.0,,51.0,22.0,47.0,20.0,25.0,36.0,39.0,58.0,0.0
2019-09-09,27.0,,77.0,38.0,66.0,18.0,44.0,39.0,41.0,75.0,0.0
2019-09-10,31.0,,70.0,38.0,75.0,9.0,65.0,36.0,41.0,77.0,0.0
2019-09-11,29.0,,68.0,44.0,63.0,9.0,44.0,39.0,0.0,77.0,43.0
2019-09-12,27.0,,78.0,49.0,67.0,36.0,0.0,38.0,21.0,83.0,0.0
2019-09-13,29.0,,65.0,53.0,68.0,23.0,23.0,36.0,21.0,77.0,0.0
2019-09-14,27.0,,50.0,29.0,41.0,20.0,0.0,36.0,16.0,55.0,0.0
2019-09-15,29.0,,53.0,34.0,43.0,10.0,0.0,38.0,15.0,56.0,0.0
2019-09-16,29.0,,81.0,35.0,69.0,35.0,65.0,37.0,27.0,77.0,0.0
2019-09-17,27.0,,79.0,41.0,78.0,26.0,21.0,36.0,33.0,83.0,0.0
2019-09-18,29.0,,78.0,38.0,74.0,31.0,44.0,37.0,41.0,81.0,0.0
2019-09-19,28.0,,78.0,53.0,78.0,22.0,22.0,38.0,21.0,82.0,0.0
2019-09-20,28.0,,64.0,31.0,67.0,32.0,23.0,39.0,42.0,75.0,0.0
2019-09-21,29.0,,50.0,12.0,39.0,30.0,25.0,38.0,39.0,55.0,0.0
2019-09-22,27.0,,48.0,33.0,45.0,59.0,25.0,38.0,15.0,61.0,0.0
2019-09-23,29.0,,75.0,56.0,71.0,22.0,22.0,38.0,41.0,81.0,0.0
2019-09-24,23.0,,83.0,34.0,68.0,39.0,44.0,36.0,61.0,85.0,0.0
2019-09-25,29.0,,78.0,49.0,76.0,43.0,21.0,37.0,20.0,80.0,0.0
2019-09-26,27.0,,77.0,47.0,73.0,22.0,89.0,38.0,28.0,83.0,0.0
2019-09-27,27.0,,69.0,31.0,62.0,55.0,46.0,38.0,43.0,76.0,0.0
2019-09-28,26.0,,44.0,16.0,39.0,55.0,0.0,39.0,23.0,54.0,0.0
2019-09-29,29.0,,57.0,38.0,42.0,20.0,74.0,37.0,100.0,56.0,0.0
2019-09-30,27.0,,77.0,42.0,70.0,48.0,44.0,38.0,34.0,77.0,0.0
2019-10-01,27.0,,69.0,39.0,71.0,26.0,0.0,36.0,41.0,81.0,43.0
2019-10-02,25.0,,74.0,31.0,70.0,30.0,21.0,36.0,27.0,81.0,0.0
2019-10-03,29.0,,71.0,46.0,72.0,53.0,22.0,37.0,27.0,80.0,0.0
2019-10-04,25.0,,67.0,60.0,65.0,32.0,46.0,38.0,50.0,74.0,0.0
2019-10-05,25.0,,47.0,27.0,36.0,35.0,25.0,38.0,16.0,55.0,0.0
2019-10-06,29.0,,46.0,24.0,42.0,24.0,24.0,39.0,38.0,54.0,0.0
2019-10-07,31.0,,74.0,59.0,70.0,18.0,0.0,37.0,41.0,76.0,0.0
2019-10-08,26.0,,74.0,56.0,69.0,31.0,0.0,36.0,20.0,76.0,0.0
2019-10-09,32.0,,72.0,46.0,69.0,22.0,22.0,37.0,14.0,76.0,0.0
2019-10-10,30.0,,77.0,54.0,72.0,9.0,66.0,36.0,41.0,77.0,0.0
2019-10-11,28.0,,67.0,53.0,62.0,27.0,67.0,39.0,83.0,69.0,0.0
2019-10-12,28.0,,48.0,27.0,43.0,25.0,0.0,38.0,39.0,53.0,0.0
2019-10-13,29.0,,48.0,21.0,42.0,10.0,0.0,42.0,46.0,55.0,0.0
2019-10-14,31.0,,76.0,44.0,67.0,22.0,0.0,40.0,34.0,76.0,0.0
2019-10-15,27.0,,75.0,34.0,74.0,13.0,44.0,38.0,54.0,78.0,43.0
2019-10-16,27.0,,77.0,44.0,75.0,39.0,0.0,38.0,74.0,78.0,43.0
2019-10-17,28.0,,78.0,40.0,76.0,31.0,0.0,40.0,41.0,78.0,0.0
2019-10-18,26.0,,70.0,44.0,65.0,32.0,0.0,38.0,42.0,72.0,0.0
2019-10-19,25.0,,51.0,24.0,38.0,20.0,50.0,39.0,39.0,54.0,0.0
2019-10-20,28.0,,45.0,26.0,45.0,15.0,0.0,39.0,45.0,56.0,0.0
2019-10-21,26.0,,67.0,54.0,73.0,13.0,84.0,38.0,59.0,78.0,0.0
2019-10-22,30.0,,76.0,78.0,72.0,38.0,42.0,45.0,52.0,81.0,41.0
2019-10-23,27.0,,78.0,39.0,75.0,39.0,22.0,40.0,67.0,80.0,0.0
2019-10-24,25.0,,66.0,53.0,73.0,39.0,0.0,39.0,55.0,77.0,0.0
2019-10-25,23.0,,57.0,24.0,59.0,14.0,45.0,39.0,7.0,70.0,0.0
2019-10-26,25.0,,44.0,24.0,38.0,15.0,0.0,38.0,31.0,49.0,0.0
2019-10-27,25.0,,40.0,16.0,41.0,24.0,0.0,38.0,23.0,49.0,0.0
2019-10-28,24.0,,65.0,38.0,67.0,29.0,84.0,40.0,66.0,72.0,0.0
2019-10-29,26.0,,73.0,49.0,67.0,13.0,44.0,37.0,34.0,75.0,0.0
2019-10-30,30.0,,74.0,42.0,66.0,30.0,0.0,35.0,27.0,77.0,0.0
2019-10-31,27.0,,71.0,49.0,67.0,31.0,67.0,37.0,49.0,69.0,43.0
2019-11-01,27.0,,64.0,38.0,61.0,83.0,46.0,36.0,64.0,66.0,0.0
2019-11-02,25.0,,45.0,31.0,34.0,44.0,0.0,38.0,15.0,51.0,0.0
2019-11-03,27.0,,53.0,16.0,43.0,24.0,0.0,35.0,30.0,54.0,0.0
2019-11-04,29.0,,79.0,44.0,72.0,13.0,22.0,37.0,67.0,77.0,0.0
2019-11-05,29.0,,73.0,41.0,75.0,13.0,0.0,37.0,60.0,79.0,0.0
2019-11-06,28.0,,67.0,57.0,74.0,38.0,21.0,37.0,40.0,78.0,0.0
2019-11-07,27.0,,74.0,46.0,76.0,44.0,44.0,37.0,14.0,80.0,0.0
2019-11-08,27.0,,66.0,47.0,64.0,27.0,22.0,38.0,21.0,71.0,0.0
2019-11-09,29.0,,50.0,40.0,39.0,10.0,0.0,38.0,38.0,51.0,0.0
2019-11-10,29.0,,46.0,27.0,44.0,38.0,0.0,38.0,52.0,54.0,0.0
2019-11-11,28.0,,72.0,39.0,65.0,61.0,22.0,36.0,47.0,72.0,0.0
2019-11-12,29.0,,69.0,31.0,74.0,21.0,42.0,37.0,39.0,77.0,42.0
2019-11-13,29.0,,74.0,57.0,69.0,21.0,43.0,37.0,26.0,77.0,42.0
2019-11-14,27.0,,74.0,47.0,74.0,38.0,64.0,35.0,46.0,77.0,0.0
2019-11-15,26.0,,70.0,34.0,68.0,22.0,22.0,37.0,28.0,75.0,0.0
2019-11-16,27.0,,56.0,21.0,41.0,25.0,0.0,39.0,38.0,55.0,0.0
2019-11-17,29.0,,54.0,28.0,46.0,20.0,25.0,39.0,31.0,57.0,0.0
2019-11-18,35.0,,75.0,39.0,72.0,39.0,87.0,38.0,27.0,81.0,0.0
2019-11-19,28.0,,75.0,63.0,78.0,13.0,21.0,37.0,53.0,79.0,0.0
2019-11-20,30.0,,76.0,60.0,78.0,22.0,67.0,39.0,42.0,83.0,0.0
2019-11-21,30.0,,74.0,49.0,78.0,35.0,88.0,38.0,48.0,81.0,0.0
2019-11-22,28.0,,62.0,39.0,63.0,59.0,23.0,37.0,28.0,70.0,0.0
2019-11-23,31.0,,50.0,26.0,42.0,59.0,0.0,37.0,68.0,54.0,0.0
2019-11-24,33.0,,54.0,39.0,41.0,24.0,24.0,38.0,37.0,56.0,0.0
2019-11-25,31.0,,79.0,54.0,69.0,30.0,22.0,37.0,20.0,71.0,0.0
2019-11-26,31.0,,64.0,66.0,65.0,21.0,0.0,36.0,40.0,78.0,0.0
2019-11-27,31.0,,64.0,53.0,57.0,17.0,0.0,36.0,27.0,64.0,0.0
2019-11-28,31.0,,59.0,31.0,49.0,26.0,0.0,35.0,21.0,57.0,0.0
2019-11-29,54.0,,67.0,37.0,42.0,41.0,23.0,35.0,49.0,52.0,0.0
2019-11-30,39.0,,52.0,25.0,41.0,29.0,24.0,35.0,7.0,47.0,0.0
2019-12-01,31.0,,53.0,41.0,44.0,43.0,0.0,37.0,66.0,55.0,93.0
2019-12-02,41.0,,78.0,49.0,69.0,34.0,0.0,35.0,39.0,71.0,0.0
2019-12-03,36.0,,79.0,41.0,77.0,43.0,64.0,36.0,33.0,74.0,42.0
2019-12-04,31.0,,76.0,52.0,73.0,13.0,65.0,37.0,27.0,79.0,0.0
2019-12-05,30.0,,77.0,71.0,79.0,22.0,22.0,35.0,14.0,79.0,0.0
2019-12-06,29.0,,64.0,56.0,71.0,23.0,45.0,36.0,56.0,74.0,0.0
2019-12-07,37.0,,50.0,27.0,39.0,15.0,50.0,36.0,23.0,53.0,0.0
2019-12-08,55.0,,48.0,28.0,47.0,40.0,0.0,34.0,39.0,52.0,0.0
2019-12-09,54.0,,69.0,34.0,81.0,31.0,22.0,37.0,34.0,74.0,0.0
2019-12-10,50.0,,73.0,56.0,98.0,22.0,0.0,35.0,42.0,76.0,43.0
2019-12-11,55.0,,65.0,52.0,72.0,30.0,43.0,36.0,47.0,76.0,0.0
2019-12-12,52.0,,72.0,49.0,78.0,40.0,89.0,37.0,41.0,74.0,0.0
2019-12-13,54.0,,69.0,45.0,65.0,23.0,45.0,37.0,84.0,70.0,0.0
2019-12-14,67.0,,48.0,35.0,40.0,10.0,25.0,36.0,31.0,52.0,0.0
2019-12-15,68.0,,50.0,44.0,48.0,24.0,24.0,35.0,23.0,56.0,0.0
2019-12-16,59.0,,69.0,54.0,69.0,48.0,22.0,35.0,20.0,74.0,0.0
2019-12-17,54.0,,69.0,53.0,71.0,26.0,22.0,37.0,14.0,78.0,0.0
2019-12-18,54.0,,60.0,52.0,66.0,30.0,0.0,35.0,47.0,69.0,0.0
2019-12-19,52.0,,56.0,38.0,59.0,36.0,45.0,37.0,14.0,71.0,0.0
2019-12-20,58.0,,59.0,43.0,47.0,24.0,47.0,36.0,22.0,63.0,0.0
2019-12-21,63.0,,42.0,31.0,31.0,35.0,100.0,36.0,23.0,53.0,0.0
2019-12-22,59.0,,36.0,28.0,28.0,20.0,25.0,36.0,8.0,51.0,0.0
2019-12-23,61.0,,55.0,47.0,32.0,9.0,0.0,37.0,44.0,58.0,0.0
2019-12-24,58.0,,43.0,20.0,30.0,20.0,51.0,38.0,55.0,52.0,0.0
2019-12-25,35.0,,39.0,24.0,23.0,11.0,0.0,36.0,67.0,47.0,0.0
2019-12-26,48.0,,52.0,25.0,31.0,10.0,24.0,40.0,37.0,53.0,0.0
2019-12-27,43.0,,53.0,36.0,35.0,19.0,47.0,38.0,29.0,60.0,0.0
2019-12-28,46.0,,45.0,9.0,32.0,30.0,0.0,39.0,39.0,58.0,0.0
2019-12-29,40.0,,40.0,12.0,35.0,15.0,50.0,38.0,54.0,56.0,49.0
2019-12-30,36.0,,59.0,38.0,37.0,46.0,23.0,38.0,43.0,64.0,0.0
2019-12-31,38.0,,52.0,38.0,33.0,20.0,25.0,37.0,46.0,60.0,0.0
