date,finance,overlap,stock,report,company,oracle,share,annual report,financial statement,cloud computing,investment
2017-01-17,65.0,1.0,35.0,49.0,82.0,87.0,48.0,76.0,39.0,26.0,76.0
2017-01-18,65.0,1.0,34.0,49.0,79.0,91.0,46.0,71.0,53.0,28.0,77.0
2017-01-19,66.0,1.0,35.0,52.0,82.0,89.0,48.0,78.0,49.0,35.0,79.0
2017-01-20,60.0,1.0,35.0,50.0,74.0,79.0,45.0,65.0,48.0,28.0,64.0
2017-01-21,36.0,1.0,19.0,43.0,61.0,30.0,23.0,33.0,47.0,15.0,49.0
2017-01-22,33.0,1.0,18.0,44.0,60.0,30.0,23.0,38.0,39.0,25.0,54.0
2017-01-23,64.0,1.0,34.0,54.0,82.0,84.0,45.0,80.0,60.0,34.0,73.0
2017-01-24,67.0,1.0,38.0,54.0,83.0,89.0,50.0,80.0,56.0,27.0,75.0
2017-01-25,68.0,1.0,43.0,52.0,82.0,80.0,48.0,65.0,59.0,27.0,78.0
2017-01-26,64.0,1.0,41.0,51.0,77.0,75.0,36.0,69.0,51.0,28.0,73.0
2017-01-27,64.0,1.0,38.0,49.0,77.0,71.0,47.0,59.0,53.0,27.0,67.0
2017-01-28,37.0,1.0,20.0,38.0,62.0,29.0,24.0,22.0,40.0,17.0,48.0
2017-01-29,33.0,1.0,17.0,37.0,57.0,28.0,22.0,34.0,32.0,21.0,49.0
2017-01-30,64.0,1.0,36.0,50.0,80.0,78.0,46.0,70.0,51.0,28.0,74.0
2017-01-31,70.0,1.0,40.0,54.0,82.0,81.0,49.0,76.0,57.0,36.0,76.0
2017-02-01,71.0,1.0,43.0,51.0,81.0,79.0,51.0,75.0,57.0,26.0,75.0
2017-02-02,72.0,1.0,42.0,53.0,83.0,87.0,51.0,81.0,66.0,33.0,75.0
2017-02-03,67.0,1.0,40.0,49.0,80.0,74.0,51.0,73.0,55.0,27.0,73.0
2017-02-04,36.0,1.0,21.0,39.0,62.0,28.0,23.0,31.0,32.0,16.0,50.0
2017-02-05,32.0,1.0,18.0,38.0,60.0,28.0,22.0,40.0,38.0,24.0,51.0
2017-02-06,65.0,1.0,34.0,52.0,81.0,78.0,52.0,75.0,56.0,27.0,80.0
2017-02-07,70.0,1.0,39.0,53.0,87.0,89.0,52.0,78.0,62.0,25.0,84.0
2017-02-08,65.0,1.0,38.0,54.0,82.0,86.0,51.0,79.0,57.0,25.0,79.0
2017-02-09,62.0,1.0,41.0,53.0,82.0,81.0,50.0,84.0,59.0,31.0,75.0
2017-02-10,62.0,1.0,39.0,50.0,77.0,74.0,49.0,62.0,52.0,31.0,70.0
2017-02-11,37.0,1.0,20.0,41.0,63.0,34.0,23.0,34.0,26.0,17.0,48.0
2017-02-12,33.0,1.0,18.0,41.0,59.0,32.0,22.0,31.0,49.0,20.0,53.0
2017-02-13,65.0,1.0,36.0,50.0,82.0,75.0,50.0,71.0,57.0,32.0,77.0
2017-02-14,66.0,1.0,40.0,48.0,79.0,86.0,50.0,81.0,70.0,28.0,73.0
2017-02-15,68.0,1.0,43.0,50.0,81.0,83.0,51.0,92.0,63.0,38.0,86.0
2017-02-16,65.0,1.0,42.0,50.0,79.0,87.0,52.0,73.0,66.0,23.0,77.0
2017-02-17,64.0,1.0,40.0,52.0,77.0,75.0,50.0,65.0,42.0,31.0,74.0
2017-02-18,37.0,1.0,21.0,40.0,63.0,29.0,24.0,38.0,37.0,19.0,50.0
2017-02-19,32.0,1.0,19.0,38.0,60.0,32.0,22.0,43.0,45.0,23.0,58.0
2017-02-20,58.0,1.0,27.0,50.0,81.0,76.0,50.0,63.0,53.0,29.0,73.0
2017-02-21,70.0,1.0,38.0,53.0,85.0,83.0,53.0,81.0,70.0,25.0,78.0
2017-02-22,70.0,1.0,41.0,52.0,84.0,83.0,53.0,87.0,53.0,33.0,83.0
2017-02-23,69.0,1.0,41.0,53.0,79.0,85.0,53.0,76.0,61.0,35.0,78.0
2017-02-24,62.0,1.0,39.0,50.0,78.0,72.0,41.0,65.0,38.0,29.0,70.0
2017-02-25,39.0,1.0,21.0,38.0,64.0,31.0,23.0,34.0,31.0,22.0,51.0
2017-02-26,34.0,1.0,19.0,39.0,62.0,29.0,22.0,44.0,41.0,26.0,56.0
2017-02-27,70.0,1.0,38.0,52.0,86.0,77.0,49.0,88.0,58.0,34.0,82.0
2017-02-28,74.0,1.0,42.0,53.0,86.0,79.0,53.0,91.0,64.0,28.0,80.0
2017-03-01,72.0,1.0,48.0,53.0,84.0,80.0,51.0,82.0,39.0,40.0,78.0
2017-03-02,74.0,1.0,55.0,51.0,85.0,80.0,53.0,88.0,69.0,30.0,84.0
2017-03-03,65.0,1.0,50.0,48.0,77.0,80.0,51.0,71.0,43.0,24.0,75.0
2017-03-04,40.0,1.0,24.0,38.0,63.0,29.0,24.0,40.0,32.0,18.0,51.0
2017-03-05,34.0,1.0,21.0,39.0,60.0,31.0,22.0,43.0,47.0,28.0,58.0
2017-03-06,65.0,1.0,41.0,52.0,85.0,81.0,48.0,85.0,67.0,34.0,85.0
2017-03-07,69.0,1.0,41.0,56.0,86.0,81.0,49.0,79.0,75.0,36.0,82.0
2017-03-08,64.0,1.0,41.0,53.0,86.0,81.0,50.0,89.0,45.0,28.0,84.0
2017-03-09,65.0,1.0,40.0,55.0,85.0,83.0,49.0,96.0,51.0,24.0,80.0
2017-03-10,64.0,1.0,38.0,56.0,78.0,75.0,48.0,81.0,52.0,25.0,78.0
2017-03-11,37.0,1.0,21.0,43.0,60.0,32.0,24.0,42.0,35.0,22.0,51.0
2017-03-12,35.0,1.0,18.0,38.0,60.0,28.0,23.0,33.0,35.0,18.0,60.0
2017-03-13,63.0,1.0,37.0,50.0,80.0,73.0,37.0,79.0,48.0,28.0,74.0
2017-03-14,69.0,1.0,37.0,54.0,84.0,85.0,51.0,94.0,73.0,35.0,77.0
2017-03-15,68.0,1.0,37.0,55.0,83.0,85.0,52.0,95.0,55.0,27.0,81.0
2017-03-16,67.0,1.0,38.0,54.0,85.0,89.0,51.0,78.0,45.0,27.0,80.0
2017-03-17,63.0,1.0,36.0,45.0,76.0,77.0,50.0,72.0,41.0,30.0,69.0
2017-03-18,38.0,1.0,20.0,36.0,61.0,28.0,24.0,39.0,43.0,17.0,55.0
2017-03-19,34.0,1.0,18.0,37.0,59.0,30.0,21.0,35.0,40.0,24.0,51.0
2017-03-20,67.0,1.0,36.0,50.0,83.0,76.0,51.0,84.0,73.0,31.0,87.0
2017-03-21,70.0,1.0,38.0,52.0,86.0,89.0,55.0,90.0,59.0,35.0,82.0
2017-03-22,69.0,1.0,40.0,51.0,83.0,87.0,55.0,86.0,54.0,32.0,78.0
2017-03-23,65.0,,37.0,51.0,80.0,87.0,53.0,95.0,63.0,23.0,78.0
2017-03-24,64.0,,37.0,48.0,74.0,73.0,51.0,78.0,51.0,24.0,72.0
2017-03-25,37.0,,20.0,37.0,58.0,33.0,25.0,39.0,33.0,21.0,46.0
2017-03-26,36.0,,17.0,36.0,57.0,28.0,22.0,51.0,50.0,24.0,58.0
2017-03-27,70.0,,37.0,49.0,84.0,81.0,50.0,80.0,62.0,32.0,85.0
2017-03-28,69.0,,38.0,51.0,82.0,84.0,51.0,80.0,75.0,22.0,81.0
2017-03-29,70.0,,39.0,52.0,84.0,86.0,53.0,92.0,62.0,24.0,85.0
2017-03-30,71.0,,38.0,50.0,88.0,87.0,54.0,85.0,67.0,23.0,79.0
2017-03-31,72.0,,35.0,47.0,76.0,76.0,49.0,65.0,40.0,24.0,72.0
2017-04-01,42.0,,20.0,36.0,63.0,30.0,26.0,43.0,22.0,16.0,46.0
2017-04-02,38.0,,18.0,38.0,59.0,31.0,22.0,36.0,44.0,18.0,56.0
2017-04-03,69.0,,35.0,52.0,83.0,85.0,53.0,100.0,54.0,22.0,79.0
2017-04-04,66.0,,38.0,51.0,84.0,86.0,42.0,89.0,52.0,24.0,81.0
2017-04-05,67.0,,39.0,52.0,82.0,94.0,54.0,88.0,60.0,21.0,82.0
2017-04-06,67.0,,39.0,54.0,82.0,88.0,54.0,88.0,36.0,29.0,80.0
2017-04-07,60.0,,37.0,51.0,78.0,74.0,50.0,73.0,51.0,23.0,67.0
2017-04-08,34.0,,20.0,37.0,61.0,30.0,21.0,28.0,40.0,15.0,50.0
2017-04-09,31.0,,17.0,35.0,63.0,28.0,22.0,47.0,36.0,22.0,54.0
2017-04-10,68.0,,38.0,48.0,79.0,83.0,53.0,92.0,52.0,31.0,80.0
2017-04-11,70.0,,58.0,51.0,83.0,89.0,59.0,81.0,53.0,25.0,80.0
2017-04-12,68.0,,52.0,50.0,82.0,89.0,56.0,80.0,63.0,22.0,73.0
2017-04-13,64.0,,47.0,47.0,80.0,75.0,56.0,71.0,45.0,25.0,79.0
2017-04-14,45.0,,31.0,42.0,69.0,50.0,32.0,49.0,24.0,20.0,58.0
2017-04-15,33.0,,19.0,36.0,53.0,24.0,23.0,31.0,31.0,21.0,48.0
2017-04-16,30.0,,18.0,36.0,54.0,27.0,23.0,39.0,36.0,15.0,50.0
2017-04-17,60.0,,35.0,46.0,78.0,61.0,43.0,67.0,55.0,24.0,69.0
2017-04-18,66.0,,37.0,50.0,81.0,80.0,56.0,74.0,73.0,30.0,74.0
2017-04-19,67.0,,36.0,49.0,80.0,84.0,54.0,83.0,47.0,29.0,77.0
2017-04-20,70.0,,37.0,50.0,80.0,86.0,53.0,92.0,59.0,30.0,79.0
2017-04-21,64.0,,35.0,46.0,79.0,79.0,54.0,67.0,46.0,19.0,73.0
2017-04-22,37.0,,19.0,37.0,61.0,30.0,25.0,40.0,33.0,16.0,53.0
2017-04-23,37.0,,17.0,34.0,56.0,25.0,23.0,43.0,35.0,26.0,55.0
2017-04-24,68.0,,36.0,47.0,83.0,78.0,55.0,76.0,63.0,30.0,87.0
2017-04-25,73.0,,41.0,49.0,83.0,82.0,55.0,69.0,59.0,26.0,79.0
2017-04-26,70.0,,41.0,50.0,78.0,85.0,59.0,76.0,43.0,22.0,80.0
2017-04-27,68.0,,43.0,50.0,82.0,85.0,56.0,79.0,75.0,22.0,83.0
2017-04-28,64.0,,38.0,48.0,78.0,75.0,53.0,74.0,42.0,22.0,62.0
2017-04-29,37.0,,20.0,38.0,60.0,28.0,25.0,34.0,29.0,17.0,47.0
2017-04-30,31.0,,19.0,37.0,58.0,26.0,23.0,46.0,41.0,19.0,55.0
2017-05-01,63.0,,37.0,48.0,78.0,47.0,32.0,73.0,56.0,20.0,70.0
2017-05-02,72.0,,40.0,49.0,83.0,75.0,55.0,82.0,67.0,21.0,79.0
2017-05-03,73.0,,41.0,47.0,83.0,81.0,56.0,75.0,42.0,32.0,79.0
2017-05-04,70.0,,41.0,48.0,79.0,79.0,56.0,82.0,65.0,26.0,81.0
2017-05-05,68.0,,38.0,44.0,78.0,70.0,54.0,62.0,65.0,21.0,67.0
2017-05-06,39.0,,20.0,34.0,60.0,25.0,25.0,32.0,44.0,17.0,51.0
2017-05-07,36.0,,17.0,36.0,58.0,26.0,23.0,42.0,48.0,22.0,54.0
2017-05-08,68.0,,36.0,45.0,81.0,78.0,51.0,88.0,79.0,33.0,82.0
2017-05-09,69.0,,38.0,47.0,78.0,83.0,52.0,85.0,55.0,35.0,80.0
2017-05-10,67.0,,41.0,46.0,78.0,90.0,55.0,80.0,37.0,30.0,76.0
2017-05-11,67.0,,41.0,45.0,78.0,82.0,55.0,81.0,53.0,34.0,77.0
2017-05-12,66.0,,38.0,45.0,76.0,75.0,53.0,66.0,29.0,29.0,68.0
2017-05-13,37.0,,20.0,33.0,57.0,28.0,24.0,30.0,33.0,16.0,39.0
2017-05-14,32.0,,16.0,31.0,54.0,30.0,23.0,33.0,38.0,21.0,50.0
2017-05-15,71.0,,37.0,47.0,80.0,80.0,54.0,77.0,58.0,20.0,87.0
2017-05-16,70.0,,40.0,47.0,81.0,82.0,56.0,81.0,71.0,24.0,74.0
2017-05-17,69.0,,42.0,49.0,77.0,82.0,56.0,58.0,45.0,31.0,78.0
2017-05-18,70.0,,41.0,44.0,79.0,81.0,54.0,64.0,43.0,20.0,73.0
2017-05-19,63.0,,36.0,44.0,77.0,78.0,58.0,69.0,50.0,31.0,64.0
2017-05-20,38.0,,17.0,32.0,58.0,29.0,26.0,26.0,33.0,100.0,43.0
2017-05-21,34.0,,17.0,34.0,56.0,27.0,23.0,33.0,30.0,54.0,48.0
2017-05-22,67.0,,35.0,44.0,78.0,76.0,56.0,82.0,67.0,36.0,72.0
2017-05-23,67.0,,36.0,47.0,78.0,86.0,56.0,76.0,33.0,30.0,80.0
2017-05-24,64.0,,36.0,48.0,76.0,90.0,59.0,70.0,57.0,27.0,72.0
2017-05-25,66.0,,39.0,44.0,77.0,79.0,58.0,66.0,33.0,26.0,67.0
2017-05-26,60.0,,35.0,44.0,71.0,70.0,58.0,52.0,47.0,21.0,62.0
2017-05-27,40.0,,17.0,34.0,58.0,31.0,25.0,38.0,27.0,13.0,45.0
2017-05-28,33.0,,15.0,34.0,56.0,26.0,23.0,27.0,31.0,24.0,48.0
2017-05-29,52.0,,22.0,41.0,65.0,62.0,49.0,55.0,39.0,29.0,65.0
2017-05-30,64.0,1.0,36.0,45.0,77.0,80.0,57.0,68.0,53.0,35.0,71.0
2017-05-31,65.0,1.0,38.0,46.0,77.0,84.0,51.0,70.0,38.0,29.0,73.0
2017-06-01,65.0,1.0,38.0,45.0,80.0,83.0,55.0,67.0,42.0,26.0,68.0
2017-06-02,64.0,1.0,38.0,44.0,74.0,80.0,55.0,58.0,25.0,18.0,60.0
2017-06-03,36.0,1.0,19.0,36.0,57.0,26.0,25.0,32.0,29.0,14.0,43.0
2017-06-04,31.0,1.0,17.0,37.0,54.0,28.0,23.0,31.0,25.0,17.0,47.0
2017-06-05,61.0,1.0,36.0,50.0,79.0,79.0,53.0,70.0,50.0,26.0,71.0
2017-06-06,69.0,1.0,39.0,49.0,77.0,80.0,53.0,62.0,54.0,21.0,71.0
2017-06-07,63.0,1.0,37.0,47.0,78.0,83.0,51.0,79.0,32.0,32.0,71.0
2017-06-08,64.0,1.0,39.0,46.0,78.0,82.0,53.0,70.0,54.0,26.0,70.0
2017-06-09,60.0,1.0,40.0,43.0,71.0,74.0,57.0,70.0,53.0,30.0,60.0
2017-06-10,37.0,1.0,21.0,35.0,60.0,31.0,25.0,29.0,20.0,22.0,44.0
2017-06-11,32.0,1.0,17.0,32.0,57.0,29.0,23.0,19.0,32.0,21.0,51.0
2017-06-12,65.0,1.0,36.0,44.0,77.0,75.0,50.0,63.0,43.0,35.0,70.0
2017-06-13,67.0,1.0,36.0,46.0,79.0,95.0,51.0,70.0,42.0,30.0,69.0
2017-06-14,69.0,1.0,38.0,47.0,81.0,87.0,54.0,67.0,49.0,26.0,69.0
2017-06-15,62.0,1.0,35.0,44.0,79.0,78.0,55.0,58.0,53.0,24.0,68.0
2017-06-16,66.0,1.0,45.0,44.0,77.0,75.0,52.0,56.0,45.0,25.0,59.0
2017-06-17,36.0,1.0,22.0,34.0,59.0,29.0,23.0,25.0,40.0,14.0,50.0
2017-06-18,30.0,1.0,17.0,35.0,56.0,26.0,22.0,22.0,21.0,19.0,46.0
2017-06-19,66.0,1.0,39.0,48.0,81.0,77.0,53.0,74.0,52.0,22.0,73.0
2017-06-20,66.0,1.0,39.0,47.0,81.0,90.0,55.0,53.0,51.0,18.0,71.0
2017-06-21,65.0,1.0,40.0,47.0,82.0,84.0,56.0,66.0,54.0,23.0,72.0
2017-06-22,64.0,1.0,41.0,45.0,79.0,85.0,59.0,65.0,48.0,19.0,74.0
2017-06-23,62.0,1.0,38.0,44.0,77.0,72.0,56.0,58.0,39.0,18.0,64.0
2017-06-24,35.0,1.0,20.0,36.0,57.0,27.0,23.0,27.0,25.0,11.0,38.0
2017-06-25,29.0,1.0,18.0,33.0,57.0,27.0,21.0,22.0,27.0,19.0,43.0
2017-06-26,58.0,1.0,37.0,45.0,80.0,73.0,36.0,58.0,57.0,19.0,63.0
2017-06-27,63.0,1.0,39.0,47.0,81.0,83.0,52.0,78.0,40.0,26.0,71.0
2017-06-28,66.0,1.0,39.0,48.0,78.0,79.0,53.0,61.0,53.0,28.0,68.0
2017-06-29,62.0,1.0,41.0,46.0,80.0,77.0,54.0,72.0,40.0,25.0,66.0
2017-06-30,64.0,1.0,37.0,42.0,74.0,69.0,53.0,61.0,33.0,14.0,55.0
2017-07-01,40.0,1.0,19.0,35.0,60.0,26.0,25.0,30.0,27.0,14.0,41.0
2017-07-02,31.0,1.0,17.0,36.0,56.0,24.0,22.0,28.0,26.0,27.0,46.0
2017-07-03,64.0,1.0,31.0,42.0,74.0,72.0,55.0,68.0,43.0,29.0,60.0
2017-07-04,55.0,1.0,26.0,42.0,68.0,73.0,55.0,63.0,41.0,24.0,64.0
2017-07-05,66.0,1.0,36.0,47.0,80.0,81.0,56.0,75.0,38.0,24.0,63.0
2017-07-06,74.0,1.0,38.0,49.0,83.0,79.0,55.0,73.0,45.0,23.0,74.0
2017-07-07,60.0,1.0,37.0,45.0,78.0,71.0,53.0,68.0,51.0,22.0,67.0
2017-07-08,36.0,1.0,19.0,35.0,61.0,28.0,26.0,25.0,25.0,19.0,46.0
2017-07-09,34.0,1.0,17.0,35.0,60.0,26.0,22.0,28.0,32.0,26.0,47.0
2017-07-10,74.0,1.0,35.0,48.0,85.0,80.0,58.0,77.0,33.0,31.0,72.0
2017-07-11,67.0,1.0,38.0,48.0,84.0,87.0,57.0,78.0,49.0,36.0,74.0
2017-07-12,69.0,1.0,38.0,47.0,83.0,85.0,59.0,67.0,48.0,22.0,75.0
2017-07-13,67.0,1.0,39.0,45.0,85.0,85.0,61.0,73.0,56.0,25.0,72.0
2017-07-14,68.0,1.0,38.0,43.0,78.0,71.0,58.0,59.0,21.0,25.0,67.0
2017-07-15,39.0,1.0,20.0,35.0,63.0,29.0,26.0,27.0,24.0,15.0,49.0
2017-07-16,34.0,1.0,17.0,36.0,60.0,26.0,25.0,30.0,39.0,14.0,48.0
2017-07-17,68.0,1.0,37.0,44.0,82.0,72.0,57.0,65.0,46.0,25.0,75.0
2017-07-18,69.0,1.0,41.0,45.0,83.0,75.0,61.0,74.0,50.0,25.0,72.0
2017-07-19,70.0,1.0,41.0,50.0,84.0,85.0,62.0,86.0,44.0,40.0,72.0
2017-07-20,65.0,1.0,40.0,44.0,81.0,80.0,60.0,74.0,46.0,29.0,74.0
2017-07-21,64.0,1.0,39.0,43.0,78.0,77.0,61.0,60.0,25.0,27.0,69.0
2017-07-22,39.0,1.0,20.0,36.0,64.0,27.0,27.0,37.0,25.0,18.0,45.0
2017-07-23,30.0,1.0,17.0,35.0,59.0,25.0,23.0,32.0,31.0,12.0,49.0
2017-07-24,66.0,1.0,36.0,48.0,82.0,79.0,60.0,72.0,36.0,28.0,74.0
2017-07-25,67.0,1.0,40.0,46.0,87.0,86.0,60.0,79.0,51.0,27.0,74.0
2017-07-26,70.0,1.0,45.0,48.0,85.0,86.0,62.0,66.0,35.0,33.0,76.0
2017-07-27,71.0,1.0,46.0,46.0,82.0,86.0,65.0,86.0,51.0,24.0,77.0
2017-07-28,64.0,1.0,42.0,45.0,77.0,72.0,61.0,66.0,44.0,25.0,65.0
2017-07-29,40.0,1.0,22.0,35.0,64.0,27.0,27.0,31.0,24.0,20.0,48.0
2017-07-30,34.0,1.0,17.0,35.0,60.0,28.0,24.0,29.0,29.0,17.0,49.0
2017-07-31,69.0,1.0,37.0,46.0,80.0,78.0,60.0,67.0,42.0,24.0,74.0
2017-08-01,68.0,1.0,43.0,46.0,85.0,82.0,59.0,73.0,34.0,25.0,73.0
2017-08-02,66.0,1.0,47.0,47.0,83.0,83.0,61.0,69.0,63.0,23.0,75.0
2017-08-03,68.0,1.0,44.0,46.0,84.0,87.0,61.0,79.0,48.0,27.0,72.0
2017-08-04,64.0,1.0,41.0,43.0,80.0,74.0,57.0,55.0,34.0,23.0,61.0
2017-08-05,39.0,1.0,21.0,33.0,62.0,29.0,28.0,30.0,22.0,20.0,46.0
2017-08-06,31.0,1.0,18.0,33.0,57.0,30.0,23.0,27.0,32.0,20.0,45.0
2017-08-07,69.0,1.0,38.0,43.0,79.0,68.0,57.0,74.0,40.0,24.0,69.0
2017-08-08,68.0,1.0,42.0,46.0,82.0,82.0,61.0,68.0,45.0,22.0,72.0
2017-08-09,64.0,1.0,39.0,46.0,81.0,86.0,61.0,78.0,41.0,29.0,70.0
2017-08-10,67.0,1.0,42.0,44.0,81.0,84.0,60.0,73.0,42.0,29.0,75.0
2017-08-11,65.0,1.0,41.0,42.0,76.0,69.0,59.0,58.0,38.0,28.0,63.0
2017-08-12,36.0,1.0,20.0,33.0,60.0,27.0,25.0,24.0,21.0,20.0,44.0
2017-08-13,32.0,1.0,17.0,32.0,55.0,25.0,24.0,31.0,31.0,19.0,46.0
2017-08-14,66.0,1.0,37.0,41.0,82.0,65.0,56.0,72.0,54.0,24.0,71.0
2017-08-15,64.0,1.0,39.0,43.0,78.0,64.0,39.0,68.0,43.0,28.0,73.0
2017-08-16,67.0,1.0,38.0,44.0,81.0,77.0,58.0,65.0,48.0,27.0,77.0
2017-08-17,67.0,1.0,38.0,44.0,80.0,82.0,57.0,59.0,36.0,22.0,67.0
2017-08-18,68.0,1.0,37.0,42.0,77.0,71.0,61.0,57.0,43.0,29.0,67.0
2017-08-19,38.0,1.0,19.0,34.0,58.0,26.0,27.0,31.0,23.0,12.0,42.0
2017-08-20,33.0,1.0,16.0,32.0,59.0,24.0,24.0,28.0,33.0,19.0,47.0
2017-08-21,65.0,1.0,32.0,42.0,75.0,73.0,55.0,68.0,40.0,28.0,65.0
2017-08-22,70.0,1.0,36.0,45.0,83.0,84.0,59.0,65.0,52.0,33.0,75.0
2017-08-23,70.0,1.0,35.0,45.0,81.0,81.0,60.0,69.0,52.0,32.0,76.0
2017-08-24,63.0,1.0,36.0,42.0,81.0,82.0,58.0,65.0,39.0,27.0,70.0
2017-08-25,64.0,1.0,35.0,41.0,73.0,66.0,40.0,54.0,44.0,20.0,63.0
2017-08-26,35.0,1.0,17.0,32.0,61.0,26.0,22.0,28.0,27.0,14.0,42.0
2017-08-27,31.0,1.0,15.0,34.0,52.0,23.0,22.0,29.0,24.0,15.0,40.0
2017-08-28,64.0,1.0,34.0,41.0,76.0,74.0,50.0,54.0,59.0,24.0,62.0
2017-08-29,71.0,1.0,37.0,45.0,81.0,84.0,56.0,76.0,54.0,25.0,76.0
2017-08-30,68.0,1.0,36.0,45.0,81.0,84.0,57.0,68.0,68.0,26.0,70.0
2017-08-31,69.0,1.0,37.0,44.0,79.0,80.0,56.0,63.0,45.0,20.0,67.0
2017-09-01,64.0,1.0,35.0,44.0,74.0,70.0,55.0,59.0,45.0,26.0,61.0
2017-09-02,37.0,1.0,20.0,34.0,60.0,28.0,25.0,25.0,25.0,19.0,46.0
2017-09-03,36.0,1.0,17.0,35.0,57.0,24.0,24.0,25.0,31.0,24.0,54.0
2017-09-04,58.0,1.0,21.0,39.0,68.0,69.0,55.0,56.0,43.0,29.0,64.0
2017-09-05,73.0,1.0,35.0,46.0,81.0,77.0,56.0,66.0,46.0,28.0,75.0
2017-09-06,72.0,1.0,36.0,47.0,81.0,83.0,58.0,64.0,60.0,29.0,77.0
2017-09-07,75.0,1.0,37.0,46.0,83.0,86.0,58.0,70.0,55.0,29.0,77.0
2017-09-08,66.0,,37.0,45.0,77.0,76.0,58.0,76.0,64.0,31.0,73.0
2017-09-09,36.0,,19.0,36.0,61.0,27.0,26.0,39.0,37.0,25.0,44.0
2017-09-10,37.0,,17.0,36.0,58.0,26.0,25.0,32.0,34.0,24.0,52.0
2017-09-11,72.0,,37.0,51.0,83.0,83.0,61.0,72.0,79.0,24.0,79.0
2017-09-12,73.0,,39.0,51.0,85.0,85.0,60.0,90.0,63.0,30.0,70.0
2017-09-13,73.0,,39.0,49.0,85.0,91.0,61.0,73.0,65.0,41.0,78.0
2017-09-14,75.0,,39.0,52.0,91.0,89.0,60.0,84.0,88.0,37.0,80.0
2017-09-15,73.0,,39.0,45.0,80.0,83.0,61.0,67.0,77.0,32.0,75.0
2017-09-16,42.0,,20.0,35.0,62.0,29.0,26.0,41.0,58.0,23.0,49.0
2017-09-17,37.0,,17.0,36.0,58.0,29.0,25.0,35.0,26.0,24.0,50.0
2017-09-18,73.0,,38.0,48.0,84.0,80.0,59.0,76.0,89.0,34.0,82.0
2017-09-19,74.0,,41.0,50.0,88.0,100.0,63.0,80.0,63.0,40.0,83.0
2017-09-20,70.0,,42.0,47.0,82.0,91.0,61.0,91.0,93.0,38.0,73.0
2017-09-21,73.0,,39.0,46.0,84.0,86.0,66.0,79.0,48.0,32.0,73.0
2017-09-22,71.0,,39.0,44.0,78.0,80.0,60.0,69.0,37.0,28.0,68.0
2017-09-23,40.0,,22.0,36.0,64.0,28.0,26.0,35.0,37.0,28.0,49.0
2017-09-24,38.0,,17.0,35.0,55.0,26.0,24.0,46.0,41.0,23.0,50.0
2017-09-25,77.0,,37.0,46.0,80.0,83.0,58.0,69.0,71.0,44.0,75.0
2017-09-26,74.0,,39.0,47.0,85.0,87.0,60.0,94.0,59.0,28.0,82.0
2017-09-27,76.0,,40.0,47.0,80.0,86.0,60.0,71.0,64.0,36.0,77.0
2017-09-28,72.0,,39.0,45.0,81.0,79.0,58.0,72.0,66.0,21.0,80.0
2017-09-29,65.0,,40.0,42.0,76.0,70.0,58.0,72.0,60.0,23.0,59.0
2017-09-30,38.0,,20.0,34.0,58.0,28.0,26.0,29.0,26.0,18.0,46.0
2017-10-01,35.0,,17.0,35.0,56.0,29.0,23.0,43.0,54.0,16.0,50.0
2017-10-02,64.0,,38.0,48.0,80.0,73.0,39.0,56.0,61.0,29.0,74.0
2017-10-03,74.0,,49.0,51.0,85.0,83.0,65.0,92.0,58.0,25.0,76.0
2017-10-04,70.0,,57.0,51.0,85.0,89.0,61.0,84.0,54.0,24.0,77.0
2017-10-05,68.0,,55.0,50.0,85.0,89.0,62.0,81.0,62.0,35.0,80.0
2017-10-06,70.0,,50.0,46.0,78.0,74.0,59.0,69.0,70.0,39.0,64.0
2017-10-07,38.0,,24.0,38.0,67.0,26.0,27.0,32.0,41.0,23.0,50.0
2017-10-08,37.0,,22.0,38.0,65.0,26.0,26.0,30.0,70.0,20.0,52.0
2017-10-09,73.0,,39.0,49.0,86.0,78.0,62.0,74.0,84.0,34.0,77.0
2017-10-10,72.0,,41.0,48.0,85.0,85.0,62.0,82.0,64.0,29.0,83.0
2017-10-11,73.0,,44.0,53.0,89.0,86.0,62.0,91.0,69.0,31.0,85.0
2017-10-12,68.0,,44.0,53.0,91.0,87.0,67.0,63.0,87.0,31.0,78.0
2017-10-13,69.0,,42.0,48.0,80.0,77.0,65.0,76.0,48.0,30.0,77.0
2017-10-14,37.0,,22.0,34.0,65.0,30.0,28.0,34.0,48.0,24.0,51.0
2017-10-15,36.0,,18.0,39.0,65.0,29.0,26.0,38.0,44.0,25.0,53.0
2017-10-16,73.0,,39.0,50.0,84.0,75.0,63.0,71.0,66.0,28.0,78.0
2017-10-17,68.0,,44.0,50.0,82.0,83.0,61.0,84.0,56.0,33.0,81.0
2017-10-18,68.0,,42.0,46.0,76.0,76.0,59.0,57.0,57.0,40.0,82.0
2017-10-19,63.0,,43.0,47.0,79.0,78.0,47.0,60.0,58.0,24.0,75.0
2017-10-20,62.0,,39.0,47.0,74.0,72.0,46.0,54.0,56.0,20.0,67.0
2017-10-21,40.0,,20.0,36.0,59.0,32.0,26.0,41.0,30.0,21.0,55.0
2017-10-22,33.0,,18.0,37.0,55.0,26.0,23.0,45.0,34.0,25.0,53.0
2017-10-23,70.0,,39.0,50.0,82.0,84.0,62.0,67.0,62.0,27.0,81.0
2017-10-24,74.0,,44.0,51.0,85.0,87.0,66.0,75.0,62.0,35.0,81.0
2017-10-25,72.0,,43.0,50.0,82.0,90.0,74.0,71.0,100.0,43.0,87.0
2017-10-26,67.0,,46.0,50.0,83.0,86.0,73.0,76.0,79.0,32.0,79.0
2017-10-27,68.0,,48.0,45.0,76.0,75.0,69.0,66.0,47.0,27.0,71.0
2017-10-28,35.0,,24.0,36.0,62.0,28.0,28.0,36.0,38.0,21.0,47.0
2017-10-29,35.0,,20.0,37.0,59.0,26.0,27.0,32.0,48.0,30.0,53.0
2017-10-30,72.0,,42.0,52.0,82.0,77.0,69.0,82.0,49.0,37.0,81.0
2017-10-31,69.0,,44.0,54.0,83.0,80.0,68.0,81.0,67.0,41.0,72.0
2017-11-01,69.0,,47.0,52.0,82.0,73.0,75.0,71.0,52.0,34.0,81.0
2017-11-02,75.0,,50.0,51.0,86.0,84.0,72.0,71.0,59.0,28.0,85.0
2017-11-03,71.0,,48.0,48.0,81.0,75.0,72.0,63.0,56.0,37.0,76.0
2017-11-04,38.0,,24.0,38.0,65.0,30.0,31.0,37.0,40.0,25.0,55.0
2017-11-05,34.0,,22.0,40.0,60.0,26.0,26.0,43.0,47.0,35.0,57.0
2017-11-06,74.0,,47.0,52.0,83.0,77.0,73.0,66.0,56.0,41.0,77.0
2017-11-07,73.0,,49.0,52.0,85.0,88.0,71.0,78.0,85.0,40.0,85.0
2017-11-08,78.0,,50.0,53.0,87.0,88.0,70.0,81.0,64.0,29.0,82.0
2017-11-09,72.0,,50.0,52.0,85.0,90.0,71.0,77.0,49.0,41.0,79.0
2017-11-10,65.0,,43.0,46.0,79.0,72.0,69.0,51.0,71.0,32.0,73.0
2017-11-11,37.0,,24.0,35.0,60.0,29.0,30.0,32.0,42.0,27.0,55.0
2017-11-12,36.0,,21.0,36.0,60.0,28.0,27.0,43.0,60.0,30.0,56.0
2017-11-13,73.0,,44.0,50.0,85.0,78.0,68.0,83.0,63.0,42.0,83.0
2017-11-14,71.0,,46.0,51.0,89.0,95.0,69.0,76.0,72.0,34.0,87.0
2017-11-15,72.0,1.0,47.0,52.0,88.0,90.0,68.0,81.0,64.0,27.0,88.0
2017-11-16,68.0,1.0,47.0,51.0,86.0,85.0,69.0,73.0,51.0,33.0,84.0
2017-11-17,68.0,1.0,47.0,49.0,81.0,79.0,72.0,64.0,59.0,27.0,74.0
2017-11-18,40.0,1.0,24.0,37.0,65.0,30.0,31.0,32.0,38.0,24.0,48.0
2017-11-19,32.0,1.0,21.0,37.0,63.0,27.0,26.0,31.0,36.0,17.0,55.0
2017-11-20,67.0,1.0,42.0,49.0,83.0,77.0,70.0,73.0,59.0,38.0,80.0
2017-11-21,68.0,1.0,46.0,48.0,82.0,84.0,70.0,74.0,66.0,31.0,86.0
2017-11-22,68.0,1.0,43.0,47.0,79.0,82.0,71.0,77.0,58.0,30.0,76.0
2017-11-23,51.0,1.0,30.0,41.0,70.0,68.0,71.0,58.0,43.0,31.0,71.0
2017-11-24,53.0,1.0,36.0,37.0,72.0,65.0,67.0,54.0,27.0,23.0,60.0
2017-11-25,34.0,1.0,24.0,34.0,65.0,30.0,29.0,27.0,32.0,20.0,49.0
2017-11-26,34.0,1.0,21.0,37.0,60.0,33.0,26.0,40.0,46.0,31.0,55.0
2017-11-27,66.0,1.0,42.0,48.0,85.0,81.0,68.0,71.0,64.0,34.0,87.0
2017-11-28,72.0,1.0,48.0,50.0,86.0,88.0,69.0,74.0,64.0,37.0,92.0
2017-11-29,90.0,1.0,54.0,51.0,85.0,86.0,72.0,78.0,62.0,27.0,96.0
2017-11-30,85.0,1.0,53.0,50.0,85.0,83.0,69.0,69.0,50.0,27.0,87.0
2017-12-01,80.0,1.0,48.0,47.0,79.0,73.0,66.0,68.0,60.0,20.0,75.0
2017-12-02,40.0,1.0,24.0,37.0,63.0,29.0,28.0,39.0,47.0,19.0,56.0
2017-12-03,37.0,1.0,22.0,39.0,61.0,25.0,27.0,34.0,42.0,27.0,56.0
2017-12-04,81.0,1.0,48.0,51.0,85.0,80.0,63.0,80.0,76.0,28.0,91.0
2017-12-05,81.0,1.0,49.0,54.0,87.0,86.0,64.0,65.0,74.0,40.0,87.0
2017-12-06,74.0,1.0,46.0,52.0,84.0,84.0,66.0,66.0,49.0,26.0,81.0
2017-12-07,79.0,1.0,48.0,50.0,84.0,78.0,68.0,80.0,91.0,33.0,92.0
2017-12-08,72.0,1.0,47.0,50.0,78.0,72.0,70.0,68.0,56.0,29.0,84.0
2017-12-09,40.0,1.0,25.0,40.0,62.0,29.0,31.0,30.0,31.0,18.0,58.0
2017-12-10,36.0,1.0,22.0,42.0,61.0,27.0,26.0,36.0,53.0,21.0,64.0
2017-12-11,76.0,1.0,42.0,51.0,84.0,76.0,67.0,69.0,78.0,34.0,83.0
2017-12-12,73.0,1.0,48.0,53.0,81.0,84.0,66.0,65.0,50.0,36.0,96.0
2017-12-13,75.0,1.0,47.0,51.0,81.0,78.0,66.0,63.0,57.0,31.0,85.0
2017-12-14,71.0,1.0,46.0,48.0,84.0,83.0,65.0,62.0,58.0,40.0,82.0
2017-12-15,72.0,1.0,46.0,48.0,81.0,74.0,68.0,61.0,48.0,25.0,70.0
2017-12-16,40.0,1.0,24.0,36.0,63.0,28.0,30.0,25.0,34.0,17.0,56.0
2017-12-17,34.0,1.0,21.0,37.0,56.0,24.0,26.0,28.0,44.0,28.0,62.0
2017-12-18,74.0,1.0,45.0,48.0,76.0,75.0,68.0,57.0,42.0,27.0,82.0
2017-12-19,74.0,1.0,50.0,48.0,82.0,80.0,72.0,65.0,56.0,26.0,84.0
2017-12-20,70.0,1.0,48.0,50.0,80.0,78.0,71.0,62.0,38.0,29.0,78.0
2017-12-21,69.0,1.0,46.0,47.0,75.0,74.0,74.0,61.0,41.0,24.0,78.0
2017-12-22,64.0,1.0,46.0,44.0,69.0,58.0,72.0,40.0,43.0,24.0,65.0
2017-12-23,34.0,1.0,24.0,35.0,54.0,24.0,31.0,23.0,17.0,13.0,48.0
2017-12-24,25.0,1.0,20.0,34.0,47.0,18.0,25.0,17.0,12.0,12.0,42.0
2017-12-25,28.0,1.0,20.0,33.0,48.0,30.0,30.0,19.0,24.0,18.0,45.0
2017-12-26,54.0,1.0,37.0,39.0,66.0,54.0,62.0,34.0,34.0,21.0,56.0
2017-12-27,66.0,1.0,43.0,42.0,73.0,59.0,73.0,48.0,25.0,23.0,70.0
2017-12-28,68.0,1.0,45.0,42.0,71.0,57.0,73.0,46.0,38.0,23.0,66.0
2017-12-29,64.0,1.0,46.0,42.0,69.0,43.0,75.0,42.0,35.0,9.0,64.0
2017-12-30,40.0,1.0,26.0,37.0,57.0,23.0,33.0,25.0,22.0,6.0,50.0
2017-12-31,30.0,1.0,20.0,35.0,50.0,21.0,26.0,24.0,36.0,10.0,46.0
2018-01-01,37.0,1.0,22.0,35.0,53.0,23.0,60.0,27.0,30.0,13.0,47.0
2018-01-02,74.0,1.0,47.0,46.0,77.0,53.0,77.0,52.0,41.0,26.0,79.0
2018-01-03,79.0,1.0,55.0,49.0,80.0,66.0,75.0,60.0,34.0,24.0,82.0
2018-01-04,78.0,1.0,59.0,51.0,81.0,71.0,80.0,56.0,47.0,34.0,87.0
2018-01-05,78.0,1.0,54.0,48.0,78.0,63.0,81.0,59.0,42.0,23.0,78.0
2018-01-06,44.0,1.0,29.0,40.0,64.0,27.0,33.0,33.0,16.0,21.0,63.0
2018-01-07,38.0,1.0,24.0,38.0,58.0,23.0,27.0,34.0,33.0,14.0,56.0
2018-01-08,78.0,1.0,51.0,49.0,80.0,69.0,79.0,69.0,46.0,35.0,88.0
2018-01-09,78.0,1.0,56.0,51.0,82.0,78.0,82.0,77.0,40.0,29.0,93.0
2018-01-10,82.0,1.0,55.0,52.0,84.0,81.0,81.0,68.0,50.0,26.0,84.0
2018-01-11,76.0,1.0,54.0,53.0,82.0,80.0,79.0,69.0,53.0,23.0,86.0
2018-01-12,72.0,1.0,55.0,47.0,77.0,72.0,81.0,59.0,43.0,20.0,78.0
2018-01-13,44.0,1.0,30.0,39.0,59.0,26.0,34.0,31.0,36.0,18.0,53.0
2018-01-14,36.0,1.0,24.0,37.0,57.0,26.0,27.0,29.0,43.0,15.0,59.0
2018-01-15,68.0,1.0,40.0,44.0,76.0,68.0,76.0,71.0,49.0,29.0,81.0
2018-01-16,76.0,1.0,52.0,49.0,81.0,82.0,76.0,67.0,63.0,25.0,88.0
2018-01-17,77.0,1.0,54.0,50.0,80.0,82.0,76.0,73.0,54.0,32.0,85.0
2018-01-18,80.0,1.0,53.0,50.0,85.0,84.0,79.0,67.0,54.0,30.0,90.0
2018-01-19,78.0,1.0,52.0,48.0,81.0,74.0,77.0,61.0,57.0,24.0,75.0
2018-01-20,44.0,1.0,27.0,38.0,63.0,29.0,31.0,29.0,44.0,18.0,55.0
2018-01-21,39.0,1.0,23.0,41.0,59.0,28.0,29.0,33.0,30.0,12.0,58.0
2018-01-22,80.0,1.0,48.0,51.0,81.0,76.0,74.0,69.0,59.0,30.0,87.0
2018-01-23,80.0,1.0,57.0,53.0,84.0,84.0,79.0,76.0,60.0,24.0,88.0
2018-01-24,78.0,1.0,54.0,52.0,85.0,86.0,78.0,73.0,49.0,30.0,94.0
2018-01-25,78.0,1.0,53.0,50.0,81.0,85.0,72.0,75.0,65.0,26.0,80.0
2018-01-26,68.0,1.0,54.0,48.0,74.0,63.0,42.0,56.0,45.0,25.0,69.0
2018-01-27,44.0,1.0,30.0,37.0,61.0,30.0,28.0,40.0,39.0,18.0,53.0
2018-01-28,38.0,1.0,22.0,37.0,63.0,27.0,27.0,33.0,31.0,25.0,59.0
2018-01-29,76.0,1.0,50.0,50.0,88.0,75.0,72.0,72.0,68.0,25.0,84.0
2018-01-30,76.0,1.0,55.0,51.0,88.0,83.0,75.0,73.0,86.0,38.0,84.0
2018-01-31,80.0,1.0,57.0,51.0,82.0,84.0,72.0,67.0,63.0,18.0,82.0
2018-02-01,80.0,1.0,58.0,51.0,85.0,81.0,80.0,71.0,66.0,28.0,80.0
2018-02-02,82.0,1.0,63.0,50.0,80.0,74.0,79.0,63.0,43.0,29.0,78.0
2018-02-03,47.0,1.0,33.0,38.0,64.0,29.0,32.0,31.0,37.0,18.0,55.0
2018-02-04,37.0,1.0,24.0,37.0,60.0,30.0,27.0,31.0,26.0,17.0,61.0
2018-02-05,85.0,1.0,71.0,51.0,81.0,79.0,76.0,64.0,77.0,35.0,84.0
2018-02-06,100.0,1.0,100.0,53.0,85.0,80.0,91.0,63.0,70.0,27.0,90.0
2018-02-07,82.0,1.0,71.0,52.0,84.0,83.0,80.0,71.0,77.0,33.0,88.0
2018-02-08,81.0,1.0,70.0,53.0,83.0,88.0,81.0,70.0,63.0,35.0,86.0
2018-02-09,82.0,1.0,72.0,49.0,77.0,76.0,78.0,54.0,64.0,34.0,75.0
2018-02-10,40.0,1.0,30.0,36.0,62.0,26.0,31.0,35.0,30.0,22.0,54.0
2018-02-11,36.0,1.0,24.0,40.0,59.0,28.0,28.0,35.0,44.0,22.0,59.0
2018-02-12,80.0,1.0,54.0,51.0,82.0,74.0,74.0,76.0,58.0,32.0,80.0
2018-02-13,72.0,1.0,53.0,52.0,80.0,81.0,54.0,76.0,69.0,36.0,80.0
2018-02-14,70.0,1.0,51.0,50.0,77.0,78.0,73.0,73.0,55.0,35.0,80.0
2018-02-15,70.0,1.0,55.0,50.0,82.0,81.0,79.0,69.0,56.0,22.0,83.0
2018-02-16,66.0,1.0,50.0,48.0,78.0,72.0,73.0,57.0,41.0,22.0,71.0
2018-02-17,41.0,1.0,26.0,38.0,61.0,30.0,31.0,31.0,26.0,16.0,51.0
2018-02-18,36.0,1.0,21.0,37.0,61.0,26.0,27.0,34.0,36.0,22.0,54.0
2018-02-19,62.0,1.0,32.0,47.0,81.0,73.0,71.0,66.0,64.0,32.0,75.0
2018-02-20,70.0,1.0,49.0,49.0,82.0,79.0,72.0,78.0,72.0,29.0,77.0
2018-02-21,68.0,1.0,51.0,50.0,82.0,82.0,70.0,71.0,57.0,31.0,79.0
2018-02-22,74.0,1.0,51.0,51.0,84.0,85.0,71.0,78.0,55.0,38.0,85.0
2018-02-23,68.0,1.0,48.0,49.0,80.0,73.0,70.0,64.0,50.0,28.0,77.0
2018-02-24,41.0,,25.0,39.0,61.0,30.0,30.0,34.0,14.0,11.0,55.0
2018-02-25,33.0,,20.0,38.0,60.0,25.0,26.0,46.0,50.0,19.0,57.0
2018-02-26,74.0,,46.0,54.0,82.0,75.0,72.0,79.0,56.0,30.0,82.0
2018-02-27,74.0,,50.0,53.0,86.0,85.0,73.0,87.0,72.0,25.0,87.0
2018-02-28,70.0,,48.0,52.0,80.0,74.0,68.0,71.0,51.0,27.0,86.0
2018-03-01,72.0,,50.0,52.0,79.0,74.0,65.0,65.0,49.0,17.0,78.0
2018-03-02,61.0,,50.0,53.0,75.0,67.0,45.0,55.0,58.0,18.0,66.0
2018-03-03,40.0,,24.0,43.0,59.0,27.0,28.0,29.0,29.0,24.0,54.0
2018-03-04,38.0,,20.0,40.0,60.0,27.0,25.0,36.0,55.0,24.0,58.0
2018-03-05,70.0,,44.0,50.0,81.0,76.0,65.0,72.0,74.0,30.0,86.0
2018-03-06,74.0,,48.0,52.0,82.0,79.0,68.0,76.0,56.0,33.0,83.0
2018-03-07,74.0,,48.0,49.0,82.0,83.0,69.0,86.0,69.0,24.0,84.0
2018-03-08,70.0,,47.0,51.0,83.0,76.0,68.0,73.0,61.0,29.0,78.0
2018-03-09,69.0,,48.0,48.0,79.0,74.0,71.0,68.0,56.0,32.0,79.0
2018-03-10,41.0,,25.0,39.0,61.0,30.0,28.0,32.0,39.0,22.0,58.0
2018-03-11,37.0,,22.0,38.0,61.0,25.0,25.0,39.0,43.0,22.0,56.0
2018-03-12,69.0,,43.0,47.0,83.0,78.0,65.0,71.0,68.0,35.0,87.0
2018-03-13,71.0,,45.0,52.0,82.0,84.0,69.0,82.0,63.0,32.0,81.0
2018-03-14,74.0,,43.0,52.0,81.0,83.0,67.0,79.0,54.0,22.0,82.0
2018-03-15,70.0,,45.0,56.0,83.0,78.0,68.0,81.0,56.0,31.0,81.0
2018-03-16,72.0,,44.0,50.0,77.0,73.0,68.0,70.0,42.0,23.0,72.0
2018-03-17,42.0,,22.0,39.0,58.0,27.0,30.0,26.0,42.0,24.0,48.0
2018-03-18,35.0,,20.0,38.0,59.0,25.0,27.0,47.0,45.0,12.0,51.0
2018-03-19,81.0,,46.0,53.0,82.0,75.0,70.0,70.0,73.0,22.0,81.0
2018-03-20,74.0,,54.0,54.0,81.0,80.0,69.0,79.0,62.0,30.0,88.0
2018-03-21,72.0,,54.0,53.0,81.0,85.0,68.0,72.0,71.0,30.0,80.0
2018-03-22,78.0,,55.0,52.0,78.0,77.0,71.0,79.0,65.0,26.0,84.0
2018-03-23,73.0,,54.0,49.0,77.0,75.0,70.0,68.0,51.0,26.0,72.0
2018-03-24,43.0,,28.0,37.0,64.0,27.0,32.0,38.0,42.0,15.0,51.0
2018-03-25,35.0,,22.0,36.0,59.0,29.0,26.0,33.0,42.0,19.0,58.0
2018-03-26,75.0,,53.0,53.0,85.0,81.0,68.0,80.0,72.0,21.0,73.0
2018-03-27,75.0,,55.0,51.0,85.0,82.0,72.0,72.0,61.0,35.0,84.0
2018-03-28,74.0,,55.0,51.0,82.0,91.0,72.0,72.0,50.0,26.0,86.0
2018-03-29,68.0,,53.0,50.0,78.0,74.0,49.0,67.0,57.0,14.0,72.0
2018-03-30,47.0,,36.0,44.0,70.0,55.0,37.0,44.0,43.0,16.0,52.0
2018-03-31,36.0,,21.0,36.0,59.0,26.0,26.0,34.0,21.0,17.0,52.0
2018-04-01,33.0,,19.0,36.0,54.0,25.0,26.0,25.0,29.0,21.0,55.0
2018-04-02,64.0,,50.0,48.0,76.0,65.0,57.0,64.0,45.0,25.0,76.0
2018-04-03,77.0,,57.0,53.0,84.0,80.0,71.0,72.0,61.0,27.0,85.0
2018-04-04,70.0,,52.0,51.0,83.0,81.0,68.0,75.0,44.0,34.0,85.0
2018-04-05,71.0,,49.0,50.0,82.0,79.0,72.0,68.0,47.0,24.0,84.0
2018-04-06,67.0,,47.0,51.0,77.0,73.0,70.0,69.0,52.0,23.0,74.0
2018-04-07,42.0,,22.0,40.0,63.0,29.0,29.0,41.0,36.0,18.0,55.0
2018-04-08,35.0,,20.0,43.0,58.0,29.0,28.0,31.0,47.0,18.0,54.0
2018-04-09,73.0,,44.0,54.0,82.0,75.0,70.0,70.0,53.0,35.0,81.0
2018-04-10,71.0,,50.0,52.0,82.0,79.0,68.0,77.0,64.0,19.0,82.0
2018-04-11,69.0,,46.0,55.0,85.0,82.0,73.0,84.0,52.0,22.0,79.0
2018-04-12,72.0,,45.0,51.0,79.0,77.0,70.0,77.0,59.0,27.0,78.0
2018-04-13,64.0,,45.0,51.0,76.0,73.0,70.0,65.0,44.0,20.0,72.0
2018-04-14,37.0,,23.0,44.0,62.0,27.0,28.0,26.0,34.0,19.0,54.0
2018-04-15,34.0,,19.0,42.0,60.0,24.0,26.0,32.0,62.0,24.0,55.0
2018-04-16,70.0,,43.0,56.0,82.0,80.0,67.0,74.0,43.0,31.0,80.0
2018-04-17,69.0,,48.0,53.0,84.0,85.0,68.0,91.0,56.0,33.0,84.0
2018-04-18,73.0,,48.0,56.0,81.0,86.0,71.0,72.0,52.0,32.0,87.0
2018-04-19,67.0,,46.0,51.0,82.0,87.0,73.0,79.0,81.0,31.0,86.0
2018-04-20,61.0,,45.0,47.0,76.0,69.0,71.0,59.0,43.0,28.0,69.0
2018-04-21,39.0,,22.0,36.0,58.0,26.0,29.0,42.0,23.0,25.0,54.0
2018-04-22,37.0,,19.0,38.0,58.0,26.0,26.0,43.0,48.0,27.0,61.0
2018-04-23,69.0,,41.0,50.0,84.0,76.0,70.0,83.0,67.0,24.0,85.0
2018-04-24,70.0,,48.0,51.0,86.0,78.0,73.0,78.0,50.0,32.0,87.0
2018-04-25,70.0,,47.0,49.0,84.0,75.0,71.0,87.0,74.0,22.0,86.0
2018-04-26,70.0,,49.0,49.0,79.0,76.0,71.0,76.0,52.0,29.0,76.0
2018-04-27,68.0,,49.0,50.0,76.0,76.0,73.0,75.0,56.0,21.0,76.0
2018-04-28,36.0,,21.0,41.0,61.0,26.0,30.0,33.0,49.0,13.0,51.0
2018-04-29,34.0,,19.0,38.0,58.0,25.0,26.0,37.0,35.0,31.0,57.0
2018-04-30,69.0,,44.0,49.0,84.0,58.0,75.0,75.0,53.0,22.0,85.0
2018-05-01,69.0,,45.0,50.0,76.0,53.0,53.0,65.0,45.0,20.0,74.0
2018-05-02,70.0,,47.0,52.0,80.0,71.0,72.0,72.0,52.0,27.0,81.0
2018-05-03,71.0,1.0,47.0,52.0,82.0,73.0,71.0,77.0,63.0,29.0,83.0
2018-05-04,68.0,1.0,44.0,47.0,74.0,63.0,69.0,69.0,54.0,26.0,70.0
2018-05-05,40.0,1.0,22.0,36.0,59.0,29.0,31.0,30.0,36.0,27.0,49.0
2018-05-06,31.0,1.0,18.0,36.0,56.0,25.0,26.0,29.0,30.0,21.0,51.0
2018-05-07,63.0,1.0,43.0,51.0,80.0,71.0,64.0,71.0,65.0,29.0,77.0
2018-05-08,68.0,1.0,46.0,52.0,81.0,78.0,75.0,70.0,53.0,34.0,84.0
2018-05-09,72.0,1.0,46.0,49.0,84.0,82.0,74.0,72.0,62.0,26.0,79.0
2018-05-10,65.0,1.0,49.0,48.0,82.0,78.0,74.0,61.0,66.0,26.0,77.0
2018-05-11,67.0,1.0,47.0,46.0,76.0,70.0,74.0,60.0,47.0,26.0,70.0
2018-05-12,38.0,1.0,21.0,36.0,58.0,26.0,31.0,29.0,40.0,20.0,52.0
2018-05-13,35.0,1.0,18.0,35.0,56.0,25.0,28.0,35.0,24.0,19.0,56.0
2018-05-14,74.0,1.0,42.0,48.0,81.0,77.0,75.0,79.0,56.0,23.0,83.0
2018-05-15,69.0,1.0,43.0,49.0,79.0,77.0,74.0,71.0,51.0,27.0,81.0
2018-05-16,69.0,1.0,43.0,47.0,81.0,82.0,72.0,69.0,56.0,35.0,79.0
2018-05-17,67.0,1.0,45.0,48.0,79.0,81.0,74.0,63.0,58.0,29.0,80.0
2018-05-18,64.0,1.0,43.0,46.0,79.0,74.0,72.0,55.0,42.0,19.0,73.0
2018-05-19,38.0,1.0,19.0,34.0,58.0,27.0,30.0,31.0,29.0,14.0,48.0
2018-05-20,37.0,1.0,18.0,35.0,57.0,27.0,27.0,30.0,39.0,20.0,55.0
2018-05-21,68.0,1.0,39.0,47.0,79.0,70.0,74.0,60.0,58.0,23.0,77.0
2018-05-22,71.0,1.0,44.0,46.0,82.0,81.0,73.0,61.0,61.0,22.0,83.0
2018-05-23,69.0,1.0,43.0,49.0,82.0,85.0,73.0,70.0,48.0,30.0,83.0
2018-05-24,70.0,1.0,45.0,46.0,81.0,79.0,73.0,68.0,46.0,33.0,74.0
2018-05-25,66.0,1.0,40.0,44.0,74.0,71.0,73.0,57.0,42.0,18.0,69.0
2018-05-26,37.0,1.0,18.0,34.0,57.0,27.0,30.0,26.0,32.0,18.0,46.0
2018-05-27,32.0,1.0,16.0,36.0,58.0,26.0,26.0,33.0,35.0,29.0,57.0
2018-05-28,49.0,1.0,24.0,40.0,67.0,62.0,63.0,52.0,34.0,27.0,67.0
2018-05-29,68.0,1.0,40.0,47.0,81.0,78.0,75.0,59.0,61.0,27.0,77.0
2018-05-30,68.0,1.0,44.0,47.0,85.0,86.0,75.0,67.0,59.0,25.0,82.0
2018-05-31,68.0,1.0,43.0,47.0,83.0,80.0,76.0,73.0,46.0,21.0,75.0
2018-06-01,64.0,1.0,43.0,48.0,78.0,73.0,74.0,56.0,42.0,27.0,71.0
2018-06-02,42.0,1.0,21.0,37.0,62.0,26.0,32.0,24.0,25.0,14.0,48.0
2018-06-03,36.0,1.0,19.0,35.0,61.0,28.0,28.0,29.0,28.0,24.0,58.0
2018-06-04,66.0,1.0,41.0,46.0,82.0,76.0,69.0,63.0,61.0,27.0,74.0
2018-06-05,66.0,1.0,43.0,49.0,84.0,77.0,68.0,60.0,39.0,34.0,79.0
2018-06-06,67.0,1.0,47.0,49.0,84.0,80.0,72.0,67.0,50.0,20.0,76.0
2018-06-07,68.0,1.0,46.0,48.0,84.0,79.0,72.0,66.0,59.0,21.0,78.0
2018-06-08,64.0,1.0,43.0,47.0,76.0,73.0,70.0,60.0,39.0,22.0,65.0
2018-06-09,41.0,1.0,21.0,36.0,62.0,28.0,30.0,24.0,27.0,12.0,50.0
2018-06-10,35.0,1.0,17.0,36.0,59.0,23.0,25.0,24.0,34.0,22.0,55.0
2018-06-11,66.0,1.0,41.0,48.0,83.0,72.0,68.0,63.0,48.0,21.0,77.0
2018-06-12,66.0,1.0,45.0,46.0,83.0,78.0,73.0,71.0,40.0,27.0,78.0
2018-06-13,69.0,1.0,46.0,48.0,85.0,75.0,76.0,59.0,33.0,23.0,76.0
2018-06-14,67.0,1.0,44.0,50.0,78.0,73.0,72.0,55.0,55.0,20.0,72.0
2018-06-15,59.0,1.0,43.0,45.0,72.0,63.0,65.0,42.0,35.0,20.0,62.0
2018-06-16,34.0,1.0,20.0,36.0,57.0,20.0,30.0,22.0,30.0,14.0,48.0
2018-06-17,30.0,1.0,17.0,34.0,53.0,21.0,25.0,22.0,23.0,19.0,45.0
2018-06-18,63.0,1.0,41.0,46.0,77.0,66.0,65.0,61.0,34.0,20.0,75.0
2018-06-19,67.0,1.0,46.0,48.0,82.0,76.0,66.0,61.0,56.0,28.0,73.0
2018-06-20,66.0,1.0,49.0,47.0,83.0,78.0,71.0,61.0,50.0,16.0,74.0
2018-06-21,63.0,1.0,47.0,46.0,80.0,72.0,64.0,58.0,48.0,17.0,70.0
2018-06-22,60.0,1.0,44.0,45.0,77.0,64.0,65.0,45.0,35.0,19.0,66.0
2018-06-23,35.0,1.0,20.0,36.0,58.0,27.0,29.0,24.0,36.0,17.0,39.0
2018-06-24,33.0,1.0,17.0,35.0,60.0,22.0,26.0,25.0,34.0,21.0,51.0
2018-06-25,66.0,1.0,42.0,46.0,80.0,74.0,64.0,59.0,54.0,19.0,75.0
2018-06-26,66.0,1.0,45.0,47.0,79.0,79.0,64.0,57.0,48.0,25.0,70.0
2018-06-27,62.0,1.0,42.0,48.0,77.0,73.0,65.0,74.0,61.0,23.0,78.0
2018-06-28,66.0,1.0,44.0,48.0,79.0,76.0,66.0,65.0,47.0,24.0,68.0
2018-06-29,64.0,1.0,43.0,48.0,79.0,68.0,69.0,55.0,38.0,20.0,63.0
2018-06-30,41.0,1.0,20.0,35.0,62.0,26.0,29.0,22.0,21.0,21.0,49.0
2018-07-01,33.0,1.0,16.0,35.0,61.0,24.0,26.0,25.0,31.0,25.0,50.0
2018-07-02,62.0,1.0,34.0,46.0,77.0,65.0,63.0,55.0,45.0,33.0,64.0
2018-07-03,64.0,1.0,39.0,47.0,77.0,71.0,64.0,63.0,51.0,23.0,76.0
2018-07-04,57.0,1.0,25.0,42.0,69.0,72.0,65.0,57.0,34.0,29.0,63.0
2018-07-05,66.0,1.0,38.0,47.0,77.0,72.0,68.0,68.0,37.0,27.0,71.0
2018-07-06,63.0,1.0,39.0,43.0,74.0,61.0,65.0,49.0,30.0,22.0,62.0
2018-07-07,38.0,1.0,19.0,35.0,61.0,26.0,29.0,26.0,15.0,10.0,41.0
2018-07-08,34.0,1.0,18.0,35.0,60.0,23.0,27.0,20.0,44.0,20.0,48.0
2018-07-09,72.0,1.0,41.0,48.0,82.0,69.0,71.0,64.0,37.0,29.0,75.0
2018-07-10,64.0,1.0,42.0,47.0,81.0,74.0,70.0,61.0,38.0,25.0,71.0
2018-07-11,65.0,1.0,41.0,49.0,83.0,71.0,69.0,71.0,44.0,22.0,75.0
2018-07-12,65.0,1.0,43.0,51.0,84.0,81.0,71.0,60.0,41.0,24.0,77.0
2018-07-13,64.0,1.0,43.0,46.0,80.0,67.0,72.0,56.0,53.0,19.0,68.0
2018-07-14,36.0,1.0,20.0,36.0,66.0,21.0,30.0,31.0,27.0,13.0,48.0
2018-07-15,31.0,1.0,17.0,33.0,60.0,26.0,26.0,24.0,24.0,20.0,52.0
2018-07-16,66.0,1.0,42.0,49.0,85.0,67.0,68.0,62.0,55.0,16.0,75.0
2018-07-17,67.0,1.0,46.0,51.0,87.0,76.0,70.0,69.0,56.0,24.0,79.0
2018-07-18,66.0,1.0,44.0,48.0,87.0,79.0,71.0,66.0,55.0,35.0,81.0
2018-07-19,66.0,1.0,44.0,47.0,88.0,80.0,69.0,65.0,41.0,23.0,78.0
2018-07-20,63.0,1.0,42.0,46.0,81.0,70.0,69.0,60.0,38.0,23.0,66.0
2018-07-21,40.0,1.0,20.0,37.0,67.0,26.0,31.0,26.0,26.0,17.0,50.0
2018-07-22,34.0,1.0,18.0,36.0,64.0,25.0,29.0,30.0,36.0,23.0,55.0
2018-07-23,69.0,1.0,41.0,48.0,85.0,73.0,69.0,68.0,63.0,31.0,83.0
2018-07-24,71.0,1.0,45.0,48.0,87.0,79.0,73.0,63.0,48.0,26.0,82.0
2018-07-25,69.0,1.0,50.0,49.0,85.0,77.0,71.0,73.0,50.0,23.0,80.0
2018-07-26,75.0,1.0,74.0,49.0,84.0,78.0,78.0,69.0,36.0,26.0,74.0
2018-07-27,68.0,1.0,64.0,46.0,77.0,63.0,77.0,52.0,48.0,27.0,66.0
2018-07-28,40.0,1.0,27.0,36.0,63.0,26.0,33.0,32.0,30.0,18.0,46.0
2018-07-29,35.0,1.0,22.0,35.0,61.0,23.0,29.0,26.0,48.0,20.0,56.0
2018-07-30,72.0,1.0,48.0,48.0,82.0,73.0,76.0,64.0,44.0,25.0,74.0
2018-07-31,71.0,1.0,53.0,49.0,85.0,77.0,80.0,74.0,58.0,19.0,81.0
2018-08-01,69.0,1.0,55.0,48.0,87.0,75.0,77.0,68.0,51.0,25.0,79.0
2018-08-02,71.0,1.0,53.0,45.0,88.0,73.0,84.0,64.0,51.0,27.0,81.0
2018-08-03,66.0,1.0,51.0,46.0,87.0,69.0,78.0,50.0,41.0,31.0,78.0
2018-08-04,40.0,1.0,23.0,36.0,69.0,26.0,32.0,28.0,29.0,24.0,54.0
2018-08-05,37.0,1.0,21.0,36.0,68.0,27.0,31.0,32.0,27.0,28.0,64.0
2018-08-06,67.0,1.0,44.0,46.0,87.0,68.0,84.0,63.0,42.0,29.0,84.0
2018-08-07,71.0,1.0,52.0,50.0,89.0,79.0,80.0,75.0,50.0,33.0,82.0
2018-08-08,66.0,1.0,51.0,48.0,86.0,76.0,78.0,63.0,57.0,20.0,79.0
2018-08-09,64.0,1.0,49.0,46.0,83.0,77.0,80.0,50.0,66.0,25.0,76.0
2018-08-10,64.0,1.0,44.0,46.0,78.0,68.0,76.0,58.0,51.0,22.0,64.0
2018-08-11,40.0,1.0,23.0,37.0,66.0,30.0,34.0,25.0,25.0,20.0,52.0
2018-08-12,34.0,,19.0,38.0,65.0,22.0,30.0,34.0,40.0,23.0,55.0
2018-08-13,67.0,,43.0,47.0,85.0,69.0,75.0,58.0,65.0,26.0,76.0
2018-08-14,70.0,,45.0,47.0,87.0,73.0,76.0,60.0,45.0,28.0,78.0
2018-08-15,62.0,,48.0,49.0,82.0,59.0,48.0,59.0,46.0,29.0,84.0
2018-08-16,68.0,,50.0,49.0,84.0,70.0,73.0,63.0,44.0,24.0,85.0
2018-08-17,66.0,,46.0,45.0,81.0,64.0,79.0,57.0,26.0,27.0,72.0
2018-08-18,41.0,,23.0,38.0,63.0,26.0,33.0,26.0,25.0,14.0,48.0
2018-08-19,34.0,,19.0,39.0,60.0,23.0,30.0,29.0,34.0,21.0,57.0
2018-08-20,67.0,,45.0,51.0,84.0,66.0,74.0,59.0,39.0,25.0,71.0
2018-08-21,69.0,,50.0,49.0,80.0,71.0,72.0,68.0,58.0,28.0,80.0
2018-08-22,72.0,,48.0,50.0,82.0,69.0,54.0,50.0,47.0,25.0,82.0
2018-08-23,70.0,,47.0,48.0,80.0,74.0,75.0,64.0,60.0,31.0,84.0
2018-08-24,65.0,,48.0,45.0,79.0,70.0,77.0,57.0,54.0,27.0,65.0
2018-08-25,40.0,,23.0,35.0,64.0,26.0,31.0,21.0,17.0,19.0,50.0
2018-08-26,34.0,,20.0,37.0,60.0,19.0,29.0,30.0,18.0,17.0,58.0
2018-08-27,64.0,,50.0,48.0,79.0,69.0,69.0,64.0,47.0,26.0,75.0
2018-08-28,73.0,,51.0,46.0,85.0,74.0,76.0,76.0,80.0,29.0,83.0
2018-08-29,74.0,,51.0,47.0,87.0,79.0,77.0,77.0,65.0,25.0,77.0
2018-08-30,73.0,,50.0,46.0,84.0,77.0,75.0,57.0,65.0,24.0,75.0
2018-08-31,64.0,,47.0,45.0,78.0,60.0,71.0,51.0,51.0,18.0,68.0
2018-09-01,39.0,,23.0,35.0,64.0,22.0,32.0,18.0,23.0,25.0,49.0
2018-09-02,38.0,,19.0,36.0,62.0,24.0,29.0,32.0,27.0,27.0,55.0
2018-09-03,56.0,,23.0,41.0,73.0,60.0,74.0,55.0,59.0,27.0,75.0
2018-09-04,76.0,,61.0,47.0,84.0,78.0,76.0,60.0,80.0,24.0,86.0
2018-09-05,73.0,,76.0,48.0,86.0,78.0,78.0,56.0,63.0,38.0,80.0
2018-09-06,71.0,,66.0,50.0,87.0,78.0,75.0,65.0,65.0,28.0,80.0
2018-09-07,68.0,,60.0,48.0,86.0,73.0,76.0,50.0,72.0,32.0,75.0
2018-09-08,38.0,,29.0,35.0,66.0,28.0,33.0,27.0,32.0,21.0,50.0
2018-09-09,36.0,,23.0,35.0,63.0,29.0,28.0,28.0,58.0,27.0,57.0
2018-09-10,71.0,,49.0,51.0,85.0,72.0,74.0,52.0,72.0,34.0,84.0
2018-09-11,72.0,,51.0,51.0,88.0,75.0,72.0,68.0,70.0,37.0,80.0
2018-09-12,71.0,,54.0,52.0,87.0,82.0,74.0,72.0,69.0,27.0,81.0
2018-09-13,70.0,,53.0,48.0,83.0,69.0,54.0,57.0,54.0,33.0,82.0
2018-09-14,71.0,,51.0,46.0,82.0,69.0,68.0,58.0,55.0,14.0,73.0
2018-09-15,42.0,,26.0,37.0,66.0,30.0,31.0,28.0,44.0,25.0,55.0
2018-09-16,37.0,,20.0,38.0,63.0,29.0,30.0,32.0,42.0,33.0,54.0
2018-09-17,72.0,,48.0,50.0,86.0,70.0,72.0,69.0,74.0,31.0,81.0
2018-09-18,76.0,,54.0,48.0,87.0,82.0,73.0,67.0,60.0,38.0,77.0
2018-09-19,69.0,,56.0,48.0,89.0,86.0,72.0,72.0,60.0,24.0,85.0
2018-09-20,71.0,,57.0,49.0,91.0,86.0,57.0,66.0,65.0,32.0,85.0
2018-09-21,71.0,,53.0,48.0,83.0,68.0,76.0,54.0,59.0,28.0,77.0
2018-09-22,42.0,,25.0,40.0,66.0,29.0,35.0,27.0,29.0,27.0,48.0
2018-09-23,36.0,,21.0,37.0,64.0,26.0,30.0,27.0,55.0,16.0,61.0
2018-09-24,73.0,,48.0,51.0,86.0,66.0,75.0,61.0,62.0,31.0,83.0
2018-09-25,73.0,,52.0,47.0,85.0,75.0,78.0,65.0,62.0,37.0,91.0
2018-09-26,77.0,,51.0,52.0,87.0,78.0,77.0,69.0,74.0,37.0,81.0
2018-09-27,71.0,,49.0,51.0,85.0,76.0,78.0,59.0,69.0,40.0,82.0
2018-09-28,70.0,,53.0,50.0,80.0,71.0,79.0,62.0,62.0,33.0,72.0
2018-09-29,41.0,,25.0,35.0,66.0,29.0,34.0,33.0,37.0,20.0,53.0
2018-09-30,36.0,,21.0,38.0,63.0,25.0,32.0,36.0,46.0,16.0,59.0
2018-10-01,74.0,,52.0,48.0,83.0,67.0,75.0,66.0,49.0,26.0,76.0
2018-10-02,67.0,,71.0,54.0,85.0,69.0,52.0,55.0,65.0,37.0,84.0
2018-10-03,74.0,,54.0,53.0,89.0,77.0,83.0,63.0,60.0,33.0,84.0
2018-10-04,71.0,,52.0,55.0,87.0,75.0,79.0,74.0,59.0,34.0,84.0
2018-10-05,69.0,,51.0,50.0,100.0,65.0,80.0,44.0,50.0,30.0,69.0
2018-10-06,42.0,,23.0,39.0,66.0,29.0,33.0,30.0,34.0,19.0,52.0
2018-10-07,33.0,,19.0,37.0,63.0,23.0,28.0,35.0,43.0,19.0,53.0
2018-10-08,70.0,,45.0,52.0,82.0,68.0,77.0,70.0,67.0,24.0,84.0
2018-10-09,74.0,,51.0,53.0,85.0,82.0,100.0,63.0,58.0,25.0,87.0
2018-10-10,88.0,,63.0,54.0,87.0,78.0,81.0,66.0,67.0,38.0,81.0
2018-10-11,81.0,,72.0,54.0,88.0,82.0,88.0,61.0,84.0,33.0,89.0
2018-10-12,73.0,,63.0,52.0,83.0,70.0,80.0,63.0,40.0,19.0,72.0
2018-10-13,41.0,,26.0,38.0,67.0,29.0,34.0,35.0,34.0,31.0,56.0
2018-10-14,39.0,,22.0,40.0,63.0,25.0,30.0,27.0,45.0,21.0,60.0
2018-10-15,72.0,,51.0,51.0,89.0,74.0,80.0,72.0,54.0,36.0,80.0
2018-10-16,69.0,,57.0,51.0,94.0,83.0,79.0,72.0,75.0,40.0,95.0
2018-10-17,70.0,,57.0,50.0,88.0,74.0,77.0,63.0,57.0,24.0,81.0
2018-10-18,65.0,,52.0,47.0,81.0,72.0,52.0,61.0,53.0,26.0,82.0
2018-10-19,64.0,1.0,51.0,44.0,74.0,62.0,69.0,55.0,47.0,21.0,71.0
2018-10-20,40.0,1.0,22.0,33.0,62.0,24.0,32.0,23.0,52.0,21.0,49.0
2018-10-21,36.0,1.0,20.0,37.0,62.0,27.0,29.0,36.0,43.0,21.0,55.0
2018-10-22,69.0,1.0,48.0,51.0,85.0,72.0,71.0,67.0,70.0,34.0,89.0
2018-10-23,73.0,1.0,55.0,51.0,82.0,82.0,72.0,60.0,63.0,32.0,90.0
2018-10-24,78.0,1.0,59.0,50.0,84.0,77.0,73.0,74.0,71.0,27.0,87.0
2018-10-25,75.0,1.0,66.0,52.0,84.0,80.0,81.0,58.0,57.0,29.0,83.0
2018-10-26,71.0,1.0,59.0,47.0,80.0,67.0,77.0,61.0,50.0,27.0,77.0
2018-10-27,39.0,1.0,24.0,35.0,63.0,29.0,35.0,26.0,48.0,24.0,49.0
2018-10-28,32.0,1.0,20.0,36.0,60.0,26.0,29.0,33.0,53.0,24.0,58.0
2018-10-29,71.0,1.0,53.0,49.0,86.0,72.0,90.0,73.0,66.0,35.0,79.0
2018-10-30,71.0,1.0,59.0,51.0,86.0,74.0,82.0,64.0,62.0,38.0,88.0
2018-10-31,71.0,1.0,57.0,51.0,83.0,75.0,83.0,67.0,45.0,29.0,75.0
2018-11-01,72.0,1.0,59.0,50.0,82.0,68.0,81.0,59.0,60.0,22.0,84.0
2018-11-02,69.0,1.0,55.0,48.0,80.0,62.0,84.0,60.0,67.0,29.0,78.0
2018-11-03,40.0,1.0,24.0,36.0,66.0,25.0,34.0,26.0,40.0,20.0,49.0
2018-11-04,35.0,1.0,21.0,37.0,60.0,23.0,30.0,33.0,41.0,19.0,58.0
2018-11-05,69.0,1.0,50.0,49.0,83.0,64.0,78.0,59.0,55.0,30.0,80.0
2018-11-06,63.0,1.0,51.0,49.0,83.0,68.0,66.0,64.0,51.0,23.0,76.0
2018-11-07,63.0,1.0,54.0,51.0,77.0,64.0,56.0,58.0,42.0,21.0,74.0
2018-11-08,63.0,1.0,55.0,47.0,79.0,70.0,54.0,50.0,62.0,32.0,84.0
2018-11-09,63.0,1.0,51.0,47.0,78.0,67.0,68.0,59.0,53.0,26.0,72.0
2018-11-10,38.0,1.0,24.0,35.0,63.0,24.0,32.0,27.0,20.0,18.0,54.0
2018-11-11,33.0,1.0,20.0,36.0,62.0,24.0,28.0,26.0,32.0,25.0,54.0
2018-11-12,66.0,1.0,47.0,48.0,81.0,67.0,70.0,67.0,54.0,32.0,73.0
2018-11-13,67.0,1.0,52.0,50.0,87.0,76.0,76.0,63.0,66.0,32.0,87.0
2018-11-14,69.0,1.0,51.0,51.0,88.0,76.0,75.0,68.0,71.0,34.0,87.0
2018-11-15,69.0,1.0,53.0,52.0,86.0,75.0,79.0,65.0,65.0,33.0,82.0
2018-11-16,64.0,1.0,48.0,49.0,81.0,73.0,73.0,57.0,60.0,32.0,76.0
2018-11-17,39.0,1.0,24.0,37.0,65.0,28.0,32.0,30.0,36.0,29.0,52.0
2018-11-18,36.0,1.0,20.0,37.0,65.0,28.0,29.0,27.0,36.0,23.0,58.0
2018-11-19,69.0,1.0,48.0,49.0,86.0,72.0,75.0,61.0,58.0,34.0,81.0
2018-11-20,66.0,1.0,54.0,48.0,82.0,71.0,74.0,51.0,57.0,35.0,77.0
2018-11-21,63.0,1.0,51.0,47.0,81.0,73.0,72.0,58.0,50.0,28.0,75.0
2018-11-22,47.0,1.0,31.0,41.0,69.0,67.0,68.0,52.0,52.0,38.0,59.0
2018-11-23,50.0,1.0,36.0,44.0,72.0,55.0,50.0,40.0,22.0,19.0,59.0
2018-11-24,36.0,1.0,21.0,38.0,65.0,24.0,29.0,28.0,41.0,32.0,45.0
2018-11-25,33.0,1.0,19.0,37.0,63.0,24.0,27.0,28.0,34.0,30.0,53.0
2018-11-26,65.0,1.0,45.0,51.0,86.0,67.0,70.0,62.0,60.0,33.0,81.0
2018-11-27,65.0,1.0,48.0,51.0,87.0,76.0,74.0,75.0,69.0,42.0,86.0
2018-11-28,69.0,1.0,49.0,53.0,89.0,75.0,75.0,75.0,69.0,32.0,80.0
2018-11-29,69.0,1.0,51.0,52.0,90.0,76.0,77.0,63.0,61.0,41.0,91.0
2018-11-30,65.0,1.0,47.0,48.0,83.0,67.0,71.0,63.0,55.0,27.0,70.0
2018-12-01,41.0,1.0,24.0,39.0,68.0,29.0,33.0,31.0,38.0,30.0,55.0
2018-12-02,35.0,1.0,21.0,37.0,65.0,24.0,29.0,31.0,51.0,33.0,56.0
2018-12-03,71.0,1.0,50.0,49.0,88.0,68.0,76.0,60.0,60.0,31.0,82.0
2018-12-04,70.0,1.0,56.0,49.0,89.0,75.0,73.0,64.0,79.0,38.0,88.0
2018-12-05,68.0,1.0,47.0,52.0,90.0,73.0,74.0,75.0,72.0,38.0,83.0
2018-12-06,69.0,1.0,55.0,51.0,87.0,76.0,73.0,58.0,71.0,36.0,82.0
2018-12-07,65.0,1.0,53.0,49.0,81.0,59.0,71.0,53.0,51.0,27.0,66.0
2018-12-08,37.0,1.0,24.0,35.0,65.0,25.0,31.0,22.0,35.0,19.0,47.0
2018-12-09,34.0,1.0,20.0,38.0,65.0,26.0,29.0,33.0,36.0,32.0,55.0
2018-12-10,67.0,1.0,48.0,49.0,84.0,67.0,71.0,68.0,75.0,30.0,77.0
2018-12-11,69.0,1.0,48.0,55.0,83.0,70.0,70.0,65.0,58.0,28.0,78.0
2018-12-12,66.0,1.0,50.0,50.0,86.0,74.0,75.0,61.0,53.0,36.0,77.0
2018-12-13,64.0,1.0,48.0,50.0,85.0,76.0,72.0,61.0,58.0,35.0,80.0
2018-12-14,64.0,1.0,49.0,47.0,79.0,61.0,76.0,59.0,45.0,33.0,66.0
2018-12-15,39.0,1.0,24.0,36.0,67.0,25.0,31.0,23.0,27.0,16.0,50.0
2018-12-16,31.0,1.0,19.0,38.0,61.0,26.0,28.0,20.0,41.0,19.0,53.0
2018-12-17,65.0,1.0,47.0,51.0,80.0,67.0,74.0,57.0,47.0,25.0,72.0
2018-12-18,65.0,1.0,52.0,54.0,81.0,70.0,78.0,63.0,46.0,33.0,74.0
2018-12-19,68.0,1.0,53.0,49.0,85.0,73.0,75.0,60.0,45.0,27.0,75.0
2018-12-20,67.0,1.0,55.0,46.0,78.0,69.0,74.0,61.0,50.0,31.0,71.0
2018-12-21,64.0,1.0,58.0,45.0,76.0,56.0,71.0,43.0,46.0,33.0,61.0
2018-12-22,36.0,1.0,29.0,34.0,62.0,24.0,30.0,18.0,24.0,17.0,48.0
2018-12-23,30.0,1.0,22.0,32.0,55.0,22.0,27.0,20.0,33.0,16.0,43.0
2018-12-24,50.0,1.0,49.0,34.0,62.0,36.0,65.0,31.0,23.0,17.0,49.0
2018-12-25,31.0,1.0,30.0,31.0,57.0,32.0,37.0,18.0,24.0,16.0,46.0
2018-12-26,59.0,1.0,55.0,41.0,70.0,53.0,58.0,37.0,22.0,25.0,56.0
2018-12-27,63.0,1.0,59.0,44.0,75.0,57.0,66.0,37.0,28.0,26.0,58.0
2018-12-28,66.0,1.0,53.0,44.0,77.0,46.0,68.0,38.0,29.0,31.0,62.0
2018-12-29,38.0,1.0,27.0,38.0,63.0,21.0,31.0,24.0,18.0,19.0,55.0
2018-12-30,31.0,1.0,21.0,37.0,59.0,22.0,28.0,21.0,20.0,20.0,48.0
2018-12-31,56.0,1.0,45.0,40.0,65.0,34.0,64.0,29.0,22.0,25.0,56.0
2019-01-01,37.0,1.0,26.0,36.0,60.0,25.0,53.0,25.0,27.0,19.0,45.0
2019-01-02,69.0,1.0,50.0,46.0,79.0,56.0,70.0,49.0,45.0,20.0,74.0
2019-01-03,74.0,1.0,58.0,46.0,85.0,60.0,72.0,54.0,46.0,26.0,77.0
2019-01-04,71.0,1.0,58.0,50.0,79.0,56.0,68.0,53.0,41.0,31.0,71.0
2019-01-05,41.0,1.0,27.0,38.0,64.0,24.0,32.0,20.0,27.0,25.0,54.0
2019-01-06,36.0,1.0,21.0,38.0,61.0,23.0,32.0,29.0,20.0,18.0,53.0
2019-01-07,73.0,1.0,50.0,49.0,80.0,62.0,69.0,53.0,44.0,34.0,76.0
2019-01-08,72.0,1.0,52.0,51.0,84.0,67.0,69.0,67.0,42.0,29.0,78.0
2019-01-09,74.0,1.0,54.0,51.0,83.0,69.0,74.0,72.0,45.0,29.0,80.0
2019-01-10,73.0,1.0,52.0,51.0,85.0,72.0,73.0,66.0,43.0,34.0,82.0
2019-01-11,69.0,1.0,53.0,51.0,82.0,68.0,72.0,61.0,57.0,24.0,79.0
2019-01-12,38.0,1.0,26.0,39.0,66.0,25.0,32.0,23.0,29.0,16.0,52.0
2019-01-13,35.0,1.0,21.0,37.0,61.0,24.0,28.0,32.0,38.0,22.0,50.0
2019-01-14,65.0,1.0,48.0,48.0,80.0,60.0,68.0,63.0,48.0,30.0,81.0
2019-01-15,67.0,1.0,52.0,49.0,83.0,74.0,67.0,69.0,65.0,27.0,79.0
2019-01-16,69.0,1.0,53.0,50.0,85.0,71.0,72.0,72.0,48.0,24.0,82.0
2019-01-17,68.0,1.0,52.0,52.0,86.0,74.0,74.0,68.0,70.0,29.0,82.0
2019-01-18,66.0,1.0,51.0,50.0,81.0,63.0,72.0,65.0,50.0,27.0,79.0
2019-01-19,42.0,1.0,25.0,40.0,66.0,28.0,33.0,30.0,29.0,19.0,56.0
2019-01-20,37.0,1.0,21.0,39.0,61.0,25.0,31.0,30.0,40.0,16.0,56.0
2019-01-21,60.0,1.0,34.0,49.0,81.0,63.0,68.0,61.0,38.0,28.0,77.0
2019-01-22,70.0,1.0,47.0,54.0,87.0,77.0,72.0,56.0,45.0,36.0,86.0
2019-01-23,67.0,1.0,47.0,53.0,85.0,76.0,70.0,62.0,57.0,25.0,85.0
2019-01-24,69.0,1.0,48.0,54.0,87.0,76.0,73.0,64.0,46.0,39.0,93.0
2019-01-25,65.0,1.0,50.0,48.0,81.0,63.0,75.0,60.0,56.0,23.0,77.0
2019-01-26,37.0,1.0,25.0,39.0,63.0,27.0,32.0,28.0,33.0,16.0,53.0
2019-01-27,36.0,1.0,21.0,39.0,64.0,28.0,31.0,28.0,43.0,27.0,60.0
2019-01-28,71.0,,49.0,55.0,84.0,66.0,72.0,73.0,59.0,30.0,88.0
2019-01-29,71.0,,54.0,54.0,84.0,72.0,74.0,78.0,76.0,33.0,97.0
2019-01-30,74.0,,57.0,56.0,88.0,76.0,76.0,69.0,77.0,39.0,90.0
2019-01-31,77.0,,61.0,57.0,88.0,76.0,74.0,70.0,46.0,35.0,85.0
2019-02-01,78.0,,56.0,52.0,83.0,63.0,77.0,59.0,60.0,33.0,90.0
2019-02-02,45.0,,26.0,41.0,68.0,27.0,34.0,24.0,27.0,25.0,61.0
2019-02-03,38.0,,22.0,40.0,65.0,24.0,32.0,40.0,47.0,28.0,61.0
2019-02-04,69.0,,49.0,56.0,86.0,73.0,76.0,69.0,59.0,19.0,90.0
2019-02-05,76.0,,55.0,56.0,88.0,69.0,77.0,71.0,60.0,47.0,82.0
2019-02-06,75.0,,54.0,60.0,87.0,66.0,75.0,63.0,50.0,40.0,90.0
2019-02-07,75.0,,53.0,59.0,90.0,75.0,78.0,62.0,46.0,39.0,92.0
2019-02-08,73.0,,51.0,53.0,84.0,68.0,76.0,69.0,36.0,36.0,87.0
2019-02-09,43.0,,26.0,41.0,67.0,27.0,35.0,29.0,35.0,23.0,58.0
2019-02-10,36.0,,22.0,42.0,67.0,25.0,30.0,40.0,38.0,35.0,64.0
2019-02-11,69.0,,47.0,55.0,86.0,64.0,75.0,66.0,65.0,31.0,90.0
2019-02-12,73.0,,52.0,57.0,87.0,75.0,72.0,68.0,38.0,33.0,96.0
2019-02-13,71.0,,53.0,56.0,87.0,77.0,74.0,59.0,64.0,29.0,84.0
2019-02-14,68.0,,52.0,57.0,87.0,76.0,81.0,74.0,57.0,49.0,93.0
2019-02-15,71.0,,54.0,52.0,84.0,68.0,76.0,50.0,60.0,29.0,73.0
2019-02-16,42.0,,25.0,43.0,66.0,23.0,33.0,31.0,48.0,17.0,53.0
2019-02-17,38.0,,22.0,43.0,64.0,27.0,32.0,36.0,37.0,31.0,59.0
2019-02-18,61.0,,34.0,50.0,83.0,64.0,72.0,79.0,70.0,34.0,85.0
2019-02-19,71.0,,50.0,54.0,87.0,76.0,74.0,76.0,58.0,38.0,92.0
2019-02-20,68.0,,53.0,54.0,88.0,76.0,77.0,77.0,54.0,24.0,99.0
2019-02-21,69.0,,55.0,59.0,86.0,73.0,76.0,75.0,51.0,28.0,100.0
2019-02-22,68.0,,56.0,51.0,81.0,68.0,74.0,63.0,52.0,29.0,84.0
2019-02-23,44.0,,27.0,44.0,66.0,28.0,33.0,36.0,19.0,27.0,61.0
2019-02-24,39.0,,22.0,43.0,67.0,24.0,30.0,36.0,48.0,24.0,64.0
2019-02-25,73.0,,52.0,56.0,86.0,69.0,75.0,73.0,61.0,33.0,91.0
2019-02-26,74.0,,55.0,58.0,91.0,74.0,74.0,88.0,56.0,25.0,89.0
2019-02-27,71.0,,53.0,58.0,86.0,73.0,72.0,81.0,52.0,27.0,90.0
2019-02-28,73.0,,54.0,57.0,85.0,70.0,73.0,79.0,80.0,30.0,84.0
2019-03-01,73.0,,51.0,52.0,83.0,64.0,71.0,63.0,57.0,29.0,81.0
2019-03-02,45.0,,24.0,44.0,68.0,27.0,33.0,36.0,45.0,24.0,54.0
2019-03-03,39.0,,21.0,44.0,64.0,29.0,32.0,29.0,35.0,22.0,62.0
2019-03-04,70.0,,47.0,56.0,83.0,63.0,57.0,69.0,52.0,27.0,88.0
2019-03-05,76.0,,53.0,57.0,87.0,76.0,77.0,74.0,73.0,35.0,97.0
2019-03-06,73.0,,52.0,53.0,90.0,79.0,80.0,68.0,87.0,34.0,91.0
2019-03-07,68.0,,49.0,54.0,88.0,76.0,80.0,63.0,66.0,39.0,90.0
2019-03-08,63.0,,49.0,54.0,84.0,65.0,76.0,74.0,52.0,30.0,89.0
2019-03-09,42.0,,24.0,42.0,69.0,27.0,35.0,34.0,30.0,20.0,54.0
2019-03-10,36.0,,20.0,42.0,63.0,27.0,28.0,30.0,35.0,23.0,65.0
2019-03-11,68.0,,54.0,54.0,88.0,71.0,81.0,74.0,48.0,30.0,87.0
2019-03-12,72.0,,58.0,55.0,87.0,78.0,81.0,80.0,50.0,33.0,94.0
2019-03-13,68.0,,61.0,56.0,83.0,71.0,81.0,73.0,51.0,40.0,87.0
2019-03-14,68.0,,56.0,56.0,87.0,77.0,77.0,67.0,55.0,34.0,88.0
2019-03-15,66.0,,55.0,52.0,79.0,69.0,81.0,60.0,53.0,34.0,77.0
2019-03-16,40.0,,26.0,39.0,68.0,29.0,37.0,32.0,25.0,22.0,55.0
2019-03-17,36.0,,20.0,38.0,61.0,26.0,32.0,28.0,35.0,21.0,57.0
2019-03-18,71.0,,51.0,52.0,87.0,76.0,78.0,66.0,58.0,32.0,92.0
2019-03-19,70.0,,56.0,52.0,89.0,73.0,86.0,68.0,45.0,32.0,89.0
2019-03-20,64.0,,55.0,54.0,87.0,75.0,76.0,71.0,61.0,30.0,88.0
2019-03-21,67.0,,55.0,52.0,84.0,69.0,54.0,70.0,53.0,39.0,85.0
2019-03-22,67.0,,56.0,63.0,83.0,71.0,80.0,65.0,52.0,41.0,86.0
2019-03-23,43.0,,26.0,65.0,67.0,28.0,33.0,32.0,39.0,20.0,58.0
2019-03-24,36.0,,21.0,65.0,66.0,27.0,33.0,40.0,41.0,29.0,58.0
2019-03-25,66.0,,48.0,70.0,88.0,76.0,74.0,82.0,57.0,40.0,90.0
2019-03-26,70.0,,54.0,64.0,89.0,76.0,77.0,80.0,68.0,31.0,90.0
2019-03-27,73.0,,51.0,57.0,91.0,73.0,76.0,92.0,54.0,29.0,95.0
2019-03-28,75.0,,49.0,54.0,90.0,77.0,77.0,76.0,54.0,40.0,92.0
2019-03-29,71.0,,51.0,55.0,86.0,67.0,79.0,58.0,50.0,28.0,79.0
2019-03-30,41.0,,24.0,42.0,68.0,29.0,35.0,37.0,40.0,24.0,60.0
2019-03-31,36.0,,21.0,41.0,66.0,27.0,31.0,33.0,41.0,28.0,65.0
2019-04-01,73.0,,49.0,53.0,86.0,64.0,81.0,87.0,50.0,25.0,81.0
2019-04-02,72.0,,53.0,54.0,90.0,76.0,80.0,65.0,57.0,31.0,94.0
2019-04-03,71.0,,53.0,54.0,87.0,76.0,77.0,81.0,43.0,32.0,95.0
2019-04-04,71.0,,54.0,55.0,87.0,76.0,84.0,77.0,59.0,28.0,97.0
2019-04-05,64.0,,52.0,52.0,82.0,65.0,77.0,68.0,55.0,22.0,78.0
2019-04-06,40.0,1.0,23.0,37.0,64.0,28.0,33.0,33.0,37.0,30.0,58.0
2019-04-07,36.0,1.0,21.0,41.0,64.0,28.0,32.0,36.0,33.0,27.0,62.0
2019-04-08,70.0,1.0,47.0,54.0,83.0,83.0,74.0,78.0,48.0,38.0,92.0
2019-04-09,70.0,1.0,50.0,53.0,85.0,78.0,74.0,67.0,53.0,36.0,93.0
2019-04-10,69.0,1.0,50.0,53.0,83.0,79.0,76.0,74.0,59.0,30.0,94.0
2019-04-11,67.0,1.0,49.0,53.0,83.0,74.0,76.0,75.0,61.0,45.0,83.0
2019-04-12,64.0,1.0,53.0,50.0,82.0,67.0,75.0,70.0,52.0,27.0,75.0
2019-04-13,38.0,1.0,24.0,40.0,62.0,26.0,34.0,24.0,17.0,15.0,50.0
2019-04-14,34.0,1.0,20.0,38.0,61.0,27.0,32.0,30.0,35.0,20.0,62.0
2019-04-15,67.0,1.0,47.0,52.0,82.0,69.0,78.0,71.0,43.0,24.0,83.0
2019-04-16,67.0,1.0,52.0,54.0,84.0,72.0,81.0,79.0,53.0,27.0,82.0
2019-04-17,64.0,1.0,54.0,54.0,84.0,75.0,62.0,72.0,69.0,34.0,83.0
2019-04-18,67.0,1.0,55.0,100.0,82.0,66.0,79.0,62.0,57.0,30.0,84.0
2019-04-19,50.0,1.0,39.0,74.0,72.0,48.0,44.0,45.0,36.0,31.0,59.0
2019-04-20,36.0,1.0,22.0,52.0,62.0,25.0,32.0,32.0,23.0,12.0,54.0
2019-04-21,31.0,1.0,19.0,42.0,59.0,23.0,30.0,31.0,34.0,24.0,54.0
2019-04-22,60.0,1.0,47.0,51.0,79.0,61.0,66.0,52.0,44.0,26.0,74.0
2019-04-23,68.0,1.0,56.0,55.0,83.0,71.0,76.0,72.0,47.0,40.0,81.0
2019-04-24,72.0,1.0,58.0,55.0,84.0,74.0,77.0,71.0,60.0,40.0,84.0
2019-04-25,68.0,1.0,57.0,54.0,84.0,72.0,78.0,78.0,59.0,50.0,85.0
2019-04-26,66.0,1.0,54.0,52.0,77.0,64.0,75.0,67.0,55.0,35.0,76.0
2019-04-27,41.0,1.0,25.0,40.0,62.0,24.0,33.0,30.0,21.0,24.0,59.0
2019-04-28,38.0,1.0,21.0,40.0,65.0,30.0,32.0,28.0,31.0,29.0,64.0
2019-04-29,70.0,1.0,50.0,51.0,83.0,62.0,58.0,75.0,48.0,36.0,84.0
2019-04-30,70.0,1.0,56.0,56.0,87.0,73.0,78.0,90.0,53.0,35.0,87.0
2019-05-01,64.0,1.0,55.0,54.0,80.0,48.0,56.0,65.0,44.0,30.0,77.0
2019-05-02,70.0,1.0,53.0,56.0,84.0,67.0,76.0,61.0,58.0,48.0,79.0
2019-05-03,68.0,1.0,52.0,56.0,81.0,61.0,75.0,66.0,54.0,40.0,79.0
2019-05-04,44.0,1.0,25.0,40.0,65.0,27.0,33.0,30.0,27.0,25.0,55.0
2019-05-05,36.0,1.0,21.0,36.0,60.0,26.0,29.0,30.0,35.0,30.0,60.0
2019-05-06,66.0,1.0,50.0,47.0,80.0,64.0,63.0,68.0,60.0,30.0,81.0
2019-05-07,72.0,1.0,53.0,53.0,84.0,76.0,73.0,68.0,54.0,36.0,88.0
2019-05-08,69.0,1.0,52.0,50.0,84.0,75.0,72.0,74.0,40.0,35.0,83.0
2019-05-09,70.0,1.0,54.0,53.0,83.0,77.0,75.0,74.0,57.0,40.0,84.0
2019-05-10,74.0,1.0,62.0,49.0,81.0,66.0,75.0,67.0,45.0,27.0,78.0
2019-05-11,42.0,1.0,26.0,39.0,64.0,24.0,34.0,25.0,36.0,24.0,45.0
2019-05-12,35.0,1.0,20.0,38.0,58.0,24.0,28.0,31.0,38.0,23.0,56.0
2019-05-13,75.0,1.0,58.0,50.0,83.0,69.0,75.0,63.0,47.0,30.0,82.0
2019-05-14,75.0,1.0,60.0,52.0,87.0,83.0,76.0,79.0,59.0,32.0,87.0
2019-05-15,70.0,1.0,53.0,50.0,85.0,76.0,72.0,63.0,39.0,33.0,86.0
2019-05-16,71.0,1.0,54.0,52.0,85.0,75.0,73.0,70.0,46.0,32.0,86.0
2019-05-17,68.0,1.0,49.0,50.0,79.0,70.0,75.0,51.0,53.0,24.0,74.0
2019-05-18,41.0,1.0,22.0,37.0,62.0,25.0,33.0,27.0,23.0,24.0,51.0
2019-05-19,36.0,1.0,20.0,36.0,62.0,23.0,30.0,30.0,24.0,29.0,55.0
2019-05-20,69.0,1.0,45.0,48.0,80.0,69.0,87.0,62.0,41.0,34.0,72.0
2019-05-21,72.0,1.0,50.0,49.0,87.0,76.0,81.0,71.0,51.0,37.0,79.0
2019-05-22,68.0,1.0,50.0,50.0,84.0,77.0,79.0,63.0,47.0,36.0,83.0
2019-05-23,65.0,1.0,49.0,53.0,79.0,71.0,89.0,67.0,46.0,34.0,75.0
2019-05-24,64.0,1.0,45.0,46.0,77.0,67.0,82.0,52.0,28.0,25.0,71.0
2019-05-25,40.0,1.0,21.0,35.0,63.0,27.0,36.0,21.0,23.0,21.0,46.0
2019-05-26,33.0,1.0,18.0,34.0,59.0,24.0,29.0,25.0,25.0,19.0,55.0
2019-05-27,52.0,1.0,27.0,40.0,68.0,57.0,69.0,53.0,46.0,26.0,65.0
2019-05-28,69.0,1.0,47.0,47.0,83.0,74.0,80.0,63.0,55.0,34.0,78.0
2019-05-29,69.0,1.0,48.0,53.0,84.0,75.0,79.0,61.0,32.0,28.0,83.0
2019-05-30,75.0,1.0,47.0,54.0,85.0,72.0,76.0,57.0,44.0,33.0,76.0
2019-05-31,78.0,1.0,47.0,48.0,79.0,66.0,76.0,54.0,31.0,20.0,77.0
2019-06-01,46.0,1.0,23.0,38.0,65.0,23.0,33.0,25.0,20.0,24.0,52.0
2019-06-02,38.0,1.0,19.0,39.0,62.0,22.0,28.0,23.0,22.0,21.0,59.0
2019-06-03,74.0,1.0,48.0,50.0,83.0,69.0,74.0,64.0,50.0,23.0,77.0
2019-06-04,71.0,1.0,50.0,50.0,84.0,70.0,75.0,59.0,42.0,28.0,75.0
2019-06-05,64.0,1.0,50.0,48.0,79.0,70.0,53.0,49.0,57.0,22.0,76.0
2019-06-06,67.0,1.0,48.0,50.0,83.0,78.0,73.0,60.0,50.0,32.0,86.0
2019-06-07,65.0,1.0,48.0,50.0,83.0,65.0,72.0,52.0,26.0,35.0,76.0
2019-06-08,41.0,1.0,25.0,38.0,65.0,36.0,33.0,27.0,17.0,24.0,56.0
2019-06-09,37.0,1.0,20.0,38.0,63.0,27.0,29.0,22.0,30.0,25.0,59.0
2019-06-10,72.0,1.0,50.0,52.0,83.0,62.0,71.0,58.0,39.0,25.0,85.0
2019-06-11,69.0,1.0,51.0,54.0,86.0,82.0,74.0,64.0,38.0,35.0,87.0
2019-06-12,72.0,1.0,48.0,56.0,87.0,82.0,71.0,62.0,39.0,20.0,83.0
2019-06-13,70.0,1.0,49.0,54.0,88.0,80.0,73.0,67.0,40.0,25.0,81.0
2019-06-14,68.0,1.0,46.0,48.0,82.0,92.0,70.0,55.0,37.0,34.0,77.0
2019-06-15,42.0,1.0,22.0,38.0,65.0,31.0,32.0,25.0,21.0,19.0,52.0
2019-06-16,37.0,1.0,19.0,43.0,61.0,25.0,28.0,23.0,20.0,25.0,60.0
2019-06-17,70.0,1.0,45.0,50.0,84.0,68.0,71.0,67.0,36.0,35.0,87.0
2019-06-18,72.0,1.0,51.0,50.0,89.0,78.0,73.0,66.0,50.0,27.0,84.0
2019-06-19,71.0,1.0,50.0,50.0,92.0,73.0,74.0,66.0,42.0,32.0,88.0
2019-06-20,70.0,1.0,56.0,50.0,90.0,76.0,79.0,69.0,49.0,24.0,80.0
2019-06-21,67.0,1.0,49.0,50.0,81.0,67.0,74.0,61.0,43.0,33.0,73.0
2019-06-22,43.0,1.0,22.0,40.0,66.0,26.0,32.0,27.0,17.0,21.0,53.0
2019-06-23,38.0,1.0,20.0,38.0,63.0,28.0,30.0,29.0,33.0,17.0,53.0
2019-06-24,70.0,1.0,45.0,52.0,88.0,72.0,72.0,67.0,44.0,25.0,86.0
2019-06-25,71.0,1.0,47.0,52.0,91.0,80.0,72.0,68.0,44.0,33.0,79.0
2019-06-26,65.0,1.0,47.0,51.0,84.0,73.0,74.0,69.0,37.0,30.0,84.0
2019-06-27,68.0,1.0,47.0,49.0,86.0,71.0,75.0,66.0,43.0,27.0,81.0
2019-06-28,67.0,1.0,45.0,46.0,83.0,70.0,71.0,63.0,22.0,30.0,75.0
2019-06-29,42.0,1.0,23.0,40.0,64.0,27.0,32.0,23.0,20.0,22.0,59.0
2019-06-30,36.0,1.0,19.0,40.0,63.0,25.0,29.0,25.0,30.0,28.0,59.0
2019-07-01,69.0,1.0,43.0,51.0,82.0,68.0,71.0,67.0,35.0,35.0,78.0
2019-07-02,70.0,1.0,46.0,50.0,82.0,75.0,68.0,70.0,41.0,28.0,80.0
2019-07-03,70.0,1.0,48.0,49.0,86.0,71.0,72.0,60.0,35.0,28.0,81.0
2019-07-04,58.0,1.0,28.0,45.0,72.0,63.0,72.0,64.0,38.0,27.0,76.0
2019-07-05,70.0,1.0,41.0,46.0,76.0,61.0,76.0,57.0,41.0,24.0,71.0
2019-07-06,44.0,1.0,22.0,40.0,68.0,25.0,32.0,23.0,29.0,13.0,58.0
2019-07-07,39.0,1.0,20.0,37.0,65.0,23.0,30.0,29.0,27.0,25.0,62.0
2019-07-08,74.0,1.0,44.0,52.0,91.0,69.0,75.0,76.0,40.0,32.0,84.0
2019-07-09,70.0,1.0,46.0,56.0,90.0,76.0,75.0,71.0,51.0,37.0,87.0
2019-07-10,71.0,1.0,48.0,53.0,87.0,74.0,71.0,66.0,52.0,36.0,84.0
2019-07-11,70.0,1.0,49.0,54.0,87.0,76.0,71.0,70.0,36.0,32.0,80.0
2019-07-12,68.0,1.0,49.0,48.0,84.0,69.0,72.0,59.0,35.0,28.0,78.0
2019-07-13,42.0,1.0,23.0,39.0,71.0,27.0,32.0,26.0,24.0,17.0,54.0
2019-07-14,37.0,1.0,19.0,40.0,65.0,25.0,31.0,29.0,19.0,19.0,63.0
2019-07-15,72.0,1.0,45.0,50.0,88.0,68.0,73.0,70.0,29.0,21.0,88.0
2019-07-16,73.0,,48.0,51.0,93.0,77.0,76.0,66.0,51.0,28.0,85.0
2019-07-17,69.0,,49.0,50.0,88.0,77.0,76.0,71.0,38.0,36.0,86.0
2019-07-18,65.0,,49.0,46.0,85.0,74.0,75.0,59.0,44.0,38.0,79.0
2019-07-19,69.0,,47.0,43.0,83.0,68.0,76.0,59.0,35.0,30.0,79.0
2019-07-20,43.0,,22.0,37.0,65.0,28.0,34.0,27.0,25.0,19.0,44.0
2019-07-21,38.0,,19.0,39.0,63.0,24.0,30.0,24.0,22.0,38.0,54.0
2019-07-22,69.0,,44.0,49.0,82.0,65.0,73.0,63.0,31.0,32.0,84.0
2019-07-23,74.0,,49.0,53.0,86.0,71.0,76.0,66.0,23.0,33.0,83.0
2019-07-24,73.0,,52.0,59.0,86.0,73.0,77.0,76.0,37.0,34.0,80.0
2019-07-25,74.0,,53.0,53.0,84.0,68.0,77.0,68.0,50.0,34.0,78.0
2019-07-26,70.0,,52.0,44.0,78.0,64.0,77.0,55.0,31.0,25.0,66.0
2019-07-27,44.0,,23.0,37.0,67.0,27.0,35.0,37.0,23.0,11.0,57.0
2019-07-28,38.0,,20.0,36.0,64.0,25.0,33.0,32.0,15.0,18.0,62.0
2019-07-29,70.0,,47.0,46.0,83.0,60.0,76.0,78.0,35.0,21.0,83.0
2019-07-30,74.0,,51.0,51.0,83.0,72.0,83.0,66.0,34.0,30.0,88.0
2019-07-31,74.0,,54.0,48.0,83.0,64.0,82.0,69.0,48.0,26.0,82.0
2019-08-01,74.0,,51.0,48.0,83.0,69.0,76.0,61.0,39.0,34.0,82.0
2019-08-02,68.0,,51.0,46.0,81.0,60.0,78.0,50.0,27.0,23.0,62.0
2019-08-03,41.0,,24.0,37.0,68.0,24.0,35.0,29.0,20.0,22.0,54.0
2019-08-04,36.0,,20.0,39.0,63.0,20.0,32.0,23.0,22.0,24.0,56.0
2019-08-05,75.0,,55.0,43.0,81.0,64.0,75.0,67.0,31.0,29.0,74.0
2019-08-06,78.0,,61.0,47.0,83.0,70.0,79.0,59.0,55.0,28.0,84.0
2019-08-07,77.0,,55.0,48.0,82.0,68.0,82.0,68.0,41.0,35.0,81.0
2019-08-08,73.0,,57.0,47.0,82.0,67.0,79.0,56.0,43.0,28.0,73.0
2019-08-09,66.0,,50.0,45.0,78.0,63.0,75.0,50.0,38.0,27.0,73.0
2019-08-10,43.0,,23.0,35.0,63.0,23.0,32.0,25.0,29.0,19.0,58.0
2019-08-11,33.0,,20.0,34.0,63.0,22.0,30.0,29.0,24.0,24.0,55.0
2019-08-12,69.0,,47.0,50.0,84.0,57.0,53.0,59.0,38.0,24.0,72.0
2019-08-13,74.0,,54.0,47.0,83.0,74.0,79.0,72.0,46.0,30.0,87.0
2019-08-14,73.0,,59.0,48.0,86.0,66.0,76.0,68.0,45.0,34.0,86.0
2019-08-15,76.0,,65.0,45.0,81.0,56.0,55.0,57.0,44.0,24.0,85.0
2019-08-16,75.0,,54.0,46.0,81.0,62.0,75.0,57.0,27.0,29.0,74.0
2019-08-17,42.0,,25.0,37.0,65.0,27.0,33.0,28.0,16.0,23.0,52.0
2019-08-18,40.0,,20.0,38.0,69.0,24.0,30.0,25.0,21.0,26.0,56.0
2019-08-19,76.0,,50.0,46.0,87.0,70.0,71.0,73.0,60.0,29.0,84.0
2019-08-20,76.0,,50.0,48.0,93.0,72.0,72.0,67.0,45.0,41.0,92.0
2019-08-21,77.0,,53.0,47.0,92.0,81.0,76.0,68.0,52.0,37.0,76.0
2019-08-22,77.0,,50.0,46.0,91.0,85.0,74.0,68.0,38.0,29.0,79.0
2019-08-23,74.0,,52.0,45.0,85.0,77.0,76.0,66.0,32.0,30.0,76.0
2019-08-24,51.0,,24.0,35.0,63.0,26.0,32.0,24.0,22.0,26.0,58.0
2019-08-25,39.0,,20.0,37.0,62.0,26.0,29.0,29.0,27.0,26.0,57.0
2019-08-26,71.0,,49.0,45.0,82.0,72.0,68.0,59.0,52.0,29.0,78.0
2019-08-27,78.0,,49.0,47.0,89.0,79.0,75.0,67.0,44.0,34.0,75.0
2019-08-28,79.0,,48.0,47.0,93.0,84.0,73.0,58.0,55.0,31.0,80.0
2019-08-29,77.0,,47.0,50.0,89.0,74.0,75.0,68.0,45.0,39.0,86.0
2019-08-30,71.0,,46.0,46.0,83.0,66.0,72.0,50.0,45.0,36.0,75.0
2019-08-31,42.0,,21.0,36.0,63.0,26.0,33.0,24.0,27.0,15.0,51.0
2019-09-01,39.0,,18.0,39.0,61.0,27.0,29.0,29.0,26.0,24.0,53.0
2019-09-02,55.0,,23.0,40.0,72.0,52.0,49.0,50.0,38.0,27.0,69.0
2019-09-03,74.0,,44.0,46.0,84.0,76.0,70.0,67.0,36.0,35.0,79.0
2019-09-04,75.0,,46.0,47.0,84.0,80.0,73.0,57.0,44.0,36.0,85.0
2019-09-05,75.0,,49.0,50.0,88.0,76.0,71.0,59.0,59.0,31.0,80.0
2019-09-06,74.0,,46.0,45.0,88.0,66.0,70.0,56.0,31.0,43.0,76.0
2019-09-07,45.0,,22.0,37.0,68.0,29.0,33.0,24.0,39.0,28.0,58.0
2019-09-08,40.0,,20.0,36.0,64.0,26.0,30.0,32.0,28.0,27.0,64.0
2019-09-09,74.0,,46.0,47.0,86.0,75.0,68.0,59.0,59.0,22.0,83.0
2019-09-10,74.0,,51.0,47.0,89.0,81.0,58.0,68.0,50.0,40.0,85.0
2019-09-11,77.0,,52.0,48.0,91.0,83.0,76.0,55.0,47.0,41.0,87.0
2019-09-12,78.0,,54.0,52.0,90.0,80.0,76.0,77.0,56.0,33.0,85.0
2019-09-13,74.0,,47.0,47.0,87.0,70.0,74.0,55.0,49.0,41.0,82.0
2019-09-14,48.0,,22.0,35.0,69.0,25.0,34.0,25.0,23.0,20.0,51.0
2019-09-15,40.0,,21.0,38.0,64.0,27.0,30.0,29.0,27.0,29.0,68.0
2019-09-16,78.0,,48.0,49.0,87.0,74.0,73.0,51.0,62.0,38.0,91.0
2019-09-17,73.0,,47.0,49.0,90.0,81.0,71.0,67.0,69.0,42.0,87.0
2019-09-18,74.0,,48.0,49.0,93.0,88.0,69.0,70.0,66.0,41.0,88.0
2019-09-19,76.0,,47.0,50.0,92.0,86.0,74.0,70.0,45.0,34.0,84.0
2019-09-20,71.0,,46.0,44.0,85.0,75.0,86.0,66.0,39.0,46.0,81.0
2019-09-21,45.0,,22.0,35.0,68.0,30.0,39.0,32.0,43.0,20.0,56.0
2019-09-22,39.0,,19.0,38.0,67.0,31.0,30.0,37.0,43.0,27.0,60.0
2019-09-23,80.0,,44.0,48.0,93.0,68.0,85.0,71.0,34.0,44.0,87.0
2019-09-24,79.0,,48.0,51.0,92.0,80.0,80.0,73.0,55.0,40.0,82.0
2019-09-25,74.0,,47.0,52.0,93.0,81.0,76.0,59.0,42.0,48.0,84.0
2019-09-26,71.0,,46.0,57.0,92.0,79.0,77.0,76.0,46.0,32.0,84.0
2019-09-27,71.0,,44.0,49.0,84.0,76.0,76.0,53.0,34.0,32.0,86.0
2019-09-28,44.0,,21.0,40.0,65.0,29.0,33.0,30.0,27.0,26.0,60.0
2019-09-29,37.0,,18.0,42.0,65.0,31.0,31.0,23.0,38.0,32.0,58.0
2019-09-30,77.0,,42.0,54.0,88.0,68.0,72.0,70.0,52.0,28.0,83.0
2019-10-01,78.0,,46.0,52.0,88.0,76.0,76.0,73.0,52.0,34.0,84.0
2019-10-02,76.0,,47.0,50.0,86.0,69.0,50.0,69.0,62.0,28.0,86.0
2019-10-03,81.0,,49.0,49.0,84.0,77.0,76.0,59.0,41.0,28.0,83.0
2019-10-04,79.0,,43.0,47.0,82.0,69.0,74.0,58.0,48.0,28.0,70.0
2019-10-05,47.0,,21.0,36.0,66.0,29.0,34.0,33.0,29.0,31.0,58.0
2019-10-06,40.0,,18.0,37.0,65.0,24.0,30.0,23.0,36.0,26.0,64.0
2019-10-07,75.0,,41.0,48.0,87.0,70.0,68.0,78.0,52.0,28.0,81.0
2019-10-08,73.0,,43.0,49.0,83.0,68.0,48.0,71.0,54.0,28.0,74.0
2019-10-09,80.0,,44.0,48.0,89.0,77.0,74.0,69.0,36.0,30.0,88.0
2019-10-10,72.0,,45.0,51.0,88.0,76.0,72.0,68.0,56.0,42.0,85.0
2019-10-11,79.0,,47.0,45.0,84.0,73.0,78.0,51.0,46.0,38.0,83.0
2019-10-12,45.0,,21.0,36.0,68.0,24.0,32.0,32.0,29.0,26.0,56.0
2019-10-13,41.0,,20.0,36.0,66.0,28.0,32.0,33.0,43.0,24.0,63.0
2019-10-14,78.0,,41.0,47.0,85.0,64.0,81.0,69.0,55.0,34.0,84.0
2019-10-15,81.0,,47.0,49.0,91.0,79.0,78.0,87.0,57.0,27.0,87.0
2019-10-16,83.0,,46.0,46.0,88.0,82.0,76.0,66.0,64.0,35.0,84.0
2019-10-17,76.0,,46.0,49.0,86.0,80.0,82.0,70.0,51.0,34.0,84.0
2019-10-18,78.0,,44.0,47.0,84.0,78.0,83.0,58.0,36.0,32.0,79.0
2019-10-19,46.0,,21.0,36.0,66.0,33.0,36.0,28.0,41.0,25.0,55.0
2019-10-20,38.0,,19.0,37.0,62.0,27.0,30.0,35.0,24.0,19.0,59.0
2019-10-21,74.0,,44.0,48.0,85.0,70.0,58.0,68.0,49.0,38.0,81.0
2019-10-22,78.0,,49.0,51.0,88.0,77.0,85.0,78.0,55.0,31.0,84.0
2019-10-23,78.0,,49.0,51.0,88.0,76.0,86.0,66.0,63.0,40.0,86.0
2019-10-24,77.0,,55.0,53.0,88.0,85.0,81.0,66.0,45.0,37.0,83.0
2019-10-25,73.0,,51.0,47.0,78.0,64.0,77.0,48.0,45.0,28.0,65.0
2019-10-26,41.0,,23.0,37.0,63.0,24.0,35.0,24.0,23.0,32.0,52.0
2019-10-27,35.0,,20.0,33.0,57.0,24.0,38.0,25.0,31.0,20.0,48.0
2019-10-28,70.0,,49.0,45.0,80.0,65.0,51.0,55.0,46.0,20.0,77.0
2019-10-29,75.0,,52.0,50.0,85.0,73.0,78.0,61.0,48.0,28.0,83.0
2019-10-30,78.0,,52.0,49.0,88.0,75.0,83.0,67.0,31.0,39.0,82.0
2019-10-31,78.0,,51.0,48.0,84.0,68.0,90.0,67.0,42.0,25.0,75.0
2019-11-01,78.0,,49.0,44.0,80.0,61.0,86.0,47.0,35.0,34.0,72.0
2019-11-02,45.0,,23.0,34.0,64.0,25.0,39.0,24.0,22.0,19.0,58.0
2019-11-03,36.0,,21.0,38.0,64.0,27.0,32.0,31.0,34.0,29.0,60.0
2019-11-04,80.0,,50.0,48.0,91.0,68.0,86.0,63.0,62.0,36.0,90.0
2019-11-05,81.0,,53.0,51.0,88.0,79.0,83.0,62.0,54.0,42.0,95.0
2019-11-06,79.0,,52.0,51.0,89.0,78.0,83.0,62.0,47.0,42.0,88.0
2019-11-07,82.0,,58.0,52.0,92.0,76.0,84.0,68.0,50.0,39.0,82.0
2019-11-08,78.0,,53.0,51.0,85.0,74.0,79.0,59.0,41.0,40.0,83.0
2019-11-09,44.0,,23.0,38.0,66.0,29.0,35.0,21.0,33.0,22.0,59.0
2019-11-10,36.0,,21.0,40.0,64.0,27.0,30.0,39.0,39.0,32.0,63.0
2019-11-11,68.0,,46.0,50.0,84.0,67.0,80.0,72.0,56.0,39.0,80.0
2019-11-12,73.0,,51.0,49.0,93.0,76.0,59.0,74.0,46.0,36.0,90.0
2019-11-13,77.0,,51.0,49.0,89.0,75.0,80.0,74.0,50.0,34.0,83.0
2019-11-14,76.0,,52.0,50.0,87.0,77.0,76.0,62.0,57.0,30.0,86.0
2019-11-15,78.0,,51.0,44.0,86.0,66.0,77.0,60.0,44.0,35.0,78.0
2019-11-16,47.0,,25.0,38.0,70.0,30.0,37.0,34.0,30.0,26.0,55.0
2019-11-17,40.0,,21.0,37.0,68.0,29.0,32.0,32.0,35.0,36.0,69.0
2019-11-18,82.0,,49.0,47.0,90.0,76.0,79.0,79.0,48.0,41.0,87.0
2019-11-19,73.0,,53.0,51.0,95.0,76.0,83.0,66.0,54.0,48.0,86.0
2019-11-20,80.0,,53.0,51.0,95.0,82.0,85.0,71.0,53.0,36.0,87.0
2019-11-21,78.0,,51.0,50.0,88.0,85.0,81.0,69.0,57.0,33.0,87.0
2019-11-22,78.0,,51.0,46.0,89.0,73.0,79.0,53.0,41.0,34.0,91.0
2019-11-23,44.0,,25.0,34.0,69.0,29.0,32.0,31.0,20.0,36.0,52.0
2019-11-24,36.0,,21.0,36.0,67.0,30.0,31.0,32.0,44.0,24.0,59.0
2019-11-25,78.0,,49.0,46.0,88.0,72.0,79.0,66.0,40.0,33.0,85.0
2019-11-26,76.0,,51.0,48.0,83.0,79.0,82.0,71.0,31.0,48.0,92.0
2019-11-27,73.0,,49.0,48.0,85.0,82.0,76.0,69.0,63.0,36.0,78.0
2019-11-28,58.0,,31.0,43.0,73.0,74.0,77.0,54.0,41.0,34.0,68.0
2019-11-29,67.0,,36.0,40.0,76.0,58.0,75.0,49.0,44.0,30.0,56.0
2019-11-30,43.0,,22.0,40.0,66.0,25.0,35.0,18.0,24.0,29.0,49.0
2019-12-01,38.0,,21.0,42.0,64.0,29.0,31.0,36.0,35.0,30.0,54.0
2019-12-02,82.0,,44.0,48.0,87.0,66.0,75.0,67.0,57.0,43.0,84.0
2019-12-03,80.0,,49.0,51.0,87.0,74.0,74.0,64.0,53.0,41.0,84.0
2019-12-04,79.0,,48.0,50.0,91.0,75.0,79.0,71.0,48.0,34.0,84.0
2019-12-05,77.0,,49.0,50.0,87.0,75.0,76.0,66.0,56.0,48.0,81.0
2019-12-06,74.0,,46.0,49.0,83.0,66.0,73.0,56.0,52.0,40.0,74.0
2019-12-07,45.0,,25.0,37.0,66.0,27.0,34.0,25.0,23.0,18.0,56.0
2019-12-08,39.0,,21.0,38.0,63.0,26.0,29.0,23.0,32.0,35.0,60.0
2019-12-09,80.0,,42.0,56.0,83.0,71.0,77.0,70.0,45.0,32.0,78.0
2019-12-10,80.0,,46.0,51.0,88.0,75.0,70.0,65.0,41.0,38.0,79.0
2019-12-11,77.0,,46.0,51.0,91.0,81.0,74.0,63.0,50.0,43.0,85.0
2019-12-12,83.0,,49.0,50.0,90.0,76.0,78.0,66.0,46.0,38.0,77.0
2019-12-13,79.0,,51.0,48.0,84.0,68.0,84.0,52.0,34.0,51.0,74.0
2019-12-14,45.0,,24.0,38.0,70.0,28.0,34.0,29.0,22.0,20.0,52.0
2019-12-15,37.0,,21.0,37.0,65.0,24.0,32.0,32.0,34.0,35.0,59.0
2019-12-16,75.0,,47.0,47.0,83.0,72.0,75.0,59.0,34.0,32.0,80.0
2019-12-17,80.0,,53.0,47.0,86.0,69.0,80.0,62.0,43.0,30.0,78.0
2019-12-18,74.0,,49.0,47.0,81.0,69.0,76.0,61.0,37.0,36.0,70.0
2019-12-19,74.0,,51.0,46.0,82.0,68.0,76.0,50.0,30.0,26.0,71.0
2019-12-20,72.0,,49.0,46.0,81.0,57.0,76.0,44.0,39.0,45.0,68.0
2019-12-21,41.0,,25.0,38.0,62.0,23.0,33.0,18.0,15.0,23.0,48.0
2019-12-22,35.0,,21.0,35.0,57.0,23.0,32.0,14.0,23.0,21.0,48.0
2019-12-23,65.0,,47.0,41.0,76.0,53.0,72.0,44.0,20.0,30.0,71.0
2019-12-24,59.0,,46.0,35.0,67.0,50.0,70.0,36.0,18.0,31.0,54.0
2019-12-25,38.0,,25.0,32.0,62.0,31.0,38.0,26.0,24.0,20.0,48.0
2019-12-26,61.0,,43.0,41.0,71.0,47.0,62.0,35.0,19.0,21.0,62.0
2019-12-27,68.0,,49.0,43.0,74.0,46.0,69.0,42.0,31.0,31.0,66.0
2019-12-28,45.0,,25.0,39.0,65.0,20.0,34.0,18.0,23.0,24.0,54.0
2019-12-29,36.0,,23.0,39.0,63.0,22.0,29.0,19.0,12.0,37.0,60.0
2019-12-30,67.0,,46.0,45.0,78.0,47.0,68.0,39.0,21.0,31.0,71.0
2019-12-31,66.0,,47.0,41.0,69.0,41.0,69.0,41.0,33.0,25.0,68.0
