date,BRK.B,overlap,JPM,BAC,WFC,MS,BLK,GS,SCHW,C,SPGI
2017-01-17,11.0,1.0,30.0,7.0,35.0,79.0,79.0,19.0,13.0,92.0,0.0
2017-01-18,10.0,1.0,30.0,8.0,22.0,78.0,57.0,17.0,40.0,90.0,10.0
2017-01-19,15.0,1.0,27.0,7.0,35.0,82.0,54.0,16.0,6.0,89.0,0.0
2017-01-20,5.0,1.0,20.0,6.0,19.0,79.0,61.0,15.0,14.0,88.0,22.0
2017-01-21,3.0,1.0,12.0,6.0,13.0,74.0,77.0,18.0,54.0,78.0,0.0
2017-01-22,5.0,1.0,8.0,6.0,9.0,70.0,57.0,18.0,7.0,80.0,0.0
2017-01-23,8.0,1.0,22.0,6.0,12.0,86.0,50.0,16.0,39.0,92.0,5.0
2017-01-24,7.0,1.0,18.0,7.0,19.0,82.0,61.0,19.0,26.0,90.0,16.0
2017-01-25,15.0,1.0,23.0,6.0,42.0,80.0,50.0,17.0,32.0,89.0,11.0
2017-01-26,19.0,1.0,23.0,6.0,49.0,92.0,45.0,18.0,20.0,85.0,10.0
2017-01-27,16.0,1.0,23.0,5.0,27.0,84.0,50.0,16.0,35.0,84.0,5.0
2017-01-28,5.0,1.0,12.0,4.0,22.0,75.0,60.0,20.0,38.0,81.0,0.0
2017-01-29,2.0,1.0,7.0,5.0,9.0,66.0,63.0,17.0,22.0,80.0,0.0
2017-01-30,6.0,1.0,19.0,5.0,28.0,100.0,54.0,17.0,26.0,87.0,0.0
2017-01-31,8.0,1.0,19.0,6.0,25.0,85.0,53.0,16.0,32.0,91.0,0.0
2017-02-01,13.0,1.0,24.0,7.0,24.0,85.0,61.0,15.0,20.0,87.0,15.0
2017-02-02,11.0,1.0,14.0,7.0,12.0,82.0,52.0,15.0,39.0,88.0,11.0
2017-02-03,12.0,1.0,33.0,6.0,24.0,79.0,66.0,15.0,21.0,84.0,11.0
2017-02-04,2.0,1.0,14.0,6.0,21.0,68.0,51.0,22.0,7.0,81.0,0.0
2017-02-05,5.0,1.0,3.0,6.0,11.0,60.0,63.0,16.0,7.0,82.0,17.0
2017-02-06,2.0,1.0,13.0,7.0,25.0,78.0,68.0,15.0,32.0,88.0,5.0
2017-02-07,4.0,1.0,19.0,7.0,24.0,83.0,67.0,14.0,13.0,89.0,0.0
2017-02-08,10.0,1.0,20.0,7.0,22.0,80.0,76.0,14.0,26.0,91.0,31.0
2017-02-09,13.0,1.0,16.0,7.0,32.0,80.0,65.0,13.0,41.0,90.0,21.0
2017-02-10,13.0,1.0,25.0,6.0,22.0,77.0,72.0,15.0,40.0,89.0,5.0
2017-02-11,12.0,1.0,5.0,6.0,16.0,70.0,69.0,17.0,8.0,82.0,0.0
2017-02-12,9.0,1.0,6.0,6.0,15.0,64.0,63.0,24.0,7.0,83.0,0.0
2017-02-13,10.0,1.0,20.0,7.0,13.0,80.0,51.0,16.0,44.0,91.0,10.0
2017-02-14,12.0,1.0,27.0,7.0,22.0,80.0,61.0,16.0,25.0,89.0,31.0
2017-02-15,17.0,1.0,25.0,7.0,19.0,80.0,61.0,18.0,0.0,90.0,10.0
2017-02-16,8.0,1.0,22.0,7.0,24.0,83.0,64.0,17.0,32.0,90.0,25.0
2017-02-17,26.0,1.0,29.0,7.0,27.0,81.0,54.0,16.0,20.0,88.0,0.0
2017-02-18,4.0,1.0,8.0,6.0,8.0,71.0,59.0,22.0,8.0,82.0,0.0
2017-02-19,12.0,1.0,10.0,6.0,17.0,69.0,63.0,16.0,7.0,83.0,17.0
2017-02-20,2.0,1.0,12.0,7.0,11.0,78.0,63.0,15.0,13.0,91.0,0.0
2017-02-21,15.0,1.0,25.0,8.0,22.0,85.0,58.0,14.0,13.0,90.0,0.0
2017-02-22,9.0,1.0,23.0,7.0,28.0,83.0,55.0,14.0,6.0,90.0,5.0
2017-02-23,19.0,1.0,27.0,7.0,16.0,80.0,62.0,16.0,14.0,87.0,5.0
2017-02-24,16.0,1.0,17.0,7.0,41.0,87.0,55.0,17.0,0.0,84.0,5.0
2017-02-25,10.0,1.0,12.0,7.0,10.0,71.0,53.0,15.0,0.0,83.0,6.0
2017-02-26,9.0,1.0,3.0,7.0,14.0,66.0,68.0,19.0,15.0,83.0,0.0
2017-02-27,26.0,1.0,15.0,8.0,20.0,78.0,56.0,49.0,44.0,86.0,0.0
2017-02-28,27.0,1.0,25.0,9.0,24.0,79.0,62.0,22.0,32.0,90.0,0.0
2017-03-01,36.0,1.0,29.0,8.0,25.0,80.0,58.0,16.0,19.0,92.0,0.0
2017-03-02,26.0,1.0,24.0,8.0,24.0,84.0,59.0,15.0,32.0,90.0,5.0
2017-03-03,26.0,1.0,21.0,7.0,32.0,83.0,66.0,14.0,20.0,88.0,16.0
2017-03-04,2.0,1.0,6.0,7.0,22.0,70.0,47.0,14.0,22.0,82.0,11.0
2017-03-05,10.0,1.0,5.0,8.0,19.0,67.0,55.0,17.0,15.0,86.0,0.0
2017-03-06,16.0,1.0,21.0,8.0,18.0,84.0,68.0,20.0,25.0,92.0,19.0
2017-03-07,14.0,1.0,14.0,8.0,28.0,83.0,59.0,16.0,19.0,88.0,0.0
2017-03-08,10.0,1.0,22.0,8.0,23.0,83.0,47.0,15.0,38.0,88.0,15.0
2017-03-09,19.0,1.0,20.0,8.0,25.0,80.0,62.0,16.0,26.0,88.0,10.0
2017-03-10,11.0,1.0,27.0,7.0,22.0,83.0,65.0,15.0,27.0,87.0,5.0
2017-03-11,3.0,1.0,4.0,7.0,8.0,69.0,51.0,19.0,37.0,79.0,12.0
2017-03-12,0.0,1.0,5.0,8.0,13.0,65.0,58.0,19.0,21.0,86.0,0.0
2017-03-13,10.0,1.0,19.0,9.0,26.0,79.0,51.0,14.0,17.0,87.0,0.0
2017-03-14,12.0,1.0,22.0,8.0,20.0,82.0,72.0,16.0,26.0,91.0,20.0
2017-03-15,4.0,1.0,24.0,9.0,29.0,80.0,59.0,16.0,14.0,93.0,36.0
2017-03-16,15.0,1.0,24.0,9.0,37.0,84.0,57.0,15.0,26.0,90.0,15.0
2017-03-17,15.0,1.0,19.0,8.0,23.0,81.0,61.0,14.0,7.0,87.0,5.0
2017-03-18,5.0,1.0,5.0,8.0,20.0,68.0,66.0,22.0,0.0,84.0,0.0
2017-03-19,2.0,1.0,9.0,8.0,5.0,69.0,55.0,17.0,36.0,83.0,12.0
2017-03-20,11.0,1.0,17.0,9.0,22.0,82.0,68.0,15.0,19.0,92.0,5.0
2017-03-21,20.0,1.0,29.0,8.0,26.0,80.0,69.0,16.0,33.0,90.0,15.0
2017-03-22,2.0,1.0,23.0,8.0,32.0,83.0,68.0,15.0,13.0,90.0,20.0
2017-03-23,5.0,,27.0,7.0,34.0,81.0,53.0,14.0,25.0,86.0,0.0
2017-03-24,19.0,,33.0,8.0,28.0,82.0,62.0,13.0,0.0,86.0,0.0
2017-03-25,0.0,,11.0,7.0,3.0,75.0,32.0,16.0,15.0,84.0,0.0
2017-03-26,0.0,,7.0,8.0,14.0,72.0,61.0,14.0,43.0,82.0,0.0
2017-03-27,9.0,,27.0,8.0,27.0,90.0,58.0,15.0,13.0,89.0,0.0
2017-03-28,9.0,,11.0,8.0,21.0,84.0,43.0,14.0,13.0,88.0,20.0
2017-03-29,0.0,,23.0,8.0,20.0,84.0,77.0,14.0,13.0,88.0,21.0
2017-03-30,5.0,,16.0,8.0,25.0,86.0,70.0,15.0,51.0,89.0,21.0
2017-03-31,0.0,,19.0,9.0,35.0,89.0,66.0,15.0,39.0,85.0,0.0
2017-04-01,5.0,,13.0,8.0,14.0,73.0,63.0,15.0,0.0,84.0,0.0
2017-04-02,0.0,,13.0,8.0,17.0,66.0,45.0,15.0,14.0,84.0,0.0
2017-04-03,14.0,,19.0,7.0,21.0,87.0,68.0,20.0,25.0,86.0,20.0
2017-04-04,19.0,,22.0,9.0,21.0,84.0,57.0,15.0,50.0,90.0,20.0
2017-04-05,14.0,,35.0,8.0,14.0,78.0,81.0,14.0,25.0,90.0,40.0
2017-04-06,9.0,,27.0,8.0,22.0,81.0,67.0,14.0,38.0,88.0,0.0
2017-04-07,15.0,,26.0,8.0,35.0,83.0,53.0,14.0,13.0,84.0,0.0
2017-04-08,16.0,,6.0,7.0,20.0,74.0,73.0,15.0,0.0,78.0,0.0
2017-04-09,5.0,,7.0,8.0,11.0,65.0,50.0,14.0,73.0,83.0,0.0
2017-04-10,0.0,,21.0,8.0,27.0,81.0,73.0,19.0,63.0,88.0,21.0
2017-04-11,10.0,,20.0,8.0,22.0,80.0,65.0,14.0,13.0,88.0,41.0
2017-04-12,5.0,,32.0,8.0,25.0,82.0,54.0,14.0,38.0,89.0,21.0
2017-04-13,15.0,,40.0,8.0,54.0,76.0,61.0,13.0,0.0,84.0,0.0
2017-04-14,16.0,,7.0,7.0,25.0,77.0,48.0,14.0,28.0,80.0,0.0
2017-04-15,5.0,,9.0,7.0,14.0,69.0,63.0,14.0,45.0,81.0,0.0
2017-04-16,5.0,,7.0,7.0,14.0,62.0,62.0,15.0,45.0,80.0,0.0
2017-04-17,10.0,,18.0,8.0,35.0,82.0,62.0,14.0,26.0,85.0,0.0
2017-04-18,9.0,,18.0,8.0,36.0,80.0,53.0,15.0,75.0,90.0,20.0
2017-04-19,14.0,,15.0,8.0,36.0,84.0,72.0,13.0,25.0,89.0,40.0
2017-04-20,9.0,,21.0,8.0,39.0,86.0,50.0,13.0,13.0,90.0,0.0
2017-04-21,0.0,,18.0,8.0,28.0,77.0,52.0,15.0,39.0,87.0,0.0
2017-04-22,5.0,,5.0,7.0,22.0,75.0,57.0,18.0,14.0,78.0,0.0
2017-04-23,0.0,,3.0,8.0,16.0,64.0,67.0,55.0,28.0,81.0,22.0
2017-04-24,0.0,,16.0,8.0,36.0,87.0,74.0,20.0,13.0,90.0,20.0
2017-04-25,14.0,,28.0,9.0,38.0,87.0,73.0,15.0,38.0,89.0,0.0
2017-04-26,18.0,,19.0,9.0,29.0,85.0,60.0,14.0,25.0,91.0,20.0
2017-04-27,23.0,,29.0,8.0,38.0,84.0,58.0,13.0,0.0,90.0,20.0
2017-04-28,25.0,,17.0,8.0,28.0,81.0,55.0,15.0,0.0,84.0,0.0
2017-04-29,0.0,,11.0,7.0,6.0,73.0,65.0,14.0,44.0,78.0,0.0
2017-04-30,5.0,,6.0,7.0,14.0,67.0,47.0,15.0,0.0,82.0,0.0
2017-05-01,0.0,,12.0,8.0,29.0,77.0,58.0,18.0,13.0,88.0,0.0
2017-05-02,9.0,,21.0,8.0,29.0,84.0,67.0,15.0,13.0,85.0,20.0
2017-05-03,14.0,,22.0,8.0,20.0,86.0,60.0,15.0,38.0,86.0,0.0
2017-05-04,28.0,,20.0,8.0,34.0,85.0,62.0,14.0,13.0,88.0,0.0
2017-05-05,34.0,,20.0,8.0,23.0,92.0,61.0,13.0,13.0,86.0,0.0
2017-05-06,16.0,,10.0,8.0,17.0,82.0,75.0,18.0,14.0,79.0,0.0
2017-05-07,0.0,,5.0,8.0,8.0,72.0,66.0,15.0,0.0,79.0,0.0
2017-05-08,14.0,,16.0,8.0,27.0,92.0,65.0,15.0,13.0,90.0,0.0
2017-05-09,14.0,,16.0,9.0,47.0,94.0,53.0,14.0,37.0,85.0,40.0
2017-05-10,23.0,,26.0,9.0,19.0,90.0,62.0,13.0,13.0,85.0,0.0
2017-05-11,0.0,,15.0,9.0,22.0,88.0,58.0,14.0,26.0,88.0,0.0
2017-05-12,10.0,,23.0,9.0,35.0,91.0,72.0,14.0,0.0,85.0,0.0
2017-05-13,0.0,,8.0,8.0,14.0,77.0,53.0,15.0,15.0,81.0,0.0
2017-05-14,0.0,,4.0,8.0,14.0,79.0,34.0,16.0,29.0,81.0,0.0
2017-05-15,25.0,,21.0,9.0,28.0,97.0,60.0,16.0,66.0,86.0,21.0
2017-05-16,15.0,,9.0,10.0,26.0,96.0,55.0,14.0,0.0,84.0,0.0
2017-05-17,10.0,,13.0,9.0,36.0,89.0,67.0,16.0,13.0,86.0,0.0
2017-05-18,0.0,,18.0,8.0,23.0,94.0,79.0,14.0,41.0,86.0,0.0
2017-05-19,10.0,,19.0,8.0,14.0,87.0,58.0,19.0,28.0,83.0,23.0
2017-05-20,6.0,,6.0,8.0,6.0,72.0,56.0,14.0,0.0,81.0,0.0
2017-05-21,0.0,,3.0,8.0,6.0,73.0,73.0,15.0,0.0,82.0,0.0
2017-05-22,20.0,,17.0,8.0,29.0,83.0,91.0,16.0,27.0,84.0,0.0
2017-05-23,24.0,,24.0,8.0,35.0,82.0,50.0,15.0,13.0,84.0,21.0
2017-05-24,5.0,,17.0,8.0,31.0,81.0,60.0,16.0,28.0,85.0,0.0
2017-05-25,5.0,,20.0,8.0,27.0,77.0,64.0,16.0,0.0,87.0,22.0
2017-05-26,33.0,,16.0,7.0,25.0,82.0,57.0,15.0,0.0,82.0,23.0
2017-05-27,0.0,,5.0,8.0,12.0,72.0,70.0,16.0,0.0,79.0,52.0
2017-05-28,6.0,,8.0,8.0,12.0,65.0,62.0,19.0,16.0,80.0,0.0
2017-05-29,5.0,,8.0,9.0,5.0,75.0,41.0,18.0,28.0,82.0,0.0
2017-05-30,5.0,1.0,20.0,9.0,23.0,85.0,61.0,15.0,40.0,89.0,0.0
2017-05-31,5.0,1.0,10.0,10.0,18.0,83.0,71.0,17.0,0.0,83.0,11.0
2017-06-01,11.0,1.0,14.0,9.0,32.0,83.0,56.0,17.0,22.0,85.0,11.0
2017-06-02,9.0,1.0,16.0,9.0,26.0,84.0,64.0,18.0,0.0,81.0,0.0
2017-06-03,0.0,1.0,14.0,9.0,17.0,68.0,51.0,18.0,23.0,78.0,13.0
2017-06-04,0.0,1.0,3.0,8.0,20.0,62.0,44.0,14.0,0.0,78.0,25.0
2017-06-05,18.0,1.0,20.0,10.0,16.0,83.0,53.0,20.0,28.0,84.0,0.0
2017-06-06,12.0,1.0,19.0,11.0,26.0,81.0,55.0,16.0,7.0,86.0,0.0
2017-06-07,8.0,1.0,20.0,12.0,24.0,78.0,63.0,16.0,34.0,83.0,43.0
2017-06-08,16.0,1.0,22.0,12.0,21.0,79.0,49.0,20.0,14.0,85.0,22.0
2017-06-09,23.0,1.0,22.0,11.0,18.0,76.0,54.0,15.0,14.0,80.0,23.0
2017-06-10,9.0,1.0,5.0,11.0,12.0,70.0,57.0,21.0,24.0,79.0,0.0
2017-06-11,6.0,1.0,4.0,12.0,13.0,69.0,56.0,17.0,0.0,78.0,0.0
2017-06-12,13.0,1.0,18.0,14.0,36.0,81.0,65.0,16.0,14.0,83.0,22.0
2017-06-13,13.0,1.0,29.0,14.0,25.0,81.0,69.0,22.0,33.0,85.0,11.0
2017-06-14,8.0,1.0,21.0,20.0,13.0,80.0,56.0,18.0,27.0,85.0,0.0
2017-06-15,9.0,1.0,18.0,34.0,22.0,75.0,63.0,18.0,0.0,84.0,46.0
2017-06-16,5.0,1.0,28.0,22.0,29.0,80.0,51.0,18.0,8.0,82.0,35.0
2017-06-17,3.0,1.0,9.0,14.0,27.0,69.0,62.0,16.0,25.0,80.0,0.0
2017-06-18,6.0,1.0,6.0,14.0,10.0,62.0,43.0,18.0,24.0,78.0,12.0
2017-06-19,5.0,1.0,16.0,20.0,38.0,82.0,61.0,17.0,14.0,88.0,32.0
2017-06-20,17.0,1.0,17.0,21.0,22.0,81.0,62.0,18.0,34.0,88.0,11.0
2017-06-21,5.0,1.0,16.0,18.0,16.0,79.0,54.0,17.0,20.0,87.0,42.0
2017-06-22,17.0,1.0,18.0,15.0,17.0,80.0,67.0,16.0,0.0,85.0,43.0
2017-06-23,5.0,1.0,18.0,10.0,23.0,82.0,59.0,17.0,35.0,84.0,22.0
2017-06-24,0.0,1.0,13.0,9.0,11.0,69.0,68.0,16.0,9.0,79.0,0.0
2017-06-25,3.0,1.0,1.0,9.0,19.0,61.0,55.0,16.0,0.0,79.0,0.0
2017-06-26,19.0,1.0,23.0,14.0,23.0,77.0,69.0,17.0,27.0,82.0,0.0
2017-06-27,9.0,1.0,13.0,10.0,27.0,78.0,56.0,16.0,8.0,85.0,0.0
2017-06-28,11.0,1.0,32.0,12.0,28.0,79.0,78.0,17.0,42.0,84.0,0.0
2017-06-29,8.0,1.0,25.0,12.0,50.0,78.0,65.0,18.0,21.0,88.0,59.0
2017-06-30,14.0,1.0,25.0,12.0,21.0,78.0,76.0,18.0,8.0,83.0,13.0
2017-07-01,19.0,1.0,3.0,9.0,16.0,69.0,75.0,15.0,32.0,79.0,14.0
2017-07-02,9.0,1.0,7.0,10.0,16.0,63.0,63.0,20.0,0.0,82.0,28.0
2017-07-03,17.0,1.0,27.0,14.0,21.0,81.0,66.0,16.0,43.0,85.0,23.0
2017-07-04,0.0,1.0,15.0,23.0,14.0,71.0,57.0,16.0,8.0,83.0,0.0
2017-07-05,8.0,1.0,30.0,100.0,26.0,79.0,61.0,17.0,37.0,83.0,11.0
2017-07-06,19.0,1.0,27.0,25.0,30.0,83.0,81.0,17.0,0.0,85.0,0.0
2017-07-07,5.0,1.0,25.0,21.0,24.0,94.0,78.0,17.0,15.0,82.0,0.0
2017-07-08,3.0,1.0,6.0,12.0,19.0,71.0,57.0,20.0,43.0,81.0,0.0
2017-07-09,0.0,1.0,7.0,10.0,10.0,62.0,62.0,18.0,49.0,81.0,0.0
2017-07-10,11.0,1.0,27.0,18.0,25.0,80.0,75.0,17.0,7.0,87.0,0.0
2017-07-11,16.0,1.0,26.0,12.0,28.0,80.0,65.0,17.0,21.0,85.0,0.0
2017-07-12,11.0,1.0,19.0,11.0,23.0,77.0,69.0,18.0,29.0,89.0,34.0
2017-07-13,10.0,1.0,16.0,10.0,29.0,80.0,66.0,22.0,7.0,84.0,0.0
2017-07-14,8.0,1.0,49.0,8.0,65.0,78.0,69.0,18.0,15.0,82.0,11.0
2017-07-15,3.0,1.0,14.0,8.0,13.0,68.0,69.0,18.0,17.0,79.0,54.0
2017-07-16,0.0,1.0,9.0,8.0,16.0,64.0,54.0,17.0,9.0,83.0,0.0
2017-07-17,16.0,1.0,35.0,7.0,32.0,82.0,70.0,18.0,7.0,84.0,34.0
2017-07-18,16.0,1.0,30.0,8.0,28.0,82.0,58.0,19.0,0.0,83.0,12.0
2017-07-19,16.0,1.0,26.0,10.0,33.0,79.0,65.0,20.0,7.0,84.0,0.0
2017-07-20,3.0,1.0,32.0,8.0,21.0,77.0,61.0,39.0,7.0,84.0,0.0
2017-07-21,23.0,1.0,14.0,8.0,24.0,76.0,62.0,19.0,15.0,83.0,13.0
2017-07-22,9.0,1.0,5.0,7.0,10.0,70.0,57.0,17.0,8.0,80.0,0.0
2017-07-23,6.0,1.0,10.0,7.0,11.0,61.0,47.0,16.0,8.0,80.0,0.0
2017-07-24,0.0,1.0,14.0,9.0,39.0,81.0,63.0,16.0,7.0,86.0,22.0
2017-07-25,10.0,1.0,24.0,21.0,32.0,84.0,60.0,16.0,34.0,86.0,11.0
2017-07-26,16.0,1.0,24.0,10.0,27.0,80.0,73.0,17.0,35.0,85.0,0.0
2017-07-27,5.0,1.0,26.0,8.0,24.0,78.0,55.0,17.0,28.0,83.0,21.0
2017-07-28,9.0,1.0,16.0,8.0,24.0,82.0,68.0,18.0,8.0,82.0,11.0
2017-07-29,3.0,1.0,10.0,7.0,19.0,70.0,67.0,18.0,41.0,79.0,13.0
2017-07-30,6.0,1.0,3.0,6.0,13.0,65.0,51.0,18.0,40.0,78.0,12.0
2017-07-31,26.0,1.0,15.0,7.0,27.0,78.0,77.0,20.0,36.0,83.0,11.0
2017-08-01,23.0,1.0,17.0,7.0,29.0,81.0,70.0,17.0,40.0,83.0,11.0
2017-08-02,27.0,1.0,20.0,6.0,28.0,80.0,74.0,16.0,19.0,85.0,31.0
2017-08-03,3.0,1.0,20.0,6.0,21.0,81.0,73.0,18.0,21.0,86.0,0.0
2017-08-04,19.0,1.0,29.0,6.0,38.0,80.0,58.0,18.0,7.0,81.0,0.0
2017-08-05,6.0,1.0,8.0,6.0,17.0,69.0,56.0,29.0,32.0,79.0,0.0
2017-08-06,0.0,1.0,8.0,6.0,14.0,63.0,67.0,18.0,8.0,79.0,0.0
2017-08-07,23.0,1.0,26.0,6.0,27.0,79.0,70.0,17.0,0.0,81.0,0.0
2017-08-08,23.0,1.0,23.0,6.0,22.0,80.0,53.0,17.0,6.0,82.0,22.0
2017-08-09,18.0,1.0,16.0,6.0,25.0,80.0,61.0,17.0,13.0,84.0,0.0
2017-08-10,13.0,1.0,22.0,6.0,18.0,76.0,62.0,16.0,21.0,83.0,0.0
2017-08-11,5.0,1.0,23.0,7.0,14.0,79.0,71.0,16.0,8.0,82.0,22.0
2017-08-12,0.0,1.0,4.0,6.0,10.0,67.0,68.0,16.0,8.0,78.0,0.0
2017-08-13,3.0,1.0,7.0,6.0,21.0,62.0,59.0,15.0,39.0,79.0,0.0
2017-08-14,13.0,1.0,18.0,6.0,15.0,81.0,54.0,25.0,0.0,80.0,0.0
2017-08-15,19.0,1.0,16.0,6.0,20.0,79.0,63.0,24.0,42.0,78.0,12.0
2017-08-16,13.0,1.0,17.0,6.0,31.0,78.0,65.0,18.0,13.0,81.0,11.0
2017-08-17,15.0,1.0,19.0,6.0,27.0,76.0,60.0,17.0,0.0,79.0,0.0
2017-08-18,19.0,1.0,18.0,6.0,15.0,78.0,69.0,17.0,7.0,80.0,34.0
2017-08-19,3.0,1.0,10.0,6.0,33.0,66.0,58.0,26.0,0.0,78.0,0.0
2017-08-20,6.0,1.0,6.0,6.0,11.0,62.0,58.0,19.0,23.0,79.0,0.0
2017-08-21,18.0,1.0,14.0,6.0,24.0,77.0,60.0,17.0,20.0,81.0,11.0
2017-08-22,11.0,1.0,15.0,6.0,34.0,80.0,66.0,17.0,21.0,86.0,11.0
2017-08-23,15.0,1.0,17.0,6.0,24.0,77.0,54.0,17.0,21.0,83.0,34.0
2017-08-24,13.0,1.0,19.0,6.0,18.0,74.0,66.0,16.0,20.0,83.0,11.0
2017-08-25,16.0,1.0,15.0,6.0,34.0,72.0,58.0,27.0,36.0,80.0,23.0
2017-08-26,3.0,1.0,6.0,6.0,25.0,64.0,62.0,22.0,8.0,79.0,0.0
2017-08-27,6.0,1.0,8.0,6.0,22.0,59.0,54.0,16.0,0.0,78.0,0.0
2017-08-28,13.0,1.0,17.0,6.0,33.0,78.0,70.0,16.0,7.0,84.0,11.0
2017-08-29,18.0,1.0,27.0,7.0,20.0,75.0,62.0,17.0,34.0,86.0,22.0
2017-08-30,26.0,1.0,17.0,7.0,27.0,78.0,64.0,18.0,34.0,84.0,0.0
2017-08-31,13.0,1.0,14.0,7.0,27.0,78.0,59.0,18.0,48.0,83.0,22.0
2017-09-01,13.0,1.0,21.0,8.0,29.0,79.0,55.0,17.0,7.0,83.0,0.0
2017-09-02,3.0,1.0,10.0,6.0,14.0,64.0,54.0,24.0,8.0,83.0,0.0
2017-09-03,6.0,1.0,5.0,6.0,18.0,61.0,40.0,17.0,16.0,83.0,0.0
2017-09-04,6.0,1.0,9.0,6.0,22.0,75.0,56.0,15.0,43.0,89.0,0.0
2017-09-05,18.0,1.0,14.0,7.0,27.0,76.0,54.0,16.0,20.0,88.0,0.0
2017-09-06,5.0,1.0,21.0,6.0,30.0,77.0,62.0,16.0,33.0,89.0,64.0
2017-09-07,20.0,1.0,14.0,7.0,31.0,74.0,59.0,16.0,21.0,85.0,10.0
2017-09-08,28.0,,15.0,6.0,26.0,72.0,42.0,17.0,14.0,83.0,0.0
2017-09-09,6.0,,8.0,6.0,5.0,61.0,42.0,18.0,0.0,84.0,0.0
2017-09-10,18.0,,9.0,6.0,8.0,57.0,54.0,24.0,47.0,83.0,25.0
2017-09-11,42.0,,20.0,7.0,29.0,78.0,51.0,17.0,0.0,87.0,0.0
2017-09-12,16.0,,23.0,7.0,25.0,72.0,43.0,16.0,96.0,89.0,0.0
2017-09-13,0.0,,24.0,7.0,13.0,72.0,54.0,15.0,27.0,90.0,22.0
2017-09-14,37.0,,17.0,7.0,29.0,76.0,59.0,16.0,0.0,88.0,23.0
2017-09-15,6.0,,27.0,6.0,14.0,75.0,59.0,15.0,29.0,91.0,23.0
2017-09-16,0.0,,8.0,6.0,10.0,60.0,63.0,25.0,0.0,83.0,0.0
2017-09-17,0.0,,4.0,6.0,15.0,63.0,50.0,18.0,0.0,81.0,0.0
2017-09-18,0.0,,19.0,6.0,36.0,74.0,55.0,15.0,0.0,86.0,44.0
2017-09-19,21.0,,25.0,7.0,20.0,75.0,50.0,16.0,69.0,90.0,0.0
2017-09-20,16.0,,17.0,7.0,36.0,77.0,58.0,17.0,28.0,90.0,23.0
2017-09-21,32.0,,28.0,6.0,14.0,75.0,69.0,15.0,28.0,90.0,23.0
2017-09-22,6.0,,15.0,6.0,9.0,73.0,56.0,15.0,29.0,87.0,0.0
2017-09-23,6.0,,8.0,6.0,8.0,63.0,77.0,18.0,0.0,82.0,0.0
2017-09-24,12.0,,6.0,6.0,15.0,59.0,49.0,30.0,47.0,88.0,0.0
2017-09-25,10.0,,21.0,6.0,29.0,77.0,66.0,18.0,13.0,91.0,44.0
2017-09-26,16.0,,26.0,7.0,9.0,74.0,67.0,17.0,0.0,90.0,0.0
2017-09-27,26.0,,31.0,7.0,11.0,75.0,71.0,16.0,28.0,88.0,45.0
2017-09-28,22.0,,23.0,7.0,30.0,74.0,59.0,16.0,14.0,84.0,23.0
2017-09-29,0.0,,15.0,7.0,24.0,73.0,58.0,16.0,44.0,84.0,0.0
2017-09-30,6.0,,3.0,6.0,5.0,63.0,61.0,29.0,16.0,81.0,0.0
2017-10-01,6.0,,7.0,6.0,8.0,60.0,52.0,20.0,15.0,80.0,0.0
2017-10-02,10.0,,19.0,6.0,20.0,73.0,65.0,15.0,28.0,89.0,0.0
2017-10-03,26.0,,38.0,6.0,20.0,75.0,53.0,17.0,13.0,89.0,67.0
2017-10-04,6.0,,27.0,6.0,16.0,77.0,60.0,16.0,41.0,93.0,44.0
2017-10-05,26.0,,29.0,7.0,34.0,77.0,77.0,15.0,69.0,88.0,0.0
2017-10-06,16.0,,22.0,6.0,16.0,74.0,65.0,15.0,29.0,85.0,46.0
2017-10-07,13.0,,9.0,6.0,13.0,68.0,63.0,15.0,48.0,82.0,52.0
2017-10-08,0.0,,5.0,6.0,21.0,69.0,64.0,15.0,15.0,86.0,0.0
2017-10-09,26.0,,24.0,7.0,25.0,79.0,54.0,15.0,0.0,89.0,0.0
2017-10-10,36.0,,24.0,7.0,22.0,76.0,54.0,15.0,13.0,87.0,65.0
2017-10-11,21.0,,21.0,7.0,25.0,71.0,60.0,15.0,0.0,91.0,44.0
2017-10-12,10.0,,47.0,7.0,27.0,70.0,58.0,15.0,28.0,91.0,23.0
2017-10-13,17.0,,30.0,7.0,30.0,74.0,71.0,15.0,14.0,86.0,0.0
2017-10-14,0.0,,18.0,7.0,18.0,64.0,66.0,24.0,16.0,81.0,26.0
2017-10-15,6.0,,3.0,6.0,28.0,61.0,58.0,17.0,0.0,81.0,0.0
2017-10-16,16.0,,28.0,7.0,16.0,77.0,56.0,15.0,13.0,86.0,22.0
2017-10-17,16.0,,20.0,7.0,31.0,76.0,80.0,17.0,28.0,89.0,0.0
2017-10-18,15.0,,18.0,7.0,18.0,74.0,60.0,17.0,27.0,88.0,0.0
2017-10-19,6.0,,24.0,7.0,32.0,70.0,54.0,18.0,14.0,84.0,23.0
2017-10-20,6.0,,24.0,7.0,26.0,74.0,83.0,17.0,59.0,86.0,23.0
2017-10-21,0.0,,16.0,6.0,13.0,63.0,36.0,21.0,32.0,79.0,26.0
2017-10-22,6.0,,10.0,6.0,15.0,59.0,76.0,91.0,46.0,81.0,0.0
2017-10-23,41.0,,30.0,6.0,22.0,76.0,66.0,27.0,13.0,91.0,0.0
2017-10-24,26.0,,27.0,6.0,33.0,74.0,72.0,15.0,0.0,89.0,0.0
2017-10-25,16.0,,31.0,7.0,27.0,72.0,70.0,16.0,27.0,91.0,66.0
2017-10-26,10.0,,23.0,6.0,34.0,77.0,51.0,15.0,13.0,90.0,44.0
2017-10-27,27.0,,26.0,6.0,28.0,74.0,50.0,17.0,58.0,86.0,46.0
2017-10-28,6.0,,6.0,6.0,10.0,64.0,60.0,16.0,0.0,82.0,0.0
2017-10-29,0.0,,9.0,5.0,17.0,59.0,61.0,34.0,15.0,85.0,0.0
2017-10-30,5.0,,19.0,6.0,18.0,77.0,58.0,19.0,13.0,87.0,0.0
2017-10-31,0.0,,29.0,6.0,25.0,71.0,52.0,16.0,13.0,87.0,0.0
2017-11-01,6.0,,25.0,7.0,14.0,73.0,49.0,16.0,14.0,88.0,0.0
2017-11-02,6.0,,27.0,7.0,39.0,70.0,69.0,15.0,14.0,89.0,23.0
2017-11-03,27.0,,17.0,6.0,32.0,74.0,63.0,21.0,28.0,85.0,0.0
2017-11-04,6.0,,14.0,6.0,5.0,64.0,51.0,18.0,15.0,82.0,0.0
2017-11-05,0.0,,2.0,7.0,5.0,58.0,55.0,17.0,45.0,85.0,0.0
2017-11-06,10.0,,20.0,7.0,33.0,76.0,57.0,15.0,27.0,87.0,0.0
2017-11-07,0.0,,24.0,7.0,24.0,76.0,61.0,15.0,54.0,93.0,43.0
2017-11-08,10.0,,27.0,7.0,28.0,75.0,60.0,17.0,27.0,96.0,43.0
2017-11-09,21.0,,24.0,7.0,18.0,75.0,66.0,15.0,40.0,90.0,22.0
2017-11-10,10.0,,19.0,7.0,27.0,73.0,74.0,15.0,14.0,87.0,0.0
2017-11-11,6.0,,16.0,6.0,13.0,61.0,65.0,17.0,15.0,87.0,0.0
2017-11-12,6.0,,6.0,6.0,12.0,58.0,64.0,16.0,30.0,85.0,24.0
2017-11-13,10.0,,12.0,7.0,22.0,74.0,67.0,15.0,0.0,87.0,0.0
2017-11-14,5.0,,23.0,7.0,24.0,75.0,68.0,13.0,13.0,88.0,0.0
2017-11-15,18.0,1.0,22.0,7.0,19.0,71.0,75.0,15.0,14.0,90.0,0.0
2017-11-16,5.0,1.0,31.0,7.0,30.0,72.0,80.0,15.0,21.0,90.0,51.0
2017-11-17,8.0,1.0,22.0,6.0,28.0,73.0,77.0,15.0,7.0,89.0,23.0
2017-11-18,0.0,1.0,11.0,6.0,22.0,63.0,69.0,27.0,8.0,83.0,0.0
2017-11-19,6.0,1.0,14.0,6.0,11.0,57.0,52.0,18.0,8.0,84.0,8.0
2017-11-20,13.0,1.0,20.0,6.0,18.0,72.0,70.0,15.0,20.0,90.0,18.0
2017-11-21,5.0,1.0,26.0,7.0,20.0,72.0,71.0,15.0,7.0,90.0,11.0
2017-11-22,15.0,1.0,21.0,6.0,27.0,72.0,60.0,15.0,50.0,90.0,11.0
2017-11-23,3.0,1.0,13.0,6.0,4.0,63.0,70.0,16.0,0.0,89.0,0.0
2017-11-24,30.0,1.0,20.0,6.0,21.0,66.0,80.0,15.0,23.0,86.0,11.0
2017-11-25,3.0,1.0,9.0,5.0,6.0,59.0,57.0,24.0,40.0,85.0,12.0
2017-11-26,3.0,1.0,9.0,5.0,4.0,58.0,58.0,17.0,24.0,88.0,8.0
2017-11-27,15.0,1.0,22.0,6.0,11.0,84.0,72.0,14.0,20.0,89.0,10.0
2017-11-28,12.0,1.0,20.0,7.0,23.0,72.0,59.0,20.0,48.0,91.0,10.0
2017-11-29,23.0,1.0,20.0,7.0,29.0,72.0,58.0,16.0,49.0,93.0,0.0
2017-11-30,26.0,1.0,40.0,7.0,36.0,75.0,70.0,17.0,13.0,89.0,45.0
2017-12-01,27.0,1.0,37.0,6.0,28.0,75.0,64.0,17.0,22.0,86.0,0.0
2017-12-02,15.0,1.0,18.0,6.0,6.0,64.0,62.0,64.0,9.0,78.0,0.0
2017-12-03,3.0,1.0,11.0,6.0,8.0,56.0,62.0,21.0,39.0,84.0,12.0
2017-12-04,8.0,1.0,39.0,7.0,34.0,73.0,61.0,18.0,27.0,89.0,29.0
2017-12-05,28.0,1.0,39.0,6.0,50.0,75.0,76.0,14.0,43.0,89.0,7.0
2017-12-06,18.0,1.0,26.0,6.0,34.0,72.0,60.0,15.0,35.0,90.0,0.0
2017-12-07,23.0,1.0,34.0,6.0,36.0,73.0,51.0,15.0,35.0,90.0,22.0
2017-12-08,11.0,1.0,23.0,6.0,30.0,74.0,82.0,16.0,30.0,87.0,19.0
2017-12-09,3.0,1.0,14.0,6.0,15.0,61.0,64.0,29.0,33.0,80.0,30.0
2017-12-10,6.0,1.0,5.0,6.0,22.0,58.0,59.0,18.0,16.0,85.0,0.0
2017-12-11,28.0,1.0,27.0,6.0,19.0,72.0,55.0,16.0,13.0,88.0,0.0
2017-12-12,13.0,1.0,24.0,7.0,20.0,75.0,66.0,17.0,36.0,88.0,0.0
2017-12-13,33.0,1.0,17.0,7.0,19.0,73.0,50.0,15.0,47.0,84.0,18.0
2017-12-14,11.0,1.0,32.0,6.0,36.0,72.0,58.0,15.0,36.0,90.0,8.0
2017-12-15,19.0,1.0,24.0,7.0,26.0,72.0,61.0,14.0,36.0,85.0,11.0
2017-12-16,9.0,1.0,12.0,6.0,12.0,58.0,51.0,17.0,25.0,81.0,0.0
2017-12-17,0.0,1.0,4.0,6.0,8.0,57.0,53.0,22.0,16.0,83.0,0.0
2017-12-18,26.0,1.0,29.0,6.0,22.0,76.0,74.0,19.0,14.0,89.0,30.0
2017-12-19,19.0,1.0,33.0,7.0,32.0,74.0,75.0,20.0,8.0,87.0,0.0
2017-12-20,24.0,1.0,30.0,6.0,33.0,76.0,76.0,16.0,16.0,83.0,27.0
2017-12-21,11.0,1.0,24.0,7.0,26.0,72.0,58.0,18.0,22.0,81.0,8.0
2017-12-22,12.0,1.0,28.0,6.0,36.0,65.0,52.0,22.0,32.0,82.0,8.0
2017-12-23,3.0,1.0,12.0,5.0,14.0,59.0,77.0,19.0,26.0,80.0,0.0
2017-12-24,6.0,1.0,16.0,6.0,14.0,54.0,62.0,35.0,10.0,75.0,0.0
2017-12-25,6.0,1.0,9.0,6.0,11.0,55.0,50.0,18.0,19.0,78.0,14.0
2017-12-26,26.0,1.0,21.0,7.0,32.0,67.0,76.0,22.0,8.0,82.0,41.0
2017-12-27,25.0,1.0,18.0,6.0,28.0,70.0,69.0,16.0,15.0,83.0,0.0
2017-12-28,14.0,1.0,19.0,7.0,18.0,69.0,64.0,15.0,8.0,81.0,0.0
2017-12-29,34.0,1.0,16.0,6.0,10.0,69.0,55.0,15.0,23.0,83.0,0.0
2017-12-30,6.0,1.0,9.0,6.0,12.0,60.0,64.0,16.0,25.0,82.0,0.0
2017-12-31,9.0,1.0,7.0,5.0,12.0,57.0,53.0,13.0,17.0,74.0,0.0
2018-01-01,0.0,1.0,10.0,6.0,7.0,59.0,51.0,15.0,18.0,74.0,31.0
2018-01-02,14.0,1.0,22.0,7.0,17.0,73.0,79.0,16.0,29.0,84.0,27.0
2018-01-03,15.0,1.0,29.0,7.0,32.0,76.0,67.0,15.0,15.0,84.0,26.0
2018-01-04,23.0,1.0,33.0,7.0,33.0,74.0,80.0,17.0,28.0,84.0,54.0
2018-01-05,19.0,1.0,29.0,7.0,32.0,76.0,57.0,16.0,22.0,84.0,22.0
2018-01-06,6.0,1.0,22.0,6.0,19.0,61.0,80.0,16.0,40.0,81.0,12.0
2018-01-07,8.0,1.0,12.0,6.0,9.0,58.0,57.0,16.0,15.0,83.0,28.0
2018-01-08,15.0,1.0,22.0,7.0,28.0,76.0,72.0,17.0,57.0,88.0,26.0
2018-01-09,17.0,1.0,33.0,7.0,40.0,76.0,64.0,16.0,41.0,89.0,39.0
2018-01-10,28.0,1.0,37.0,7.0,18.0,74.0,69.0,17.0,0.0,88.0,7.0
2018-01-11,30.0,1.0,35.0,7.0,31.0,75.0,74.0,18.0,43.0,90.0,0.0
2018-01-12,26.0,1.0,50.0,7.0,50.0,75.0,64.0,17.0,29.0,87.0,11.0
2018-01-13,29.0,1.0,13.0,6.0,19.0,64.0,66.0,16.0,23.0,82.0,0.0
2018-01-14,6.0,1.0,6.0,7.0,11.0,57.0,60.0,23.0,15.0,80.0,0.0
2018-01-15,10.0,1.0,17.0,7.0,15.0,75.0,64.0,20.0,27.0,88.0,7.0
2018-01-16,22.0,1.0,35.0,8.0,18.0,76.0,67.0,16.0,26.0,88.0,7.0
2018-01-17,22.0,1.0,25.0,8.0,31.0,74.0,58.0,18.0,40.0,88.0,10.0
2018-01-18,25.0,1.0,28.0,8.0,30.0,75.0,64.0,20.0,34.0,86.0,0.0
2018-01-19,34.0,1.0,31.0,7.0,16.0,75.0,56.0,18.0,57.0,90.0,8.0
2018-01-20,11.0,1.0,13.0,6.0,23.0,59.0,60.0,25.0,8.0,83.0,12.0
2018-01-21,3.0,1.0,5.0,6.0,21.0,57.0,68.0,18.0,55.0,84.0,0.0
2018-01-22,22.0,1.0,28.0,7.0,21.0,75.0,84.0,23.0,13.0,84.0,0.0
2018-01-23,24.0,1.0,39.0,8.0,30.0,75.0,74.0,18.0,20.0,91.0,46.0
2018-01-24,17.0,1.0,27.0,7.0,30.0,72.0,72.0,17.0,28.0,89.0,0.0
2018-01-25,25.0,1.0,34.0,7.0,22.0,72.0,65.0,17.0,34.0,87.0,7.0
2018-01-26,32.0,1.0,29.0,7.0,26.0,72.0,73.0,22.0,22.0,85.0,0.0
2018-01-27,9.0,1.0,14.0,6.0,15.0,66.0,64.0,27.0,16.0,79.0,0.0
2018-01-28,3.0,1.0,10.0,7.0,21.0,59.0,66.0,18.0,32.0,83.0,0.0
2018-01-29,12.0,1.0,23.0,7.0,15.0,78.0,73.0,17.0,0.0,89.0,21.0
2018-01-30,24.0,1.0,47.0,7.0,10.0,76.0,65.0,18.0,0.0,87.0,18.0
2018-01-31,22.0,1.0,22.0,7.0,27.0,81.0,62.0,19.0,20.0,86.0,7.0
2018-02-01,10.0,1.0,36.0,7.0,25.0,77.0,72.0,20.0,61.0,87.0,28.0
2018-02-02,13.0,1.0,30.0,7.0,35.0,74.0,70.0,16.0,7.0,87.0,18.0
2018-02-03,0.0,1.0,12.0,6.0,70.0,65.0,49.0,17.0,15.0,83.0,20.0
2018-02-04,11.0,1.0,6.0,6.0,20.0,58.0,60.0,28.0,0.0,84.0,0.0
2018-02-05,33.0,1.0,37.0,7.0,100.0,75.0,76.0,16.0,21.0,88.0,14.0
2018-02-06,70.0,1.0,44.0,7.0,84.0,75.0,55.0,16.0,27.0,92.0,85.0
2018-02-07,45.0,1.0,31.0,7.0,50.0,75.0,68.0,17.0,54.0,89.0,18.0
2018-02-08,33.0,1.0,34.0,7.0,35.0,77.0,63.0,27.0,13.0,90.0,10.0
2018-02-09,26.0,1.0,36.0,6.0,43.0,75.0,73.0,18.0,35.0,89.0,15.0
2018-02-10,9.0,1.0,10.0,6.0,18.0,64.0,61.0,17.0,0.0,82.0,0.0
2018-02-11,17.0,1.0,11.0,6.0,10.0,59.0,50.0,17.0,15.0,81.0,0.0
2018-02-12,15.0,1.0,25.0,7.0,30.0,73.0,57.0,26.0,21.0,86.0,21.0
2018-02-13,18.0,1.0,32.0,6.0,32.0,72.0,59.0,17.0,20.0,82.0,18.0
2018-02-14,22.0,1.0,32.0,6.0,37.0,74.0,58.0,15.0,21.0,85.0,10.0
2018-02-15,18.0,1.0,35.0,6.0,34.0,77.0,54.0,17.0,34.0,87.0,18.0
2018-02-16,23.0,1.0,25.0,5.0,38.0,76.0,58.0,16.0,29.0,82.0,0.0
2018-02-17,9.0,1.0,10.0,4.0,10.0,64.0,56.0,17.0,47.0,83.0,0.0
2018-02-18,6.0,1.0,12.0,4.0,6.0,63.0,59.0,28.0,7.0,85.0,0.0
2018-02-19,10.0,1.0,15.0,6.0,15.0,76.0,53.0,17.0,7.0,90.0,7.0
2018-02-20,22.0,1.0,25.0,7.0,20.0,76.0,54.0,15.0,20.0,88.0,25.0
2018-02-21,24.0,1.0,25.0,6.0,20.0,78.0,56.0,14.0,13.0,89.0,10.0
2018-02-22,13.0,1.0,31.0,7.0,22.0,77.0,62.0,16.0,69.0,90.0,36.0
2018-02-23,29.0,1.0,31.0,6.0,12.0,79.0,66.0,26.0,37.0,88.0,11.0
2018-02-24,34.0,,11.0,7.0,9.0,65.0,73.0,18.0,0.0,83.0,16.0
2018-02-25,0.0,,3.0,6.0,6.0,59.0,50.0,19.0,16.0,81.0,16.0
2018-02-26,30.0,,34.0,7.0,28.0,78.0,83.0,16.0,14.0,90.0,0.0
2018-02-27,58.0,,38.0,7.0,35.0,74.0,52.0,21.0,0.0,87.0,14.0
2018-02-28,15.0,,32.0,7.0,23.0,75.0,66.0,16.0,14.0,86.0,14.0
2018-03-01,10.0,,34.0,7.0,23.0,73.0,63.0,16.0,14.0,88.0,14.0
2018-03-02,31.0,,24.0,7.0,21.0,74.0,73.0,15.0,29.0,81.0,0.0
2018-03-03,0.0,,13.0,7.0,3.0,64.0,60.0,28.0,16.0,80.0,0.0
2018-03-04,0.0,,5.0,7.0,3.0,59.0,67.0,18.0,32.0,81.0,0.0
2018-03-05,29.0,,21.0,7.0,22.0,75.0,69.0,17.0,56.0,87.0,14.0
2018-03-06,34.0,,34.0,7.0,22.0,75.0,68.0,14.0,41.0,89.0,0.0
2018-03-07,30.0,,26.0,7.0,28.0,73.0,75.0,15.0,14.0,89.0,29.0
2018-03-08,20.0,,28.0,7.0,31.0,72.0,50.0,15.0,0.0,89.0,0.0
2018-03-09,31.0,,32.0,8.0,27.0,73.0,57.0,18.0,29.0,85.0,0.0
2018-03-10,22.0,,18.0,7.0,14.0,62.0,63.0,16.0,16.0,84.0,16.0
2018-03-11,0.0,,3.0,7.0,26.0,59.0,51.0,36.0,31.0,80.0,16.0
2018-03-12,24.0,,30.0,8.0,40.0,76.0,75.0,20.0,0.0,90.0,14.0
2018-03-13,19.0,,27.0,8.0,18.0,74.0,38.0,16.0,28.0,88.0,14.0
2018-03-14,15.0,,21.0,8.0,18.0,74.0,57.0,16.0,14.0,89.0,14.0
2018-03-15,15.0,,28.0,8.0,13.0,76.0,60.0,16.0,14.0,89.0,15.0
2018-03-16,31.0,,26.0,7.0,21.0,74.0,65.0,24.0,15.0,86.0,15.0
2018-03-17,0.0,,9.0,7.0,17.0,64.0,52.0,96.0,0.0,81.0,0.0
2018-03-18,11.0,,8.0,7.0,11.0,59.0,51.0,25.0,31.0,81.0,0.0
2018-03-19,5.0,,22.0,8.0,23.0,81.0,66.0,17.0,28.0,91.0,29.0
2018-03-20,19.0,,31.0,9.0,20.0,76.0,56.0,16.0,56.0,91.0,14.0
2018-03-21,19.0,,27.0,9.0,30.0,76.0,50.0,15.0,41.0,86.0,14.0
2018-03-22,20.0,,38.0,7.0,21.0,75.0,53.0,14.0,28.0,89.0,15.0
2018-03-23,21.0,,42.0,7.0,45.0,72.0,49.0,14.0,0.0,85.0,30.0
2018-03-24,11.0,,25.0,7.0,9.0,60.0,70.0,15.0,32.0,86.0,0.0
2018-03-25,6.0,,7.0,7.0,29.0,61.0,61.0,17.0,32.0,84.0,0.0
2018-03-26,35.0,,30.0,8.0,15.0,79.0,69.0,16.0,57.0,87.0,0.0
2018-03-27,25.0,,30.0,8.0,33.0,76.0,59.0,15.0,28.0,86.0,0.0
2018-03-28,21.0,,31.0,8.0,29.0,74.0,59.0,15.0,59.0,87.0,15.0
2018-03-29,37.0,,28.0,8.0,22.0,74.0,62.0,15.0,30.0,84.0,0.0
2018-03-30,11.0,,16.0,7.0,23.0,69.0,51.0,17.0,0.0,83.0,16.0
2018-03-31,6.0,,9.0,7.0,12.0,60.0,55.0,16.0,0.0,82.0,0.0
2018-04-01,6.0,,14.0,7.0,6.0,57.0,55.0,34.0,17.0,79.0,0.0
2018-04-02,16.0,,27.0,8.0,16.0,78.0,67.0,19.0,0.0,87.0,16.0
2018-04-03,15.0,,20.0,7.0,38.0,81.0,59.0,16.0,0.0,90.0,0.0
2018-04-04,20.0,,23.0,7.0,28.0,80.0,72.0,17.0,0.0,87.0,0.0
2018-04-05,5.0,,40.0,7.0,39.0,72.0,52.0,15.0,29.0,94.0,15.0
2018-04-06,16.0,,25.0,7.0,22.0,75.0,75.0,16.0,0.0,89.0,0.0
2018-04-07,11.0,,5.0,7.0,15.0,65.0,50.0,18.0,49.0,80.0,33.0
2018-04-08,0.0,,11.0,7.0,3.0,58.0,59.0,18.0,32.0,83.0,16.0
2018-04-09,10.0,,22.0,7.0,13.0,74.0,79.0,26.0,57.0,88.0,14.0
2018-04-10,0.0,,36.0,8.0,23.0,74.0,61.0,15.0,28.0,88.0,14.0
2018-04-11,15.0,,31.0,7.0,38.0,75.0,66.0,17.0,14.0,90.0,29.0
2018-04-12,30.0,,43.0,8.0,28.0,76.0,93.0,15.0,14.0,88.0,15.0
2018-04-13,26.0,,96.0,7.0,43.0,71.0,72.0,16.0,30.0,86.0,0.0
2018-04-14,0.0,,15.0,7.0,21.0,65.0,51.0,19.0,33.0,84.0,0.0
2018-04-15,6.0,,11.0,7.0,15.0,61.0,56.0,40.0,0.0,86.0,0.0
2018-04-16,19.0,,27.0,8.0,35.0,73.0,74.0,19.0,28.0,89.0,14.0
2018-04-17,5.0,,32.0,8.0,41.0,73.0,87.0,17.0,42.0,91.0,0.0
2018-04-18,10.0,,32.0,7.0,39.0,72.0,71.0,29.0,29.0,87.0,15.0
2018-04-19,5.0,,32.0,8.0,26.0,73.0,71.0,18.0,43.0,90.0,30.0
2018-04-20,16.0,,34.0,7.0,57.0,73.0,61.0,18.0,0.0,85.0,16.0
2018-04-21,12.0,,15.0,7.0,12.0,62.0,67.0,27.0,17.0,85.0,0.0
2018-04-22,0.0,,11.0,7.0,27.0,60.0,53.0,22.0,0.0,86.0,0.0
2018-04-23,5.0,,25.0,7.0,25.0,77.0,53.0,16.0,0.0,88.0,29.0
2018-04-24,15.0,,33.0,7.0,35.0,74.0,66.0,16.0,70.0,88.0,14.0
2018-04-25,25.0,,30.0,7.0,33.0,77.0,69.0,17.0,14.0,89.0,15.0
2018-04-26,5.0,,40.0,7.0,36.0,76.0,54.0,16.0,14.0,87.0,15.0
2018-04-27,11.0,,32.0,7.0,28.0,77.0,83.0,17.0,31.0,83.0,0.0
2018-04-28,12.0,,11.0,7.0,27.0,67.0,75.0,18.0,0.0,80.0,0.0
2018-04-29,0.0,,11.0,7.0,9.0,59.0,38.0,73.0,16.0,82.0,0.0
2018-04-30,10.0,,44.0,7.0,37.0,73.0,58.0,22.0,29.0,84.0,15.0
2018-05-01,26.0,,27.0,7.0,30.0,73.0,69.0,15.0,15.0,82.0,0.0
2018-05-02,10.0,,24.0,8.0,41.0,74.0,50.0,17.0,28.0,90.0,15.0
2018-05-03,20.0,1.0,31.0,8.0,36.0,79.0,59.0,15.0,23.0,89.0,7.0
2018-05-04,31.0,1.0,34.0,7.0,33.0,79.0,69.0,16.0,62.0,84.0,8.0
2018-05-05,28.0,1.0,13.0,7.0,10.0,76.0,45.0,18.0,36.0,81.0,0.0
2018-05-06,31.0,1.0,6.0,7.0,20.0,74.0,42.0,31.0,35.0,83.0,8.0
2018-05-07,33.0,1.0,47.0,7.0,50.0,82.0,68.0,18.0,15.0,90.0,15.0
2018-05-08,34.0,1.0,33.0,7.0,31.0,86.0,62.0,16.0,8.0,87.0,31.0
2018-05-09,25.0,1.0,38.0,8.0,36.0,85.0,67.0,16.0,0.0,86.0,16.0
2018-05-10,18.0,1.0,37.0,8.0,29.0,92.0,64.0,15.0,38.0,87.0,7.0
2018-05-11,22.0,1.0,26.0,7.0,27.0,89.0,62.0,15.0,24.0,82.0,31.0
2018-05-12,0.0,1.0,10.0,7.0,10.0,78.0,61.0,29.0,36.0,82.0,9.0
2018-05-13,10.0,1.0,12.0,8.0,7.0,71.0,76.0,19.0,18.0,85.0,54.0
2018-05-14,20.0,1.0,35.0,8.0,34.0,92.0,57.0,18.0,16.0,89.0,16.0
2018-05-15,18.0,1.0,37.0,8.0,38.0,90.0,60.0,18.0,0.0,89.0,23.0
2018-05-16,18.0,1.0,33.0,8.0,30.0,79.0,49.0,16.0,0.0,84.0,16.0
2018-05-17,21.0,1.0,28.0,8.0,39.0,87.0,78.0,18.0,17.0,86.0,16.0
2018-05-18,31.0,1.0,33.0,8.0,30.0,79.0,52.0,17.0,25.0,84.0,0.0
2018-05-19,13.0,1.0,8.0,7.0,15.0,69.0,55.0,55.0,18.0,77.0,10.0
2018-05-20,12.0,1.0,5.0,8.0,18.0,70.0,59.0,44.0,0.0,82.0,0.0
2018-05-21,29.0,1.0,29.0,9.0,23.0,82.0,61.0,20.0,39.0,86.0,41.0
2018-05-22,29.0,1.0,42.0,8.0,26.0,78.0,59.0,17.0,53.0,82.0,7.0
2018-05-23,45.0,1.0,28.0,8.0,37.0,76.0,59.0,18.0,23.0,86.0,0.0
2018-05-24,19.0,1.0,38.0,9.0,27.0,78.0,57.0,17.0,65.0,89.0,0.0
2018-05-25,23.0,1.0,33.0,8.0,35.0,74.0,66.0,19.0,8.0,84.0,25.0
2018-05-26,0.0,1.0,15.0,7.0,10.0,64.0,55.0,26.0,27.0,77.0,8.0
2018-05-27,3.0,1.0,8.0,8.0,10.0,63.0,43.0,18.0,10.0,82.0,0.0
2018-05-28,7.0,1.0,22.0,8.0,37.0,69.0,60.0,17.0,16.0,84.0,7.0
2018-05-29,34.0,1.0,45.0,9.0,37.0,77.0,60.0,21.0,39.0,86.0,7.0
2018-05-30,22.0,1.0,60.0,9.0,23.0,82.0,67.0,17.0,22.0,83.0,16.0
2018-05-31,37.0,1.0,38.0,9.0,32.0,72.0,60.0,18.0,9.0,87.0,15.0
2018-06-01,32.0,1.0,29.0,9.0,36.0,75.0,53.0,21.0,24.0,86.0,26.0
2018-06-02,7.0,1.0,8.0,9.0,6.0,64.0,57.0,19.0,28.0,82.0,0.0
2018-06-03,0.0,1.0,15.0,8.0,19.0,56.0,54.0,21.0,26.0,84.0,18.0
2018-06-04,17.0,1.0,40.0,9.0,43.0,77.0,55.0,20.0,22.0,84.0,0.0
2018-06-05,35.0,1.0,35.0,10.0,14.0,74.0,63.0,18.0,8.0,86.0,0.0
2018-06-06,10.0,1.0,44.0,10.0,38.0,79.0,70.0,17.0,100.0,89.0,0.0
2018-06-07,20.0,1.0,42.0,11.0,29.0,73.0,59.0,21.0,31.0,84.0,0.0
2018-06-08,16.0,1.0,37.0,9.0,25.0,70.0,55.0,18.0,0.0,83.0,41.0
2018-06-09,9.0,1.0,9.0,9.0,7.0,61.0,59.0,20.0,54.0,82.0,0.0
2018-06-10,4.0,1.0,5.0,9.0,13.0,58.0,53.0,17.0,8.0,81.0,8.0
2018-06-11,27.0,1.0,30.0,11.0,38.0,77.0,64.0,17.0,60.0,87.0,0.0
2018-06-12,39.0,1.0,31.0,12.0,30.0,76.0,83.0,17.0,22.0,86.0,23.0
2018-06-13,19.0,1.0,22.0,12.0,34.0,73.0,58.0,17.0,7.0,86.0,7.0
2018-06-14,20.0,1.0,37.0,12.0,26.0,74.0,71.0,15.0,45.0,81.0,17.0
2018-06-15,16.0,1.0,25.0,11.0,38.0,78.0,54.0,15.0,40.0,79.0,0.0
2018-06-16,0.0,1.0,8.0,13.0,15.0,70.0,62.0,15.0,8.0,80.0,0.0
2018-06-17,10.0,1.0,13.0,17.0,26.0,65.0,54.0,14.0,53.0,76.0,0.0
2018-06-18,10.0,1.0,19.0,32.0,27.0,79.0,56.0,15.0,14.0,82.0,15.0
2018-06-19,12.0,1.0,25.0,24.0,22.0,79.0,60.0,15.0,31.0,84.0,32.0
2018-06-20,16.0,1.0,26.0,20.0,24.0,78.0,70.0,16.0,7.0,85.0,7.0
2018-06-21,14.0,1.0,29.0,19.0,16.0,81.0,64.0,18.0,0.0,89.0,7.0
2018-06-22,7.0,1.0,34.0,19.0,23.0,81.0,68.0,16.0,30.0,81.0,7.0
2018-06-23,18.0,1.0,10.0,11.0,7.0,70.0,62.0,15.0,33.0,76.0,0.0
2018-06-24,0.0,1.0,5.0,12.0,17.0,65.0,59.0,16.0,19.0,76.0,0.0
2018-06-25,4.0,1.0,23.0,19.0,17.0,81.0,71.0,17.0,8.0,83.0,0.0
2018-06-26,11.0,1.0,29.0,11.0,21.0,79.0,61.0,16.0,30.0,100.0,17.0
2018-06-27,37.0,1.0,24.0,13.0,22.0,77.0,52.0,15.0,31.0,84.0,8.0
2018-06-28,9.0,1.0,30.0,12.0,29.0,83.0,77.0,16.0,0.0,82.0,16.0
2018-06-29,48.0,1.0,57.0,10.0,43.0,77.0,64.0,18.0,16.0,82.0,8.0
2018-06-30,4.0,1.0,16.0,8.0,16.0,69.0,52.0,15.0,25.0,80.0,8.0
2018-07-01,7.0,1.0,7.0,8.0,20.0,68.0,55.0,16.0,27.0,78.0,8.0
2018-07-02,12.0,1.0,31.0,10.0,25.0,75.0,68.0,15.0,7.0,81.0,7.0
2018-07-03,20.0,1.0,31.0,12.0,25.0,80.0,52.0,16.0,22.0,81.0,0.0
2018-07-04,4.0,1.0,26.0,30.0,13.0,70.0,64.0,16.0,9.0,80.0,42.0
2018-07-05,14.0,1.0,41.0,18.0,26.0,75.0,58.0,16.0,23.0,86.0,0.0
2018-07-06,20.0,1.0,30.0,73.0,30.0,85.0,64.0,16.0,46.0,80.0,0.0
2018-07-07,7.0,1.0,8.0,16.0,9.0,91.0,69.0,15.0,16.0,78.0,0.0
2018-07-08,3.0,1.0,5.0,13.0,23.0,67.0,47.0,16.0,27.0,80.0,0.0
2018-07-09,27.0,1.0,35.0,19.0,63.0,82.0,69.0,18.0,23.0,84.0,24.0
2018-07-10,20.0,1.0,27.0,15.0,42.0,78.0,58.0,17.0,52.0,85.0,8.0
2018-07-11,24.0,1.0,55.0,15.0,34.0,78.0,68.0,16.0,48.0,82.0,36.0
2018-07-12,13.0,1.0,45.0,13.0,36.0,81.0,66.0,16.0,0.0,84.0,0.0
2018-07-13,21.0,1.0,67.0,9.0,71.0,78.0,57.0,19.0,34.0,84.0,0.0
2018-07-14,3.0,1.0,28.0,8.0,28.0,74.0,72.0,17.0,36.0,82.0,0.0
2018-07-15,0.0,1.0,11.0,9.0,6.0,75.0,56.0,16.0,10.0,75.0,10.0
2018-07-16,27.0,1.0,36.0,10.0,59.0,78.0,69.0,16.0,33.0,83.0,16.0
2018-07-17,9.0,1.0,52.0,8.0,33.0,79.0,66.0,16.0,55.0,86.0,16.0
2018-07-18,39.0,1.0,49.0,8.0,29.0,77.0,79.0,20.0,16.0,85.0,7.0
2018-07-19,17.0,1.0,31.0,16.0,31.0,78.0,74.0,18.0,8.0,84.0,9.0
2018-07-20,37.0,1.0,34.0,9.0,48.0,77.0,70.0,16.0,16.0,84.0,9.0
2018-07-21,9.0,1.0,5.0,8.0,16.0,65.0,67.0,21.0,18.0,80.0,0.0
2018-07-22,11.0,1.0,13.0,7.0,7.0,62.0,64.0,16.0,17.0,82.0,0.0
2018-07-23,18.0,1.0,21.0,8.0,41.0,77.0,73.0,16.0,17.0,87.0,7.0
2018-07-24,52.0,1.0,33.0,9.0,39.0,76.0,54.0,16.0,46.0,86.0,32.0
2018-07-25,12.0,1.0,41.0,8.0,17.0,74.0,64.0,22.0,23.0,86.0,0.0
2018-07-26,14.0,1.0,45.0,7.0,46.0,75.0,75.0,16.0,54.0,84.0,32.0
2018-07-27,13.0,1.0,31.0,7.0,26.0,77.0,68.0,16.0,24.0,80.0,0.0
2018-07-28,7.0,1.0,15.0,6.0,23.0,69.0,64.0,23.0,0.0,82.0,0.0
2018-07-29,3.0,1.0,7.0,6.0,6.0,65.0,70.0,16.0,10.0,79.0,0.0
2018-07-30,25.0,1.0,32.0,8.0,25.0,80.0,57.0,16.0,70.0,84.0,23.0
2018-07-31,22.0,1.0,48.0,7.0,38.0,79.0,62.0,19.0,7.0,86.0,41.0
2018-08-01,20.0,1.0,36.0,7.0,26.0,75.0,71.0,17.0,15.0,84.0,32.0
2018-08-02,35.0,1.0,44.0,7.0,26.0,75.0,75.0,16.0,14.0,84.0,30.0
2018-08-03,30.0,1.0,32.0,6.0,26.0,79.0,62.0,17.0,39.0,83.0,0.0
2018-08-04,31.0,1.0,14.0,7.0,22.0,70.0,60.0,18.0,43.0,84.0,0.0
2018-08-05,0.0,1.0,12.0,6.0,31.0,59.0,55.0,30.0,0.0,80.0,0.0
2018-08-06,74.0,1.0,25.0,7.0,38.0,78.0,56.0,18.0,22.0,84.0,14.0
2018-08-07,45.0,1.0,45.0,7.0,32.0,79.0,77.0,15.0,22.0,86.0,7.0
2018-08-08,18.0,1.0,42.0,6.0,35.0,74.0,60.0,16.0,29.0,84.0,39.0
2018-08-09,44.0,1.0,33.0,6.0,25.0,75.0,62.0,17.0,24.0,84.0,9.0
2018-08-10,27.0,1.0,20.0,8.0,25.0,74.0,66.0,27.0,33.0,80.0,0.0
2018-08-11,10.0,1.0,14.0,7.0,10.0,65.0,48.0,18.0,26.0,81.0,0.0
2018-08-12,8.0,,10.0,6.0,19.0,56.0,49.0,16.0,18.0,77.0,19.0
2018-08-13,22.0,,39.0,6.0,34.0,74.0,53.0,17.0,16.0,83.0,34.0
2018-08-14,22.0,,24.0,7.0,20.0,74.0,61.0,17.0,32.0,86.0,0.0
2018-08-15,31.0,,31.0,7.0,31.0,73.0,64.0,17.0,0.0,82.0,18.0
2018-08-16,15.0,,34.0,7.0,25.0,73.0,54.0,17.0,0.0,83.0,18.0
2018-08-17,15.0,,36.0,6.0,15.0,73.0,75.0,17.0,0.0,80.0,18.0
2018-08-18,0.0,,26.0,6.0,29.0,62.0,77.0,17.0,0.0,82.0,0.0
2018-08-19,9.0,,6.0,6.0,26.0,55.0,43.0,25.0,19.0,80.0,0.0
2018-08-20,8.0,,34.0,7.0,40.0,77.0,59.0,18.0,17.0,88.0,0.0
2018-08-21,23.0,,44.0,7.0,33.0,76.0,74.0,17.0,51.0,87.0,18.0
2018-08-22,39.0,,33.0,7.0,26.0,76.0,67.0,17.0,34.0,88.0,0.0
2018-08-23,23.0,,34.0,7.0,25.0,71.0,75.0,17.0,17.0,83.0,35.0
2018-08-24,31.0,,25.0,6.0,26.0,76.0,78.0,18.0,34.0,83.0,0.0
2018-08-25,0.0,,15.0,6.0,17.0,67.0,68.0,19.0,19.0,75.0,0.0
2018-08-26,0.0,,15.0,6.0,23.0,59.0,52.0,20.0,19.0,86.0,0.0
2018-08-27,30.0,,33.0,6.0,42.0,77.0,63.0,24.0,32.0,86.0,0.0
2018-08-28,22.0,,57.0,6.0,29.0,74.0,70.0,23.0,32.0,90.0,17.0
2018-08-29,29.0,,40.0,7.0,24.0,72.0,57.0,18.0,16.0,87.0,85.0
2018-08-30,37.0,,28.0,6.0,15.0,73.0,65.0,25.0,32.0,87.0,17.0
2018-08-31,23.0,,27.0,7.0,33.0,77.0,70.0,23.0,33.0,83.0,18.0
2018-09-01,8.0,,4.0,7.0,25.0,65.0,64.0,33.0,0.0,80.0,0.0
2018-09-02,0.0,,13.0,6.0,9.0,61.0,65.0,21.0,0.0,82.0,0.0
2018-09-03,7.0,,24.0,7.0,10.0,71.0,60.0,16.0,33.0,87.0,0.0
2018-09-04,22.0,,40.0,7.0,14.0,78.0,67.0,15.0,80.0,88.0,17.0
2018-09-05,14.0,,29.0,7.0,14.0,83.0,47.0,16.0,32.0,87.0,33.0
2018-09-06,14.0,,13.0,6.0,28.0,75.0,74.0,15.0,80.0,88.0,17.0
2018-09-07,31.0,,37.0,7.0,36.0,77.0,78.0,16.0,69.0,84.0,18.0
2018-09-08,0.0,,15.0,6.0,27.0,67.0,47.0,16.0,0.0,79.0,19.0
2018-09-09,0.0,,24.0,6.0,13.0,62.0,55.0,15.0,55.0,76.0,0.0
2018-09-10,7.0,,23.0,7.0,40.0,77.0,59.0,13.0,32.0,91.0,0.0
2018-09-11,14.0,,38.0,6.0,21.0,75.0,61.0,16.0,0.0,89.0,33.0
2018-09-12,14.0,,32.0,7.0,21.0,76.0,62.0,13.0,96.0,89.0,33.0
2018-09-13,22.0,,37.0,7.0,29.0,80.0,74.0,16.0,16.0,86.0,0.0
2018-09-14,7.0,,23.0,7.0,30.0,73.0,57.0,27.0,33.0,83.0,17.0
2018-09-15,34.0,,17.0,6.0,13.0,66.0,64.0,19.0,37.0,83.0,0.0
2018-09-16,0.0,,8.0,5.0,21.0,59.0,59.0,17.0,18.0,81.0,19.0
2018-09-17,22.0,,22.0,7.0,26.0,73.0,62.0,21.0,16.0,89.0,33.0
2018-09-18,36.0,,39.0,7.0,31.0,74.0,64.0,54.0,31.0,86.0,0.0
2018-09-19,29.0,,37.0,6.0,33.0,76.0,60.0,26.0,31.0,86.0,0.0
2018-09-20,51.0,,40.0,6.0,38.0,73.0,69.0,16.0,32.0,90.0,34.0
2018-09-21,38.0,,38.0,6.0,23.0,79.0,79.0,18.0,17.0,85.0,18.0
2018-09-22,8.0,,15.0,5.0,6.0,67.0,60.0,16.0,37.0,80.0,19.0
2018-09-23,16.0,,10.0,6.0,11.0,63.0,51.0,25.0,18.0,82.0,0.0
2018-09-24,29.0,,44.0,6.0,31.0,76.0,64.0,17.0,32.0,89.0,50.0
2018-09-25,14.0,,30.0,6.0,36.0,80.0,64.0,16.0,16.0,91.0,67.0
2018-09-26,14.0,,47.0,6.0,21.0,78.0,58.0,16.0,0.0,89.0,0.0
2018-09-27,7.0,,17.0,6.0,48.0,83.0,67.0,16.0,32.0,90.0,0.0
2018-09-28,8.0,,37.0,6.0,15.0,84.0,62.0,24.0,17.0,87.0,36.0
2018-09-29,0.0,,23.0,6.0,19.0,74.0,62.0,17.0,36.0,79.0,0.0
2018-09-30,0.0,,12.0,6.0,16.0,69.0,76.0,16.0,0.0,80.0,38.0
2018-10-01,29.0,,34.0,6.0,38.0,79.0,57.0,17.0,31.0,87.0,50.0
2018-10-02,29.0,,48.0,7.0,19.0,82.0,68.0,19.0,32.0,89.0,17.0
2018-10-03,15.0,,29.0,6.0,31.0,77.0,66.0,45.0,48.0,90.0,34.0
2018-10-04,7.0,,51.0,5.0,38.0,77.0,70.0,21.0,32.0,86.0,0.0
2018-10-05,38.0,,35.0,5.0,50.0,81.0,55.0,15.0,51.0,86.0,18.0
2018-10-06,8.0,,9.0,5.0,19.0,72.0,47.0,22.0,18.0,81.0,0.0
2018-10-07,16.0,,12.0,5.0,26.0,80.0,59.0,16.0,17.0,76.0,0.0
2018-10-08,29.0,,27.0,6.0,33.0,85.0,67.0,14.0,96.0,86.0,0.0
2018-10-09,35.0,,37.0,6.0,35.0,83.0,62.0,14.0,0.0,92.0,16.0
2018-10-10,7.0,,33.0,6.0,22.0,75.0,74.0,14.0,0.0,87.0,0.0
2018-10-11,37.0,,56.0,7.0,37.0,80.0,81.0,15.0,0.0,87.0,52.0
2018-10-12,47.0,,86.0,6.0,33.0,79.0,60.0,14.0,0.0,84.0,36.0
2018-10-13,9.0,,23.0,6.0,17.0,71.0,52.0,16.0,38.0,84.0,20.0
2018-10-14,8.0,,4.0,7.0,19.0,66.0,55.0,14.0,0.0,83.0,58.0
2018-10-15,51.0,,43.0,7.0,31.0,79.0,63.0,16.0,48.0,88.0,0.0
2018-10-16,22.0,,40.0,6.0,24.0,79.0,73.0,16.0,32.0,89.0,51.0
2018-10-17,37.0,,44.0,6.0,29.0,78.0,78.0,17.0,82.0,91.0,17.0
2018-10-18,30.0,,27.0,7.0,20.0,79.0,55.0,15.0,51.0,90.0,0.0
2018-10-19,24.0,1.0,30.0,6.0,19.0,73.0,78.0,24.0,44.0,84.0,0.0
2018-10-20,4.0,1.0,18.0,5.0,16.0,67.0,46.0,17.0,19.0,78.0,0.0
2018-10-21,4.0,1.0,16.0,5.0,12.0,67.0,63.0,15.0,37.0,79.0,19.0
2018-10-22,30.0,1.0,41.0,5.0,31.0,76.0,67.0,16.0,16.0,87.0,17.0
2018-10-23,29.0,1.0,22.0,6.0,29.0,74.0,55.0,17.0,16.0,88.0,16.0
2018-10-24,14.0,1.0,47.0,5.0,23.0,76.0,58.0,43.0,25.0,89.0,25.0
2018-10-25,26.0,1.0,36.0,5.0,16.0,76.0,76.0,23.0,59.0,89.0,77.0
2018-10-26,23.0,1.0,33.0,5.0,16.0,76.0,55.0,14.0,26.0,86.0,9.0
2018-10-27,4.0,1.0,9.0,5.0,13.0,66.0,91.0,15.0,18.0,79.0,0.0
2018-10-28,8.0,1.0,9.0,4.0,9.0,63.0,63.0,23.0,18.0,80.0,9.0
2018-10-29,36.0,1.0,32.0,5.0,30.0,78.0,53.0,14.0,47.0,86.0,25.0
2018-10-30,7.0,1.0,51.0,6.0,21.0,75.0,67.0,14.0,49.0,88.0,17.0
2018-10-31,18.0,1.0,31.0,6.0,35.0,74.0,66.0,15.0,59.0,85.0,35.0
2018-11-01,31.0,1.0,35.0,6.0,27.0,75.0,68.0,18.0,77.0,86.0,27.0
2018-11-02,24.0,1.0,34.0,6.0,24.0,70.0,54.0,87.0,43.0,85.0,36.0
2018-11-03,55.0,1.0,12.0,5.0,19.0,61.0,53.0,30.0,56.0,79.0,0.0
2018-11-04,20.0,1.0,9.0,6.0,18.0,62.0,45.0,16.0,0.0,81.0,0.0
2018-11-05,73.0,1.0,24.0,6.0,31.0,76.0,77.0,17.0,15.0,86.0,0.0
2018-11-06,18.0,1.0,27.0,6.0,19.0,74.0,54.0,37.0,49.0,88.0,8.0
2018-11-07,36.0,1.0,42.0,6.0,22.0,71.0,65.0,22.0,47.0,87.0,0.0
2018-11-08,40.0,1.0,37.0,6.0,27.0,68.0,60.0,16.0,25.0,89.0,17.0
2018-11-09,30.0,1.0,35.0,6.0,30.0,67.0,50.0,15.0,9.0,85.0,0.0
2018-11-10,8.0,1.0,18.0,5.0,24.0,60.0,63.0,21.0,19.0,81.0,19.0
2018-11-11,4.0,1.0,9.0,5.0,10.0,55.0,59.0,13.0,0.0,81.0,9.0
2018-11-12,44.0,1.0,28.0,6.0,22.0,71.0,71.0,16.0,32.0,87.0,16.0
2018-11-13,25.0,1.0,33.0,6.0,21.0,74.0,61.0,14.0,56.0,89.0,8.0
2018-11-14,48.0,1.0,37.0,6.0,32.0,71.0,62.0,13.0,66.0,90.0,8.0
2018-11-15,22.0,1.0,47.0,6.0,27.0,65.0,65.0,14.0,34.0,90.0,26.0
2018-11-16,35.0,1.0,35.0,5.0,15.0,72.0,66.0,15.0,34.0,86.0,18.0
2018-11-17,4.0,1.0,8.0,5.0,14.0,64.0,79.0,14.0,47.0,85.0,19.0
2018-11-18,12.0,1.0,8.0,5.0,4.0,58.0,56.0,13.0,19.0,85.0,0.0
2018-11-19,44.0,1.0,26.0,5.0,14.0,72.0,64.0,13.0,24.0,92.0,25.0
2018-11-20,32.0,1.0,32.0,6.0,11.0,72.0,75.0,14.0,25.0,87.0,0.0
2018-11-21,30.0,1.0,37.0,6.0,28.0,69.0,64.0,13.0,25.0,92.0,8.0
2018-11-22,4.0,1.0,24.0,5.0,6.0,61.0,66.0,15.0,17.0,90.0,26.0
2018-11-23,19.0,1.0,22.0,5.0,18.0,70.0,69.0,20.0,17.0,88.0,18.0
2018-11-24,4.0,1.0,9.0,5.0,9.0,62.0,55.0,18.0,37.0,82.0,38.0
2018-11-25,4.0,1.0,16.0,5.0,13.0,59.0,62.0,15.0,0.0,87.0,0.0
2018-11-26,28.0,1.0,25.0,5.0,18.0,75.0,57.0,14.0,16.0,89.0,16.0
2018-11-27,50.0,1.0,28.0,6.0,32.0,76.0,63.0,15.0,16.0,89.0,8.0
2018-11-28,26.0,1.0,24.0,6.0,39.0,80.0,71.0,28.0,41.0,91.0,59.0
2018-11-29,44.0,1.0,33.0,6.0,22.0,82.0,55.0,18.0,41.0,90.0,0.0
2018-11-30,26.0,1.0,24.0,5.0,21.0,82.0,72.0,16.0,25.0,86.0,8.0
2018-12-01,9.0,1.0,13.0,5.0,9.0,65.0,56.0,21.0,0.0,82.0,0.0
2018-12-02,4.0,1.0,11.0,5.0,16.0,60.0,59.0,57.0,37.0,85.0,9.0
2018-12-03,15.0,1.0,33.0,6.0,35.0,76.0,76.0,20.0,40.0,94.0,33.0
2018-12-04,18.0,1.0,42.0,6.0,41.0,77.0,63.0,16.0,16.0,91.0,59.0
2018-12-05,7.0,1.0,32.0,6.0,21.0,74.0,66.0,17.0,25.0,88.0,0.0
2018-12-06,34.0,1.0,40.0,5.0,25.0,73.0,56.0,15.0,50.0,87.0,25.0
2018-12-07,54.0,1.0,40.0,5.0,29.0,72.0,73.0,14.0,78.0,84.0,0.0
2018-12-08,13.0,1.0,21.0,5.0,15.0,62.0,60.0,23.0,10.0,80.0,0.0
2018-12-09,4.0,1.0,9.0,5.0,13.0,57.0,59.0,15.0,36.0,84.0,0.0
2018-12-10,56.0,1.0,42.0,5.0,26.0,74.0,65.0,15.0,41.0,86.0,8.0
2018-12-11,52.0,1.0,38.0,6.0,34.0,71.0,69.0,34.0,49.0,88.0,25.0
2018-12-12,27.0,1.0,43.0,6.0,27.0,72.0,69.0,19.0,42.0,86.0,17.0
2018-12-13,27.0,1.0,42.0,6.0,16.0,72.0,73.0,14.0,35.0,88.0,9.0
2018-12-14,22.0,1.0,41.0,6.0,23.0,74.0,76.0,15.0,17.0,83.0,8.0
2018-12-15,13.0,1.0,9.0,5.0,6.0,60.0,63.0,24.0,19.0,79.0,10.0
2018-12-16,4.0,1.0,13.0,5.0,12.0,57.0,58.0,17.0,19.0,78.0,0.0
2018-12-17,25.0,1.0,33.0,6.0,28.0,82.0,68.0,16.0,31.0,86.0,8.0
2018-12-18,47.0,1.0,40.0,7.0,25.0,74.0,66.0,23.0,8.0,84.0,0.0
2018-12-19,32.0,1.0,34.0,6.0,31.0,73.0,65.0,16.0,44.0,83.0,9.0
2018-12-20,40.0,1.0,33.0,6.0,23.0,69.0,71.0,16.0,26.0,84.0,9.0
2018-12-21,58.0,1.0,42.0,5.0,21.0,71.0,57.0,16.0,0.0,79.0,0.0
2018-12-22,22.0,1.0,18.0,5.0,8.0,59.0,75.0,16.0,20.0,76.0,0.0
2018-12-23,18.0,1.0,6.0,5.0,8.0,53.0,63.0,28.0,20.0,75.0,10.0
2018-12-24,32.0,1.0,38.0,5.0,20.0,60.0,51.0,16.0,20.0,78.0,10.0
2018-12-25,28.0,1.0,13.0,5.0,18.0,53.0,53.0,14.0,0.0,75.0,0.0
2018-12-26,58.0,1.0,38.0,6.0,28.0,66.0,68.0,17.0,10.0,80.0,19.0
2018-12-27,44.0,1.0,32.0,5.0,38.0,68.0,68.0,16.0,0.0,80.0,0.0
2018-12-28,62.0,1.0,25.0,5.0,28.0,68.0,66.0,15.0,47.0,80.0,0.0
2018-12-29,13.0,1.0,15.0,5.0,4.0,60.0,63.0,15.0,39.0,80.0,30.0
2018-12-30,18.0,1.0,8.0,5.0,14.0,54.0,62.0,16.0,40.0,74.0,10.0
2018-12-31,30.0,1.0,35.0,5.0,21.0,63.0,52.0,15.0,10.0,70.0,20.0
2019-01-01,14.0,1.0,6.0,5.0,19.0,57.0,51.0,13.0,31.0,69.0,11.0
2019-01-02,31.0,1.0,38.0,6.0,21.0,70.0,76.0,17.0,43.0,80.0,9.0
2019-01-03,61.0,1.0,37.0,5.0,28.0,68.0,61.0,16.0,17.0,83.0,43.0
2019-01-04,100.0,1.0,44.0,5.0,34.0,69.0,70.0,18.0,69.0,82.0,9.0
2019-01-05,8.0,1.0,13.0,6.0,4.0,61.0,66.0,16.0,19.0,80.0,0.0
2019-01-06,4.0,1.0,19.0,5.0,12.0,55.0,61.0,16.0,18.0,76.0,10.0
2019-01-07,11.0,1.0,50.0,5.0,26.0,72.0,67.0,17.0,17.0,81.0,25.0
2019-01-08,41.0,1.0,47.0,6.0,28.0,71.0,75.0,17.0,41.0,83.0,0.0
2019-01-09,48.0,1.0,42.0,6.0,18.0,76.0,68.0,17.0,50.0,86.0,17.0
2019-01-10,37.0,1.0,37.0,6.0,22.0,75.0,77.0,16.0,16.0,82.0,17.0
2019-01-11,34.0,1.0,42.0,6.0,29.0,73.0,61.0,17.0,17.0,84.0,9.0
2019-01-12,8.0,1.0,14.0,5.0,16.0,64.0,64.0,23.0,19.0,80.0,0.0
2019-01-13,0.0,1.0,12.0,5.0,12.0,54.0,63.0,16.0,9.0,79.0,0.0
2019-01-14,22.0,1.0,47.0,6.0,12.0,72.0,63.0,17.0,8.0,83.0,8.0
2019-01-15,18.0,1.0,87.0,7.0,40.0,73.0,60.0,20.0,33.0,86.0,8.0
2019-01-16,34.0,1.0,66.0,7.0,34.0,74.0,65.0,20.0,25.0,85.0,17.0
2019-01-17,33.0,1.0,54.0,6.0,27.0,76.0,72.0,17.0,0.0,84.0,25.0
2019-01-18,4.0,1.0,47.0,6.0,27.0,76.0,71.0,17.0,25.0,84.0,34.0
2019-01-19,25.0,1.0,21.0,5.0,11.0,61.0,77.0,27.0,28.0,79.0,9.0
2019-01-20,12.0,1.0,9.0,5.0,16.0,59.0,67.0,18.0,0.0,81.0,9.0
2019-01-21,22.0,1.0,20.0,6.0,20.0,69.0,66.0,17.0,8.0,85.0,8.0
2019-01-22,29.0,1.0,39.0,6.0,19.0,71.0,79.0,19.0,40.0,88.0,16.0
2019-01-23,22.0,1.0,29.0,6.0,24.0,73.0,68.0,17.0,40.0,90.0,58.0
2019-01-24,25.0,1.0,32.0,5.0,26.0,70.0,56.0,18.0,16.0,88.0,41.0
2019-01-25,19.0,1.0,35.0,6.0,29.0,71.0,70.0,19.0,50.0,86.0,26.0
2019-01-26,9.0,1.0,7.0,5.0,16.0,59.0,71.0,23.0,0.0,79.0,19.0
2019-01-27,29.0,1.0,14.0,6.0,15.0,59.0,58.0,20.0,18.0,84.0,0.0
2019-01-28,15.0,,27.0,6.0,14.0,76.0,84.0,19.0,50.0,87.0,17.0
2019-01-29,44.0,,40.0,5.0,38.0,75.0,52.0,23.0,0.0,86.0,17.0
2019-01-30,0.0,,33.0,5.0,23.0,74.0,65.0,24.0,83.0,87.0,0.0
2019-01-31,30.0,,42.0,6.0,18.0,76.0,56.0,23.0,34.0,87.0,17.0
2019-02-01,53.0,,33.0,5.0,35.0,70.0,81.0,18.0,34.0,84.0,0.0
2019-02-02,8.0,,11.0,5.0,0.0,61.0,75.0,26.0,75.0,82.0,0.0
2019-02-03,0.0,,11.0,4.0,15.0,56.0,55.0,15.0,18.0,81.0,19.0
2019-02-04,44.0,,47.0,4.0,16.0,76.0,48.0,17.0,50.0,86.0,51.0
2019-02-05,37.0,,16.0,4.0,23.0,73.0,58.0,17.0,50.0,89.0,0.0
2019-02-06,7.0,,21.0,4.0,27.0,74.0,69.0,23.0,66.0,86.0,17.0
2019-02-07,15.0,,35.0,4.0,27.0,75.0,62.0,17.0,0.0,86.0,17.0
2019-02-08,8.0,,28.0,4.0,14.0,72.0,53.0,17.0,69.0,86.0,0.0
2019-02-09,25.0,,11.0,4.0,18.0,63.0,58.0,17.0,19.0,80.0,0.0
2019-02-10,8.0,,12.0,4.0,10.0,55.0,62.0,37.0,18.0,81.0,0.0
2019-02-11,29.0,,30.0,5.0,24.0,75.0,70.0,19.0,32.0,87.0,32.0
2019-02-12,36.0,,35.0,6.0,36.0,73.0,79.0,17.0,33.0,86.0,16.0
2019-02-13,50.0,,33.0,5.0,17.0,71.0,64.0,18.0,49.0,88.0,16.0
2019-02-14,60.0,,83.0,5.0,30.0,73.0,71.0,30.0,34.0,86.0,17.0
2019-02-15,46.0,,67.0,5.0,16.0,78.0,74.0,19.0,35.0,84.0,0.0
2019-02-16,8.0,,51.0,4.0,16.0,65.0,93.0,19.0,38.0,84.0,0.0
2019-02-17,17.0,,18.0,5.0,28.0,62.0,59.0,28.0,56.0,82.0,0.0
2019-02-18,0.0,,35.0,5.0,16.0,75.0,70.0,17.0,17.0,86.0,17.0
2019-02-19,29.0,,47.0,5.0,18.0,74.0,63.0,17.0,33.0,86.0,17.0
2019-02-20,29.0,,24.0,5.0,11.0,73.0,81.0,17.0,17.0,87.0,0.0
2019-02-21,44.0,,38.0,5.0,25.0,76.0,75.0,30.0,17.0,91.0,0.0
2019-02-22,61.0,,28.0,5.0,28.0,74.0,59.0,19.0,17.0,85.0,0.0
2019-02-23,33.0,,5.0,5.0,5.0,69.0,72.0,16.0,76.0,81.0,19.0
2019-02-24,0.0,,7.0,5.0,10.0,66.0,57.0,27.0,56.0,83.0,19.0
2019-02-25,43.0,,53.0,4.0,31.0,83.0,60.0,18.0,32.0,88.0,0.0
2019-02-26,51.0,,38.0,5.0,9.0,85.0,61.0,18.0,0.0,87.0,50.0
2019-02-27,43.0,,31.0,6.0,17.0,90.0,74.0,24.0,49.0,86.0,32.0
2019-02-28,22.0,,19.0,5.0,27.0,81.0,57.0,17.0,50.0,87.0,0.0
2019-03-01,8.0,,28.0,6.0,33.0,78.0,57.0,16.0,17.0,84.0,18.0
2019-03-02,8.0,,16.0,4.0,8.0,71.0,76.0,17.0,19.0,85.0,0.0
2019-03-03,17.0,,18.0,5.0,16.0,64.0,68.0,24.0,0.0,83.0,0.0
2019-03-04,45.0,,29.0,6.0,21.0,74.0,83.0,16.0,17.0,86.0,17.0
2019-03-05,23.0,,42.0,6.0,21.0,75.0,68.0,13.0,17.0,88.0,0.0
2019-03-06,29.0,,41.0,6.0,17.0,74.0,53.0,15.0,49.0,90.0,0.0
2019-03-07,30.0,,24.0,5.0,16.0,76.0,56.0,17.0,34.0,86.0,0.0
2019-03-08,23.0,,29.0,5.0,17.0,78.0,76.0,16.0,17.0,84.0,36.0
2019-03-09,9.0,,11.0,5.0,8.0,69.0,62.0,16.0,39.0,81.0,0.0
2019-03-10,0.0,,14.0,5.0,10.0,60.0,51.0,17.0,18.0,81.0,19.0
2019-03-11,7.0,,23.0,6.0,12.0,79.0,73.0,28.0,34.0,88.0,17.0
2019-03-12,22.0,,34.0,6.0,23.0,75.0,58.0,15.0,50.0,90.0,17.0
2019-03-13,58.0,,36.0,6.0,38.0,72.0,57.0,15.0,0.0,87.0,17.0
2019-03-14,15.0,,29.0,6.0,34.0,76.0,77.0,15.0,17.0,86.0,0.0
2019-03-15,23.0,,38.0,6.0,33.0,71.0,65.0,14.0,0.0,85.0,18.0
2019-03-16,17.0,,11.0,6.0,8.0,64.0,68.0,14.0,38.0,81.0,39.0
2019-03-17,0.0,,11.0,6.0,18.0,59.0,54.0,30.0,19.0,81.0,0.0
2019-03-18,8.0,,39.0,7.0,23.0,80.0,58.0,17.0,51.0,86.0,17.0
2019-03-19,43.0,,35.0,7.0,28.0,77.0,86.0,15.0,16.0,88.0,32.0
2019-03-20,15.0,,39.0,7.0,25.0,74.0,64.0,17.0,0.0,86.0,17.0
2019-03-21,23.0,,36.0,6.0,28.0,73.0,61.0,15.0,17.0,85.0,0.0
2019-03-22,32.0,,36.0,6.0,36.0,75.0,60.0,16.0,36.0,84.0,18.0
2019-03-23,17.0,,15.0,5.0,21.0,67.0,62.0,15.0,0.0,79.0,0.0
2019-03-24,15.0,,15.0,5.0,3.0,59.0,69.0,17.0,17.0,86.0,0.0
2019-03-25,52.0,,42.0,6.0,30.0,80.0,71.0,17.0,0.0,87.0,0.0
2019-03-26,75.0,,41.0,7.0,18.0,79.0,59.0,16.0,50.0,89.0,51.0
2019-03-27,45.0,,38.0,6.0,42.0,79.0,68.0,14.0,34.0,88.0,17.0
2019-03-28,23.0,,43.0,6.0,35.0,77.0,49.0,16.0,34.0,88.0,0.0
2019-03-29,32.0,,41.0,7.0,51.0,78.0,63.0,17.0,54.0,85.0,18.0
2019-03-30,9.0,,15.0,5.0,25.0,66.0,59.0,18.0,40.0,81.0,20.0
2019-03-31,8.0,,15.0,5.0,31.0,63.0,68.0,17.0,0.0,78.0,0.0
2019-04-01,37.0,,35.0,7.0,18.0,79.0,81.0,17.0,33.0,85.0,34.0
2019-04-02,15.0,,46.0,7.0,32.0,75.0,78.0,20.0,17.0,88.0,17.0
2019-04-03,29.0,,45.0,7.0,25.0,74.0,63.0,17.0,17.0,87.0,0.0
2019-04-04,29.0,,43.0,7.0,18.0,75.0,76.0,16.0,33.0,86.0,0.0
2019-04-05,38.0,,32.0,7.0,19.0,75.0,73.0,16.0,17.0,85.0,18.0
2019-04-06,9.0,1.0,16.0,6.0,13.0,65.0,52.0,22.0,7.0,79.0,10.0
2019-04-07,0.0,1.0,11.0,5.0,9.0,58.0,48.0,16.0,9.0,80.0,9.0
2019-04-08,46.0,1.0,36.0,6.0,22.0,71.0,59.0,16.0,53.0,86.0,0.0
2019-04-09,30.0,1.0,30.0,7.0,19.0,73.0,66.0,15.0,22.0,82.0,41.0
2019-04-10,23.0,1.0,45.0,7.0,41.0,71.0,65.0,15.0,22.0,85.0,8.0
2019-04-11,23.0,1.0,40.0,6.0,20.0,72.0,61.0,17.0,12.0,84.0,8.0
2019-04-12,57.0,1.0,100.0,6.0,65.0,75.0,59.0,18.0,43.0,83.0,8.0
2019-04-13,4.0,1.0,26.0,5.0,20.0,64.0,57.0,20.0,10.0,77.0,0.0
2019-04-14,5.0,1.0,12.0,5.0,15.0,62.0,59.0,87.0,26.0,80.0,0.0
2019-04-15,4.0,1.0,36.0,6.0,50.0,72.0,61.0,24.0,23.0,85.0,0.0
2019-04-16,12.0,1.0,38.0,7.0,26.0,71.0,66.0,16.0,37.0,84.0,33.0
2019-04-17,19.0,1.0,42.0,6.0,20.0,71.0,69.0,16.0,21.0,83.0,0.0
2019-04-18,21.0,1.0,40.0,7.0,26.0,75.0,55.0,16.0,15.0,83.0,0.0
2019-04-19,22.0,1.0,25.0,5.0,16.0,70.0,48.0,16.0,0.0,78.0,0.0
2019-04-20,10.0,1.0,13.0,6.0,12.0,61.0,57.0,24.0,0.0,77.0,0.0
2019-04-21,0.0,1.0,14.0,6.0,9.0,57.0,65.0,17.0,27.0,76.0,10.0
2019-04-22,24.0,1.0,36.0,6.0,27.0,74.0,71.0,17.0,6.0,81.0,18.0
2019-04-23,23.0,1.0,44.0,6.0,28.0,75.0,57.0,16.0,29.0,84.0,42.0
2019-04-24,32.0,1.0,33.0,7.0,32.0,73.0,70.0,16.0,66.0,83.0,0.0
2019-04-25,31.0,1.0,35.0,6.0,26.0,73.0,67.0,22.0,12.0,84.0,17.0
2019-04-26,45.0,1.0,27.0,6.0,22.0,75.0,63.0,19.0,0.0,80.0,8.0
2019-04-27,0.0,1.0,13.0,5.0,16.0,63.0,68.0,17.0,0.0,79.0,0.0
2019-04-28,9.0,1.0,20.0,6.0,7.0,57.0,62.0,17.0,46.0,81.0,0.0
2019-04-29,42.0,1.0,40.0,6.0,34.0,72.0,69.0,28.0,17.0,83.0,16.0
2019-04-30,31.0,1.0,34.0,7.0,23.0,76.0,82.0,18.0,66.0,81.0,8.0
2019-05-01,41.0,1.0,32.0,7.0,24.0,73.0,64.0,16.0,17.0,79.0,0.0
2019-05-02,23.0,1.0,14.0,7.0,53.0,75.0,78.0,17.0,8.0,79.0,25.0
2019-05-03,59.0,1.0,25.0,7.0,30.0,76.0,60.0,18.0,23.0,81.0,16.0
2019-05-04,44.0,1.0,6.0,6.0,8.0,63.0,57.0,19.0,16.0,79.0,0.0
2019-05-05,12.0,1.0,8.0,6.0,8.0,58.0,59.0,74.0,0.0,82.0,0.0
2019-05-06,29.0,1.0,16.0,7.0,13.0,73.0,54.0,23.0,44.0,83.0,8.0
2019-05-07,31.0,1.0,42.0,7.0,21.0,73.0,64.0,17.0,22.0,83.0,16.0
2019-05-08,53.0,1.0,31.0,6.0,23.0,73.0,65.0,16.0,28.0,82.0,33.0
2019-05-09,30.0,1.0,42.0,7.0,27.0,77.0,72.0,19.0,54.0,80.0,8.0
2019-05-10,33.0,1.0,31.0,7.0,23.0,100.0,57.0,16.0,36.0,80.0,17.0
2019-05-11,23.0,1.0,12.0,7.0,21.0,90.0,69.0,38.0,50.0,79.0,0.0
2019-05-12,13.0,1.0,10.0,7.0,9.0,73.0,57.0,20.0,16.0,81.0,0.0
2019-05-13,43.0,1.0,36.0,7.0,41.0,95.0,54.0,18.0,51.0,86.0,25.0
2019-05-14,31.0,1.0,18.0,8.0,37.0,85.0,60.0,18.0,31.0,86.0,16.0
2019-05-15,28.0,1.0,26.0,8.0,30.0,85.0,57.0,31.0,40.0,84.0,8.0
2019-05-16,27.0,1.0,23.0,8.0,21.0,88.0,78.0,21.0,12.0,84.0,8.0
2019-05-17,40.0,1.0,35.0,6.0,27.0,90.0,61.0,19.0,29.0,81.0,17.0
2019-05-18,13.0,1.0,14.0,6.0,13.0,77.0,61.0,18.0,35.0,79.0,0.0
2019-05-19,0.0,1.0,14.0,7.0,10.0,77.0,52.0,77.0,32.0,79.0,0.0
2019-05-20,19.0,1.0,31.0,7.0,15.0,80.0,57.0,24.0,34.0,85.0,16.0
2019-05-21,8.0,1.0,28.0,7.0,24.0,95.0,58.0,20.0,57.0,86.0,24.0
2019-05-22,23.0,1.0,31.0,7.0,20.0,81.0,56.0,17.0,28.0,88.0,66.0
2019-05-23,26.0,1.0,34.0,7.0,27.0,89.0,68.0,16.0,14.0,81.0,24.0
2019-05-24,36.0,1.0,16.0,7.0,27.0,79.0,65.0,23.0,29.0,80.0,34.0
2019-05-25,0.0,1.0,12.0,7.0,9.0,78.0,61.0,29.0,35.0,80.0,10.0
2019-05-26,4.0,1.0,6.0,6.0,11.0,72.0,53.0,18.0,9.0,81.0,28.0
2019-05-27,0.0,1.0,13.0,7.0,8.0,65.0,63.0,17.0,31.0,82.0,8.0
2019-05-28,38.0,1.0,26.0,7.0,10.0,74.0,68.0,15.0,8.0,83.0,0.0
2019-05-29,34.0,1.0,33.0,7.0,14.0,73.0,65.0,16.0,44.0,86.0,8.0
2019-05-30,30.0,1.0,23.0,7.0,16.0,73.0,55.0,16.0,14.0,81.0,32.0
2019-05-31,32.0,1.0,30.0,7.0,37.0,74.0,69.0,19.0,23.0,81.0,0.0
2019-06-01,13.0,1.0,8.0,7.0,9.0,61.0,50.0,16.0,10.0,79.0,10.0
2019-06-02,0.0,1.0,18.0,8.0,14.0,58.0,56.0,17.0,53.0,82.0,9.0
2019-06-03,30.0,1.0,37.0,8.0,16.0,72.0,63.0,18.0,19.0,83.0,32.0
2019-06-04,49.0,1.0,30.0,9.0,19.0,70.0,69.0,15.0,8.0,84.0,0.0
2019-06-05,31.0,1.0,21.0,8.0,16.0,71.0,68.0,16.0,0.0,83.0,8.0
2019-06-06,28.0,1.0,27.0,8.0,12.0,73.0,60.0,18.0,36.0,83.0,33.0
2019-06-07,28.0,1.0,30.0,8.0,24.0,72.0,57.0,17.0,21.0,79.0,8.0
2019-06-08,22.0,1.0,20.0,8.0,20.0,60.0,70.0,19.0,7.0,79.0,9.0
2019-06-09,9.0,1.0,16.0,8.0,10.0,58.0,49.0,15.0,16.0,80.0,0.0
2019-06-10,19.0,1.0,30.0,10.0,30.0,71.0,65.0,18.0,14.0,84.0,0.0
2019-06-11,34.0,1.0,38.0,9.0,15.0,71.0,85.0,20.0,22.0,83.0,8.0
2019-06-12,16.0,1.0,25.0,10.0,26.0,71.0,47.0,19.0,14.0,84.0,24.0
2019-06-13,11.0,1.0,30.0,11.0,19.0,68.0,61.0,17.0,26.0,81.0,8.0
2019-06-14,15.0,1.0,33.0,12.0,20.0,68.0,75.0,18.0,45.0,81.0,16.0
2019-06-15,0.0,1.0,21.0,12.0,12.0,60.0,76.0,17.0,9.0,78.0,0.0
2019-06-16,0.0,1.0,12.0,15.0,8.0,57.0,64.0,15.0,16.0,77.0,0.0
2019-06-17,15.0,1.0,32.0,31.0,27.0,74.0,83.0,16.0,34.0,85.0,0.0
2019-06-18,30.0,1.0,46.0,24.0,28.0,73.0,74.0,17.0,12.0,87.0,24.0
2019-06-19,22.0,1.0,28.0,19.0,20.0,73.0,81.0,15.0,14.0,83.0,24.0
2019-06-20,31.0,1.0,35.0,18.0,21.0,68.0,70.0,16.0,22.0,79.0,16.0
2019-06-21,8.0,1.0,34.0,17.0,20.0,74.0,66.0,15.0,35.0,78.0,0.0
2019-06-22,9.0,1.0,13.0,12.0,15.0,65.0,70.0,16.0,16.0,78.0,19.0
2019-06-23,4.0,1.0,8.0,11.0,9.0,56.0,74.0,16.0,10.0,77.0,0.0
2019-06-24,15.0,1.0,32.0,12.0,20.0,72.0,58.0,16.0,20.0,85.0,0.0
2019-06-25,34.0,1.0,42.0,9.0,23.0,74.0,62.0,15.0,28.0,85.0,8.0
2019-06-26,22.0,1.0,42.0,8.0,19.0,72.0,79.0,17.0,6.0,85.0,8.0
2019-06-27,27.0,1.0,28.0,8.0,22.0,77.0,81.0,15.0,14.0,82.0,0.0
2019-06-28,12.0,1.0,30.0,9.0,27.0,73.0,62.0,16.0,15.0,84.0,8.0
2019-06-29,0.0,1.0,10.0,8.0,20.0,65.0,57.0,16.0,7.0,79.0,0.0
2019-06-30,18.0,1.0,11.0,8.0,13.0,61.0,63.0,15.0,7.0,78.0,10.0
2019-07-01,31.0,1.0,40.0,14.0,31.0,73.0,80.0,15.0,54.0,81.0,48.0
2019-07-02,15.0,1.0,40.0,11.0,25.0,73.0,55.0,16.0,53.0,84.0,0.0
2019-07-03,42.0,1.0,40.0,14.0,15.0,71.0,80.0,15.0,22.0,83.0,0.0
2019-07-04,16.0,1.0,24.0,19.0,17.0,65.0,74.0,15.0,40.0,82.0,8.0
2019-07-05,24.0,1.0,30.0,73.0,25.0,70.0,76.0,16.0,27.0,80.0,8.0
2019-07-06,4.0,1.0,16.0,15.0,9.0,69.0,70.0,17.0,19.0,79.0,0.0
2019-07-07,4.0,1.0,6.0,13.0,16.0,80.0,52.0,16.0,41.0,76.0,9.0
2019-07-08,30.0,1.0,29.0,37.0,32.0,75.0,65.0,17.0,20.0,82.0,8.0
2019-07-09,23.0,1.0,30.0,17.0,23.0,72.0,74.0,16.0,20.0,82.0,25.0
2019-07-10,16.0,1.0,36.0,17.0,12.0,86.0,78.0,17.0,28.0,82.0,41.0
2019-07-11,26.0,1.0,38.0,13.0,23.0,84.0,82.0,17.0,20.0,82.0,0.0
2019-07-12,12.0,1.0,47.0,10.0,26.0,77.0,97.0,17.0,21.0,79.0,51.0
2019-07-13,9.0,1.0,12.0,8.0,13.0,64.0,73.0,16.0,0.0,78.0,0.0
2019-07-14,5.0,1.0,18.0,7.0,15.0,60.0,56.0,16.0,39.0,78.0,0.0
2019-07-15,11.0,1.0,54.0,7.0,43.0,72.0,87.0,16.0,40.0,83.0,16.0
2019-07-16,32.0,,76.0,7.0,41.0,70.0,72.0,18.0,35.0,85.0,0.0
2019-07-17,24.0,,41.0,7.0,35.0,75.0,67.0,16.0,0.0,82.0,33.0
2019-07-18,33.0,,35.0,13.0,29.0,71.0,82.0,19.0,24.0,81.0,0.0
2019-07-19,26.0,,19.0,7.0,28.0,70.0,66.0,23.0,25.0,79.0,0.0
2019-07-20,19.0,,17.0,7.0,23.0,63.0,76.0,18.0,28.0,76.0,0.0
2019-07-21,0.0,,13.0,7.0,10.0,56.0,77.0,18.0,14.0,77.0,0.0
2019-07-22,33.0,,27.0,7.0,49.0,73.0,69.0,18.0,48.0,80.0,0.0
2019-07-23,24.0,,26.0,6.0,22.0,71.0,71.0,18.0,35.0,82.0,16.0
2019-07-24,59.0,,39.0,6.0,18.0,70.0,80.0,18.0,37.0,80.0,34.0
2019-07-25,34.0,,36.0,7.0,30.0,70.0,68.0,20.0,38.0,84.0,17.0
2019-07-26,0.0,,29.0,7.0,19.0,64.0,60.0,16.0,13.0,80.0,17.0
2019-07-27,9.0,,21.0,5.0,15.0,62.0,64.0,14.0,0.0,79.0,19.0
2019-07-28,0.0,,15.0,5.0,12.0,55.0,47.0,18.0,28.0,80.0,0.0
2019-07-29,41.0,,17.0,7.0,18.0,66.0,80.0,16.0,24.0,77.0,17.0
2019-07-30,8.0,,34.0,7.0,36.0,72.0,73.0,16.0,0.0,82.0,0.0
2019-07-31,0.0,,37.0,6.0,27.0,68.0,68.0,17.0,48.0,81.0,33.0
2019-08-01,49.0,,32.0,6.0,25.0,67.0,58.0,17.0,24.0,79.0,100.0
2019-08-02,43.0,,19.0,6.0,19.0,67.0,62.0,17.0,25.0,81.0,17.0
2019-08-03,9.0,,13.0,6.0,5.0,58.0,54.0,26.0,0.0,79.0,0.0
2019-08-04,19.0,,9.0,6.0,10.0,52.0,64.0,17.0,41.0,75.0,0.0
2019-08-05,41.0,,35.0,8.0,18.0,69.0,76.0,16.0,48.0,79.0,0.0
2019-08-06,58.0,,36.0,6.0,36.0,66.0,75.0,18.0,0.0,83.0,17.0
2019-08-07,16.0,,31.0,6.0,33.0,71.0,54.0,25.0,12.0,79.0,0.0
2019-08-08,24.0,,40.0,6.0,51.0,64.0,67.0,18.0,24.0,77.0,17.0
2019-08-09,51.0,,24.0,6.0,14.0,64.0,48.0,16.0,25.0,79.0,17.0
2019-08-10,9.0,,11.0,5.0,15.0,54.0,62.0,17.0,13.0,80.0,0.0
2019-08-11,0.0,,9.0,5.0,8.0,50.0,73.0,26.0,28.0,76.0,0.0
2019-08-12,17.0,,17.0,5.0,36.0,71.0,57.0,17.0,0.0,82.0,0.0
2019-08-13,32.0,,26.0,6.0,39.0,70.0,66.0,18.0,36.0,81.0,16.0
2019-08-14,16.0,,52.0,6.0,27.0,71.0,65.0,18.0,0.0,81.0,0.0
2019-08-15,49.0,,28.0,5.0,29.0,68.0,73.0,18.0,37.0,76.0,0.0
2019-08-16,59.0,,22.0,6.0,20.0,66.0,72.0,29.0,13.0,81.0,0.0
2019-08-17,9.0,,6.0,6.0,10.0,57.0,59.0,19.0,13.0,79.0,0.0
2019-08-18,0.0,,13.0,5.0,25.0,53.0,71.0,16.0,0.0,85.0,0.0
2019-08-19,48.0,,30.0,6.0,47.0,71.0,72.0,17.0,12.0,86.0,0.0
2019-08-20,16.0,,24.0,6.0,35.0,67.0,80.0,17.0,23.0,86.0,0.0
2019-08-21,32.0,,35.0,6.0,26.0,67.0,48.0,17.0,23.0,84.0,32.0
2019-08-22,32.0,,42.0,6.0,41.0,68.0,71.0,17.0,12.0,84.0,0.0
2019-08-23,41.0,,17.0,6.0,20.0,68.0,78.0,17.0,13.0,81.0,0.0
2019-08-24,0.0,,13.0,5.0,20.0,59.0,54.0,19.0,0.0,80.0,0.0
2019-08-25,0.0,,6.0,5.0,20.0,52.0,41.0,31.0,13.0,84.0,0.0
2019-08-26,8.0,,30.0,6.0,59.0,67.0,66.0,20.0,0.0,89.0,0.0
2019-08-27,31.0,,38.0,6.0,13.0,73.0,75.0,19.0,23.0,86.0,0.0
2019-08-28,24.0,,21.0,5.0,21.0,72.0,72.0,17.0,46.0,82.0,0.0
2019-08-29,39.0,,35.0,6.0,32.0,71.0,51.0,22.0,12.0,86.0,32.0
2019-08-30,40.0,,24.0,7.0,19.0,69.0,90.0,30.0,0.0,77.0,32.0
2019-08-31,9.0,,19.0,7.0,3.0,58.0,56.0,23.0,13.0,77.0,0.0
2019-09-01,9.0,,18.0,5.0,12.0,54.0,76.0,29.0,0.0,79.0,0.0
2019-09-02,8.0,,21.0,7.0,24.0,61.0,66.0,26.0,0.0,80.0,0.0
2019-09-03,31.0,,48.0,10.0,14.0,71.0,68.0,18.0,11.0,83.0,0.0
2019-09-04,22.0,,32.0,7.0,28.0,69.0,82.0,24.0,33.0,86.0,15.0
2019-09-05,38.0,,36.0,6.0,32.0,67.0,60.0,17.0,11.0,83.0,0.0
2019-09-06,24.0,,27.0,6.0,28.0,67.0,57.0,17.0,34.0,83.0,63.0
2019-09-07,9.0,,14.0,6.0,17.0,56.0,61.0,16.0,52.0,82.0,0.0
2019-09-08,9.0,,9.0,5.0,19.0,53.0,65.0,16.0,0.0,84.0,0.0
2019-09-09,0.0,,25.0,6.0,25.0,68.0,86.0,17.0,44.0,89.0,15.0
2019-09-10,22.0,,27.0,6.0,32.0,72.0,58.0,15.0,11.0,85.0,0.0
2019-09-11,31.0,,31.0,6.0,31.0,72.0,72.0,16.0,23.0,86.0,0.0
2019-09-12,39.0,,34.0,6.0,19.0,76.0,100.0,18.0,23.0,87.0,0.0
2019-09-13,24.0,,30.0,6.0,36.0,69.0,55.0,32.0,35.0,80.0,16.0
2019-09-14,18.0,,12.0,6.0,12.0,59.0,71.0,20.0,0.0,82.0,0.0
2019-09-15,0.0,,12.0,5.0,21.0,53.0,65.0,16.0,26.0,86.0,18.0
2019-09-16,15.0,,27.0,6.0,27.0,69.0,61.0,17.0,11.0,87.0,15.0
2019-09-17,44.0,,24.0,5.0,24.0,69.0,81.0,18.0,11.0,83.0,15.0
2019-09-18,22.0,,26.0,6.0,35.0,69.0,78.0,40.0,11.0,88.0,0.0
2019-09-19,38.0,,29.0,5.0,39.0,73.0,61.0,19.0,11.0,88.0,15.0
2019-09-20,16.0,,27.0,6.0,32.0,67.0,67.0,18.0,23.0,84.0,32.0
2019-09-21,9.0,,5.0,5.0,7.0,57.0,55.0,17.0,13.0,80.0,0.0
2019-09-22,9.0,,14.0,5.0,9.0,52.0,57.0,28.0,13.0,85.0,0.0
2019-09-23,37.0,,39.0,6.0,26.0,70.0,63.0,19.0,22.0,87.0,15.0
2019-09-24,38.0,,42.0,6.0,27.0,67.0,74.0,18.0,22.0,88.0,15.0
2019-09-25,8.0,,24.0,5.0,28.0,68.0,68.0,17.0,33.0,90.0,15.0
2019-09-26,15.0,,31.0,6.0,45.0,67.0,61.0,16.0,11.0,88.0,15.0
2019-09-27,32.0,,32.0,6.0,45.0,68.0,61.0,19.0,35.0,85.0,0.0
2019-09-28,9.0,,17.0,5.0,26.0,57.0,82.0,100.0,13.0,80.0,0.0
2019-09-29,9.0,,12.0,6.0,19.0,56.0,52.0,26.0,0.0,87.0,17.0
2019-09-30,15.0,,23.0,6.0,27.0,71.0,74.0,21.0,11.0,90.0,15.0
2019-10-01,38.0,,41.0,6.0,35.0,67.0,58.0,58.0,56.0,88.0,0.0
2019-10-02,22.0,,37.0,5.0,24.0,70.0,58.0,28.0,33.0,86.0,45.0
2019-10-03,23.0,,46.0,5.0,37.0,71.0,58.0,16.0,56.0,86.0,15.0
2019-10-04,24.0,,34.0,5.0,19.0,68.0,64.0,16.0,81.0,86.0,16.0
2019-10-05,18.0,,5.0,5.0,14.0,60.0,48.0,29.0,26.0,78.0,0.0
2019-10-06,9.0,,12.0,5.0,12.0,54.0,56.0,16.0,13.0,84.0,0.0
2019-10-07,0.0,,37.0,5.0,12.0,71.0,72.0,15.0,44.0,86.0,0.0
2019-10-08,38.0,,31.0,6.0,23.0,67.0,60.0,14.0,11.0,90.0,15.0
2019-10-09,8.0,,26.0,5.0,31.0,69.0,70.0,13.0,34.0,88.0,0.0
2019-10-10,8.0,,30.0,5.0,28.0,66.0,62.0,14.0,11.0,86.0,0.0
2019-10-11,23.0,,31.0,5.0,21.0,66.0,60.0,14.0,12.0,86.0,0.0
2019-10-12,0.0,,10.0,5.0,14.0,61.0,81.0,15.0,38.0,80.0,0.0
2019-10-13,9.0,,5.0,6.0,21.0,51.0,45.0,15.0,0.0,82.0,0.0
2019-10-14,31.0,,34.0,6.0,37.0,68.0,67.0,14.0,23.0,86.0,15.0
2019-10-15,0.0,,71.0,6.0,34.0,68.0,76.0,15.0,33.0,89.0,30.0
2019-10-16,8.0,,42.0,6.0,20.0,68.0,79.0,14.0,0.0,88.0,15.0
2019-10-17,0.0,,36.0,6.0,31.0,66.0,66.0,16.0,45.0,87.0,16.0
2019-10-18,16.0,,30.0,6.0,32.0,69.0,55.0,27.0,12.0,88.0,16.0
2019-10-19,0.0,,9.0,5.0,14.0,64.0,76.0,17.0,25.0,82.0,17.0
2019-10-20,9.0,,12.0,5.0,12.0,54.0,63.0,14.0,0.0,80.0,0.0
2019-10-21,22.0,,34.0,5.0,25.0,68.0,75.0,17.0,32.0,84.0,0.0
2019-10-22,22.0,,44.0,6.0,16.0,65.0,69.0,49.0,43.0,86.0,29.0
2019-10-23,15.0,,27.0,5.0,20.0,68.0,59.0,25.0,0.0,93.0,0.0
2019-10-24,30.0,,32.0,5.0,27.0,68.0,60.0,16.0,0.0,86.0,0.0
2019-10-25,16.0,,33.0,5.0,28.0,67.0,77.0,16.0,23.0,82.0,32.0
2019-10-26,9.0,,17.0,5.0,23.0,56.0,49.0,17.0,0.0,76.0,0.0
2019-10-27,9.0,,7.0,5.0,14.0,49.0,61.0,55.0,38.0,79.0,34.0
2019-10-28,14.0,,34.0,5.0,37.0,67.0,73.0,16.0,33.0,83.0,0.0
2019-10-29,22.0,,39.0,5.0,18.0,64.0,51.0,15.0,33.0,85.0,30.0
2019-10-30,37.0,,36.0,5.0,34.0,65.0,52.0,15.0,33.0,82.0,15.0
2019-10-31,23.0,,38.0,5.0,34.0,65.0,58.0,13.0,23.0,83.0,0.0
2019-11-01,56.0,,34.0,6.0,24.0,65.0,86.0,25.0,23.0,81.0,0.0
2019-11-02,26.0,,7.0,5.0,12.0,59.0,48.0,15.0,13.0,79.0,17.0
2019-11-03,25.0,,12.0,5.0,32.0,52.0,59.0,16.0,13.0,83.0,0.0
2019-11-04,30.0,,44.0,6.0,28.0,67.0,71.0,15.0,11.0,86.0,15.0
2019-11-05,22.0,,29.0,6.0,22.0,68.0,65.0,17.0,11.0,86.0,30.0
2019-11-06,52.0,,22.0,6.0,24.0,75.0,54.0,36.0,33.0,90.0,0.0
2019-11-07,38.0,,27.0,5.0,38.0,70.0,70.0,27.0,33.0,85.0,15.0
2019-11-08,54.0,,44.0,5.0,31.0,65.0,54.0,16.0,34.0,84.0,16.0
2019-11-09,26.0,,17.0,4.0,14.0,53.0,68.0,25.0,0.0,79.0,17.0
2019-11-10,25.0,,17.0,4.0,5.0,48.0,58.0,16.0,0.0,84.0,0.0
2019-11-11,15.0,,36.0,5.0,40.0,68.0,70.0,13.0,22.0,85.0,45.0
2019-11-12,29.0,,24.0,5.0,32.0,68.0,77.0,14.0,11.0,87.0,0.0
2019-11-13,15.0,,20.0,6.0,18.0,69.0,61.0,13.0,0.0,93.0,15.0
2019-11-14,29.0,,27.0,6.0,18.0,67.0,71.0,14.0,33.0,86.0,45.0
2019-11-15,31.0,,50.0,6.0,15.0,65.0,63.0,14.0,23.0,85.0,0.0
2019-11-16,18.0,,5.0,5.0,23.0,73.0,71.0,17.0,0.0,82.0,0.0
2019-11-17,9.0,,9.0,5.0,30.0,55.0,59.0,14.0,38.0,85.0,0.0
2019-11-18,15.0,,28.0,6.0,22.0,71.0,77.0,14.0,22.0,90.0,15.0
2019-11-19,8.0,,26.0,6.0,14.0,69.0,60.0,16.0,0.0,89.0,30.0
2019-11-20,8.0,,31.0,5.0,28.0,70.0,63.0,14.0,11.0,90.0,31.0
2019-11-21,61.0,,38.0,6.0,19.0,67.0,73.0,14.0,56.0,89.0,46.0
2019-11-22,39.0,,30.0,5.0,25.0,64.0,68.0,27.0,12.0,84.0,31.0
2019-11-23,9.0,,10.0,5.0,9.0,56.0,55.0,17.0,13.0,79.0,17.0
2019-11-24,8.0,,8.0,5.0,32.0,51.0,75.0,15.0,13.0,85.0,34.0
2019-11-25,45.0,,24.0,6.0,25.0,67.0,78.0,14.0,44.0,88.0,15.0
2019-11-26,30.0,,42.0,5.0,18.0,64.0,61.0,27.0,77.0,88.0,30.0
2019-11-27,61.0,,26.0,6.0,12.0,66.0,83.0,16.0,23.0,88.0,15.0
2019-11-28,8.0,,22.0,6.0,19.0,58.0,63.0,13.0,23.0,85.0,0.0
2019-11-29,0.0,,30.0,5.0,19.0,59.0,86.0,13.0,23.0,83.0,31.0
2019-11-30,8.0,,10.0,6.0,16.0,54.0,84.0,16.0,0.0,81.0,0.0
2019-12-01,8.0,,10.0,5.0,17.0,50.0,52.0,29.0,12.0,83.0,0.0
2019-12-02,21.0,,29.0,5.0,27.0,64.0,73.0,17.0,32.0,88.0,15.0
2019-12-03,15.0,,30.0,6.0,26.0,63.0,70.0,14.0,11.0,86.0,15.0
2019-12-04,22.0,,20.0,5.0,28.0,67.0,78.0,19.0,23.0,89.0,15.0
2019-12-05,23.0,,23.0,5.0,27.0,70.0,67.0,17.0,33.0,89.0,0.0
2019-12-06,32.0,,46.0,5.0,21.0,69.0,63.0,16.0,23.0,86.0,0.0
2019-12-07,0.0,,3.0,5.0,14.0,57.0,80.0,24.0,13.0,77.0,0.0
2019-12-08,0.0,,9.0,4.0,16.0,48.0,58.0,15.0,13.0,82.0,0.0
2019-12-09,54.0,,23.0,5.0,19.0,72.0,61.0,16.0,11.0,86.0,0.0
2019-12-10,16.0,,26.0,5.0,25.0,64.0,60.0,16.0,11.0,84.0,0.0
2019-12-11,30.0,,38.0,5.0,25.0,68.0,72.0,32.0,0.0,88.0,46.0
2019-12-12,46.0,,32.0,5.0,25.0,67.0,65.0,25.0,33.0,86.0,0.0
2019-12-13,55.0,,38.0,6.0,30.0,67.0,80.0,15.0,34.0,85.0,0.0
2019-12-14,17.0,,31.0,5.0,12.0,59.0,87.0,27.0,13.0,76.0,0.0
2019-12-15,8.0,,8.0,5.0,27.0,50.0,58.0,17.0,0.0,81.0,17.0
2019-12-16,15.0,,46.0,6.0,23.0,70.0,72.0,16.0,44.0,84.0,76.0
2019-12-17,22.0,,26.0,6.0,39.0,67.0,71.0,24.0,56.0,86.0,31.0
2019-12-18,22.0,,36.0,7.0,12.0,65.0,68.0,18.0,44.0,82.0,0.0
2019-12-19,62.0,,33.0,5.0,30.0,66.0,71.0,15.0,34.0,82.0,16.0
2019-12-20,33.0,,32.0,6.0,22.0,70.0,72.0,16.0,12.0,82.0,17.0
2019-12-21,18.0,,21.0,5.0,12.0,57.0,73.0,25.0,38.0,75.0,17.0
2019-12-22,9.0,,2.0,4.0,9.0,49.0,69.0,16.0,13.0,73.0,0.0
2019-12-23,32.0,,23.0,5.0,17.0,65.0,78.0,16.0,36.0,77.0,0.0
2019-12-24,18.0,,35.0,5.0,7.0,54.0,68.0,15.0,13.0,79.0,0.0
2019-12-25,28.0,,6.0,5.0,8.0,51.0,49.0,15.0,28.0,78.0,0.0
2019-12-26,34.0,,24.0,5.0,23.0,64.0,75.0,16.0,0.0,79.0,17.0
2019-12-27,41.0,,30.0,6.0,16.0,67.0,82.0,18.0,0.0,78.0,17.0
2019-12-28,9.0,,19.0,5.0,9.0,59.0,73.0,28.0,13.0,76.0,35.0
2019-12-29,0.0,,17.0,5.0,7.0,53.0,82.0,17.0,0.0,72.0,0.0
2019-12-30,8.0,,24.0,5.0,19.0,65.0,87.0,17.0,0.0,77.0,16.0
2019-12-31,0.0,,19.0,5.0,28.0,59.0,47.0,15.0,38.0,74.0,17.0
