date,finance,overlap,stock,share price,bajaj finserv,Share,loan,google finance,Bajaj Finance Limited,Muthoot finance,larsen & toubro
2017-01-17,56.0,1.0,16.0,41.0,46.0,44.0,77.0,52.0,0.0,26.0,7.0
2017-01-18,60.0,1.0,15.0,42.0,42.0,43.0,82.0,69.0,0.0,14.0,10.0
2017-01-19,57.0,1.0,16.0,45.0,24.0,45.0,72.0,72.0,12.0,20.0,10.0
2017-01-20,60.0,1.0,15.0,42.0,58.0,43.0,71.0,68.0,0.0,22.0,4.0
2017-01-21,43.0,1.0,9.0,10.0,41.0,16.0,56.0,20.0,0.0,34.0,2.0
2017-01-22,28.0,1.0,9.0,7.0,13.0,12.0,51.0,1.0,13.0,17.0,0.0
2017-01-23,60.0,1.0,16.0,44.0,43.0,45.0,75.0,60.0,0.0,27.0,7.0
2017-01-24,61.0,1.0,16.0,44.0,31.0,48.0,81.0,49.0,0.0,26.0,5.0
2017-01-25,58.0,1.0,17.0,43.0,43.0,45.0,66.0,54.0,0.0,33.0,7.0
2017-01-26,34.0,1.0,9.0,12.0,35.0,16.0,51.0,24.0,11.0,21.0,0.0
2017-01-27,62.0,1.0,17.0,43.0,36.0,47.0,81.0,41.0,11.0,26.0,8.0
2017-01-28,42.0,1.0,11.0,12.0,51.0,18.0,62.0,15.0,0.0,25.0,2.0
2017-01-29,27.0,1.0,10.0,8.0,21.0,13.0,53.0,12.0,0.0,14.0,10.0
2017-01-30,66.0,1.0,14.0,46.0,49.0,46.0,77.0,45.0,12.0,36.0,1.0
2017-01-31,61.0,1.0,19.0,48.0,35.0,52.0,78.0,59.0,0.0,32.0,6.0
2017-02-01,86.0,1.0,21.0,56.0,31.0,56.0,86.0,75.0,0.0,35.0,8.0
2017-02-02,72.0,1.0,17.0,50.0,63.0,54.0,81.0,60.0,0.0,32.0,2.0
2017-02-03,58.0,1.0,21.0,58.0,59.0,56.0,66.0,63.0,0.0,30.0,10.0
2017-02-04,41.0,1.0,12.0,14.0,47.0,17.0,67.0,15.0,0.0,31.0,4.0
2017-02-05,32.0,1.0,10.0,9.0,25.0,14.0,56.0,18.0,13.0,15.0,0.0
2017-02-06,66.0,1.0,17.0,55.0,39.0,56.0,83.0,52.0,0.0,32.0,9.0
2017-02-07,59.0,1.0,16.0,54.0,53.0,55.0,79.0,76.0,11.0,28.0,3.0
2017-02-08,60.0,1.0,18.0,52.0,47.0,53.0,82.0,69.0,10.0,32.0,1.0
2017-02-09,53.0,1.0,16.0,51.0,40.0,54.0,67.0,50.0,0.0,28.0,4.0
2017-02-10,52.0,1.0,15.0,50.0,51.0,52.0,67.0,69.0,0.0,23.0,6.0
2017-02-11,40.0,1.0,10.0,11.0,36.0,16.0,60.0,36.0,0.0,27.0,6.0
2017-02-12,25.0,1.0,10.0,9.0,25.0,14.0,52.0,10.0,0.0,5.0,0.0
2017-02-13,58.0,1.0,13.0,49.0,57.0,51.0,81.0,76.0,10.0,13.0,11.0
2017-02-14,57.0,1.0,17.0,47.0,48.0,48.0,76.0,56.0,11.0,28.0,5.0
2017-02-15,63.0,1.0,18.0,49.0,56.0,51.0,76.0,54.0,0.0,22.0,7.0
2017-02-16,63.0,1.0,16.0,48.0,34.0,50.0,76.0,74.0,0.0,19.0,7.0
2017-02-17,65.0,1.0,17.0,51.0,44.0,53.0,76.0,45.0,0.0,25.0,17.0
2017-02-18,41.0,1.0,11.0,11.0,38.0,17.0,67.0,21.0,0.0,15.0,0.0
2017-02-19,33.0,1.0,9.0,8.0,22.0,14.0,54.0,14.0,0.0,12.0,0.0
2017-02-20,59.0,1.0,17.0,47.0,52.0,52.0,73.0,83.0,0.0,35.0,5.0
2017-02-21,60.0,1.0,16.0,51.0,39.0,51.0,76.0,65.0,11.0,35.0,9.0
2017-02-22,66.0,1.0,17.0,52.0,39.0,54.0,74.0,80.0,11.0,26.0,7.0
2017-02-23,58.0,1.0,18.0,48.0,42.0,50.0,67.0,79.0,0.0,40.0,2.0
2017-02-24,44.0,1.0,13.0,18.0,38.0,24.0,56.0,31.0,0.0,21.0,2.0
2017-02-25,37.0,1.0,9.0,10.0,39.0,15.0,61.0,15.0,0.0,20.0,7.0
2017-02-26,34.0,1.0,8.0,9.0,26.0,13.0,55.0,11.0,0.0,12.0,0.0
2017-02-27,60.0,1.0,17.0,51.0,48.0,49.0,79.0,69.0,0.0,32.0,11.0
2017-02-28,62.0,1.0,18.0,49.0,49.0,52.0,69.0,75.0,0.0,22.0,1.0
2017-03-01,62.0,1.0,19.0,51.0,44.0,52.0,73.0,50.0,0.0,37.0,0.0
2017-03-02,67.0,1.0,17.0,52.0,74.0,53.0,76.0,59.0,0.0,30.0,8.0
2017-03-03,59.0,1.0,18.0,47.0,62.0,51.0,68.0,70.0,10.0,26.0,4.0
2017-03-04,39.0,1.0,10.0,11.0,34.0,14.0,63.0,18.0,22.0,26.0,9.0
2017-03-05,28.0,1.0,10.0,9.0,27.0,14.0,52.0,6.0,0.0,15.0,2.0
2017-03-06,61.0,1.0,18.0,50.0,59.0,51.0,79.0,52.0,10.0,16.0,9.0
2017-03-07,54.0,1.0,15.0,46.0,43.0,46.0,77.0,53.0,0.0,22.0,4.0
2017-03-08,65.0,1.0,16.0,41.0,47.0,44.0,69.0,63.0,22.0,33.0,1.0
2017-03-09,63.0,1.0,18.0,44.0,38.0,47.0,66.0,49.0,22.0,28.0,6.0
2017-03-10,56.0,1.0,15.0,45.0,51.0,45.0,67.0,54.0,0.0,18.0,2.0
2017-03-11,34.0,1.0,8.0,8.0,41.0,13.0,43.0,18.0,0.0,16.0,0.0
2017-03-12,31.0,1.0,9.0,9.0,24.0,13.0,48.0,15.0,0.0,3.0,4.0
2017-03-13,42.0,1.0,12.0,16.0,51.0,21.0,59.0,27.0,0.0,21.0,5.0
2017-03-14,66.0,1.0,19.0,54.0,64.0,58.0,75.0,59.0,12.0,29.0,6.0
2017-03-15,66.0,1.0,16.0,51.0,42.0,52.0,74.0,78.0,43.0,30.0,11.0
2017-03-16,64.0,1.0,15.0,51.0,54.0,54.0,80.0,70.0,0.0,26.0,13.0
2017-03-17,61.0,1.0,17.0,53.0,32.0,52.0,65.0,46.0,0.0,27.0,1.0
2017-03-18,44.0,1.0,11.0,11.0,33.0,17.0,65.0,19.0,0.0,19.0,4.0
2017-03-19,34.0,1.0,10.0,8.0,28.0,13.0,50.0,10.0,13.0,9.0,6.0
2017-03-20,56.0,1.0,17.0,47.0,47.0,53.0,79.0,61.0,0.0,29.0,7.0
2017-03-21,65.0,1.0,18.0,58.0,34.0,60.0,77.0,61.0,10.0,20.0,6.0
2017-03-22,67.0,1.0,17.0,52.0,57.0,53.0,74.0,79.0,0.0,36.0,6.0
2017-03-23,70.0,,19.0,54.0,44.0,53.0,72.0,49.0,0.0,34.0,9.0
2017-03-24,63.0,,16.0,51.0,44.0,49.0,69.0,63.0,0.0,18.0,6.0
2017-03-25,43.0,,10.0,12.0,54.0,17.0,61.0,20.0,0.0,11.0,0.0
2017-03-26,31.0,,9.0,8.0,30.0,13.0,44.0,18.0,0.0,9.0,0.0
2017-03-27,67.0,,17.0,50.0,46.0,51.0,72.0,68.0,0.0,28.0,6.0
2017-03-28,68.0,,17.0,47.0,40.0,49.0,69.0,63.0,0.0,8.0,0.0
2017-03-29,65.0,,16.0,49.0,59.0,51.0,69.0,56.0,0.0,16.0,6.0
2017-03-30,72.0,,14.0,57.0,37.0,55.0,69.0,52.0,22.0,26.0,6.0
2017-03-31,70.0,,18.0,49.0,51.0,49.0,67.0,88.0,21.0,25.0,8.0
2017-04-01,46.0,,9.0,14.0,45.0,20.0,56.0,27.0,0.0,16.0,0.0
2017-04-02,34.0,,9.0,10.0,26.0,14.0,54.0,24.0,0.0,18.0,0.0
2017-04-03,67.0,,17.0,54.0,61.0,56.0,74.0,66.0,0.0,26.0,6.0
2017-04-04,49.0,,15.0,26.0,63.0,29.0,74.0,24.0,0.0,19.0,12.0
2017-04-05,51.0,,19.0,57.0,52.0,53.0,79.0,67.0,0.0,26.0,15.0
2017-04-06,66.0,,17.0,53.0,67.0,56.0,75.0,69.0,0.0,31.0,9.0
2017-04-07,63.0,,18.0,57.0,97.0,55.0,68.0,59.0,0.0,29.0,0.0
2017-04-08,38.0,,10.0,13.0,50.0,17.0,56.0,17.0,0.0,22.0,6.0
2017-04-09,29.0,,9.0,11.0,31.0,15.0,51.0,15.0,0.0,15.0,0.0
2017-04-10,68.0,,15.0,58.0,58.0,57.0,72.0,76.0,23.0,13.0,3.0
2017-04-11,64.0,,19.0,59.0,84.0,61.0,71.0,59.0,0.0,48.0,6.0
2017-04-12,60.0,,17.0,56.0,77.0,55.0,72.0,73.0,0.0,21.0,12.0
2017-04-13,58.0,,16.0,53.0,73.0,51.0,58.0,71.0,0.0,13.0,3.0
2017-04-14,40.0,,13.0,19.0,54.0,23.0,60.0,30.0,0.0,30.0,3.0
2017-04-15,40.0,,11.0,11.0,65.0,15.0,61.0,17.0,0.0,11.0,3.0
2017-04-16,32.0,,7.0,9.0,31.0,13.0,47.0,6.0,0.0,3.0,6.0
2017-04-17,64.0,,16.0,53.0,53.0,55.0,74.0,78.0,23.0,22.0,9.0
2017-04-18,71.0,,15.0,55.0,50.0,58.0,69.0,61.0,0.0,29.0,0.0
2017-04-19,61.0,,15.0,58.0,51.0,58.0,67.0,81.0,23.0,16.0,3.0
2017-04-20,67.0,,15.0,54.0,47.0,59.0,75.0,73.0,23.0,35.0,6.0
2017-04-21,62.0,,14.0,52.0,59.0,51.0,64.0,72.0,0.0,19.0,6.0
2017-04-22,44.0,,11.0,12.0,53.0,17.0,53.0,14.0,23.0,24.0,3.0
2017-04-23,33.0,,10.0,10.0,28.0,13.0,43.0,15.0,0.0,17.0,0.0
2017-04-24,62.0,,16.0,58.0,39.0,60.0,76.0,71.0,0.0,36.0,6.0
2017-04-25,69.0,,15.0,58.0,50.0,56.0,68.0,64.0,22.0,25.0,3.0
2017-04-26,58.0,,17.0,60.0,46.0,63.0,56.0,68.0,0.0,20.0,5.0
2017-04-27,62.0,,15.0,55.0,54.0,54.0,61.0,53.0,0.0,10.0,11.0
2017-04-28,58.0,,16.0,56.0,25.0,56.0,57.0,58.0,0.0,18.0,6.0
2017-04-29,41.0,,8.0,14.0,42.0,18.0,53.0,25.0,0.0,24.0,3.0
2017-04-30,31.0,,10.0,10.0,26.0,16.0,46.0,15.0,0.0,6.0,0.0
2017-05-01,41.0,,12.0,19.0,65.0,23.0,53.0,44.0,23.0,22.0,3.0
2017-05-02,72.0,,17.0,53.0,83.0,55.0,78.0,59.0,0.0,37.0,3.0
2017-05-03,70.0,,17.0,53.0,82.0,55.0,65.0,69.0,0.0,24.0,11.0
2017-05-04,66.0,,19.0,55.0,60.0,59.0,61.0,66.0,22.0,28.0,6.0
2017-05-05,58.0,,16.0,52.0,66.0,55.0,65.0,69.0,0.0,16.0,9.0
2017-05-06,36.0,,11.0,15.0,46.0,18.0,58.0,28.0,0.0,22.0,0.0
2017-05-07,35.0,,10.0,10.0,21.0,14.0,49.0,6.0,0.0,21.0,6.0
2017-05-08,60.0,,16.0,54.0,55.0,56.0,79.0,56.0,0.0,21.0,6.0
2017-05-09,66.0,,15.0,58.0,46.0,57.0,79.0,79.0,45.0,24.0,3.0
2017-05-10,61.0,,17.0,57.0,45.0,57.0,67.0,60.0,0.0,13.0,6.0
2017-05-11,65.0,,17.0,60.0,31.0,59.0,68.0,55.0,0.0,44.0,3.0
2017-05-12,50.0,,15.0,50.0,50.0,49.0,65.0,81.0,0.0,18.0,0.0
2017-05-13,37.0,,11.0,12.0,26.0,16.0,51.0,14.0,0.0,22.0,0.0
2017-05-14,32.0,,9.0,10.0,37.0,15.0,42.0,6.0,0.0,11.0,0.0
2017-05-15,75.0,,14.0,55.0,34.0,55.0,75.0,68.0,0.0,38.0,6.0
2017-05-16,64.0,,15.0,60.0,28.0,59.0,67.0,33.0,24.0,19.0,6.0
2017-05-17,66.0,,15.0,58.0,42.0,59.0,67.0,83.0,0.0,27.0,6.0
2017-05-18,66.0,,17.0,53.0,21.0,57.0,60.0,78.0,0.0,24.0,0.0
2017-05-19,65.0,,15.0,55.0,39.0,59.0,60.0,81.0,0.0,16.0,6.0
2017-05-20,47.0,,11.0,14.0,29.0,20.0,60.0,11.0,24.0,14.0,3.0
2017-05-21,34.0,,10.0,11.0,17.0,16.0,50.0,19.0,0.0,12.0,0.0
2017-05-22,67.0,,16.0,52.0,52.0,54.0,67.0,60.0,0.0,24.0,9.0
2017-05-23,61.0,,16.0,54.0,16.0,55.0,61.0,68.0,0.0,49.0,6.0
2017-05-24,58.0,,15.0,53.0,18.0,55.0,67.0,68.0,0.0,18.0,9.0
2017-05-25,62.0,,17.0,64.0,28.0,59.0,67.0,63.0,21.0,23.0,14.0
2017-05-26,59.0,,17.0,66.0,23.0,66.0,60.0,61.0,23.0,29.0,9.0
2017-05-27,42.0,,9.0,16.0,46.0,18.0,50.0,20.0,0.0,14.0,3.0
2017-05-28,34.0,,8.0,12.0,16.0,15.0,47.0,29.0,0.0,12.0,0.0
2017-05-29,64.0,,16.0,62.0,37.0,57.0,72.0,68.0,0.0,28.0,3.0
2017-05-30,53.0,1.0,14.0,53.0,25.0,55.0,61.0,52.0,10.0,16.0,12.0
2017-05-31,60.0,1.0,15.0,53.0,25.0,52.0,67.0,59.0,11.0,23.0,12.0
2017-06-01,58.0,1.0,17.0,52.0,25.0,56.0,64.0,60.0,0.0,17.0,12.0
2017-06-02,57.0,1.0,14.0,53.0,38.0,54.0,65.0,48.0,0.0,33.0,10.0
2017-06-03,38.0,1.0,10.0,13.0,37.0,16.0,59.0,27.0,0.0,7.0,4.0
2017-06-04,28.0,1.0,7.0,8.0,23.0,14.0,47.0,12.0,0.0,3.0,1.0
2017-06-05,64.0,1.0,15.0,53.0,38.0,54.0,77.0,61.0,17.0,18.0,5.0
2017-06-06,65.0,1.0,16.0,52.0,50.0,54.0,79.0,57.0,0.0,21.0,0.0
2017-06-07,62.0,1.0,15.0,52.0,36.0,53.0,81.0,69.0,0.0,19.0,8.0
2017-06-08,57.0,1.0,15.0,47.0,38.0,51.0,63.0,47.0,0.0,15.0,3.0
2017-06-09,54.0,1.0,15.0,49.0,25.0,49.0,63.0,52.0,15.0,18.0,3.0
2017-06-10,41.0,1.0,9.0,12.0,30.0,16.0,56.0,22.0,0.0,12.0,3.0
2017-06-11,25.0,1.0,7.0,10.0,16.0,14.0,52.0,14.0,0.0,12.0,3.0
2017-06-12,62.0,1.0,14.0,48.0,26.0,46.0,74.0,46.0,25.0,25.0,1.0
2017-06-13,58.0,1.0,16.0,51.0,23.0,52.0,68.0,52.0,50.0,26.0,6.0
2017-06-14,64.0,1.0,14.0,51.0,15.0,51.0,68.0,62.0,11.0,22.0,4.0
2017-06-15,55.0,1.0,14.0,48.0,28.0,49.0,62.0,73.0,0.0,18.0,8.0
2017-06-16,60.0,1.0,12.0,47.0,27.0,50.0,61.0,50.0,10.0,28.0,3.0
2017-06-17,37.0,1.0,9.0,12.0,25.0,16.0,67.0,10.0,28.0,10.0,5.0
2017-06-18,26.0,1.0,8.0,9.0,12.0,12.0,40.0,10.0,0.0,9.0,2.0
2017-06-19,57.0,1.0,15.0,52.0,34.0,53.0,74.0,58.0,0.0,7.0,0.0
2017-06-20,69.0,1.0,16.0,57.0,49.0,55.0,76.0,57.0,0.0,14.0,5.0
2017-06-21,65.0,1.0,17.0,58.0,31.0,59.0,72.0,64.0,40.0,29.0,5.0
2017-06-22,52.0,1.0,15.0,55.0,36.0,57.0,72.0,51.0,0.0,21.0,9.0
2017-06-23,52.0,1.0,15.0,56.0,29.0,53.0,62.0,36.0,0.0,30.0,6.0
2017-06-24,37.0,1.0,10.0,12.0,30.0,17.0,55.0,18.0,0.0,19.0,3.0
2017-06-25,25.0,1.0,9.0,8.0,23.0,13.0,45.0,9.0,0.0,10.0,0.0
2017-06-26,45.0,1.0,12.0,15.0,35.0,20.0,55.0,24.0,0.0,13.0,3.0
2017-06-27,52.0,1.0,17.0,49.0,39.0,50.0,68.0,57.0,0.0,24.0,6.0
2017-06-28,61.0,1.0,15.0,50.0,48.0,50.0,71.0,48.0,27.0,21.0,1.0
2017-06-29,72.0,1.0,15.0,50.0,44.0,53.0,69.0,60.0,0.0,31.0,1.0
2017-06-30,70.0,1.0,16.0,50.0,43.0,51.0,53.0,42.0,0.0,30.0,0.0
2017-07-01,43.0,1.0,9.0,12.0,46.0,17.0,62.0,15.0,0.0,28.0,1.0
2017-07-02,31.0,1.0,9.0,9.0,36.0,13.0,46.0,11.0,0.0,17.0,0.0
2017-07-03,68.0,1.0,16.0,53.0,77.0,56.0,74.0,65.0,16.0,23.0,7.0
2017-07-04,69.0,1.0,17.0,55.0,65.0,55.0,70.0,53.0,16.0,37.0,6.0
2017-07-05,79.0,1.0,14.0,54.0,51.0,53.0,70.0,78.0,0.0,25.0,3.0
2017-07-06,82.0,1.0,17.0,53.0,68.0,56.0,64.0,52.0,21.0,21.0,4.0
2017-07-07,68.0,1.0,15.0,53.0,58.0,53.0,67.0,52.0,27.0,23.0,6.0
2017-07-08,48.0,1.0,10.0,14.0,42.0,19.0,52.0,23.0,27.0,32.0,4.0
2017-07-09,32.0,1.0,9.0,9.0,23.0,14.0,43.0,11.0,0.0,14.0,5.0
2017-07-10,89.0,1.0,17.0,64.0,37.0,63.0,72.0,68.0,16.0,18.0,4.0
2017-07-11,77.0,1.0,17.0,58.0,47.0,63.0,69.0,56.0,0.0,28.0,7.0
2017-07-12,74.0,1.0,17.0,63.0,35.0,62.0,68.0,66.0,0.0,15.0,5.0
2017-07-13,73.0,1.0,19.0,65.0,60.0,67.0,69.0,58.0,0.0,30.0,20.0
2017-07-14,78.0,1.0,17.0,65.0,57.0,64.0,70.0,51.0,0.0,21.0,0.0
2017-07-15,43.0,1.0,10.0,15.0,42.0,20.0,61.0,20.0,16.0,20.0,9.0
2017-07-16,32.0,1.0,10.0,11.0,21.0,16.0,49.0,15.0,0.0,14.0,5.0
2017-07-17,72.0,1.0,17.0,62.0,46.0,62.0,83.0,55.0,0.0,19.0,6.0
2017-07-18,70.0,1.0,17.0,64.0,42.0,62.0,67.0,64.0,0.0,23.0,3.0
2017-07-19,69.0,1.0,18.0,66.0,38.0,66.0,71.0,57.0,11.0,27.0,7.0
2017-07-20,64.0,1.0,16.0,61.0,38.0,62.0,67.0,53.0,0.0,35.0,11.0
2017-07-21,61.0,1.0,16.0,67.0,40.0,68.0,64.0,41.0,0.0,24.0,14.0
2017-07-22,37.0,1.0,11.0,15.0,35.0,21.0,56.0,26.0,0.0,30.0,4.0
2017-07-23,27.0,1.0,8.0,11.0,32.0,15.0,44.0,12.0,0.0,16.0,3.0
2017-07-24,61.0,1.0,18.0,62.0,56.0,66.0,71.0,56.0,15.0,19.0,4.0
2017-07-25,67.0,1.0,18.0,65.0,58.0,64.0,71.0,44.0,0.0,27.0,4.0
2017-07-26,66.0,1.0,18.0,62.0,34.0,64.0,69.0,52.0,0.0,34.0,8.0
2017-07-27,61.0,1.0,18.0,65.0,39.0,64.0,70.0,53.0,10.0,27.0,11.0
2017-07-28,64.0,1.0,17.0,61.0,47.0,61.0,68.0,70.0,0.0,18.0,3.0
2017-07-29,45.0,1.0,11.0,16.0,39.0,20.0,62.0,13.0,11.0,18.0,1.0
2017-07-30,28.0,1.0,9.0,12.0,36.0,16.0,54.0,16.0,0.0,17.0,0.0
2017-07-31,65.0,1.0,16.0,61.0,55.0,59.0,81.0,52.0,0.0,30.0,1.0
2017-08-01,65.0,1.0,16.0,61.0,53.0,61.0,73.0,67.0,25.0,21.0,7.0
2017-08-02,74.0,1.0,17.0,63.0,55.0,63.0,83.0,55.0,10.0,19.0,11.0
2017-08-03,65.0,1.0,17.0,57.0,59.0,60.0,81.0,53.0,15.0,26.0,9.0
2017-08-04,62.0,1.0,16.0,58.0,58.0,59.0,77.0,69.0,0.0,18.0,7.0
2017-08-05,42.0,1.0,9.0,18.0,53.0,21.0,67.0,15.0,0.0,24.0,0.0
2017-08-06,28.0,1.0,11.0,11.0,21.0,15.0,49.0,19.0,0.0,11.0,0.0
2017-08-07,57.0,1.0,16.0,59.0,58.0,58.0,73.0,48.0,37.0,21.0,0.0
2017-08-08,67.0,1.0,17.0,65.0,59.0,65.0,77.0,72.0,46.0,34.0,0.0
2017-08-09,60.0,1.0,15.0,65.0,48.0,63.0,73.0,60.0,10.0,17.0,5.0
2017-08-10,63.0,1.0,16.0,62.0,71.0,63.0,72.0,65.0,26.0,43.0,8.0
2017-08-11,64.0,1.0,16.0,64.0,65.0,66.0,63.0,45.0,41.0,24.0,1.0
2017-08-12,40.0,1.0,10.0,14.0,51.0,20.0,52.0,20.0,0.0,30.0,3.0
2017-08-13,33.0,1.0,9.0,11.0,33.0,17.0,55.0,19.0,0.0,5.0,0.0
2017-08-14,55.0,1.0,15.0,56.0,62.0,57.0,57.0,66.0,0.0,19.0,4.0
2017-08-15,32.0,1.0,11.0,16.0,26.0,20.0,51.0,13.0,0.0,13.0,0.0
2017-08-16,62.0,1.0,16.0,60.0,71.0,60.0,80.0,63.0,0.0,33.0,3.0
2017-08-17,60.0,1.0,17.0,57.0,30.0,58.0,69.0,58.0,10.0,31.0,4.0
2017-08-18,58.0,1.0,18.0,68.0,55.0,67.0,73.0,58.0,0.0,30.0,6.0
2017-08-19,44.0,1.0,11.0,18.0,42.0,22.0,66.0,17.0,26.0,26.0,3.0
2017-08-20,32.0,1.0,9.0,12.0,20.0,16.0,47.0,13.0,0.0,5.0,1.0
2017-08-21,62.0,1.0,17.0,64.0,51.0,64.0,81.0,65.0,0.0,31.0,11.0
2017-08-22,60.0,1.0,17.0,61.0,44.0,60.0,63.0,65.0,10.0,27.0,3.0
2017-08-23,73.0,1.0,16.0,61.0,43.0,61.0,73.0,77.0,10.0,32.0,6.0
2017-08-24,55.0,1.0,17.0,61.0,44.0,60.0,64.0,61.0,0.0,31.0,7.0
2017-08-25,43.0,1.0,12.0,25.0,37.0,27.0,52.0,29.0,0.0,20.0,2.0
2017-08-26,40.0,1.0,11.0,14.0,30.0,18.0,63.0,14.0,0.0,35.0,0.0
2017-08-27,30.0,1.0,10.0,11.0,25.0,15.0,49.0,15.0,0.0,8.0,0.0
2017-08-28,72.0,1.0,18.0,66.0,32.0,64.0,77.0,69.0,0.0,36.0,2.0
2017-08-29,75.0,1.0,17.0,61.0,37.0,61.0,80.0,86.0,28.0,23.0,1.0
2017-08-30,68.0,1.0,16.0,62.0,45.0,65.0,72.0,62.0,28.0,29.0,3.0
2017-08-31,70.0,1.0,17.0,60.0,47.0,61.0,75.0,68.0,22.0,16.0,11.0
2017-09-01,68.0,1.0,20.0,65.0,41.0,65.0,76.0,60.0,0.0,16.0,9.0
2017-09-02,44.0,1.0,12.0,17.0,37.0,21.0,61.0,26.0,0.0,21.0,0.0
2017-09-03,38.0,1.0,10.0,12.0,18.0,18.0,48.0,19.0,0.0,8.0,2.0
2017-09-04,74.0,1.0,17.0,65.0,51.0,65.0,82.0,51.0,12.0,45.0,2.0
2017-09-05,81.0,1.0,19.0,64.0,51.0,66.0,76.0,76.0,0.0,31.0,3.0
2017-09-06,74.0,1.0,17.0,63.0,45.0,64.0,79.0,81.0,17.0,35.0,5.0
2017-09-07,87.0,1.0,17.0,67.0,56.0,66.0,86.0,84.0,28.0,38.0,8.0
2017-09-08,69.0,,17.0,65.0,32.0,63.0,71.0,76.0,33.0,26.0,3.0
2017-09-09,48.0,,11.0,19.0,32.0,21.0,67.0,24.0,0.0,33.0,7.0
2017-09-10,36.0,,11.0,15.0,27.0,21.0,73.0,11.0,0.0,13.0,3.0
2017-09-11,84.0,,18.0,73.0,31.0,72.0,95.0,77.0,0.0,36.0,23.0
2017-09-12,81.0,,19.0,75.0,50.0,73.0,93.0,86.0,100.0,33.0,6.0
2017-09-13,79.0,,19.0,72.0,38.0,72.0,89.0,92.0,0.0,14.0,19.0
2017-09-14,78.0,,19.0,70.0,48.0,74.0,91.0,73.0,33.0,29.0,9.0
2017-09-15,84.0,,18.0,73.0,34.0,69.0,82.0,100.0,0.0,29.0,6.0
2017-09-16,48.0,,12.0,20.0,25.0,23.0,80.0,19.0,0.0,25.0,7.0
2017-09-17,34.0,,11.0,12.0,31.0,18.0,57.0,11.0,0.0,7.0,0.0
2017-09-18,78.0,,21.0,75.0,34.0,77.0,90.0,87.0,34.0,31.0,3.0
2017-09-19,79.0,,22.0,75.0,39.0,75.0,80.0,82.0,33.0,24.0,6.0
2017-09-20,73.0,,18.0,76.0,41.0,75.0,79.0,68.0,33.0,19.0,0.0
2017-09-21,66.0,,21.0,70.0,61.0,69.0,73.0,65.0,0.0,27.0,15.0
2017-09-22,78.0,,20.0,72.0,78.0,73.0,81.0,67.0,0.0,17.0,3.0
2017-09-23,42.0,,15.0,19.0,43.0,23.0,75.0,8.0,0.0,27.0,6.0
2017-09-24,39.0,,10.0,12.0,35.0,18.0,62.0,25.0,36.0,15.0,0.0
2017-09-25,74.0,,17.0,73.0,40.0,75.0,85.0,89.0,0.0,24.0,13.0
2017-09-26,68.0,,19.0,69.0,41.0,68.0,86.0,53.0,33.0,38.0,6.0
2017-09-27,100.0,,19.0,73.0,55.0,75.0,75.0,82.0,0.0,41.0,3.0
2017-09-28,76.0,,16.0,67.0,47.0,69.0,77.0,62.0,0.0,17.0,3.0
2017-09-29,62.0,,16.0,66.0,28.0,67.0,62.0,50.0,0.0,57.0,3.0
2017-09-30,42.0,,10.0,18.0,44.0,24.0,55.0,12.0,0.0,20.0,0.0
2017-10-01,31.0,,10.0,12.0,40.0,17.0,56.0,12.0,0.0,17.0,4.0
2017-10-02,48.0,,12.0,19.0,46.0,23.0,62.0,8.0,0.0,28.0,3.0
2017-10-03,82.0,,18.0,71.0,60.0,77.0,90.0,67.0,68.0,29.0,3.0
2017-10-04,88.0,,19.0,72.0,74.0,73.0,89.0,75.0,0.0,32.0,3.0
2017-10-05,72.0,,17.0,71.0,64.0,72.0,81.0,68.0,0.0,24.0,3.0
2017-10-06,79.0,,19.0,71.0,76.0,68.0,77.0,61.0,0.0,43.0,13.0
2017-10-07,48.0,,12.0,18.0,65.0,22.0,69.0,23.0,0.0,24.0,0.0
2017-10-08,42.0,,9.0,14.0,49.0,18.0,67.0,27.0,0.0,8.0,0.0
2017-10-09,78.0,,17.0,77.0,61.0,75.0,95.0,64.0,0.0,24.0,3.0
2017-10-10,82.0,,18.0,73.0,55.0,78.0,89.0,77.0,0.0,21.0,3.0
2017-10-11,77.0,,17.0,73.0,83.0,75.0,88.0,79.0,0.0,22.0,3.0
2017-10-12,74.0,,19.0,76.0,47.0,73.0,77.0,66.0,0.0,23.0,6.0
2017-10-13,82.0,,18.0,74.0,55.0,76.0,72.0,68.0,0.0,31.0,3.0
2017-10-14,51.0,,12.0,19.0,50.0,25.0,75.0,21.0,0.0,27.0,0.0
2017-10-15,41.0,,10.0,13.0,32.0,20.0,65.0,6.0,0.0,3.0,0.0
2017-10-16,77.0,,16.0,76.0,66.0,76.0,80.0,68.0,0.0,29.0,10.0
2017-10-17,69.0,,20.0,76.0,71.0,72.0,68.0,52.0,0.0,17.0,10.0
2017-10-18,68.0,,17.0,71.0,39.0,75.0,60.0,52.0,0.0,23.0,10.0
2017-10-19,43.0,,16.0,44.0,31.0,44.0,53.0,30.0,0.0,11.0,7.0
2017-10-20,47.0,,14.0,29.0,47.0,35.0,68.0,33.0,0.0,18.0,0.0
2017-10-21,34.0,,10.0,18.0,37.0,24.0,64.0,19.0,0.0,18.0,0.0
2017-10-22,32.0,,10.0,13.0,19.0,17.0,59.0,11.0,0.0,13.0,0.0
2017-10-23,81.0,,19.0,74.0,53.0,81.0,88.0,80.0,33.0,33.0,6.0
2017-10-24,73.0,,20.0,79.0,55.0,82.0,79.0,81.0,0.0,33.0,0.0
2017-10-25,87.0,,21.0,100.0,44.0,97.0,77.0,70.0,0.0,27.0,3.0
2017-10-26,76.0,,21.0,97.0,42.0,93.0,79.0,98.0,0.0,32.0,6.0
2017-10-27,73.0,,20.0,90.0,36.0,87.0,71.0,83.0,0.0,21.0,6.0
2017-10-28,49.0,,14.0,24.0,31.0,26.0,71.0,21.0,0.0,22.0,3.0
2017-10-29,39.0,,10.0,14.0,33.0,22.0,62.0,13.0,0.0,13.0,0.0
2017-10-30,80.0,,21.0,85.0,36.0,86.0,80.0,90.0,0.0,19.0,6.0
2017-10-31,72.0,,19.0,88.0,43.0,84.0,90.0,71.0,0.0,39.0,6.0
2017-11-01,66.0,,20.0,90.0,40.0,87.0,79.0,87.0,33.0,33.0,3.0
2017-11-02,77.0,,18.0,90.0,57.0,87.0,84.0,58.0,0.0,25.0,9.0
2017-11-03,70.0,,20.0,94.0,57.0,87.0,80.0,82.0,0.0,26.0,9.0
2017-11-04,47.0,,12.0,21.0,57.0,26.0,67.0,17.0,0.0,33.0,0.0
2017-11-05,37.0,,13.0,16.0,42.0,22.0,62.0,19.0,0.0,10.0,0.0
2017-11-06,71.0,,19.0,93.0,70.0,91.0,80.0,44.0,0.0,39.0,9.0
2017-11-07,72.0,,20.0,91.0,65.0,89.0,80.0,76.0,0.0,34.0,6.0
2017-11-08,69.0,,21.0,88.0,69.0,87.0,87.0,71.0,65.0,28.0,9.0
2017-11-09,73.0,,21.0,83.0,71.0,86.0,84.0,85.0,0.0,39.0,9.0
2017-11-10,57.0,,21.0,88.0,59.0,88.0,80.0,66.0,0.0,23.0,15.0
2017-11-11,45.0,,10.0,24.0,57.0,29.0,61.0,18.0,0.0,44.0,3.0
2017-11-12,38.0,,12.0,17.0,42.0,22.0,58.0,8.0,35.0,2.0,13.0
2017-11-13,59.0,,17.0,87.0,40.0,87.0,93.0,34.0,0.0,23.0,6.0
2017-11-14,72.0,,21.0,88.0,59.0,86.0,83.0,46.0,0.0,34.0,6.0
2017-11-15,66.0,1.0,19.0,80.0,43.0,81.0,81.0,68.0,31.0,35.0,8.0
2017-11-16,72.0,1.0,18.0,80.0,42.0,83.0,77.0,64.0,0.0,26.0,6.0
2017-11-17,67.0,1.0,17.0,82.0,57.0,84.0,72.0,59.0,32.0,30.0,4.0
2017-11-18,41.0,1.0,11.0,23.0,46.0,27.0,74.0,23.0,0.0,19.0,3.0
2017-11-19,32.0,1.0,10.0,16.0,27.0,22.0,59.0,26.0,16.0,6.0,7.0
2017-11-20,63.0,1.0,17.0,83.0,69.0,81.0,73.0,51.0,0.0,37.0,12.0
2017-11-21,67.0,1.0,20.0,88.0,60.0,87.0,83.0,73.0,0.0,30.0,5.0
2017-11-22,67.0,1.0,18.0,85.0,63.0,85.0,77.0,82.0,16.0,23.0,10.0
2017-11-23,63.0,1.0,18.0,80.0,71.0,83.0,73.0,46.0,16.0,37.0,10.0
2017-11-24,57.0,1.0,20.0,83.0,44.0,81.0,72.0,62.0,0.0,29.0,10.0
2017-11-25,43.0,1.0,10.0,20.0,60.0,26.0,73.0,29.0,0.0,20.0,3.0
2017-11-26,33.0,1.0,11.0,16.0,41.0,22.0,60.0,11.0,0.0,20.0,5.0
2017-11-27,61.0,1.0,20.0,81.0,68.0,82.0,77.0,45.0,32.0,37.0,7.0
2017-11-28,71.0,1.0,20.0,89.0,75.0,84.0,84.0,74.0,16.0,30.0,15.0
2017-11-29,69.0,1.0,20.0,85.0,59.0,87.0,71.0,86.0,0.0,13.0,18.0
2017-11-30,71.0,1.0,20.0,78.0,65.0,78.0,76.0,84.0,15.0,31.0,6.0
2017-12-01,63.0,1.0,19.0,77.0,69.0,77.0,68.0,67.0,0.0,29.0,3.0
2017-12-02,46.0,1.0,11.0,20.0,70.0,24.0,62.0,16.0,0.0,22.0,3.0
2017-12-03,31.0,1.0,12.0,15.0,59.0,20.0,59.0,22.0,0.0,15.0,0.0
2017-12-04,68.0,1.0,18.0,77.0,68.0,76.0,80.0,87.0,32.0,14.0,0.0
2017-12-05,67.0,1.0,16.0,73.0,71.0,77.0,79.0,61.0,30.0,27.0,3.0
2017-12-06,74.0,1.0,19.0,71.0,82.0,72.0,75.0,59.0,30.0,36.0,6.0
2017-12-07,69.0,1.0,19.0,80.0,88.0,80.0,74.0,63.0,0.0,27.0,7.0
2017-12-08,65.0,1.0,17.0,78.0,96.0,77.0,77.0,54.0,15.0,23.0,8.0
2017-12-09,40.0,1.0,11.0,21.0,73.0,27.0,62.0,20.0,0.0,34.0,3.0
2017-12-10,33.0,1.0,9.0,16.0,41.0,21.0,51.0,21.0,0.0,19.0,7.0
2017-12-11,66.0,1.0,18.0,79.0,71.0,77.0,76.0,62.0,29.0,41.0,8.0
2017-12-12,72.0,1.0,17.0,74.0,61.0,76.0,77.0,47.0,0.0,20.0,15.0
2017-12-13,59.0,1.0,18.0,71.0,58.0,74.0,71.0,58.0,0.0,31.0,7.0
2017-12-14,66.0,1.0,17.0,69.0,75.0,71.0,72.0,62.0,0.0,25.0,5.0
2017-12-15,60.0,1.0,18.0,79.0,78.0,78.0,67.0,45.0,0.0,35.0,3.0
2017-12-16,40.0,1.0,10.0,20.0,55.0,26.0,67.0,9.0,0.0,20.0,2.0
2017-12-17,28.0,1.0,9.0,15.0,45.0,20.0,59.0,1.0,0.0,6.0,2.0
2017-12-18,60.0,1.0,16.0,75.0,44.0,77.0,64.0,63.0,0.0,24.0,1.0
2017-12-19,65.0,1.0,17.0,80.0,56.0,82.0,78.0,54.0,0.0,33.0,6.0
2017-12-20,65.0,1.0,18.0,82.0,52.0,83.0,76.0,67.0,30.0,26.0,14.0
2017-12-21,65.0,1.0,19.0,87.0,57.0,86.0,74.0,63.0,0.0,21.0,11.0
2017-12-22,58.0,1.0,18.0,81.0,57.0,81.0,63.0,54.0,0.0,25.0,10.0
2017-12-23,38.0,1.0,11.0,22.0,47.0,26.0,51.0,15.0,15.0,21.0,2.0
2017-12-24,22.0,1.0,10.0,15.0,41.0,20.0,48.0,9.0,0.0,7.0,0.0
2017-12-25,33.0,1.0,11.0,22.0,59.0,25.0,57.0,12.0,0.0,16.0,2.0
2017-12-26,61.0,1.0,18.0,87.0,64.0,86.0,79.0,56.0,30.0,22.0,1.0
2017-12-27,65.0,1.0,18.0,88.0,57.0,90.0,79.0,51.0,0.0,25.0,3.0
2017-12-28,69.0,1.0,18.0,89.0,49.0,90.0,83.0,59.0,0.0,32.0,3.0
2017-12-29,52.0,1.0,16.0,95.0,60.0,93.0,68.0,61.0,0.0,18.0,6.0
2017-12-30,40.0,1.0,13.0,25.0,62.0,30.0,62.0,15.0,0.0,18.0,2.0
2017-12-31,29.0,1.0,10.0,15.0,32.0,20.0,45.0,14.0,0.0,5.0,0.0
2018-01-01,51.0,1.0,16.0,89.0,49.0,85.0,62.0,29.0,0.0,31.0,4.0
2018-01-02,59.0,1.0,19.0,90.0,83.0,91.0,85.0,63.0,56.0,30.0,6.0
2018-01-03,63.0,1.0,19.0,91.0,78.0,89.0,79.0,53.0,0.0,24.0,6.0
2018-01-04,61.0,1.0,20.0,98.0,73.0,98.0,83.0,67.0,0.0,23.0,8.0
2018-01-05,61.0,1.0,20.0,96.0,78.0,100.0,73.0,47.0,43.0,18.0,3.0
2018-01-06,40.0,1.0,11.0,25.0,65.0,30.0,67.0,10.0,15.0,26.0,2.0
2018-01-07,33.0,1.0,11.0,18.0,50.0,23.0,54.0,13.0,0.0,8.0,4.0
2018-01-08,68.0,1.0,20.0,99.0,83.0,98.0,84.0,63.0,14.0,29.0,14.0
2018-01-09,68.0,1.0,22.0,100.0,73.0,99.0,83.0,62.0,0.0,23.0,6.0
2018-01-10,60.0,1.0,18.0,98.0,53.0,97.0,79.0,51.0,15.0,26.0,16.0
2018-01-11,62.0,1.0,20.0,100.0,47.0,98.0,80.0,41.0,14.0,27.0,4.0
2018-01-12,65.0,1.0,16.0,96.0,39.0,95.0,72.0,58.0,0.0,18.0,6.0
2018-01-13,39.0,1.0,11.0,25.0,45.0,30.0,58.0,10.0,0.0,24.0,5.0
2018-01-14,26.0,1.0,10.0,18.0,25.0,22.0,54.0,12.0,0.0,5.0,0.0
2018-01-15,59.0,1.0,20.0,86.0,43.0,85.0,69.0,43.0,15.0,27.0,9.0
2018-01-16,61.0,1.0,20.0,89.0,54.0,91.0,75.0,52.0,14.0,18.0,16.0
2018-01-17,63.0,1.0,20.0,93.0,52.0,93.0,79.0,52.0,28.0,15.0,8.0
2018-01-18,67.0,1.0,18.0,94.0,33.0,95.0,87.0,56.0,28.0,26.0,6.0
2018-01-19,71.0,1.0,19.0,89.0,34.0,90.0,76.0,41.0,14.0,24.0,11.0
2018-01-20,47.0,1.0,13.0,22.0,43.0,28.0,66.0,17.0,0.0,26.0,5.0
2018-01-21,40.0,1.0,9.0,17.0,36.0,23.0,60.0,9.0,0.0,14.0,7.0
2018-01-22,76.0,1.0,18.0,90.0,49.0,89.0,77.0,54.0,0.0,45.0,14.0
2018-01-23,70.0,1.0,18.0,95.0,49.0,95.0,83.0,53.0,28.0,23.0,8.0
2018-01-24,70.0,1.0,18.0,88.0,43.0,91.0,74.0,57.0,13.0,17.0,3.0
2018-01-25,59.0,1.0,16.0,81.0,49.0,79.0,67.0,52.0,27.0,27.0,5.0
2018-01-26,35.0,1.0,12.0,21.0,31.0,26.0,48.0,22.0,15.0,11.0,6.0
2018-01-27,40.0,1.0,9.0,18.0,56.0,21.0,64.0,15.0,0.0,23.0,3.0
2018-01-28,31.0,1.0,8.0,16.0,32.0,20.0,57.0,12.0,0.0,8.0,0.0
2018-01-29,77.0,1.0,18.0,85.0,38.0,88.0,83.0,54.0,14.0,28.0,3.0
2018-01-30,71.0,1.0,19.0,84.0,37.0,84.0,82.0,54.0,13.0,22.0,10.0
2018-01-31,62.0,1.0,19.0,83.0,38.0,82.0,76.0,53.0,0.0,20.0,9.0
2018-02-01,87.0,1.0,20.0,89.0,44.0,89.0,76.0,43.0,13.0,30.0,1.0
2018-02-02,75.0,1.0,18.0,90.0,55.0,97.0,76.0,41.0,14.0,38.0,10.0
2018-02-03,50.0,1.0,12.0,23.0,43.0,28.0,70.0,13.0,28.0,26.0,5.0
2018-02-04,34.0,1.0,9.0,17.0,21.0,21.0,55.0,4.0,0.0,9.0,0.0
2018-02-05,73.0,1.0,20.0,88.0,37.0,88.0,92.0,59.0,0.0,46.0,11.0
2018-02-06,71.0,1.0,30.0,96.0,48.0,99.0,81.0,59.0,0.0,14.0,10.0
2018-02-07,65.0,1.0,21.0,86.0,51.0,85.0,77.0,52.0,27.0,32.0,8.0
2018-02-08,67.0,1.0,19.0,90.0,43.0,91.0,75.0,60.0,13.0,29.0,16.0
2018-02-09,64.0,1.0,20.0,88.0,51.0,85.0,73.0,52.0,14.0,38.0,10.0
2018-02-10,42.0,1.0,10.0,21.0,27.0,27.0,62.0,8.0,0.0,15.0,1.0
2018-02-11,35.0,1.0,9.0,17.0,24.0,22.0,60.0,12.0,0.0,16.0,2.0
2018-02-12,67.0,1.0,19.0,85.0,37.0,85.0,82.0,64.0,27.0,30.0,5.0
2018-02-13,51.0,1.0,16.0,35.0,32.0,40.0,66.0,16.0,0.0,28.0,5.0
2018-02-14,59.0,1.0,18.0,84.0,37.0,84.0,72.0,48.0,0.0,28.0,8.0
2018-02-15,65.0,1.0,19.0,92.0,37.0,90.0,82.0,45.0,28.0,24.0,7.0
2018-02-16,64.0,1.0,17.0,85.0,29.0,84.0,72.0,43.0,14.0,23.0,3.0
2018-02-17,48.0,1.0,11.0,24.0,44.0,27.0,71.0,15.0,14.0,22.0,6.0
2018-02-18,33.0,1.0,9.0,16.0,16.0,22.0,54.0,12.0,0.0,9.0,3.0
2018-02-19,61.0,1.0,16.0,82.0,35.0,82.0,82.0,46.0,0.0,34.0,6.0
2018-02-20,62.0,1.0,16.0,80.0,30.0,78.0,79.0,64.0,13.0,23.0,1.0
2018-02-21,62.0,1.0,18.0,75.0,37.0,75.0,77.0,47.0,41.0,35.0,7.0
2018-02-22,63.0,1.0,18.0,73.0,33.0,71.0,76.0,39.0,0.0,38.0,4.0
2018-02-23,57.0,1.0,18.0,73.0,37.0,71.0,71.0,33.0,27.0,26.0,9.0
2018-02-24,41.0,,10.0,18.0,24.0,24.0,62.0,25.0,0.0,21.0,0.0
2018-02-25,30.0,,8.0,12.0,16.0,21.0,52.0,4.0,0.0,16.0,0.0
2018-02-26,63.0,,15.0,75.0,40.0,79.0,78.0,53.0,0.0,46.0,13.0
2018-02-27,60.0,,15.0,73.0,41.0,76.0,70.0,50.0,26.0,20.0,0.0
2018-02-28,55.0,,16.0,70.0,38.0,72.0,75.0,67.0,0.0,23.0,0.0
2018-03-01,52.0,,15.0,67.0,41.0,68.0,67.0,43.0,0.0,30.0,6.0
2018-03-02,44.0,,11.0,22.0,44.0,26.0,60.0,22.0,0.0,19.0,3.0
2018-03-03,44.0,,9.0,15.0,55.0,20.0,75.0,7.0,0.0,30.0,6.0
2018-03-04,30.0,,7.0,12.0,30.0,18.0,63.0,4.0,0.0,16.0,10.0
2018-03-05,51.0,,14.0,66.0,52.0,66.0,83.0,27.0,26.0,33.0,0.0
2018-03-06,60.0,,15.0,64.0,42.0,67.0,87.0,45.0,0.0,24.0,0.0
2018-03-07,61.0,,16.0,70.0,44.0,74.0,74.0,61.0,26.0,39.0,12.0
2018-03-08,59.0,,14.0,69.0,43.0,69.0,71.0,32.0,25.0,28.0,12.0
2018-03-09,64.0,,13.0,66.0,41.0,67.0,74.0,33.0,27.0,31.0,3.0
2018-03-10,38.0,,8.0,17.0,38.0,22.0,65.0,18.0,0.0,26.0,3.0
2018-03-11,33.0,,8.0,11.0,32.0,16.0,64.0,12.0,0.0,13.0,0.0
2018-03-12,61.0,,13.0,66.0,34.0,68.0,79.0,48.0,0.0,25.0,12.0
2018-03-13,69.0,,15.0,72.0,38.0,71.0,80.0,55.0,0.0,36.0,3.0
2018-03-14,59.0,,13.0,70.0,53.0,68.0,81.0,39.0,50.0,32.0,6.0
2018-03-15,57.0,,13.0,69.0,36.0,70.0,75.0,51.0,0.0,18.0,3.0
2018-03-16,69.0,,14.0,68.0,35.0,70.0,76.0,67.0,0.0,31.0,3.0
2018-03-17,46.0,,8.0,19.0,36.0,24.0,74.0,11.0,0.0,29.0,6.0
2018-03-18,32.0,,8.0,12.0,36.0,18.0,67.0,12.0,0.0,9.0,0.0
2018-03-19,64.0,,16.0,68.0,35.0,67.0,82.0,62.0,0.0,45.0,9.0
2018-03-20,67.0,,16.0,68.0,37.0,66.0,81.0,78.0,25.0,34.0,6.0
2018-03-21,65.0,,16.0,66.0,41.0,69.0,73.0,69.0,25.0,30.0,6.0
2018-03-22,57.0,,16.0,66.0,40.0,68.0,78.0,65.0,0.0,22.0,3.0
2018-03-23,66.0,,17.0,65.0,35.0,67.0,68.0,58.0,26.0,26.0,12.0
2018-03-24,49.0,,10.0,18.0,38.0,23.0,73.0,16.0,0.0,27.0,0.0
2018-03-25,29.0,,9.0,13.0,31.0,18.0,63.0,17.0,0.0,13.0,3.0
2018-03-26,57.0,,14.0,63.0,31.0,69.0,78.0,38.0,0.0,22.0,12.0
2018-03-27,62.0,,15.0,70.0,43.0,71.0,80.0,53.0,0.0,32.0,9.0
2018-03-28,56.0,,16.0,65.0,41.0,66.0,77.0,25.0,0.0,26.0,0.0
2018-03-29,50.0,,14.0,29.0,47.0,32.0,81.0,32.0,0.0,26.0,9.0
2018-03-30,37.0,,11.0,19.0,44.0,25.0,71.0,18.0,0.0,25.0,0.0
2018-03-31,39.0,,8.0,13.0,31.0,18.0,64.0,25.0,0.0,17.0,0.0
2018-04-01,30.0,,8.0,12.0,39.0,17.0,65.0,3.0,0.0,9.0,0.0
2018-04-02,64.0,,14.0,67.0,63.0,67.0,82.0,36.0,0.0,23.0,0.0
2018-04-03,64.0,,15.0,69.0,59.0,72.0,92.0,48.0,0.0,33.0,0.0
2018-04-04,64.0,,16.0,70.0,57.0,73.0,91.0,35.0,0.0,26.0,3.0
2018-04-05,56.0,,15.0,69.0,79.0,74.0,76.0,40.0,0.0,34.0,6.0
2018-04-06,55.0,,15.0,69.0,75.0,73.0,75.0,23.0,0.0,24.0,3.0
2018-04-07,38.0,,8.0,17.0,54.0,22.0,62.0,13.0,0.0,22.0,3.0
2018-04-08,33.0,,8.0,12.0,40.0,18.0,58.0,16.0,27.0,11.0,0.0
2018-04-09,54.0,,15.0,68.0,69.0,68.0,84.0,34.0,0.0,40.0,6.0
2018-04-10,57.0,,16.0,70.0,46.0,70.0,85.0,36.0,0.0,20.0,6.0
2018-04-11,55.0,,14.0,73.0,43.0,71.0,69.0,29.0,25.0,30.0,6.0
2018-04-12,60.0,,14.0,66.0,53.0,69.0,68.0,23.0,0.0,24.0,15.0
2018-04-13,53.0,,13.0,64.0,39.0,69.0,67.0,19.0,0.0,30.0,6.0
2018-04-14,32.0,,8.0,17.0,44.0,21.0,52.0,7.0,0.0,30.0,0.0
2018-04-15,27.0,,7.0,12.0,39.0,16.0,51.0,12.0,0.0,11.0,0.0
2018-04-16,57.0,,16.0,67.0,44.0,68.0,74.0,35.0,51.0,33.0,6.0
2018-04-17,54.0,,14.0,66.0,56.0,68.0,74.0,17.0,0.0,28.0,6.0
2018-04-18,52.0,,15.0,65.0,56.0,70.0,64.0,21.0,0.0,30.0,9.0
2018-04-19,53.0,,16.0,72.0,41.0,75.0,61.0,35.0,0.0,19.0,3.0
2018-04-20,47.0,,14.0,73.0,54.0,74.0,67.0,11.0,0.0,25.0,6.0
2018-04-21,37.0,,8.0,17.0,37.0,24.0,60.0,9.0,0.0,17.0,0.0
2018-04-22,36.0,,9.0,14.0,25.0,18.0,52.0,12.0,0.0,11.0,0.0
2018-04-23,52.0,,15.0,69.0,47.0,78.0,69.0,44.0,0.0,14.0,9.0
2018-04-24,56.0,,13.0,73.0,59.0,75.0,67.0,17.0,25.0,32.0,6.0
2018-04-25,57.0,,15.0,67.0,47.0,72.0,68.0,15.0,0.0,36.0,6.0
2018-04-26,52.0,,15.0,70.0,46.0,73.0,70.0,26.0,0.0,22.0,15.0
2018-04-27,58.0,,15.0,68.0,46.0,72.0,59.0,29.0,0.0,30.0,15.0
2018-04-28,37.0,,10.0,17.0,55.0,20.0,55.0,13.0,0.0,23.0,0.0
2018-04-29,30.0,,8.0,12.0,24.0,18.0,50.0,4.0,0.0,16.0,0.0
2018-04-30,47.0,,14.0,63.0,54.0,67.0,62.0,14.0,0.0,21.0,0.0
2018-05-01,41.0,,12.0,29.0,49.0,34.0,51.0,8.0,0.0,41.0,6.0
2018-05-02,60.0,,14.0,70.0,73.0,71.0,67.0,28.0,0.0,23.0,12.0
2018-05-03,49.0,1.0,14.0,66.0,63.0,69.0,61.0,31.0,0.0,27.0,10.0
2018-05-04,52.0,1.0,13.0,65.0,60.0,67.0,65.0,31.0,25.0,27.0,8.0
2018-05-05,45.0,1.0,9.0,17.0,63.0,23.0,62.0,11.0,0.0,31.0,5.0
2018-05-06,26.0,1.0,8.0,14.0,32.0,17.0,49.0,8.0,0.0,17.0,6.0
2018-05-07,52.0,1.0,12.0,69.0,52.0,71.0,59.0,27.0,0.0,24.0,18.0
2018-05-08,51.0,1.0,13.0,69.0,60.0,71.0,69.0,25.0,0.0,20.0,3.0
2018-05-09,54.0,1.0,15.0,67.0,64.0,73.0,65.0,26.0,0.0,26.0,9.0
2018-05-10,51.0,1.0,15.0,67.0,55.0,71.0,66.0,16.0,24.0,15.0,4.0
2018-05-11,50.0,1.0,14.0,69.0,49.0,72.0,57.0,19.0,0.0,29.0,15.0
2018-05-12,26.0,1.0,8.0,17.0,48.0,23.0,44.0,5.0,0.0,21.0,2.0
2018-05-13,23.0,1.0,7.0,13.0,38.0,18.0,44.0,5.0,13.0,13.0,2.0
2018-05-14,54.0,1.0,15.0,65.0,59.0,68.0,65.0,15.0,36.0,22.0,10.0
2018-05-15,45.0,1.0,12.0,59.0,51.0,65.0,61.0,26.0,22.0,19.0,7.0
2018-05-16,46.0,1.0,11.0,61.0,49.0,65.0,61.0,19.0,0.0,33.0,6.0
2018-05-17,54.0,1.0,14.0,67.0,54.0,70.0,67.0,32.0,0.0,30.0,1.0
2018-05-18,52.0,1.0,12.0,63.0,50.0,67.0,64.0,23.0,12.0,21.0,12.0
2018-05-19,38.0,1.0,8.0,17.0,34.0,22.0,50.0,13.0,0.0,28.0,6.0
2018-05-20,25.0,1.0,7.0,13.0,26.0,17.0,51.0,3.0,0.0,12.0,5.0
2018-05-21,52.0,1.0,14.0,68.0,44.0,68.0,69.0,21.0,36.0,32.0,4.0
2018-05-22,47.0,1.0,14.0,64.0,42.0,69.0,71.0,14.0,0.0,28.0,10.0
2018-05-23,47.0,1.0,13.0,62.0,43.0,68.0,62.0,19.0,0.0,27.0,8.0
2018-05-24,54.0,1.0,14.0,64.0,49.0,67.0,65.0,19.0,36.0,25.0,2.0
2018-05-25,46.0,1.0,15.0,64.0,40.0,67.0,65.0,10.0,23.0,14.0,13.0
2018-05-26,33.0,1.0,8.0,17.0,33.0,22.0,55.0,12.0,0.0,28.0,0.0
2018-05-27,26.0,1.0,7.0,12.0,23.0,16.0,45.0,4.0,0.0,13.0,3.0
2018-05-28,50.0,1.0,12.0,65.0,61.0,66.0,70.0,19.0,22.0,33.0,0.0
2018-05-29,47.0,1.0,12.0,64.0,66.0,68.0,64.0,19.0,0.0,28.0,7.0
2018-05-30,47.0,1.0,13.0,64.0,51.0,67.0,62.0,21.0,11.0,22.0,13.0
2018-05-31,50.0,1.0,12.0,65.0,40.0,68.0,59.0,24.0,22.0,29.0,6.0
2018-06-01,46.0,1.0,13.0,63.0,42.0,68.0,65.0,21.0,0.0,24.0,3.0
2018-06-02,42.0,1.0,9.0,19.0,58.0,23.0,66.0,2.0,0.0,18.0,5.0
2018-06-03,30.0,1.0,7.0,12.0,29.0,18.0,54.0,13.0,0.0,12.0,2.0
2018-06-04,52.0,1.0,12.0,62.0,69.0,65.0,75.0,23.0,12.0,21.0,6.0
2018-06-05,51.0,1.0,16.0,59.0,72.0,62.0,78.0,28.0,23.0,25.0,9.0
2018-06-06,48.0,1.0,13.0,59.0,48.0,62.0,67.0,22.0,11.0,16.0,3.0
2018-06-07,52.0,1.0,16.0,63.0,60.0,64.0,71.0,17.0,22.0,32.0,4.0
2018-06-08,50.0,1.0,14.0,61.0,75.0,64.0,65.0,14.0,11.0,20.0,9.0
2018-06-09,36.0,1.0,7.0,16.0,43.0,21.0,63.0,7.0,0.0,25.0,6.0
2018-06-10,28.0,1.0,7.0,10.0,22.0,17.0,54.0,1.0,38.0,10.0,0.0
2018-06-11,52.0,1.0,13.0,61.0,37.0,64.0,77.0,21.0,11.0,35.0,3.0
2018-06-12,56.0,1.0,14.0,69.0,42.0,74.0,73.0,17.0,10.0,35.0,2.0
2018-06-13,56.0,1.0,14.0,71.0,32.0,73.0,76.0,17.0,10.0,29.0,7.0
2018-06-14,53.0,1.0,15.0,62.0,43.0,65.0,64.0,20.0,11.0,23.0,16.0
2018-06-15,46.0,1.0,11.0,57.0,29.0,61.0,59.0,15.0,56.0,18.0,5.0
2018-06-16,31.0,1.0,7.0,15.0,32.0,21.0,49.0,15.0,0.0,24.0,8.0
2018-06-17,27.0,1.0,7.0,9.0,24.0,18.0,45.0,11.0,0.0,17.0,0.0
2018-06-18,49.0,1.0,13.0,58.0,35.0,61.0,67.0,25.0,11.0,26.0,11.0
2018-06-19,58.0,1.0,15.0,57.0,35.0,60.0,65.0,12.0,56.0,24.0,6.0
2018-06-20,50.0,1.0,12.0,60.0,35.0,63.0,69.0,16.0,0.0,29.0,8.0
2018-06-21,51.0,1.0,15.0,57.0,26.0,58.0,57.0,30.0,22.0,27.0,10.0
2018-06-22,48.0,1.0,13.0,55.0,35.0,58.0,62.0,15.0,23.0,24.0,11.0
2018-06-23,34.0,1.0,8.0,15.0,29.0,21.0,50.0,5.0,0.0,22.0,3.0
2018-06-24,23.0,1.0,7.0,11.0,24.0,16.0,48.0,12.0,0.0,19.0,4.0
2018-06-25,48.0,1.0,12.0,56.0,42.0,60.0,68.0,20.0,34.0,30.0,16.0
2018-06-26,48.0,1.0,13.0,52.0,29.0,56.0,61.0,12.0,11.0,18.0,10.0
2018-06-27,47.0,1.0,15.0,55.0,40.0,57.0,65.0,17.0,22.0,20.0,3.0
2018-06-28,49.0,1.0,13.0,56.0,24.0,59.0,63.0,25.0,22.0,15.0,10.0
2018-06-29,52.0,1.0,12.0,57.0,32.0,59.0,61.0,14.0,11.0,29.0,5.0
2018-06-30,35.0,1.0,7.0,15.0,27.0,21.0,56.0,8.0,11.0,18.0,0.0
2018-07-01,32.0,1.0,8.0,9.0,23.0,17.0,45.0,5.0,0.0,14.0,5.0
2018-07-02,51.0,1.0,11.0,55.0,42.0,59.0,68.0,13.0,0.0,19.0,2.0
2018-07-03,53.0,1.0,13.0,56.0,41.0,59.0,70.0,19.0,0.0,29.0,8.0
2018-07-04,54.0,1.0,13.0,56.0,37.0,60.0,67.0,13.0,23.0,14.0,9.0
2018-07-05,54.0,1.0,12.0,57.0,45.0,60.0,69.0,21.0,11.0,33.0,0.0
2018-07-06,47.0,1.0,13.0,58.0,39.0,63.0,67.0,19.0,0.0,25.0,6.0
2018-07-07,42.0,1.0,8.0,15.0,34.0,20.0,61.0,10.0,23.0,26.0,2.0
2018-07-08,28.0,1.0,7.0,11.0,25.0,17.0,51.0,5.0,12.0,7.0,3.0
2018-07-09,55.0,1.0,14.0,64.0,32.0,67.0,75.0,16.0,0.0,33.0,7.0
2018-07-10,54.0,1.0,14.0,61.0,39.0,65.0,66.0,26.0,0.0,25.0,5.0
2018-07-11,55.0,1.0,14.0,65.0,24.0,65.0,67.0,13.0,0.0,18.0,13.0
2018-07-12,49.0,1.0,15.0,58.0,32.0,64.0,69.0,18.0,0.0,27.0,6.0
2018-07-13,50.0,1.0,15.0,58.0,38.0,65.0,66.0,24.0,11.0,25.0,2.0
2018-07-14,33.0,1.0,9.0,16.0,25.0,23.0,53.0,6.0,12.0,26.0,5.0
2018-07-15,29.0,1.0,8.0,10.0,22.0,17.0,44.0,1.0,24.0,15.0,0.0
2018-07-16,54.0,1.0,14.0,61.0,39.0,65.0,70.0,18.0,0.0,22.0,6.0
2018-07-17,52.0,1.0,14.0,57.0,30.0,62.0,68.0,25.0,0.0,29.0,3.0
2018-07-18,51.0,1.0,13.0,60.0,41.0,64.0,71.0,20.0,56.0,31.0,5.0
2018-07-19,54.0,1.0,14.0,57.0,35.0,63.0,69.0,17.0,12.0,22.0,1.0
2018-07-20,59.0,1.0,12.0,58.0,39.0,64.0,65.0,19.0,12.0,22.0,11.0
2018-07-21,41.0,1.0,9.0,16.0,35.0,23.0,67.0,5.0,12.0,21.0,0.0
2018-07-22,30.0,1.0,7.0,11.0,21.0,18.0,52.0,10.0,0.0,7.0,5.0
2018-07-23,59.0,1.0,13.0,59.0,44.0,65.0,74.0,14.0,57.0,33.0,6.0
2018-07-24,63.0,1.0,15.0,59.0,31.0,66.0,70.0,24.0,11.0,40.0,9.0
2018-07-25,56.0,1.0,13.0,59.0,30.0,63.0,68.0,18.0,0.0,30.0,7.0
2018-07-26,59.0,1.0,16.0,63.0,28.0,69.0,64.0,14.0,43.0,34.0,7.0
2018-07-27,51.0,1.0,16.0,65.0,33.0,68.0,59.0,15.0,11.0,26.0,7.0
2018-07-28,39.0,1.0,10.0,17.0,31.0,24.0,56.0,14.0,33.0,29.0,5.0
2018-07-29,26.0,1.0,8.0,12.0,25.0,20.0,46.0,3.0,0.0,14.0,6.0
2018-07-30,60.0,1.0,14.0,64.0,37.0,70.0,70.0,22.0,11.0,29.0,17.0
2018-07-31,56.0,1.0,16.0,67.0,25.0,72.0,67.0,12.0,11.0,27.0,4.0
2018-08-01,53.0,1.0,16.0,66.0,35.0,73.0,65.0,22.0,11.0,29.0,6.0
2018-08-02,58.0,1.0,15.0,73.0,55.0,77.0,70.0,17.0,40.0,23.0,8.0
2018-08-03,52.0,1.0,17.0,64.0,47.0,70.0,63.0,19.0,22.0,21.0,13.0
2018-08-04,40.0,1.0,9.0,17.0,49.0,23.0,60.0,10.0,0.0,17.0,3.0
2018-08-05,28.0,1.0,7.0,11.0,41.0,21.0,51.0,5.0,23.0,12.0,4.0
2018-08-06,55.0,1.0,16.0,77.0,61.0,80.0,67.0,22.0,11.0,30.0,12.0
2018-08-07,51.0,1.0,16.0,67.0,76.0,73.0,68.0,18.0,11.0,25.0,1.0
2018-08-08,50.0,1.0,16.0,66.0,58.0,73.0,63.0,17.0,10.0,15.0,1.0
2018-08-09,48.0,1.0,15.0,67.0,59.0,75.0,60.0,17.0,21.0,19.0,11.0
2018-08-10,54.0,1.0,16.0,64.0,66.0,70.0,63.0,13.0,42.0,19.0,2.0
2018-08-11,36.0,1.0,9.0,16.0,60.0,22.0,56.0,6.0,21.0,23.0,6.0
2018-08-12,20.0,,8.0,12.0,38.0,19.0,51.0,6.0,0.0,12.0,3.0
2018-08-13,49.0,,14.0,61.0,67.0,70.0,64.0,25.0,21.0,27.0,9.0
2018-08-14,43.0,,14.0,60.0,52.0,66.0,55.0,16.0,61.0,25.0,3.0
2018-08-15,23.0,,9.0,17.0,41.0,24.0,46.0,11.0,0.0,11.0,6.0
2018-08-16,44.0,,15.0,62.0,46.0,64.0,59.0,16.0,0.0,20.0,0.0
2018-08-17,49.0,,15.0,61.0,52.0,65.0,54.0,17.0,0.0,33.0,6.0
2018-08-18,34.0,,10.0,16.0,41.0,23.0,57.0,7.0,0.0,19.0,6.0
2018-08-19,24.0,,8.0,12.0,35.0,19.0,46.0,7.0,0.0,21.0,3.0
2018-08-20,44.0,,14.0,59.0,47.0,67.0,69.0,12.0,0.0,33.0,37.0
2018-08-21,48.0,,15.0,62.0,56.0,68.0,68.0,17.0,42.0,24.0,6.0
2018-08-22,33.0,,11.0,23.0,44.0,33.0,59.0,5.0,0.0,20.0,0.0
2018-08-23,47.0,,14.0,66.0,45.0,74.0,65.0,17.0,0.0,38.0,6.0
2018-08-24,49.0,,15.0,61.0,51.0,68.0,57.0,13.0,0.0,28.0,10.0
2018-08-25,32.0,,9.0,16.0,41.0,24.0,56.0,11.0,22.0,25.0,7.0
2018-08-26,22.0,,7.0,11.0,29.0,19.0,43.0,4.0,0.0,8.0,0.0
2018-08-27,49.0,,16.0,67.0,43.0,71.0,65.0,16.0,22.0,28.0,13.0
2018-08-28,45.0,,16.0,59.0,64.0,68.0,69.0,14.0,0.0,23.0,27.0
2018-08-29,47.0,,15.0,63.0,48.0,68.0,68.0,12.0,20.0,34.0,6.0
2018-08-30,47.0,,15.0,61.0,64.0,66.0,70.0,17.0,0.0,37.0,3.0
2018-08-31,46.0,,14.0,57.0,51.0,62.0,63.0,14.0,0.0,14.0,12.0
2018-09-01,36.0,,10.0,17.0,49.0,23.0,55.0,5.0,0.0,25.0,3.0
2018-09-02,22.0,,8.0,11.0,38.0,19.0,52.0,5.0,0.0,7.0,0.0
2018-09-03,41.0,,14.0,58.0,60.0,64.0,61.0,14.0,0.0,23.0,6.0
2018-09-04,52.0,,17.0,62.0,62.0,72.0,68.0,12.0,0.0,27.0,15.0
2018-09-05,45.0,,16.0,58.0,52.0,66.0,65.0,17.0,0.0,26.0,15.0
2018-09-06,47.0,,16.0,64.0,62.0,70.0,61.0,14.0,20.0,30.0,18.0
2018-09-07,45.0,,13.0,59.0,55.0,66.0,67.0,10.0,20.0,30.0,24.0
2018-09-08,28.0,,9.0,15.0,37.0,22.0,57.0,10.0,0.0,19.0,0.0
2018-09-09,22.0,,7.0,13.0,43.0,19.0,46.0,2.0,0.0,18.0,0.0
2018-09-10,46.0,,12.0,56.0,47.0,61.0,63.0,6.0,19.0,26.0,14.0
2018-09-11,45.0,,15.0,54.0,52.0,62.0,63.0,20.0,20.0,33.0,11.0
2018-09-12,41.0,,14.0,56.0,48.0,65.0,58.0,10.0,20.0,18.0,6.0
2018-09-13,34.0,,12.0,22.0,49.0,31.0,47.0,5.0,42.0,16.0,9.0
2018-09-14,45.0,,13.0,56.0,64.0,57.0,64.0,15.0,20.0,21.0,6.0
2018-09-15,32.0,,9.0,13.0,39.0,20.0,58.0,2.0,0.0,16.0,6.0
2018-09-16,23.0,,9.0,11.0,34.0,19.0,47.0,4.0,0.0,13.0,3.0
2018-09-17,45.0,,13.0,55.0,39.0,59.0,61.0,14.0,0.0,23.0,6.0
2018-09-18,45.0,,13.0,54.0,42.0,65.0,57.0,18.0,59.0,19.0,9.0
2018-09-19,44.0,,15.0,53.0,45.0,63.0,65.0,15.0,20.0,27.0,14.0
2018-09-20,34.0,,16.0,27.0,40.0,36.0,61.0,8.0,0.0,22.0,0.0
2018-09-21,49.0,,16.0,57.0,41.0,70.0,52.0,15.0,0.0,22.0,9.0
2018-09-22,30.0,,8.0,18.0,29.0,26.0,53.0,5.0,20.0,16.0,0.0
2018-09-23,23.0,,8.0,11.0,33.0,19.0,43.0,4.0,0.0,6.0,0.0
2018-09-24,50.0,,15.0,62.0,31.0,70.0,65.0,17.0,39.0,31.0,9.0
2018-09-25,53.0,,13.0,62.0,39.0,71.0,66.0,13.0,59.0,22.0,9.0
2018-09-26,49.0,,14.0,57.0,41.0,65.0,65.0,21.0,0.0,31.0,6.0
2018-09-27,45.0,,14.0,56.0,53.0,66.0,63.0,13.0,39.0,19.0,6.0
2018-09-28,47.0,,13.0,63.0,46.0,68.0,56.0,13.0,38.0,16.0,11.0
2018-09-29,34.0,,10.0,17.0,50.0,25.0,57.0,7.0,0.0,30.0,3.0
2018-09-30,24.0,,7.0,12.0,41.0,19.0,47.0,5.0,0.0,17.0,3.0
2018-10-01,45.0,,16.0,62.0,61.0,71.0,68.0,9.0,20.0,23.0,6.0
2018-10-02,29.0,,100.0,19.0,34.0,29.0,54.0,14.0,0.0,19.0,3.0
2018-10-03,55.0,,24.0,64.0,67.0,72.0,68.0,16.0,41.0,30.0,3.0
2018-10-04,49.0,,18.0,64.0,54.0,73.0,62.0,11.0,39.0,20.0,9.0
2018-10-05,48.0,,17.0,63.0,58.0,71.0,63.0,16.0,39.0,19.0,11.0
2018-10-06,37.0,,10.0,17.0,54.0,25.0,62.0,7.0,0.0,18.0,3.0
2018-10-07,24.0,,10.0,12.0,29.0,19.0,46.0,7.0,0.0,4.0,3.0
2018-10-08,52.0,,16.0,61.0,51.0,72.0,66.0,15.0,20.0,12.0,9.0
2018-10-09,47.0,,14.0,88.0,40.0,88.0,66.0,19.0,48.0,24.0,7.0
2018-10-10,78.0,,16.0,58.0,57.0,69.0,57.0,20.0,59.0,22.0,6.0
2018-10-11,54.0,,18.0,69.0,66.0,73.0,62.0,22.0,60.0,22.0,12.0
2018-10-12,50.0,,16.0,65.0,40.0,70.0,61.0,17.0,20.0,28.0,12.0
2018-10-13,34.0,,9.0,14.0,37.0,23.0,57.0,5.0,61.0,32.0,6.0
2018-10-14,27.0,,9.0,11.0,40.0,20.0,50.0,5.0,22.0,9.0,0.0
2018-10-15,45.0,,16.0,62.0,40.0,65.0,58.0,10.0,0.0,16.0,6.0
2018-10-16,45.0,,14.0,61.0,43.0,68.0,62.0,10.0,0.0,13.0,15.0
2018-10-17,45.0,,13.0,62.0,35.0,68.0,62.0,18.0,0.0,20.0,3.0
2018-10-18,30.0,,12.0,22.0,31.0,29.0,45.0,7.0,0.0,19.0,0.0
2018-10-19,41.0,1.0,12.0,54.0,34.0,57.0,48.0,12.0,17.0,20.0,11.0
2018-10-20,34.0,1.0,8.0,16.0,37.0,22.0,58.0,6.0,0.0,21.0,3.0
2018-10-21,27.0,1.0,8.0,12.0,26.0,18.0,44.0,8.0,0.0,14.0,5.0
2018-10-22,52.0,1.0,14.0,55.0,53.0,64.0,66.0,17.0,27.0,23.0,6.0
2018-10-23,51.0,1.0,13.0,57.0,55.0,62.0,60.0,28.0,36.0,26.0,3.0
2018-10-24,59.0,1.0,13.0,52.0,51.0,59.0,54.0,19.0,6.0,18.0,12.0
2018-10-25,56.0,1.0,15.0,56.0,50.0,64.0,61.0,16.0,32.0,25.0,10.0
2018-10-26,44.0,1.0,14.0,58.0,55.0,63.0,57.0,13.0,10.0,15.0,4.0
2018-10-27,33.0,1.0,9.0,15.0,43.0,22.0,46.0,4.0,17.0,19.0,5.0
2018-10-28,27.0,1.0,9.0,10.0,38.0,18.0,46.0,7.0,0.0,9.0,6.0
2018-10-29,46.0,1.0,14.0,72.0,47.0,76.0,58.0,23.0,0.0,18.0,2.0
2018-10-30,51.0,1.0,15.0,62.0,44.0,68.0,59.0,20.0,5.0,33.0,16.0
2018-10-31,50.0,1.0,15.0,63.0,46.0,72.0,58.0,22.0,24.0,18.0,8.0
2018-11-01,48.0,1.0,12.0,58.0,64.0,65.0,52.0,21.0,16.0,23.0,13.0
2018-11-02,47.0,1.0,13.0,67.0,86.0,72.0,55.0,24.0,0.0,30.0,3.0
2018-11-03,32.0,1.0,8.0,16.0,59.0,25.0,61.0,5.0,18.0,26.0,4.0
2018-11-04,25.0,1.0,8.0,12.0,52.0,19.0,48.0,6.0,6.0,10.0,1.0
2018-11-05,48.0,1.0,14.0,68.0,83.0,74.0,58.0,17.0,32.0,26.0,10.0
2018-11-06,34.0,1.0,13.0,51.0,63.0,58.0,42.0,11.0,6.0,23.0,10.0
2018-11-07,29.0,1.0,12.0,34.0,46.0,40.0,41.0,10.0,7.0,27.0,6.0
2018-11-08,31.0,1.0,12.0,25.0,47.0,33.0,48.0,9.0,12.0,14.0,3.0
2018-11-09,36.0,1.0,13.0,51.0,47.0,58.0,53.0,13.0,6.0,33.0,5.0
2018-11-10,30.0,1.0,8.0,16.0,48.0,22.0,48.0,3.0,0.0,21.0,4.0
2018-11-11,25.0,1.0,7.0,12.0,26.0,18.0,44.0,7.0,17.0,13.0,3.0
2018-11-12,45.0,1.0,13.0,55.0,49.0,63.0,61.0,10.0,22.0,30.0,6.0
2018-11-13,42.0,1.0,12.0,59.0,41.0,65.0,62.0,25.0,16.0,23.0,20.0
2018-11-14,45.0,1.0,14.0,59.0,33.0,67.0,61.0,20.0,10.0,26.0,15.0
2018-11-15,46.0,1.0,13.0,60.0,48.0,65.0,59.0,19.0,0.0,18.0,10.0
2018-11-16,46.0,1.0,11.0,54.0,56.0,64.0,58.0,10.0,0.0,20.0,1.0
2018-11-17,34.0,1.0,8.0,16.0,37.0,23.0,51.0,9.0,0.0,20.0,3.0
2018-11-18,26.0,1.0,8.0,11.0,24.0,20.0,45.0,7.0,0.0,14.0,3.0
2018-11-19,48.0,1.0,13.0,56.0,33.0,66.0,66.0,24.0,33.0,25.0,12.0
2018-11-20,45.0,1.0,14.0,52.0,42.0,63.0,56.0,10.0,16.0,23.0,19.0
2018-11-21,39.0,1.0,14.0,50.0,42.0,58.0,56.0,22.0,15.0,25.0,6.0
2018-11-22,41.0,1.0,14.0,51.0,34.0,58.0,59.0,15.0,0.0,26.0,10.0
2018-11-23,34.0,1.0,12.0,23.0,35.0,32.0,59.0,13.0,0.0,26.0,4.0
2018-11-24,30.0,1.0,8.0,12.0,34.0,19.0,52.0,6.0,0.0,29.0,5.0
2018-11-25,21.0,1.0,7.0,9.0,29.0,17.0,43.0,7.0,0.0,10.0,0.0
2018-11-26,42.0,1.0,13.0,51.0,41.0,60.0,68.0,17.0,16.0,27.0,9.0
2018-11-27,42.0,1.0,15.0,52.0,43.0,61.0,64.0,13.0,10.0,27.0,3.0
2018-11-28,47.0,1.0,15.0,55.0,42.0,66.0,63.0,21.0,0.0,25.0,21.0
2018-11-29,44.0,1.0,13.0,60.0,46.0,69.0,62.0,9.0,0.0,24.0,4.0
2018-11-30,44.0,1.0,14.0,55.0,60.0,63.0,63.0,8.0,10.0,32.0,6.0
2018-12-01,34.0,1.0,10.0,15.0,61.0,23.0,57.0,10.0,0.0,25.0,4.0
2018-12-02,24.0,1.0,7.0,11.0,37.0,19.0,50.0,2.0,0.0,11.0,2.0
2018-12-03,52.0,1.0,13.0,57.0,79.0,65.0,70.0,18.0,23.0,36.0,12.0
2018-12-04,46.0,1.0,16.0,55.0,73.0,65.0,73.0,28.0,0.0,26.0,7.0
2018-12-05,43.0,1.0,14.0,53.0,62.0,62.0,70.0,17.0,16.0,30.0,1.0
2018-12-06,44.0,1.0,12.0,52.0,62.0,61.0,67.0,10.0,6.0,27.0,7.0
2018-12-07,44.0,1.0,13.0,51.0,51.0,58.0,61.0,8.0,10.0,28.0,6.0
2018-12-08,30.0,1.0,8.0,12.0,49.0,19.0,51.0,8.0,11.0,39.0,3.0
2018-12-09,25.0,1.0,7.0,10.0,32.0,18.0,48.0,3.0,0.0,14.0,0.0
2018-12-10,45.0,1.0,13.0,52.0,54.0,60.0,69.0,21.0,6.0,43.0,7.0
2018-12-11,43.0,1.0,12.0,46.0,48.0,54.0,52.0,15.0,9.0,33.0,3.0
2018-12-12,45.0,1.0,12.0,56.0,57.0,65.0,67.0,23.0,0.0,45.0,6.0
2018-12-13,47.0,1.0,14.0,58.0,43.0,68.0,73.0,20.0,17.0,34.0,5.0
2018-12-14,48.0,1.0,13.0,64.0,44.0,68.0,66.0,15.0,17.0,33.0,6.0
2018-12-15,34.0,1.0,9.0,13.0,43.0,22.0,66.0,10.0,0.0,20.0,3.0
2018-12-16,23.0,1.0,8.0,9.0,30.0,19.0,51.0,5.0,0.0,16.0,2.0
2018-12-17,48.0,1.0,14.0,62.0,48.0,71.0,76.0,10.0,10.0,29.0,4.0
2018-12-18,46.0,1.0,14.0,61.0,43.0,69.0,73.0,23.0,17.0,31.0,8.0
2018-12-19,51.0,1.0,13.0,57.0,42.0,67.0,74.0,15.0,29.0,34.0,8.0
2018-12-20,51.0,1.0,14.0,55.0,61.0,65.0,70.0,17.0,0.0,31.0,12.0
2018-12-21,44.0,1.0,14.0,54.0,60.0,62.0,63.0,26.0,6.0,26.0,6.0
2018-12-22,29.0,1.0,8.0,14.0,38.0,21.0,56.0,7.0,13.0,21.0,0.0
2018-12-23,23.0,1.0,8.0,10.0,41.0,17.0,48.0,4.0,11.0,9.0,0.0
2018-12-24,41.0,1.0,14.0,50.0,46.0,58.0,65.0,11.0,11.0,40.0,8.0
2018-12-25,26.0,1.0,9.0,16.0,34.0,26.0,53.0,13.0,11.0,16.0,2.0
2018-12-26,37.0,1.0,12.0,48.0,53.0,58.0,69.0,15.0,6.0,17.0,3.0
2018-12-27,42.0,1.0,13.0,49.0,61.0,59.0,70.0,14.0,10.0,29.0,6.0
2018-12-28,40.0,1.0,12.0,48.0,56.0,58.0,66.0,14.0,17.0,29.0,9.0
2018-12-29,34.0,1.0,8.0,14.0,53.0,21.0,62.0,10.0,0.0,25.0,6.0
2018-12-30,23.0,1.0,7.0,8.0,44.0,18.0,48.0,2.0,7.0,13.0,2.0
2018-12-31,34.0,1.0,11.0,44.0,35.0,54.0,59.0,11.0,0.0,28.0,8.0
2019-01-01,34.0,1.0,10.0,44.0,40.0,52.0,54.0,6.0,7.0,30.0,7.0
2019-01-02,44.0,1.0,12.0,52.0,73.0,61.0,70.0,25.0,23.0,22.0,4.0
2019-01-03,46.0,1.0,13.0,51.0,76.0,59.0,70.0,15.0,10.0,33.0,10.0
2019-01-04,47.0,1.0,14.0,48.0,61.0,58.0,73.0,23.0,10.0,27.0,3.0
2019-01-05,33.0,1.0,7.0,13.0,67.0,23.0,63.0,8.0,0.0,16.0,3.0
2019-01-06,26.0,1.0,7.0,10.0,32.0,18.0,52.0,6.0,0.0,12.0,2.0
2019-01-07,48.0,1.0,12.0,48.0,70.0,58.0,77.0,14.0,0.0,24.0,6.0
2019-01-08,53.0,1.0,12.0,49.0,70.0,59.0,72.0,18.0,20.0,29.0,3.0
2019-01-09,51.0,1.0,14.0,51.0,47.0,62.0,72.0,12.0,0.0,34.0,9.0
2019-01-10,54.0,1.0,12.0,52.0,62.0,62.0,75.0,16.0,0.0,29.0,4.0
2019-01-11,42.0,1.0,13.0,49.0,54.0,58.0,66.0,11.0,0.0,23.0,9.0
2019-01-12,30.0,1.0,9.0,12.0,53.0,21.0,52.0,5.0,11.0,34.0,3.0
2019-01-13,20.0,1.0,6.0,9.0,39.0,20.0,46.0,7.0,0.0,12.0,3.0
2019-01-14,42.0,1.0,13.0,48.0,45.0,58.0,69.0,10.0,19.0,14.0,16.0
2019-01-15,38.0,1.0,12.0,49.0,38.0,59.0,57.0,10.0,17.0,14.0,3.0
2019-01-16,47.0,1.0,12.0,53.0,45.0,63.0,67.0,22.0,0.0,23.0,9.0
2019-01-17,44.0,1.0,12.0,53.0,45.0,64.0,69.0,12.0,17.0,22.0,11.0
2019-01-18,49.0,1.0,12.0,51.0,44.0,60.0,67.0,24.0,0.0,23.0,7.0
2019-01-19,35.0,1.0,9.0,12.0,53.0,23.0,68.0,7.0,0.0,28.0,11.0
2019-01-20,26.0,1.0,7.0,10.0,41.0,20.0,56.0,3.0,6.0,12.0,6.0
2019-01-21,48.0,1.0,13.0,49.0,61.0,62.0,74.0,19.0,6.0,39.0,12.0
2019-01-22,46.0,1.0,14.0,49.0,51.0,63.0,73.0,11.0,40.0,26.0,18.0
2019-01-23,46.0,1.0,14.0,47.0,45.0,58.0,66.0,15.0,19.0,20.0,8.0
2019-01-24,50.0,1.0,12.0,53.0,40.0,63.0,67.0,18.0,46.0,33.0,3.0
2019-01-25,45.0,1.0,13.0,50.0,40.0,65.0,53.0,11.0,0.0,24.0,7.0
2019-01-26,28.0,1.0,8.0,12.0,38.0,22.0,41.0,1.0,0.0,21.0,3.0
2019-01-27,23.0,1.0,9.0,11.0,33.0,22.0,48.0,13.0,11.0,11.0,3.0
2019-01-28,47.0,,15.0,53.0,37.0,64.0,76.0,14.0,12.0,29.0,9.0
2019-01-29,60.0,,14.0,55.0,80.0,69.0,78.0,12.0,0.0,33.0,9.0
2019-01-30,60.0,,15.0,56.0,41.0,69.0,74.0,21.0,37.0,27.0,9.0
2019-01-31,55.0,,15.0,54.0,59.0,65.0,65.0,14.0,0.0,21.0,3.0
2019-02-01,84.0,,13.0,61.0,60.0,72.0,73.0,16.0,12.0,34.0,3.0
2019-02-02,52.0,,7.0,15.0,66.0,26.0,72.0,5.0,13.0,16.0,0.0
2019-02-03,35.0,,9.0,12.0,39.0,22.0,58.0,7.0,13.0,8.0,3.0
2019-02-04,54.0,,13.0,55.0,57.0,72.0,75.0,14.0,12.0,36.0,9.0
2019-02-05,57.0,,13.0,57.0,56.0,68.0,73.0,23.0,0.0,34.0,12.0
2019-02-06,54.0,,13.0,58.0,63.0,70.0,70.0,9.0,0.0,31.0,9.0
2019-02-07,54.0,,15.0,53.0,46.0,69.0,73.0,13.0,0.0,44.0,3.0
2019-02-08,55.0,,12.0,55.0,53.0,71.0,70.0,14.0,12.0,38.0,9.0
2019-02-09,36.0,,8.0,12.0,50.0,27.0,69.0,5.0,38.0,22.0,0.0
2019-02-10,27.0,,6.0,11.0,25.0,22.0,52.0,5.0,0.0,17.0,0.0
2019-02-11,52.0,,12.0,54.0,49.0,66.0,84.0,18.0,12.0,19.0,9.0
2019-02-12,50.0,,14.0,50.0,55.0,63.0,80.0,25.0,0.0,32.0,9.0
2019-02-13,55.0,,14.0,51.0,49.0,65.0,67.0,9.0,0.0,22.0,11.0
2019-02-14,50.0,,13.0,56.0,39.0,71.0,65.0,18.0,24.0,28.0,3.0
2019-02-15,49.0,,12.0,54.0,45.0,65.0,58.0,16.0,0.0,23.0,9.0
2019-02-16,36.0,,9.0,14.0,33.0,24.0,62.0,2.0,25.0,21.0,0.0
2019-02-17,27.0,,8.0,9.0,25.0,21.0,50.0,2.0,0.0,6.0,3.0
2019-02-18,52.0,,11.0,53.0,41.0,61.0,75.0,14.0,0.0,23.0,15.0
2019-02-19,53.0,,13.0,50.0,46.0,64.0,70.0,9.0,12.0,36.0,6.0
2019-02-20,51.0,,14.0,53.0,46.0,65.0,74.0,11.0,12.0,41.0,6.0
2019-02-21,46.0,,14.0,53.0,43.0,65.0,75.0,9.0,12.0,37.0,3.0
2019-02-22,50.0,,12.0,51.0,46.0,64.0,73.0,19.0,12.0,23.0,3.0
2019-02-23,42.0,,8.0,12.0,33.0,24.0,65.0,5.0,0.0,43.0,0.0
2019-02-24,28.0,,7.0,10.0,26.0,20.0,58.0,7.0,0.0,12.0,6.0
2019-02-25,52.0,,15.0,53.0,33.0,68.0,82.0,9.0,36.0,38.0,6.0
2019-02-26,45.0,,13.0,49.0,45.0,59.0,67.0,18.0,12.0,30.0,9.0
2019-02-27,51.0,,16.0,48.0,35.0,60.0,63.0,33.0,0.0,29.0,9.0
2019-02-28,47.0,,12.0,45.0,66.0,61.0,69.0,20.0,12.0,25.0,9.0
2019-03-01,46.0,,12.0,51.0,41.0,62.0,59.0,23.0,12.0,25.0,9.0
2019-03-02,38.0,,7.0,14.0,51.0,23.0,72.0,7.0,24.0,26.0,0.0
2019-03-03,27.0,,8.0,10.0,46.0,20.0,55.0,10.0,27.0,25.0,0.0
2019-03-04,40.0,,12.0,20.0,61.0,33.0,67.0,14.0,0.0,19.0,9.0
2019-03-05,55.0,,13.0,58.0,63.0,69.0,78.0,20.0,24.0,35.0,6.0
2019-03-06,57.0,,15.0,59.0,51.0,73.0,65.0,25.0,12.0,45.0,15.0
2019-03-07,53.0,,13.0,55.0,68.0,68.0,73.0,25.0,12.0,36.0,0.0
2019-03-08,53.0,,12.0,51.0,47.0,65.0,66.0,16.0,0.0,40.0,3.0
2019-03-09,33.0,,9.0,13.0,46.0,24.0,66.0,7.0,0.0,39.0,3.0
2019-03-10,28.0,,7.0,8.0,25.0,18.0,58.0,14.0,0.0,28.0,3.0
2019-03-11,51.0,,13.0,58.0,44.0,71.0,74.0,18.0,12.0,50.0,9.0
2019-03-12,53.0,,13.0,59.0,66.0,73.0,75.0,30.0,12.0,29.0,18.0
2019-03-13,47.0,,13.0,61.0,63.0,72.0,62.0,20.0,12.0,39.0,3.0
2019-03-14,48.0,,15.0,56.0,48.0,72.0,69.0,18.0,12.0,26.0,6.0
2019-03-15,46.0,,14.0,58.0,59.0,72.0,68.0,16.0,12.0,37.0,12.0
2019-03-16,36.0,,9.0,17.0,41.0,28.0,66.0,12.0,0.0,28.0,0.0
2019-03-17,28.0,,7.0,10.0,29.0,21.0,55.0,5.0,13.0,22.0,0.0
2019-03-18,49.0,,12.0,53.0,50.0,71.0,75.0,9.0,12.0,42.0,21.0
2019-03-19,47.0,,14.0,57.0,51.0,75.0,66.0,17.0,0.0,35.0,5.0
2019-03-20,45.0,,15.0,54.0,48.0,72.0,59.0,19.0,0.0,19.0,0.0
2019-03-21,28.0,,12.0,18.0,25.0,31.0,56.0,10.0,0.0,17.0,3.0
2019-03-22,46.0,,13.0,55.0,41.0,66.0,64.0,14.0,12.0,29.0,9.0
2019-03-23,35.0,,8.0,14.0,42.0,24.0,52.0,9.0,0.0,35.0,6.0
2019-03-24,26.0,,6.0,13.0,40.0,23.0,54.0,2.0,0.0,19.0,0.0
2019-03-25,44.0,,13.0,50.0,34.0,62.0,70.0,25.0,0.0,37.0,3.0
2019-03-26,50.0,,13.0,53.0,36.0,69.0,65.0,18.0,12.0,34.0,3.0
2019-03-27,47.0,,13.0,55.0,39.0,68.0,65.0,18.0,0.0,30.0,9.0
2019-03-28,48.0,,12.0,57.0,69.0,69.0,68.0,25.0,24.0,28.0,6.0
2019-03-29,48.0,,14.0,54.0,56.0,73.0,60.0,16.0,0.0,19.0,3.0
2019-03-30,28.0,,8.0,15.0,45.0,27.0,54.0,9.0,0.0,32.0,3.0
2019-03-31,26.0,,7.0,10.0,34.0,23.0,45.0,2.0,0.0,21.0,3.0
2019-04-01,46.0,,15.0,58.0,56.0,77.0,64.0,21.0,25.0,31.0,0.0
2019-04-02,50.0,,12.0,58.0,86.0,73.0,62.0,30.0,12.0,36.0,9.0
2019-04-03,49.0,,13.0,56.0,75.0,72.0,68.0,16.0,0.0,32.0,9.0
2019-04-04,51.0,,13.0,58.0,67.0,73.0,72.0,22.0,12.0,33.0,3.0
2019-04-05,55.0,,14.0,53.0,59.0,67.0,61.0,9.0,36.0,32.0,12.0
2019-04-06,34.0,1.0,7.0,14.0,57.0,24.0,54.0,11.0,6.0,36.0,8.0
2019-04-07,25.0,1.0,7.0,11.0,42.0,20.0,48.0,6.0,0.0,9.0,0.0
2019-04-08,52.0,1.0,12.0,52.0,75.0,65.0,76.0,10.0,0.0,25.0,8.0
2019-04-09,47.0,1.0,14.0,54.0,58.0,62.0,67.0,16.0,14.0,34.0,11.0
2019-04-10,47.0,1.0,12.0,54.0,52.0,66.0,68.0,17.0,0.0,33.0,10.0
2019-04-11,47.0,1.0,13.0,52.0,59.0,64.0,60.0,17.0,0.0,44.0,10.0
2019-04-12,43.0,1.0,14.0,53.0,52.0,65.0,64.0,17.0,0.0,24.0,4.0
2019-04-13,30.0,1.0,7.0,14.0,50.0,25.0,54.0,2.0,15.0,22.0,2.0
2019-04-14,23.0,1.0,6.0,10.0,28.0,22.0,42.0,0.0,9.0,18.0,0.0
2019-04-15,43.0,1.0,12.0,54.0,48.0,70.0,62.0,13.0,14.0,29.0,4.0
2019-04-16,45.0,1.0,15.0,61.0,51.0,77.0,64.0,18.0,8.0,35.0,11.0
2019-04-17,37.0,1.0,14.0,28.0,52.0,43.0,59.0,14.0,21.0,43.0,4.0
2019-04-18,40.0,1.0,13.0,54.0,44.0,71.0,60.0,20.0,23.0,27.0,12.0
2019-04-19,35.0,1.0,11.0,20.0,47.0,32.0,53.0,15.0,15.0,32.0,2.0
2019-04-20,31.0,1.0,8.0,12.0,44.0,23.0,57.0,1.0,7.0,27.0,3.0
2019-04-21,22.0,1.0,7.0,10.0,29.0,20.0,43.0,10.0,0.0,16.0,0.0
2019-04-22,48.0,1.0,13.0,51.0,52.0,68.0,64.0,18.0,0.0,29.0,8.0
2019-04-23,46.0,1.0,13.0,47.0,36.0,63.0,64.0,11.0,25.0,24.0,15.0
2019-04-24,47.0,1.0,13.0,55.0,50.0,70.0,63.0,19.0,8.0,22.0,2.0
2019-04-25,45.0,1.0,14.0,53.0,42.0,71.0,61.0,21.0,8.0,30.0,10.0
2019-04-26,40.0,1.0,13.0,50.0,42.0,63.0,53.0,14.0,6.0,34.0,16.0
2019-04-27,31.0,1.0,7.0,13.0,50.0,24.0,47.0,10.0,6.0,14.0,2.0
2019-04-28,26.0,1.0,6.0,9.0,34.0,19.0,47.0,6.0,0.0,19.0,6.0
2019-04-29,39.0,1.0,13.0,25.0,42.0,38.0,64.0,20.0,8.0,30.0,10.0
2019-04-30,46.0,1.0,13.0,50.0,61.0,65.0,63.0,8.0,12.0,39.0,18.0
2019-05-01,37.0,1.0,13.0,23.0,59.0,35.0,56.0,3.0,15.0,27.0,2.0
2019-05-02,47.0,1.0,12.0,50.0,86.0,65.0,64.0,21.0,6.0,23.0,7.0
2019-05-03,47.0,1.0,13.0,48.0,84.0,62.0,56.0,14.0,20.0,27.0,6.0
2019-05-04,39.0,1.0,8.0,13.0,63.0,25.0,68.0,7.0,8.0,34.0,0.0
2019-05-05,30.0,1.0,6.0,9.0,38.0,19.0,46.0,3.0,0.0,11.0,4.0
2019-05-06,48.0,1.0,12.0,48.0,53.0,62.0,63.0,10.0,16.0,48.0,8.0
2019-05-07,48.0,1.0,14.0,48.0,55.0,64.0,61.0,16.0,0.0,30.0,15.0
2019-05-08,54.0,1.0,13.0,50.0,45.0,64.0,65.0,11.0,12.0,34.0,12.0
2019-05-09,55.0,1.0,14.0,52.0,52.0,65.0,72.0,23.0,0.0,32.0,12.0
2019-05-10,53.0,1.0,13.0,52.0,39.0,64.0,65.0,16.0,0.0,23.0,10.0
2019-05-11,36.0,1.0,8.0,13.0,44.0,24.0,58.0,11.0,30.0,38.0,15.0
2019-05-12,26.0,1.0,7.0,8.0,26.0,19.0,49.0,3.0,0.0,14.0,2.0
2019-05-13,50.0,1.0,13.0,50.0,40.0,66.0,68.0,15.0,0.0,39.0,8.0
2019-05-14,53.0,1.0,12.0,49.0,44.0,65.0,68.0,14.0,30.0,54.0,8.0
2019-05-15,51.0,1.0,13.0,49.0,40.0,61.0,63.0,19.0,15.0,32.0,10.0
2019-05-16,50.0,1.0,14.0,50.0,50.0,66.0,70.0,25.0,8.0,41.0,8.0
2019-05-17,50.0,1.0,14.0,49.0,45.0,67.0,60.0,18.0,14.0,29.0,19.0
2019-05-18,38.0,1.0,8.0,14.0,29.0,23.0,58.0,11.0,6.0,19.0,0.0
2019-05-19,24.0,1.0,8.0,9.0,24.0,20.0,47.0,6.0,9.0,19.0,7.0
2019-05-20,55.0,1.0,17.0,73.0,38.0,87.0,69.0,23.0,0.0,42.0,26.0
2019-05-21,56.0,1.0,14.0,60.0,32.0,73.0,63.0,23.0,12.0,29.0,13.0
2019-05-22,53.0,1.0,14.0,59.0,34.0,73.0,67.0,15.0,6.0,38.0,10.0
2019-05-23,32.0,1.0,12.0,53.0,20.0,69.0,35.0,13.0,12.0,19.0,18.0
2019-05-24,48.0,1.0,12.0,56.0,21.0,74.0,57.0,11.0,8.0,36.0,7.0
2019-05-25,37.0,1.0,9.0,15.0,26.0,27.0,56.0,5.0,6.0,31.0,2.0
2019-05-26,28.0,1.0,7.0,11.0,21.0,22.0,50.0,5.0,0.0,19.0,3.0
2019-05-27,53.0,1.0,12.0,61.0,26.0,72.0,68.0,10.0,12.0,42.0,15.0
2019-05-28,56.0,1.0,14.0,58.0,32.0,72.0,64.0,18.0,6.0,29.0,21.0
2019-05-29,56.0,1.0,14.0,61.0,43.0,73.0,65.0,23.0,15.0,24.0,15.0
2019-05-30,68.0,1.0,13.0,56.0,46.0,67.0,66.0,15.0,8.0,32.0,14.0
2019-05-31,86.0,1.0,13.0,54.0,39.0,67.0,58.0,22.0,6.0,42.0,19.0
2019-06-01,51.0,1.0,9.0,15.0,23.0,25.0,63.0,6.0,0.0,22.0,6.0
2019-06-02,35.0,1.0,6.0,9.0,26.0,19.0,54.0,6.0,0.0,15.0,4.0
2019-06-03,62.0,1.0,15.0,54.0,50.0,65.0,71.0,9.0,13.0,35.0,18.0
2019-06-04,52.0,1.0,13.0,51.0,39.0,64.0,62.0,11.0,21.0,34.0,13.0
2019-06-05,39.0,1.0,10.0,18.0,25.0,28.0,46.0,18.0,5.0,17.0,3.0
2019-06-06,54.0,1.0,13.0,50.0,36.0,61.0,70.0,23.0,11.0,35.0,15.0
2019-06-07,53.0,1.0,13.0,48.0,39.0,61.0,71.0,12.0,13.0,30.0,21.0
2019-06-08,39.0,1.0,8.0,12.0,29.0,23.0,55.0,7.0,8.0,37.0,2.0
2019-06-09,26.0,1.0,5.0,9.0,22.0,18.0,47.0,6.0,0.0,17.0,6.0
2019-06-10,52.0,1.0,12.0,50.0,37.0,62.0,72.0,21.0,12.0,38.0,20.0
2019-06-11,60.0,1.0,13.0,52.0,40.0,65.0,71.0,16.0,6.0,30.0,13.0
2019-06-12,56.0,1.0,14.0,48.0,39.0,60.0,65.0,28.0,8.0,43.0,6.0
2019-06-13,55.0,1.0,13.0,48.0,43.0,63.0,66.0,16.0,0.0,30.0,20.0
2019-06-14,53.0,1.0,13.0,48.0,31.0,60.0,66.0,15.0,0.0,41.0,16.0
2019-06-15,39.0,1.0,7.0,12.0,24.0,23.0,67.0,13.0,0.0,43.0,2.0
2019-06-16,23.0,1.0,5.0,7.0,18.0,16.0,39.0,3.0,0.0,16.0,0.0
2019-06-17,56.0,1.0,11.0,47.0,36.0,58.0,71.0,17.0,0.0,35.0,17.0
2019-06-18,56.0,1.0,15.0,49.0,35.0,62.0,70.0,19.0,13.0,34.0,5.0
2019-06-19,58.0,1.0,13.0,48.0,47.0,63.0,66.0,25.0,40.0,39.0,2.0
2019-06-20,54.0,1.0,15.0,52.0,36.0,68.0,67.0,8.0,25.0,33.0,20.0
2019-06-21,54.0,1.0,13.0,47.0,37.0,62.0,67.0,13.0,26.0,26.0,19.0
2019-06-22,37.0,1.0,7.0,12.0,36.0,22.0,55.0,5.0,13.0,30.0,1.0
2019-06-23,26.0,1.0,7.0,10.0,20.0,20.0,50.0,1.0,23.0,13.0,2.0
2019-06-24,53.0,1.0,14.0,48.0,43.0,61.0,68.0,14.0,13.0,29.0,9.0
2019-06-25,54.0,1.0,12.0,44.0,42.0,55.0,69.0,17.0,13.0,43.0,7.0
2019-06-26,53.0,1.0,13.0,49.0,38.0,62.0,67.0,12.0,13.0,18.0,17.0
2019-06-27,49.0,1.0,12.0,52.0,34.0,64.0,61.0,15.0,0.0,27.0,21.0
2019-06-28,53.0,1.0,12.0,46.0,53.0,57.0,71.0,13.0,0.0,35.0,12.0
2019-06-29,39.0,1.0,7.0,12.0,41.0,22.0,64.0,7.0,8.0,18.0,4.0
2019-06-30,24.0,1.0,6.0,8.0,28.0,18.0,46.0,9.0,14.0,17.0,8.0
2019-07-01,53.0,1.0,12.0,46.0,57.0,60.0,71.0,17.0,15.0,46.0,7.0
2019-07-02,47.0,1.0,11.0,41.0,65.0,54.0,58.0,14.0,33.0,38.0,5.0
2019-07-03,55.0,1.0,12.0,45.0,66.0,57.0,64.0,18.0,26.0,27.0,2.0
2019-07-04,56.0,1.0,12.0,49.0,50.0,61.0,70.0,14.0,39.0,29.0,13.0
2019-07-05,74.0,1.0,13.0,53.0,47.0,68.0,83.0,21.0,27.0,28.0,14.0
2019-07-06,46.0,1.0,8.0,13.0,50.0,25.0,72.0,9.0,13.0,26.0,0.0
2019-07-07,31.0,1.0,6.0,10.0,44.0,21.0,63.0,7.0,17.0,16.0,3.0
2019-07-08,60.0,1.0,14.0,53.0,88.0,66.0,82.0,10.0,0.0,36.0,16.0
2019-07-09,52.0,1.0,11.0,47.0,45.0,63.0,67.0,12.0,18.0,29.0,3.0
2019-07-10,55.0,1.0,11.0,45.0,45.0,56.0,60.0,9.0,11.0,28.0,11.0
2019-07-11,56.0,1.0,12.0,47.0,52.0,59.0,72.0,17.0,6.0,23.0,12.0
2019-07-12,58.0,1.0,13.0,47.0,43.0,59.0,72.0,22.0,18.0,34.0,12.0
2019-07-13,43.0,1.0,7.0,13.0,41.0,24.0,60.0,4.0,25.0,40.0,0.0
2019-07-14,25.0,1.0,6.0,8.0,32.0,22.0,48.0,6.0,0.0,10.0,6.0
2019-07-15,55.0,1.0,12.0,50.0,61.0,62.0,77.0,13.0,8.0,27.0,10.0
2019-07-16,57.0,,13.0,50.0,45.0,61.0,80.0,12.0,31.0,41.0,18.0
2019-07-17,60.0,,14.0,50.0,53.0,67.0,77.0,6.0,0.0,31.0,27.0
2019-07-18,54.0,,14.0,50.0,64.0,67.0,68.0,16.0,32.0,38.0,32.0
2019-07-19,49.0,,13.0,49.0,48.0,64.0,75.0,14.0,32.0,23.0,0.0
2019-07-20,44.0,,7.0,13.0,46.0,26.0,73.0,17.0,0.0,18.0,19.0
2019-07-21,29.0,,7.0,9.0,37.0,19.0,58.0,15.0,17.0,23.0,0.0
2019-07-22,59.0,,12.0,48.0,48.0,63.0,82.0,6.0,15.0,38.0,27.0
2019-07-23,64.0,,13.0,49.0,46.0,59.0,74.0,14.0,31.0,34.0,18.0
2019-07-24,60.0,,14.0,49.0,49.0,62.0,76.0,20.0,0.0,61.0,18.0
2019-07-25,56.0,,16.0,49.0,62.0,62.0,76.0,16.0,0.0,36.0,14.0
2019-07-26,61.0,,13.0,48.0,51.0,62.0,66.0,19.0,16.0,37.0,9.0
2019-07-27,43.0,,8.0,13.0,42.0,25.0,60.0,8.0,16.0,38.0,5.0
2019-07-28,35.0,,7.0,10.0,38.0,20.0,54.0,0.0,17.0,23.0,10.0
2019-07-29,65.0,,16.0,46.0,64.0,64.0,76.0,14.0,16.0,45.0,14.0
2019-07-30,57.0,,14.0,56.0,58.0,67.0,77.0,20.0,15.0,36.0,4.0
2019-07-31,56.0,,15.0,56.0,72.0,70.0,77.0,18.0,32.0,44.0,23.0
2019-08-01,57.0,,13.0,53.0,68.0,69.0,71.0,10.0,0.0,29.0,27.0
2019-08-02,53.0,,16.0,52.0,77.0,66.0,67.0,16.0,16.0,21.0,14.0
2019-08-03,39.0,,9.0,14.0,64.0,26.0,64.0,6.0,15.0,35.0,0.0
2019-08-04,29.0,,8.0,10.0,53.0,23.0,49.0,9.0,0.0,17.0,0.0
2019-08-05,54.0,,13.0,52.0,75.0,65.0,74.0,6.0,16.0,51.0,0.0
2019-08-06,58.0,,14.0,53.0,64.0,64.0,74.0,19.0,16.0,35.0,9.0
2019-08-07,71.0,,14.0,54.0,61.0,67.0,80.0,14.0,81.0,35.0,18.0
2019-08-08,60.0,,14.0,52.0,74.0,67.0,79.0,12.0,16.0,58.0,14.0
2019-08-09,59.0,,14.0,51.0,62.0,64.0,73.0,13.0,16.0,37.0,28.0
2019-08-10,48.0,,8.0,12.0,49.0,20.0,61.0,4.0,0.0,39.0,14.0
2019-08-11,26.0,,7.0,10.0,44.0,19.0,56.0,0.0,0.0,19.0,0.0
2019-08-12,40.0,,13.0,20.0,67.0,33.0,66.0,8.0,0.0,50.0,0.0
2019-08-13,61.0,,14.0,53.0,66.0,65.0,75.0,19.0,16.0,52.0,9.0
2019-08-14,51.0,,12.0,49.0,39.0,64.0,67.0,13.0,0.0,34.0,26.0
2019-08-15,31.0,,9.0,14.0,37.0,25.0,48.0,5.0,0.0,11.0,0.0
2019-08-16,55.0,,14.0,48.0,49.0,62.0,73.0,13.0,0.0,28.0,14.0
2019-08-17,41.0,,9.0,14.0,36.0,24.0,75.0,8.0,16.0,32.0,9.0
2019-08-18,34.0,,7.0,9.0,41.0,19.0,63.0,0.0,17.0,25.0,5.0
2019-08-19,61.0,,14.0,49.0,47.0,61.0,85.0,16.0,0.0,43.0,5.0
2019-08-20,61.0,,16.0,46.0,55.0,59.0,84.0,18.0,15.0,17.0,9.0
2019-08-21,70.0,,15.0,50.0,52.0,64.0,87.0,14.0,32.0,39.0,36.0
2019-08-22,72.0,,15.0,50.0,44.0,66.0,89.0,28.0,31.0,36.0,18.0
2019-08-23,59.0,,15.0,44.0,44.0,63.0,76.0,10.0,15.0,40.0,13.0
2019-08-24,70.0,,9.0,13.0,39.0,24.0,78.0,4.0,16.0,32.0,0.0
2019-08-25,40.0,,8.0,10.0,26.0,19.0,55.0,13.0,17.0,12.0,5.0
2019-08-26,66.0,,15.0,53.0,58.0,64.0,81.0,22.0,15.0,36.0,9.0
2019-08-27,66.0,,15.0,53.0,46.0,68.0,86.0,16.0,47.0,42.0,23.0
2019-08-28,63.0,,15.0,49.0,50.0,63.0,81.0,12.0,0.0,50.0,14.0
2019-08-29,59.0,,13.0,47.0,55.0,61.0,79.0,20.0,31.0,39.0,22.0
2019-08-30,60.0,,15.0,49.0,46.0,63.0,81.0,10.0,0.0,56.0,9.0
2019-08-31,49.0,,9.0,14.0,59.0,26.0,76.0,4.0,0.0,51.0,0.0
2019-09-01,40.0,,8.0,10.0,33.0,21.0,64.0,11.0,17.0,15.0,0.0
2019-09-02,48.0,,10.0,17.0,53.0,29.0,72.0,8.0,50.0,22.0,10.0
2019-09-03,64.0,,15.0,50.0,59.0,64.0,90.0,25.0,16.0,53.0,18.0
2019-09-04,62.0,,15.0,48.0,41.0,61.0,86.0,20.0,16.0,42.0,9.0
2019-09-05,61.0,,15.0,47.0,47.0,61.0,80.0,16.0,15.0,70.0,22.0
2019-09-06,65.0,,14.0,48.0,41.0,62.0,85.0,8.0,15.0,100.0,100.0
2019-09-07,46.0,,9.0,14.0,40.0,24.0,75.0,8.0,0.0,59.0,19.0
2019-09-08,32.0,,8.0,9.0,37.0,19.0,58.0,9.0,17.0,17.0,0.0
2019-09-09,58.0,,14.0,45.0,53.0,60.0,84.0,10.0,0.0,70.0,18.0
2019-09-10,53.0,,13.0,22.0,54.0,35.0,74.0,18.0,0.0,48.0,14.0
2019-09-11,64.0,,15.0,50.0,39.0,66.0,75.0,0.0,0.0,43.0,23.0
2019-09-12,59.0,,14.0,50.0,40.0,63.0,75.0,24.0,47.0,38.0,4.0
2019-09-13,61.0,,14.0,51.0,37.0,63.0,75.0,12.0,0.0,37.0,9.0
2019-09-14,47.0,,9.0,13.0,43.0,23.0,63.0,10.0,0.0,33.0,9.0
2019-09-15,35.0,,9.0,11.0,37.0,20.0,59.0,4.0,16.0,16.0,0.0
2019-09-16,61.0,,15.0,52.0,49.0,63.0,93.0,12.0,47.0,44.0,9.0
2019-09-17,62.0,,13.0,51.0,46.0,66.0,79.0,8.0,15.0,34.0,13.0
2019-09-18,61.0,,14.0,48.0,35.0,60.0,83.0,14.0,15.0,47.0,22.0
2019-09-19,66.0,,15.0,51.0,45.0,63.0,85.0,22.0,15.0,41.0,13.0
2019-09-20,67.0,,19.0,68.0,29.0,86.0,82.0,30.0,15.0,40.0,31.0
2019-09-21,46.0,,10.0,18.0,37.0,31.0,77.0,12.0,16.0,37.0,5.0
2019-09-22,36.0,,9.0,12.0,24.0,20.0,66.0,8.0,0.0,20.0,5.0
2019-09-23,67.0,,17.0,67.0,35.0,84.0,85.0,28.0,47.0,32.0,45.0
2019-09-24,62.0,,16.0,61.0,50.0,74.0,79.0,14.0,45.0,62.0,17.0
2019-09-25,59.0,,15.0,52.0,46.0,70.0,76.0,16.0,15.0,47.0,39.0
2019-09-26,61.0,,16.0,54.0,47.0,68.0,79.0,14.0,15.0,37.0,13.0
2019-09-27,63.0,,14.0,53.0,22.0,70.0,71.0,28.0,47.0,36.0,27.0
2019-09-28,46.0,,9.0,13.0,56.0,24.0,66.0,10.0,32.0,37.0,0.0
2019-09-29,34.0,,7.0,10.0,53.0,21.0,62.0,4.0,0.0,20.0,5.0
2019-09-30,68.0,,15.0,50.0,81.0,66.0,82.0,30.0,32.0,30.0,18.0
2019-10-01,71.0,,16.0,55.0,72.0,71.0,78.0,28.0,32.0,44.0,32.0
2019-10-02,47.0,,10.0,18.0,59.0,29.0,62.0,4.0,15.0,25.0,9.0
2019-10-03,66.0,,14.0,51.0,84.0,69.0,84.0,26.0,47.0,34.0,9.0
2019-10-04,59.0,,15.0,51.0,63.0,66.0,95.0,19.0,16.0,33.0,23.0
2019-10-05,48.0,,8.0,15.0,57.0,27.0,94.0,4.0,34.0,32.0,5.0
2019-10-06,31.0,,8.0,12.0,36.0,22.0,78.0,16.0,18.0,15.0,10.0
2019-10-07,53.0,,16.0,50.0,48.0,64.0,78.0,26.0,85.0,27.0,10.0
2019-10-08,39.0,,13.0,18.0,46.0,28.0,71.0,16.0,0.0,34.0,5.0
2019-10-09,65.0,,15.0,52.0,61.0,69.0,100.0,35.0,32.0,52.0,18.0
2019-10-10,62.0,,13.0,53.0,76.0,66.0,94.0,50.0,0.0,44.0,17.0
2019-10-11,61.0,,13.0,56.0,57.0,67.0,85.0,25.0,15.0,31.0,17.0
2019-10-12,46.0,,9.0,15.0,55.0,23.0,74.0,8.0,31.0,40.0,9.0
2019-10-13,33.0,,8.0,10.0,49.0,19.0,63.0,7.0,16.0,14.0,0.0
2019-10-14,62.0,,16.0,71.0,65.0,82.0,92.0,24.0,0.0,38.0,4.0
2019-10-15,72.0,,14.0,58.0,83.0,71.0,87.0,26.0,46.0,26.0,13.0
2019-10-16,62.0,,16.0,51.0,62.0,67.0,88.0,16.0,0.0,37.0,18.0
2019-10-17,60.0,,15.0,55.0,61.0,68.0,70.0,28.0,0.0,37.0,13.0
2019-10-18,69.0,,16.0,64.0,65.0,81.0,81.0,33.0,0.0,51.0,18.0
2019-10-19,46.0,,10.0,16.0,48.0,28.0,69.0,14.0,0.0,36.0,18.0
2019-10-20,30.0,,7.0,10.0,38.0,21.0,60.0,17.0,16.0,22.0,9.0
2019-10-21,47.0,,14.0,26.0,55.0,39.0,80.0,17.0,15.0,33.0,9.0
2019-10-22,60.0,,15.0,62.0,68.0,84.0,77.0,27.0,15.0,27.0,9.0
2019-10-23,65.0,,16.0,67.0,74.0,83.0,77.0,30.0,47.0,46.0,18.0
2019-10-24,48.0,,15.0,55.0,72.0,70.0,59.0,29.0,44.0,33.0,25.0
2019-10-25,48.0,,17.0,57.0,47.0,71.0,59.0,29.0,16.0,39.0,23.0
2019-10-26,30.0,,10.0,15.0,57.0,27.0,50.0,9.0,0.0,31.0,5.0
2019-10-27,22.0,,9.0,23.0,33.0,34.0,39.0,16.0,18.0,9.0,0.0
2019-10-28,34.0,,13.0,24.0,58.0,37.0,59.0,15.0,0.0,26.0,10.0
2019-10-29,50.0,,17.0,60.0,43.0,79.0,60.0,44.0,0.0,30.0,28.0
2019-10-30,54.0,,15.0,64.0,58.0,79.0,75.0,39.0,31.0,43.0,9.0
2019-10-31,64.0,,16.0,69.0,64.0,88.0,72.0,45.0,15.0,30.0,18.0
2019-11-01,56.0,,14.0,65.0,66.0,83.0,67.0,37.0,15.0,49.0,9.0
2019-11-02,42.0,,11.0,19.0,94.0,32.0,77.0,18.0,31.0,23.0,4.0
2019-11-03,28.0,,9.0,13.0,44.0,23.0,56.0,2.0,0.0,12.0,0.0
2019-11-04,60.0,,18.0,67.0,77.0,84.0,83.0,39.0,0.0,45.0,26.0
2019-11-05,66.0,,17.0,59.0,69.0,79.0,84.0,31.0,61.0,37.0,17.0
2019-11-06,64.0,,17.0,66.0,63.0,80.0,80.0,39.0,15.0,59.0,13.0
2019-11-07,59.0,,15.0,63.0,82.0,77.0,78.0,17.0,29.0,37.0,4.0
2019-11-08,64.0,,17.0,60.0,44.0,73.0,75.0,23.0,45.0,44.0,17.0
2019-11-09,38.0,,10.0,15.0,39.0,23.0,59.0,12.0,0.0,43.0,9.0
2019-11-10,27.0,,9.0,13.0,40.0,22.0,58.0,2.0,17.0,19.0,0.0
2019-11-11,58.0,,16.0,60.0,66.0,77.0,83.0,24.0,0.0,39.0,18.0
2019-11-12,50.0,,16.0,29.0,53.0,43.0,84.0,28.0,0.0,39.0,9.0
2019-11-13,59.0,,16.0,58.0,64.0,75.0,83.0,20.0,15.0,41.0,13.0
2019-11-14,56.0,,16.0,58.0,44.0,74.0,76.0,13.0,15.0,27.0,22.0
2019-11-15,53.0,,15.0,54.0,55.0,69.0,73.0,25.0,45.0,35.0,17.0
2019-11-16,41.0,,9.0,18.0,52.0,26.0,76.0,12.0,0.0,28.0,4.0
2019-11-17,30.0,,9.0,12.0,32.0,24.0,67.0,16.0,17.0,19.0,5.0
2019-11-18,67.0,,17.0,62.0,53.0,79.0,84.0,24.0,15.0,38.0,18.0
2019-11-19,59.0,,16.0,61.0,56.0,77.0,84.0,32.0,47.0,40.0,27.0
2019-11-20,57.0,,17.0,66.0,53.0,83.0,75.0,24.0,0.0,56.0,18.0
2019-11-21,70.0,,17.0,64.0,55.0,81.0,86.0,23.0,97.0,43.0,9.0
2019-11-22,63.0,,16.0,58.0,54.0,72.0,75.0,24.0,0.0,45.0,0.0
2019-11-23,39.0,,10.0,15.0,40.0,25.0,62.0,10.0,16.0,27.0,9.0
2019-11-24,30.0,,10.0,11.0,24.0,22.0,56.0,11.0,35.0,21.0,0.0
2019-11-25,59.0,,18.0,59.0,53.0,74.0,87.0,43.0,0.0,51.0,23.0
2019-11-26,62.0,,16.0,60.0,61.0,74.0,86.0,38.0,15.0,19.0,13.0
2019-11-27,65.0,,20.0,58.0,52.0,73.0,79.0,37.0,0.0,31.0,27.0
2019-11-28,72.0,,16.0,58.0,68.0,75.0,77.0,49.0,15.0,31.0,14.0
2019-11-29,75.0,,15.0,56.0,62.0,74.0,73.0,29.0,0.0,30.0,19.0
2019-11-30,46.0,,10.0,17.0,61.0,28.0,77.0,29.0,16.0,40.0,10.0
2019-12-01,38.0,,9.0,12.0,52.0,25.0,63.0,13.0,17.0,13.0,5.0
2019-12-02,89.0,,16.0,61.0,100.0,75.0,86.0,40.0,49.0,34.0,23.0
2019-12-03,84.0,,16.0,53.0,81.0,74.0,86.0,43.0,65.0,39.0,28.0
2019-12-04,85.0,,20.0,60.0,83.0,82.0,85.0,23.0,33.0,42.0,28.0
2019-12-05,74.0,,17.0,59.0,62.0,79.0,81.0,44.0,16.0,24.0,24.0
2019-12-06,63.0,,14.0,54.0,68.0,68.0,73.0,27.0,16.0,24.0,0.0
2019-12-07,44.0,,9.0,15.0,55.0,29.0,72.0,23.0,17.0,39.0,5.0
2019-12-08,33.0,,9.0,10.0,28.0,22.0,54.0,5.0,0.0,7.0,0.0
2019-12-09,93.0,,14.0,62.0,53.0,77.0,82.0,46.0,33.0,38.0,19.0
2019-12-10,86.0,,15.0,51.0,51.0,70.0,81.0,37.0,68.0,43.0,14.0
2019-12-11,61.0,,14.0,52.0,52.0,71.0,74.0,35.0,48.0,54.0,18.0
2019-12-12,86.0,,16.0,58.0,44.0,75.0,77.0,42.0,49.0,42.0,19.0
2019-12-13,77.0,,16.0,61.0,43.0,78.0,82.0,52.0,34.0,35.0,29.0
2019-12-14,44.0,,10.0,15.0,47.0,28.0,65.0,13.0,17.0,23.0,0.0
2019-12-15,33.0,,9.0,10.0,30.0,21.0,55.0,7.0,0.0,21.0,0.0
2019-12-16,69.0,,16.0,56.0,45.0,72.0,86.0,35.0,0.0,39.0,15.0
2019-12-17,71.0,,16.0,57.0,51.0,75.0,87.0,35.0,34.0,33.0,10.0
2019-12-18,68.0,,14.0,55.0,40.0,70.0,73.0,37.0,32.0,29.0,23.0
2019-12-19,60.0,,17.0,59.0,49.0,71.0,76.0,60.0,68.0,26.0,5.0
2019-12-20,63.0,,15.0,56.0,29.0,72.0,77.0,34.0,36.0,36.0,10.0
2019-12-21,45.0,,11.0,15.0,34.0,27.0,71.0,19.0,54.0,33.0,5.0
2019-12-22,30.0,,6.0,9.0,24.0,20.0,54.0,7.0,0.0,21.0,10.0
2019-12-23,55.0,,14.0,50.0,39.0,65.0,79.0,43.0,33.0,31.0,9.0
2019-12-24,60.0,,14.0,50.0,36.0,67.0,78.0,25.0,16.0,36.0,9.0
2019-12-25,41.0,,10.0,19.0,30.0,31.0,66.0,7.0,0.0,37.0,10.0
2019-12-26,55.0,,13.0,48.0,55.0,64.0,84.0,26.0,32.0,29.0,9.0
2019-12-27,56.0,,14.0,53.0,51.0,70.0,81.0,35.0,17.0,27.0,25.0
2019-12-28,46.0,,9.0,14.0,50.0,27.0,73.0,20.0,0.0,38.0,10.0
2019-12-29,34.0,,8.0,10.0,39.0,21.0,61.0,5.0,18.0,20.0,0.0
2019-12-30,58.0,,14.0,51.0,64.0,68.0,85.0,27.0,16.0,34.0,19.0
2019-12-31,53.0,,16.0,45.0,38.0,64.0,69.0,20.0,48.0,27.0,27.0
