date,financials,overlap,oracle,workday inc.,tesla,BSE stock exchange,nasdaq,iShares,share price,microsoft dynamics 365,vanguard
2017-01-17,52.0,1.0,98.0,0.0,6.0,4.0,22.0,28.0,40.0,24.0,61.0
2017-01-18,48.0,1.0,99.0,0.0,6.0,4.0,19.0,52.0,39.0,20.0,64.0
2017-01-19,57.0,1.0,98.0,0.0,7.0,12.0,21.0,38.0,39.0,8.0,66.0
2017-01-20,62.0,1.0,82.0,0.0,6.0,0.0,22.0,42.0,38.0,8.0,63.0
2017-01-21,22.0,1.0,32.0,0.0,6.0,5.0,13.0,18.0,10.0,5.0,52.0
2017-01-22,12.0,1.0,31.0,0.0,6.0,4.0,7.0,15.0,8.0,4.0,52.0
2017-01-23,42.0,1.0,87.0,0.0,6.0,12.0,22.0,38.0,36.0,12.0,62.0
2017-01-24,49.0,1.0,96.0,0.0,6.0,20.0,23.0,56.0,41.0,20.0,70.0
2017-01-25,40.0,1.0,92.0,0.0,6.0,0.0,30.0,44.0,39.0,16.0,81.0
2017-01-26,37.0,1.0,80.0,0.0,6.0,4.0,27.0,44.0,24.0,12.0,75.0
2017-01-27,51.0,1.0,79.0,0.0,6.0,4.0,22.0,22.0,39.0,17.0,64.0
2017-01-28,25.0,1.0,30.0,0.0,6.0,8.0,8.0,30.0,11.0,4.0,60.0
2017-01-29,29.0,1.0,30.0,0.0,6.0,8.0,10.0,30.0,9.0,0.0,53.0
2017-01-30,29.0,1.0,83.0,0.0,6.0,4.0,19.0,36.0,36.0,15.0,71.0
2017-01-31,56.0,1.0,88.0,0.0,6.0,20.0,26.0,38.0,42.0,31.0,66.0
2017-02-01,50.0,1.0,83.0,0.0,6.0,4.0,25.0,51.0,43.0,46.0,66.0
2017-02-02,46.0,1.0,90.0,0.0,6.0,4.0,27.0,44.0,43.0,16.0,71.0
2017-02-03,42.0,1.0,84.0,0.0,6.0,45.0,21.0,36.0,45.0,12.0,72.0
2017-02-04,17.0,1.0,35.0,0.0,6.0,18.0,11.0,36.0,12.0,14.0,59.0
2017-02-05,22.0,1.0,28.0,0.0,6.0,0.0,7.0,29.0,9.0,0.0,53.0
2017-02-06,55.0,1.0,82.0,0.0,6.0,12.0,22.0,39.0,43.0,19.0,62.0
2017-02-07,35.0,1.0,96.0,0.0,6.0,15.0,25.0,43.0,45.0,31.0,72.0
2017-02-08,53.0,1.0,93.0,0.0,7.0,8.0,24.0,53.0,42.0,15.0,70.0
2017-02-09,48.0,1.0,91.0,0.0,7.0,17.0,22.0,51.0,44.0,20.0,62.0
2017-02-10,52.0,1.0,82.0,0.0,7.0,13.0,23.0,52.0,45.0,4.0,64.0
2017-02-11,17.0,1.0,33.0,0.0,6.0,0.0,8.0,20.0,11.0,0.0,65.0
2017-02-12,29.0,1.0,34.0,0.0,6.0,10.0,6.0,18.0,9.0,4.0,54.0
2017-02-13,45.0,1.0,82.0,0.0,6.0,11.0,21.0,36.0,42.0,11.0,77.0
2017-02-14,59.0,1.0,93.0,0.0,7.0,11.0,24.0,50.0,42.0,12.0,78.0
2017-02-15,64.0,1.0,93.0,0.0,6.0,8.0,26.0,54.0,44.0,20.0,76.0
2017-02-16,79.0,1.0,92.0,0.0,7.0,22.0,24.0,38.0,44.0,27.0,73.0
2017-02-17,51.0,1.0,82.0,0.0,7.0,8.0,25.0,45.0,43.0,15.0,78.0
2017-02-18,24.0,1.0,30.0,0.0,7.0,9.0,8.0,39.0,12.0,13.0,61.0
2017-02-19,24.0,1.0,32.0,0.0,7.0,0.0,6.0,23.0,9.0,0.0,45.0
2017-02-20,63.0,1.0,84.0,0.0,6.0,0.0,17.0,26.0,41.0,27.0,64.0
2017-02-21,72.0,1.0,90.0,0.0,7.0,12.0,23.0,55.0,45.0,23.0,69.0
2017-02-22,62.0,1.0,90.0,0.0,8.0,12.0,25.0,58.0,48.0,12.0,73.0
2017-02-23,36.0,1.0,99.0,0.0,8.0,0.0,23.0,64.0,45.0,16.0,75.0
2017-02-24,61.0,1.0,79.0,0.0,7.0,0.0,22.0,39.0,29.0,12.0,69.0
2017-02-25,15.0,1.0,35.0,0.0,7.0,0.0,9.0,32.0,10.0,9.0,64.0
2017-02-26,21.0,1.0,32.0,0.0,7.0,0.0,6.0,25.0,10.0,13.0,62.0
2017-02-27,46.0,1.0,80.0,0.0,7.0,0.0,25.0,60.0,42.0,27.0,73.0
2017-02-28,56.0,1.0,85.0,0.0,7.0,0.0,25.0,49.0,42.0,19.0,72.0
2017-03-01,53.0,1.0,88.0,0.0,6.0,15.0,29.0,30.0,44.0,22.0,79.0
2017-03-02,62.0,1.0,90.0,0.0,7.0,3.0,32.0,52.0,46.0,26.0,78.0
2017-03-03,46.0,1.0,86.0,0.0,7.0,4.0,26.0,39.0,42.0,16.0,78.0
2017-03-04,24.0,1.0,33.0,0.0,6.0,4.0,8.0,12.0,12.0,9.0,64.0
2017-03-05,25.0,1.0,31.0,0.0,7.0,4.0,6.0,27.0,9.0,17.0,70.0
2017-03-06,78.0,1.0,85.0,0.0,6.0,3.0,27.0,49.0,42.0,11.0,71.0
2017-03-07,63.0,1.0,92.0,0.0,6.0,4.0,25.0,52.0,39.0,29.0,64.0
2017-03-08,56.0,1.0,87.0,0.0,6.0,4.0,22.0,51.0,41.0,19.0,67.0
2017-03-09,56.0,1.0,90.0,0.0,6.0,4.0,21.0,42.0,41.0,12.0,71.0
2017-03-10,42.0,1.0,83.0,0.0,7.0,9.0,23.0,52.0,42.0,21.0,74.0
2017-03-11,19.0,1.0,32.0,0.0,6.0,5.0,8.0,23.0,10.0,9.0,58.0
2017-03-12,26.0,1.0,30.0,0.0,6.0,0.0,8.0,17.0,9.0,8.0,52.0
2017-03-13,52.0,1.0,85.0,0.0,6.0,0.0,20.0,37.0,26.0,11.0,70.0
2017-03-14,60.0,1.0,94.0,0.0,7.0,8.0,20.0,48.0,44.0,31.0,69.0
2017-03-15,41.0,1.0,96.0,0.0,7.0,4.0,24.0,53.0,42.0,8.0,68.0
2017-03-16,58.0,1.0,99.0,0.0,7.0,4.0,21.0,65.0,45.0,16.0,66.0
2017-03-17,60.0,1.0,85.0,0.0,6.0,8.0,22.0,53.0,45.0,12.0,66.0
2017-03-18,16.0,1.0,32.0,0.0,7.0,0.0,11.0,26.0,12.0,9.0,50.0
2017-03-19,34.0,1.0,33.0,0.0,6.0,5.0,6.0,27.0,9.0,9.0,55.0
2017-03-20,70.0,1.0,79.0,0.0,6.0,4.0,23.0,53.0,43.0,12.0,70.0
2017-03-21,52.0,1.0,93.0,0.0,6.0,0.0,27.0,63.0,48.0,15.0,79.0
2017-03-22,68.0,1.0,92.0,0.0,6.0,12.0,25.0,49.0,45.0,38.0,67.0
2017-03-23,57.0,,93.0,85.0,6.0,8.0,21.0,97.0,45.0,23.0,65.0
2017-03-24,68.0,,79.0,0.0,7.0,0.0,21.0,17.0,44.0,48.0,64.0
2017-03-25,18.0,,35.0,0.0,7.0,0.0,7.0,33.0,11.0,0.0,62.0
2017-03-26,37.0,,29.0,0.0,6.0,0.0,6.0,43.0,8.0,9.0,54.0
2017-03-27,56.0,,89.0,0.0,6.0,8.0,23.0,20.0,40.0,8.0,70.0
2017-03-28,54.0,,91.0,0.0,8.0,0.0,25.0,49.0,42.0,15.0,71.0
2017-03-29,64.0,,93.0,0.0,7.0,0.0,25.0,45.0,43.0,46.0,72.0
2017-03-30,61.0,,96.0,0.0,7.0,0.0,22.0,85.0,46.0,0.0,70.0
2017-03-31,63.0,,87.0,0.0,7.0,0.0,23.0,61.0,43.0,24.0,58.0
2017-04-01,7.0,,33.0,0.0,6.0,0.0,10.0,32.0,13.0,27.0,52.0
2017-04-02,13.0,,35.0,0.0,6.0,10.0,6.0,19.0,10.0,9.0,62.0
2017-04-03,62.0,,89.0,0.0,9.0,0.0,22.0,54.0,45.0,23.0,66.0
2017-04-04,63.0,,90.0,0.0,10.0,8.0,21.0,41.0,30.0,8.0,71.0
2017-04-05,44.0,,91.0,0.0,8.0,8.0,22.0,41.0,48.0,8.0,70.0
2017-04-06,57.0,,100.0,0.0,8.0,0.0,25.0,39.0,43.0,39.0,67.0
2017-04-07,63.0,,83.0,0.0,7.0,18.0,21.0,32.0,46.0,24.0,64.0
2017-04-08,35.0,,31.0,0.0,7.0,10.0,8.0,16.0,11.0,0.0,55.0
2017-04-09,31.0,,31.0,0.0,7.0,0.0,7.0,20.0,10.0,0.0,51.0
2017-04-10,70.0,,84.0,0.0,9.0,0.0,21.0,42.0,45.0,39.0,67.0
2017-04-11,47.0,,90.0,0.0,8.0,0.0,18.0,38.0,48.0,16.0,65.0
2017-04-12,58.0,,93.0,0.0,7.0,0.0,21.0,46.0,46.0,24.0,62.0
2017-04-13,41.0,,84.0,0.0,8.0,9.0,21.0,59.0,48.0,33.0,63.0
2017-04-14,30.0,,56.0,0.0,8.0,10.0,16.0,19.0,17.0,17.0,56.0
2017-04-15,24.0,,26.0,0.0,8.0,0.0,9.0,20.0,10.0,0.0,44.0
2017-04-16,18.0,,32.0,0.0,8.0,0.0,4.0,20.0,8.0,0.0,50.0
2017-04-17,62.0,,70.0,0.0,8.0,18.0,22.0,51.0,31.0,8.0,66.0
2017-04-18,40.0,,82.0,0.0,8.0,8.0,23.0,37.0,46.0,23.0,71.0
2017-04-19,72.0,,90.0,0.0,7.0,0.0,26.0,44.0,43.0,46.0,60.0
2017-04-20,54.0,,92.0,0.0,8.0,0.0,24.0,46.0,45.0,8.0,59.0
2017-04-21,51.0,,81.0,0.0,7.0,18.0,21.0,33.0,45.0,17.0,61.0
2017-04-22,13.0,,30.0,0.0,7.0,0.0,5.0,20.0,12.0,0.0,61.0
2017-04-23,23.0,,26.0,0.0,7.0,9.0,5.0,16.0,9.0,9.0,52.0
2017-04-24,58.0,,82.0,0.0,6.0,0.0,23.0,54.0,46.0,38.0,65.0
2017-04-25,62.0,,90.0,0.0,7.0,25.0,33.0,45.0,48.0,8.0,64.0
2017-04-26,73.0,,89.0,83.0,6.0,8.0,34.0,34.0,49.0,23.0,65.0
2017-04-27,39.0,,87.0,0.0,7.0,0.0,32.0,70.0,48.0,23.0,58.0
2017-04-28,40.0,,78.0,0.0,7.0,0.0,24.0,32.0,46.0,48.0,72.0
2017-04-29,21.0,,24.0,0.0,6.0,0.0,7.0,32.0,12.0,0.0,53.0
2017-04-30,38.0,,28.0,0.0,7.0,0.0,8.0,37.0,10.0,0.0,50.0
2017-05-01,41.0,,52.0,0.0,7.0,0.0,25.0,29.0,17.0,8.0,68.0
2017-05-02,50.0,,84.0,0.0,7.0,8.0,29.0,34.0,43.0,23.0,72.0
2017-05-03,47.0,,83.0,0.0,8.0,8.0,31.0,45.0,43.0,15.0,72.0
2017-05-04,51.0,,85.0,0.0,9.0,17.0,26.0,46.0,49.0,23.0,66.0
2017-05-05,44.0,,78.0,0.0,9.0,27.0,23.0,40.0,48.0,17.0,66.0
2017-05-06,21.0,,25.0,0.0,7.0,0.0,9.0,27.0,13.0,0.0,57.0
2017-05-07,45.0,,29.0,0.0,7.0,10.0,8.0,12.0,10.0,9.0,52.0
2017-05-08,65.0,,80.0,0.0,7.0,8.0,21.0,58.0,45.0,31.0,65.0
2017-05-09,59.0,,88.0,0.0,8.0,8.0,21.0,52.0,45.0,8.0,67.0
2017-05-10,63.0,,94.0,0.0,8.0,0.0,23.0,45.0,46.0,54.0,64.0
2017-05-11,79.0,,93.0,0.0,10.0,8.0,26.0,28.0,49.0,23.0,72.0
2017-05-12,56.0,,84.0,0.0,9.0,18.0,22.0,44.0,46.0,8.0,58.0
2017-05-13,24.0,,27.0,0.0,8.0,0.0,7.0,24.0,13.0,0.0,46.0
2017-05-14,13.0,,30.0,0.0,6.0,0.0,5.0,40.0,9.0,0.0,50.0
2017-05-15,69.0,,76.0,0.0,8.0,9.0,22.0,21.0,46.0,41.0,66.0
2017-05-16,57.0,,87.0,0.0,7.0,9.0,26.0,41.0,48.0,8.0,69.0
2017-05-17,57.0,,85.0,0.0,7.0,0.0,29.0,33.0,49.0,0.0,59.0
2017-05-18,48.0,,88.0,0.0,7.0,0.0,33.0,71.0,48.0,25.0,58.0
2017-05-19,40.0,,79.0,0.0,7.0,10.0,19.0,47.0,51.0,44.0,66.0
2017-05-20,19.0,,29.0,0.0,7.0,0.0,9.0,26.0,15.0,0.0,47.0
2017-05-21,19.0,,28.0,0.0,7.0,0.0,7.0,13.0,11.0,0.0,47.0
2017-05-22,38.0,,82.0,0.0,7.0,0.0,21.0,33.0,48.0,17.0,62.0
2017-05-23,59.0,,89.0,0.0,6.0,0.0,27.0,47.0,46.0,48.0,59.0
2017-05-24,58.0,,95.0,0.0,6.0,9.0,20.0,56.0,51.0,8.0,58.0
2017-05-25,55.0,,85.0,0.0,7.0,19.0,24.0,38.0,57.0,8.0,75.0
2017-05-26,24.0,,72.0,0.0,8.0,0.0,23.0,52.0,55.0,18.0,51.0
2017-05-27,30.0,,29.0,0.0,6.0,11.0,35.0,26.0,15.0,0.0,47.0
2017-05-28,23.0,,26.0,0.0,6.0,11.0,8.0,31.0,10.0,30.0,47.0
2017-05-29,26.0,,66.0,0.0,6.0,29.0,12.0,42.0,45.0,8.0,48.0
2017-05-30,45.0,1.0,83.0,0.0,7.0,6.0,23.0,47.0,50.0,17.0,55.0
2017-05-31,45.0,1.0,85.0,0.0,7.0,0.0,24.0,49.0,48.0,49.0,72.0
2017-06-01,45.0,1.0,86.0,0.0,8.0,6.0,29.0,43.0,50.0,31.0,58.0
2017-06-02,58.0,1.0,86.0,0.0,8.0,0.0,24.0,50.0,50.0,14.0,61.0
2017-06-03,19.0,1.0,30.0,0.0,7.0,0.0,6.0,17.0,14.0,0.0,50.0
2017-06-04,20.0,1.0,29.0,0.0,7.0,0.0,7.0,8.0,9.0,5.0,45.0
2017-06-05,38.0,1.0,80.0,0.0,7.0,27.0,23.0,45.0,50.0,21.0,62.0
2017-06-06,51.0,1.0,89.0,0.0,8.0,10.0,27.0,23.0,47.0,50.0,55.0
2017-06-07,54.0,1.0,89.0,0.0,9.0,0.0,22.0,41.0,46.0,25.0,55.0
2017-06-08,45.0,1.0,91.0,0.0,7.0,0.0,21.0,27.0,48.0,9.0,55.0
2017-06-09,38.0,1.0,80.0,0.0,8.0,6.0,43.0,43.0,52.0,17.0,59.0
2017-06-10,31.0,1.0,33.0,0.0,8.0,0.0,17.0,34.0,13.0,0.0,51.0
2017-06-11,19.0,1.0,30.0,0.0,7.0,0.0,11.0,30.0,10.0,5.0,50.0
2017-06-12,56.0,1.0,79.0,0.0,6.0,4.0,32.0,34.0,45.0,25.0,56.0
2017-06-13,49.0,1.0,97.0,0.0,8.0,10.0,29.0,44.0,47.0,46.0,62.0
2017-06-14,69.0,1.0,92.0,0.0,8.0,15.0,26.0,41.0,47.0,39.0,58.0
2017-06-15,67.0,1.0,82.0,0.0,8.0,5.0,27.0,29.0,49.0,18.0,70.0
2017-06-16,53.0,1.0,77.0,0.0,8.0,11.0,24.0,34.0,48.0,13.0,53.0
2017-06-17,37.0,1.0,32.0,0.0,7.0,7.0,9.0,33.0,12.0,0.0,47.0
2017-06-18,32.0,1.0,27.0,0.0,7.0,12.0,7.0,12.0,10.0,5.0,49.0
2017-06-19,71.0,1.0,83.0,0.0,7.0,11.0,24.0,32.0,48.0,29.0,54.0
2017-06-20,56.0,1.0,87.0,0.0,7.0,0.0,25.0,34.0,50.0,28.0,59.0
2017-06-21,47.0,1.0,87.0,0.0,7.0,6.0,25.0,53.0,52.0,12.0,64.0
2017-06-22,89.0,1.0,95.0,0.0,8.0,6.0,27.0,34.0,52.0,17.0,57.0
2017-06-23,39.0,1.0,74.0,0.0,8.0,11.0,27.0,42.0,52.0,17.0,52.0
2017-06-24,11.0,1.0,28.0,0.0,7.0,0.0,7.0,8.0,14.0,5.0,49.0
2017-06-25,19.0,1.0,28.0,0.0,7.0,0.0,7.0,12.0,10.0,10.0,48.0
2017-06-26,57.0,1.0,71.0,0.0,7.0,0.0,28.0,47.0,26.0,21.0,61.0
2017-06-27,52.0,1.0,89.0,0.0,7.0,6.0,26.0,28.0,46.0,27.0,59.0
2017-06-28,45.0,1.0,86.0,0.0,7.0,22.0,34.0,41.0,46.0,22.0,61.0
2017-06-29,50.0,1.0,79.0,0.0,7.0,6.0,32.0,28.0,49.0,31.0,62.0
2017-06-30,47.0,1.0,75.0,0.0,7.0,6.0,27.0,30.0,50.0,32.0,59.0
2017-07-01,21.0,1.0,28.0,0.0,7.0,0.0,11.0,15.0,13.0,5.0,50.0
2017-07-02,8.0,1.0,23.0,0.0,9.0,0.0,8.0,27.0,10.0,0.0,46.0
2017-07-03,62.0,1.0,75.0,0.0,14.0,0.0,24.0,31.0,51.0,9.0,53.0
2017-07-04,59.0,1.0,70.0,0.0,11.0,12.0,23.0,27.0,51.0,36.0,49.0
2017-07-05,55.0,1.0,86.0,0.0,11.0,6.0,26.0,39.0,49.0,35.0,62.0
2017-07-06,48.0,1.0,89.0,0.0,12.0,17.0,28.0,32.0,53.0,18.0,66.0
2017-07-07,57.0,1.0,77.0,0.0,13.0,6.0,25.0,15.0,48.0,18.0,60.0
2017-07-08,11.0,1.0,27.0,0.0,10.0,6.0,9.0,18.0,14.0,0.0,47.0
2017-07-09,22.0,1.0,28.0,0.0,13.0,0.0,6.0,29.0,10.0,0.0,55.0
2017-07-10,48.0,1.0,87.0,0.0,14.0,21.0,24.0,37.0,54.0,17.0,60.0
2017-07-11,47.0,1.0,88.0,0.0,10.0,6.0,21.0,20.0,51.0,21.0,62.0
2017-07-12,63.0,1.0,93.0,0.0,9.0,5.0,28.0,38.0,54.0,34.0,60.0
2017-07-13,55.0,1.0,85.0,0.0,8.0,6.0,24.0,53.0,58.0,22.0,61.0
2017-07-14,51.0,1.0,75.0,0.0,9.0,11.0,21.0,34.0,57.0,18.0,65.0
2017-07-15,29.0,1.0,31.0,0.0,8.0,5.0,6.0,13.0,15.0,10.0,57.0
2017-07-16,13.0,1.0,28.0,0.0,8.0,0.0,8.0,30.0,11.0,0.0,45.0
2017-07-17,58.0,1.0,78.0,0.0,8.0,5.0,25.0,29.0,53.0,21.0,63.0
2017-07-18,74.0,1.0,86.0,0.0,9.0,11.0,24.0,39.0,57.0,26.0,59.0
2017-07-19,73.0,1.0,89.0,0.0,8.0,9.0,25.0,27.0,58.0,22.0,70.0
2017-07-20,69.0,1.0,88.0,0.0,8.0,0.0,25.0,40.0,56.0,48.0,61.0
2017-07-21,57.0,1.0,80.0,0.0,8.0,6.0,29.0,27.0,57.0,18.0,53.0
2017-07-22,30.0,1.0,29.0,0.0,8.0,0.0,9.0,22.0,16.0,10.0,52.0
2017-07-23,30.0,1.0,25.0,0.0,8.0,17.0,7.0,34.0,10.0,0.0,46.0
2017-07-24,31.0,1.0,82.0,0.0,8.0,11.0,22.0,33.0,54.0,34.0,59.0
2017-07-25,51.0,1.0,86.0,0.0,8.0,15.0,29.0,30.0,55.0,21.0,67.0
2017-07-26,64.0,1.0,91.0,0.0,9.0,6.0,29.0,43.0,58.0,38.0,68.0
2017-07-27,63.0,1.0,88.0,47.0,9.0,4.0,33.0,69.0,60.0,17.0,64.0
2017-07-28,41.0,1.0,78.0,0.0,12.0,10.0,25.0,27.0,59.0,57.0,68.0
2017-07-29,32.0,1.0,26.0,0.0,28.0,18.0,9.0,6.0,16.0,5.0,55.0
2017-07-30,29.0,1.0,27.0,0.0,17.0,0.0,6.0,37.0,11.0,5.0,51.0
2017-07-31,48.0,1.0,83.0,0.0,15.0,11.0,26.0,24.0,55.0,34.0,62.0
2017-08-01,65.0,1.0,87.0,0.0,13.0,4.0,27.0,43.0,57.0,8.0,72.0
2017-08-02,60.0,1.0,86.0,0.0,13.0,0.0,35.0,57.0,57.0,24.0,72.0
2017-08-03,44.0,1.0,92.0,0.0,14.0,4.0,28.0,28.0,56.0,17.0,71.0
2017-08-04,54.0,1.0,77.0,0.0,12.0,0.0,27.0,39.0,55.0,13.0,64.0
2017-08-05,20.0,1.0,30.0,0.0,12.0,12.0,9.0,9.0,17.0,0.0,59.0
2017-08-06,15.0,1.0,30.0,0.0,11.0,24.0,6.0,23.0,12.0,0.0,51.0
2017-08-07,46.0,1.0,74.0,0.0,11.0,14.0,25.0,35.0,51.0,20.0,69.0
2017-08-08,49.0,1.0,89.0,0.0,10.0,0.0,27.0,37.0,56.0,32.0,78.0
2017-08-09,76.0,1.0,89.0,0.0,9.0,6.0,24.0,33.0,56.0,12.0,67.0
2017-08-10,63.0,1.0,84.0,0.0,9.0,9.0,33.0,51.0,56.0,13.0,65.0
2017-08-11,40.0,1.0,73.0,47.0,9.0,27.0,31.0,47.0,58.0,26.0,70.0
2017-08-12,17.0,1.0,31.0,0.0,8.0,5.0,9.0,24.0,14.0,0.0,48.0
2017-08-13,11.0,1.0,26.0,0.0,9.0,7.0,7.0,12.0,11.0,9.0,62.0
2017-08-14,49.0,1.0,71.0,0.0,8.0,0.0,25.0,41.0,50.0,21.0,82.0
2017-08-15,39.0,1.0,68.0,0.0,8.0,0.0,26.0,37.0,30.0,17.0,71.0
2017-08-16,49.0,1.0,81.0,0.0,8.0,0.0,29.0,29.0,53.0,21.0,67.0
2017-08-17,56.0,1.0,83.0,0.0,8.0,0.0,30.0,48.0,52.0,4.0,70.0
2017-08-18,43.0,1.0,77.0,0.0,8.0,11.0,23.0,45.0,58.0,26.0,65.0
2017-08-19,18.0,1.0,28.0,0.0,9.0,12.0,7.0,8.0,17.0,5.0,49.0
2017-08-20,13.0,1.0,28.0,0.0,8.0,0.0,5.0,22.0,12.0,0.0,49.0
2017-08-21,34.0,1.0,79.0,0.0,7.0,14.0,23.0,25.0,53.0,32.0,51.0
2017-08-22,58.0,1.0,90.0,0.0,8.0,6.0,25.0,43.0,56.0,49.0,64.0
2017-08-23,57.0,1.0,88.0,0.0,8.0,6.0,25.0,51.0,54.0,17.0,69.0
2017-08-24,37.0,1.0,88.0,0.0,8.0,12.0,24.0,31.0,54.0,17.0,62.0
2017-08-25,35.0,1.0,67.0,0.0,8.0,0.0,25.0,15.0,30.0,0.0,61.0
2017-08-26,20.0,1.0,29.0,0.0,8.0,0.0,8.0,9.0,12.0,9.0,49.0
2017-08-27,7.0,1.0,24.0,0.0,7.0,7.0,5.0,9.0,10.0,14.0,50.0
2017-08-28,40.0,1.0,78.0,0.0,8.0,36.0,23.0,44.0,42.0,55.0,73.0
2017-08-29,63.0,1.0,84.0,0.0,7.0,6.0,22.0,36.0,50.0,41.0,67.0
2017-08-30,56.0,1.0,80.0,0.0,7.0,10.0,25.0,23.0,52.0,21.0,64.0
2017-08-31,60.0,1.0,87.0,0.0,8.0,4.0,22.0,50.0,51.0,26.0,62.0
2017-09-01,47.0,1.0,76.0,0.0,8.0,5.0,26.0,29.0,50.0,22.0,71.0
2017-09-02,15.0,1.0,28.0,0.0,7.0,5.0,9.0,21.0,14.0,9.0,53.0
2017-09-03,22.0,1.0,26.0,0.0,8.0,0.0,8.0,35.0,11.0,5.0,46.0
2017-09-04,56.0,1.0,70.0,0.0,8.0,5.0,16.0,26.0,51.0,43.0,57.0
2017-09-05,48.0,1.0,82.0,0.0,7.0,0.0,28.0,54.0,52.0,28.0,61.0
2017-09-06,49.0,1.0,87.0,0.0,7.0,10.0,28.0,46.0,52.0,20.0,61.0
2017-09-07,54.0,1.0,92.0,0.0,7.0,10.0,26.0,52.0,55.0,17.0,63.0
2017-09-08,66.0,,78.0,0.0,7.0,48.0,26.0,31.0,54.0,35.0,58.0
2017-09-09,25.0,,26.0,0.0,8.0,0.0,8.0,14.0,15.0,10.0,48.0
2017-09-10,36.0,,27.0,0.0,7.0,13.0,6.0,0.0,12.0,0.0,53.0
2017-09-11,54.0,,84.0,0.0,8.0,11.0,32.0,24.0,56.0,50.0,61.0
2017-09-12,51.0,,93.0,0.0,9.0,11.0,29.0,33.0,58.0,8.0,70.0
2017-09-13,81.0,,97.0,0.0,8.0,22.0,26.0,58.0,57.0,41.0,69.0
2017-09-14,76.0,,98.0,0.0,9.0,0.0,31.0,30.0,59.0,26.0,57.0
2017-09-15,43.0,,84.0,0.0,8.0,12.0,29.0,29.0,58.0,17.0,59.0
2017-09-16,25.0,,29.0,0.0,7.0,0.0,6.0,17.0,16.0,10.0,47.0
2017-09-17,25.0,,30.0,0.0,7.0,13.0,5.0,21.0,12.0,0.0,48.0
2017-09-18,75.0,,78.0,0.0,7.0,22.0,26.0,33.0,57.0,25.0,62.0
2017-09-19,47.0,,93.0,0.0,8.0,0.0,29.0,26.0,58.0,33.0,63.0
2017-09-20,70.0,,95.0,0.0,8.0,11.0,35.0,21.0,59.0,17.0,65.0
2017-09-21,68.0,,93.0,0.0,8.0,11.0,22.0,27.0,59.0,26.0,63.0
2017-09-22,43.0,,86.0,0.0,9.0,12.0,24.0,29.0,56.0,35.0,67.0
2017-09-23,18.0,,34.0,0.0,8.0,0.0,8.0,10.0,14.0,0.0,41.0
2017-09-24,28.0,,30.0,0.0,7.0,0.0,4.0,21.0,12.0,10.0,44.0
2017-09-25,69.0,,82.0,0.0,8.0,22.0,26.0,35.0,55.0,8.0,52.0
2017-09-26,51.0,,97.0,0.0,8.0,11.0,27.0,24.0,56.0,8.0,66.0
2017-09-27,82.0,,94.0,0.0,8.0,22.0,28.0,30.0,57.0,33.0,59.0
2017-09-28,77.0,,89.0,0.0,7.0,23.0,30.0,33.0,56.0,42.0,65.0
2017-09-29,40.0,,78.0,0.0,9.0,24.0,24.0,50.0,54.0,26.0,64.0
2017-09-30,26.0,,31.0,0.0,8.0,13.0,9.0,21.0,14.0,0.0,51.0
2017-10-01,39.0,,29.0,0.0,7.0,13.0,6.0,14.0,10.0,0.0,46.0
2017-10-02,54.0,,74.0,0.0,8.0,34.0,29.0,30.0,29.0,41.0,61.0
2017-10-03,54.0,,88.0,0.0,9.0,0.0,25.0,39.0,59.0,41.0,69.0
2017-10-04,72.0,,94.0,0.0,8.0,0.0,25.0,35.0,58.0,50.0,62.0
2017-10-05,41.0,,92.0,0.0,8.0,23.0,30.0,37.0,57.0,0.0,71.0
2017-10-06,58.0,,78.0,0.0,8.0,24.0,28.0,31.0,57.0,0.0,60.0
2017-10-07,11.0,,27.0,0.0,8.0,26.0,9.0,10.0,17.0,10.0,47.0
2017-10-08,14.0,,28.0,0.0,8.0,0.0,6.0,14.0,13.0,38.0,50.0
2017-10-09,62.0,,78.0,0.0,8.0,0.0,27.0,9.0,58.0,25.0,59.0
2017-10-10,53.0,,91.0,0.0,8.0,11.0,31.0,38.0,61.0,25.0,69.0
2017-10-11,35.0,,92.0,0.0,8.0,11.0,24.0,33.0,60.0,8.0,71.0
2017-10-12,61.0,,93.0,0.0,7.0,11.0,26.0,46.0,65.0,34.0,63.0
2017-10-13,69.0,,85.0,0.0,8.0,11.0,23.0,37.0,57.0,43.0,61.0
2017-10-14,37.0,,29.0,0.0,9.0,0.0,10.0,17.0,17.0,0.0,45.0
2017-10-15,57.0,,32.0,0.0,8.0,13.0,7.0,14.0,11.0,0.0,35.0
2017-10-16,53.0,,83.0,88.0,8.0,11.0,29.0,15.0,59.0,25.0,58.0
2017-10-17,47.0,,87.0,0.0,8.0,34.0,29.0,35.0,58.0,25.0,73.0
2017-10-18,62.0,,83.0,0.0,7.0,11.0,27.0,21.0,56.0,25.0,63.0
2017-10-19,48.0,,78.0,0.0,8.0,0.0,28.0,27.0,40.0,34.0,64.0
2017-10-20,46.0,,76.0,0.0,7.0,12.0,25.0,31.0,37.0,17.0,56.0
2017-10-21,33.0,,27.0,0.0,8.0,0.0,8.0,27.0,15.0,0.0,48.0
2017-10-22,24.0,,27.0,0.0,7.0,13.0,7.0,26.0,11.0,9.0,43.0
2017-10-23,49.0,,80.0,0.0,8.0,22.0,25.0,51.0,57.0,32.0,65.0
2017-10-24,62.0,,92.0,0.0,8.0,0.0,30.0,30.0,62.0,33.0,64.0
2017-10-25,78.0,,87.0,0.0,8.0,22.0,30.0,30.0,74.0,25.0,65.0
2017-10-26,47.0,,97.0,0.0,8.0,23.0,27.0,50.0,75.0,33.0,55.0
2017-10-27,49.0,,76.0,0.0,8.0,11.0,39.0,49.0,71.0,26.0,63.0
2017-10-28,32.0,,28.0,0.0,6.0,0.0,13.0,38.0,19.0,0.0,52.0
2017-10-29,55.0,,27.0,0.0,7.0,37.0,10.0,13.0,14.0,27.0,44.0
2017-10-30,43.0,,81.0,0.0,8.0,11.0,33.0,41.0,68.0,17.0,58.0
2017-10-31,38.0,,84.0,0.0,7.0,34.0,30.0,27.0,71.0,50.0,57.0
2017-11-01,85.0,,75.0,0.0,8.0,24.0,34.0,37.0,76.0,51.0,64.0
2017-11-02,60.0,,89.0,0.0,11.0,11.0,29.0,35.0,73.0,17.0,62.0
2017-11-03,83.0,,72.0,0.0,9.0,0.0,35.0,37.0,72.0,8.0,65.0
2017-11-04,24.0,,31.0,0.0,8.0,13.0,8.0,17.0,20.0,9.0,38.0
2017-11-05,24.0,,27.0,0.0,7.0,0.0,9.0,42.0,15.0,0.0,46.0
2017-11-06,46.0,,89.0,0.0,8.0,22.0,34.0,55.0,73.0,32.0,59.0
2017-11-07,39.0,,95.0,0.0,8.0,0.0,29.0,37.0,70.0,23.0,67.0
2017-11-08,89.0,,92.0,0.0,9.0,11.0,35.0,41.0,69.0,8.0,55.0
2017-11-09,77.0,,91.0,0.0,8.0,0.0,35.0,38.0,71.0,17.0,54.0
2017-11-10,48.0,,79.0,0.0,7.0,11.0,27.0,37.0,69.0,26.0,53.0
2017-11-11,35.0,,32.0,0.0,7.0,0.0,11.0,37.0,21.0,28.0,51.0
2017-11-12,23.0,,33.0,0.0,8.0,0.0,7.0,9.0,16.0,9.0,53.0
2017-11-13,39.0,,78.0,0.0,8.0,22.0,30.0,31.0,65.0,55.0,56.0
2017-11-14,52.0,,94.0,0.0,8.0,33.0,34.0,32.0,66.0,24.0,64.0
2017-11-15,94.0,1.0,93.0,0.0,8.0,6.0,25.0,42.0,63.0,51.0,55.0
2017-11-16,65.0,1.0,90.0,0.0,10.0,19.0,32.0,30.0,64.0,27.0,55.0
2017-11-17,64.0,1.0,81.0,0.0,46.0,11.0,28.0,34.0,69.0,35.0,56.0
2017-11-18,28.0,1.0,32.0,0.0,26.0,0.0,11.0,31.0,19.0,0.0,54.0
2017-11-19,34.0,1.0,31.0,0.0,17.0,0.0,8.0,18.0,15.0,17.0,41.0
2017-11-20,64.0,1.0,82.0,0.0,18.0,25.0,26.0,50.0,65.0,34.0,53.0
2017-11-21,65.0,1.0,90.0,0.0,16.0,24.0,29.0,57.0,66.0,14.0,64.0
2017-11-22,82.0,1.0,86.0,0.0,13.0,5.0,28.0,50.0,68.0,27.0,61.0
2017-11-23,30.0,1.0,70.0,0.0,13.0,7.0,16.0,34.0,65.0,46.0,43.0
2017-11-24,31.0,1.0,70.0,0.0,11.0,7.0,22.0,13.0,64.0,24.0,51.0
2017-11-25,18.0,1.0,32.0,0.0,11.0,8.0,7.0,16.0,16.0,4.0,51.0
2017-11-26,41.0,1.0,32.0,0.0,11.0,7.0,7.0,25.0,14.0,4.0,41.0
2017-11-27,57.0,1.0,84.0,0.0,10.0,17.0,27.0,45.0,65.0,29.0,61.0
2017-11-28,73.0,1.0,94.0,0.0,10.0,5.0,28.0,53.0,64.0,29.0,65.0
2017-11-29,68.0,1.0,92.0,0.0,9.0,13.0,49.0,42.0,67.0,15.0,71.0
2017-11-30,57.0,1.0,86.0,0.0,9.0,12.0,42.0,47.0,65.0,21.0,64.0
2017-12-01,46.0,1.0,74.0,0.0,9.0,7.0,35.0,36.0,63.0,18.0,64.0
2017-12-02,31.0,1.0,30.0,0.0,10.0,14.0,12.0,20.0,17.0,0.0,48.0
2017-12-03,20.0,1.0,26.0,0.0,10.0,0.0,8.0,5.0,14.0,8.0,45.0
2017-12-04,43.0,1.0,83.0,0.0,9.0,11.0,35.0,44.0,59.0,50.0,65.0
2017-12-05,58.0,1.0,90.0,0.0,9.0,17.0,39.0,52.0,60.0,29.0,69.0
2017-12-06,27.0,1.0,89.0,0.0,8.0,12.0,30.0,43.0,61.0,8.0,63.0
2017-12-07,74.0,1.0,90.0,0.0,9.0,7.0,34.0,27.0,67.0,26.0,56.0
2017-12-08,36.0,1.0,74.0,0.0,9.0,7.0,32.0,37.0,68.0,21.0,68.0
2017-12-09,27.0,1.0,29.0,0.0,9.0,0.0,10.0,31.0,19.0,0.0,51.0
2017-12-10,38.0,1.0,28.0,0.0,8.0,8.0,10.0,29.0,15.0,4.0,50.0
2017-12-11,53.0,1.0,84.0,0.0,8.0,12.0,30.0,40.0,64.0,11.0,56.0
2017-12-12,51.0,1.0,92.0,0.0,8.0,7.0,32.0,38.0,64.0,19.0,54.0
2017-12-13,58.0,1.0,85.0,40.0,8.0,6.0,28.0,65.0,62.0,33.0,66.0
2017-12-14,59.0,1.0,84.0,0.0,8.0,11.0,28.0,14.0,62.0,30.0,61.0
2017-12-15,39.0,1.0,79.0,0.0,8.0,19.0,32.0,50.0,66.0,12.0,72.0
2017-12-16,16.0,1.0,29.0,0.0,8.0,0.0,11.0,14.0,19.0,4.0,52.0
2017-12-17,29.0,1.0,27.0,0.0,8.0,0.0,9.0,27.0,14.0,5.0,37.0
2017-12-18,54.0,1.0,81.0,0.0,8.0,0.0,28.0,52.0,68.0,0.0,67.0
2017-12-19,57.0,1.0,86.0,0.0,9.0,56.0,39.0,37.0,69.0,16.0,74.0
2017-12-20,67.0,1.0,83.0,0.0,9.0,30.0,32.0,25.0,69.0,31.0,64.0
2017-12-21,43.0,1.0,80.0,0.0,8.0,20.0,31.0,43.0,75.0,45.0,71.0
2017-12-22,33.0,1.0,63.0,0.0,8.0,6.0,26.0,32.0,73.0,9.0,67.0
2017-12-23,7.0,1.0,24.0,0.0,10.0,16.0,10.0,11.0,20.0,0.0,52.0
2017-12-24,16.0,1.0,21.0,0.0,9.0,0.0,7.0,15.0,15.0,5.0,47.0
2017-12-25,18.0,1.0,34.0,0.0,9.0,0.0,9.0,7.0,17.0,0.0,46.0
2017-12-26,45.0,1.0,54.0,0.0,9.0,7.0,24.0,25.0,60.0,24.0,53.0
2017-12-27,29.0,1.0,66.0,0.0,10.0,6.0,28.0,42.0,71.0,16.0,71.0
2017-12-28,54.0,1.0,64.0,0.0,9.0,33.0,24.0,42.0,73.0,4.0,78.0
2017-12-29,29.0,1.0,45.0,0.0,8.0,0.0,25.0,58.0,77.0,28.0,65.0
2017-12-30,29.0,1.0,25.0,0.0,8.0,7.0,10.0,23.0,23.0,9.0,57.0
2017-12-31,15.0,1.0,23.0,0.0,8.0,0.0,9.0,19.0,15.0,0.0,53.0
2018-01-01,15.0,1.0,24.0,0.0,8.0,8.0,11.0,29.0,57.0,14.0,53.0
2018-01-02,41.0,1.0,58.0,0.0,8.0,13.0,35.0,42.0,73.0,22.0,79.0
2018-01-03,43.0,1.0,68.0,0.0,9.0,18.0,34.0,59.0,76.0,26.0,83.0
2018-01-04,71.0,1.0,70.0,0.0,10.0,11.0,34.0,75.0,81.0,41.0,85.0
2018-01-05,63.0,1.0,67.0,0.0,8.0,50.0,34.0,52.0,81.0,19.0,80.0
2018-01-06,19.0,1.0,28.0,0.0,8.0,0.0,12.0,43.0,23.0,8.0,67.0
2018-01-07,24.0,1.0,27.0,0.0,8.0,6.0,10.0,30.0,16.0,8.0,52.0
2018-01-08,70.0,1.0,72.0,0.0,8.0,23.0,32.0,55.0,81.0,11.0,74.0
2018-01-09,39.0,1.0,84.0,0.0,9.0,41.0,30.0,54.0,82.0,40.0,73.0
2018-01-10,51.0,1.0,82.0,0.0,8.0,0.0,34.0,48.0,81.0,15.0,75.0
2018-01-11,49.0,1.0,85.0,0.0,8.0,0.0,35.0,41.0,80.0,34.0,70.0
2018-01-12,51.0,1.0,78.0,0.0,8.0,18.0,31.0,45.0,83.0,27.0,80.0
2018-01-13,24.0,1.0,28.0,0.0,8.0,0.0,14.0,29.0,23.0,4.0,61.0
2018-01-14,27.0,1.0,26.0,0.0,8.0,13.0,6.0,25.0,16.0,0.0,49.0
2018-01-15,55.0,1.0,71.0,39.0,8.0,0.0,22.0,25.0,76.0,25.0,63.0
2018-01-16,55.0,1.0,86.0,0.0,8.0,16.0,30.0,71.0,74.0,21.0,74.0
2018-01-17,53.0,1.0,87.0,0.0,8.0,30.0,37.0,63.0,76.0,24.0,74.0
2018-01-18,46.0,1.0,88.0,0.0,8.0,18.0,32.0,54.0,77.0,22.0,72.0
2018-01-19,46.0,1.0,81.0,0.0,8.0,0.0,32.0,53.0,76.0,24.0,72.0
2018-01-20,22.0,1.0,30.0,0.0,8.0,13.0,14.0,18.0,21.0,12.0,69.0
2018-01-21,23.0,1.0,30.0,0.0,8.0,13.0,12.0,25.0,17.0,0.0,50.0
2018-01-22,64.0,1.0,82.0,39.0,8.0,19.0,32.0,66.0,72.0,14.0,68.0
2018-01-23,64.0,1.0,89.0,0.0,9.0,12.0,34.0,94.0,79.0,15.0,78.0
2018-01-24,48.0,1.0,90.0,0.0,9.0,23.0,35.0,52.0,76.0,18.0,72.0
2018-01-25,86.0,1.0,88.0,0.0,8.0,5.0,34.0,44.0,71.0,22.0,72.0
2018-01-26,58.0,1.0,66.0,0.0,9.0,0.0,34.0,54.0,35.0,16.0,73.0
2018-01-27,30.0,1.0,28.0,0.0,8.0,0.0,13.0,23.0,17.0,0.0,68.0
2018-01-28,29.0,1.0,28.0,0.0,8.0,13.0,8.0,33.0,14.0,7.0,51.0
2018-01-29,72.0,1.0,80.0,0.0,8.0,11.0,33.0,58.0,71.0,25.0,81.0
2018-01-30,73.0,1.0,85.0,0.0,8.0,23.0,34.0,42.0,74.0,30.0,79.0
2018-01-31,75.0,1.0,87.0,41.0,8.0,12.0,32.0,40.0,71.0,21.0,74.0
2018-02-01,78.0,1.0,84.0,0.0,8.0,12.0,38.0,41.0,80.0,29.0,69.0
2018-02-02,64.0,1.0,82.0,0.0,8.0,24.0,38.0,39.0,79.0,19.0,74.0
2018-02-03,26.0,1.0,30.0,0.0,8.0,7.0,18.0,20.0,22.0,4.0,66.0
2018-02-04,17.0,1.0,30.0,0.0,7.0,13.0,10.0,31.0,16.0,8.0,51.0
2018-02-05,61.0,1.0,79.0,0.0,8.0,23.0,58.0,55.0,76.0,10.0,81.0
2018-02-06,85.0,1.0,86.0,0.0,16.0,35.0,100.0,95.0,94.0,24.0,99.0
2018-02-07,43.0,1.0,89.0,0.0,32.0,18.0,60.0,41.0,76.0,11.0,74.0
2018-02-08,74.0,1.0,87.0,0.0,25.0,17.0,62.0,44.0,81.0,26.0,77.0
2018-02-09,56.0,1.0,77.0,41.0,18.0,37.0,66.0,71.0,81.0,25.0,86.0
2018-02-10,24.0,1.0,28.0,0.0,14.0,0.0,20.0,33.0,21.0,8.0,67.0
2018-02-11,35.0,1.0,31.0,0.0,14.0,47.0,10.0,25.0,16.0,0.0,49.0
2018-02-12,60.0,1.0,77.0,0.0,12.0,6.0,45.0,34.0,74.0,11.0,79.0
2018-02-13,66.0,1.0,89.0,0.0,11.0,29.0,44.0,51.0,47.0,26.0,70.0
2018-02-14,70.0,1.0,85.0,0.0,9.0,24.0,44.0,38.0,72.0,28.0,67.0
2018-02-15,49.0,1.0,87.0,0.0,9.0,0.0,43.0,58.0,78.0,25.0,69.0
2018-02-16,61.0,1.0,73.0,0.0,9.0,32.0,40.0,52.0,74.0,37.0,69.0
2018-02-17,22.0,1.0,30.0,0.0,10.0,0.0,12.0,25.0,21.0,4.0,57.0
2018-02-18,29.0,1.0,26.0,0.0,9.0,12.0,10.0,17.0,15.0,8.0,44.0
2018-02-19,49.0,1.0,76.0,0.0,9.0,5.0,25.0,14.0,67.0,30.0,52.0
2018-02-20,59.0,1.0,82.0,0.0,8.0,0.0,34.0,45.0,69.0,37.0,59.0
2018-02-21,60.0,1.0,87.0,0.0,9.0,12.0,34.0,39.0,67.0,18.0,60.0
2018-02-22,60.0,1.0,90.0,0.0,8.0,13.0,42.0,42.0,66.0,33.0,65.0
2018-02-23,65.0,1.0,76.0,0.0,9.0,18.0,32.0,34.0,69.0,26.0,57.0
2018-02-24,37.0,,32.0,0.0,9.0,14.0,9.0,41.0,20.0,0.0,50.0
2018-02-25,27.0,,29.0,0.0,9.0,14.0,7.0,10.0,13.0,0.0,45.0
2018-02-26,53.0,,86.0,0.0,9.0,13.0,36.0,50.0,68.0,19.0,58.0
2018-02-27,56.0,,86.0,0.0,9.0,0.0,36.0,39.0,68.0,39.0,62.0
2018-02-28,61.0,,82.0,0.0,9.0,0.0,39.0,47.0,64.0,26.0,62.0
2018-03-01,73.0,,82.0,0.0,8.0,37.0,43.0,50.0,60.0,26.0,70.0
2018-03-02,34.0,,70.0,0.0,8.0,26.0,45.0,25.0,36.0,34.0,60.0
2018-03-03,17.0,,28.0,0.0,8.0,0.0,13.0,34.0,17.0,0.0,52.0
2018-03-04,30.0,,32.0,0.0,8.0,0.0,7.0,19.0,13.0,0.0,47.0
2018-03-05,49.0,,78.0,0.0,7.0,37.0,35.0,43.0,61.0,32.0,60.0
2018-03-06,100.0,,82.0,0.0,8.0,25.0,41.0,35.0,63.0,39.0,64.0
2018-03-07,71.0,,86.0,0.0,8.0,76.0,43.0,26.0,66.0,39.0,59.0
2018-03-08,53.0,,86.0,0.0,7.0,13.0,40.0,26.0,62.0,19.0,58.0
2018-03-09,47.0,,80.0,0.0,9.0,0.0,36.0,31.0,65.0,21.0,55.0
2018-03-10,24.0,,29.0,0.0,8.0,0.0,14.0,14.0,17.0,7.0,56.0
2018-03-11,17.0,,27.0,0.0,8.0,0.0,8.0,14.0,11.0,22.0,53.0
2018-03-12,49.0,,82.0,0.0,8.0,12.0,37.0,29.0,62.0,26.0,59.0
2018-03-13,59.0,,89.0,0.0,8.0,0.0,34.0,41.0,63.0,32.0,65.0
2018-03-14,65.0,,84.0,0.0,7.0,0.0,35.0,41.0,60.0,19.0,59.0
2018-03-15,45.0,,84.0,0.0,7.0,13.0,37.0,35.0,64.0,7.0,58.0
2018-03-16,40.0,,73.0,0.0,8.0,0.0,32.0,34.0,62.0,20.0,60.0
2018-03-17,31.0,,27.0,0.0,7.0,14.0,11.0,21.0,17.0,0.0,50.0
2018-03-18,20.0,,24.0,0.0,7.0,0.0,9.0,7.0,12.0,7.0,47.0
2018-03-19,54.0,,81.0,0.0,8.0,13.0,42.0,42.0,63.0,19.0,57.0
2018-03-20,56.0,,89.0,0.0,8.0,25.0,47.0,45.0,62.0,13.0,65.0
2018-03-21,56.0,,86.0,0.0,7.0,0.0,39.0,45.0,63.0,13.0,61.0
2018-03-22,63.0,,82.0,0.0,9.0,0.0,50.0,55.0,66.0,13.0,58.0
2018-03-23,53.0,,75.0,0.0,9.0,13.0,50.0,40.0,69.0,7.0,55.0
2018-03-24,48.0,,29.0,0.0,8.0,14.0,16.0,27.0,20.0,15.0,50.0
2018-03-25,31.0,,29.0,0.0,8.0,29.0,8.0,21.0,12.0,0.0,45.0
2018-03-26,51.0,,83.0,0.0,8.0,51.0,44.0,63.0,62.0,7.0,64.0
2018-03-27,72.0,,87.0,0.0,9.0,13.0,50.0,45.0,67.0,19.0,54.0
2018-03-28,64.0,,90.0,0.0,12.0,0.0,52.0,62.0,65.0,7.0,61.0
2018-03-29,69.0,,78.0,0.0,13.0,14.0,43.0,41.0,42.0,21.0,60.0
2018-03-30,20.0,,60.0,0.0,12.0,14.0,23.0,14.0,24.0,7.0,53.0
2018-03-31,21.0,,28.0,0.0,11.0,15.0,8.0,22.0,13.0,15.0,49.0
2018-04-01,28.0,,29.0,0.0,11.0,15.0,9.0,18.0,11.0,16.0,53.0
2018-04-02,79.0,,65.0,0.0,14.0,14.0,49.0,32.0,50.0,0.0,66.0
2018-04-03,56.0,,86.0,0.0,12.0,13.0,48.0,56.0,65.0,19.0,57.0
2018-04-04,44.0,,86.0,0.0,9.0,25.0,52.0,32.0,66.0,52.0,53.0
2018-04-05,64.0,,80.0,0.0,9.0,13.0,48.0,51.0,67.0,20.0,69.0
2018-04-06,44.0,,76.0,0.0,9.0,14.0,44.0,35.0,66.0,7.0,63.0
2018-04-07,27.0,,32.0,0.0,8.0,0.0,14.0,24.0,19.0,0.0,48.0
2018-04-08,20.0,,28.0,0.0,8.0,29.0,10.0,17.0,13.0,7.0,50.0
2018-04-09,71.0,,80.0,0.0,8.0,13.0,42.0,39.0,62.0,26.0,70.0
2018-04-10,38.0,,88.0,0.0,7.0,12.0,41.0,58.0,65.0,32.0,63.0
2018-04-11,57.0,,88.0,0.0,8.0,0.0,43.0,30.0,65.0,40.0,59.0
2018-04-12,42.0,,85.0,0.0,9.0,26.0,35.0,46.0,67.0,20.0,64.0
2018-04-13,53.0,,79.0,0.0,9.0,0.0,38.0,38.0,64.0,13.0,62.0
2018-04-14,28.0,,28.0,0.0,8.0,30.0,8.0,14.0,17.0,0.0,55.0
2018-04-15,21.0,,23.0,0.0,8.0,0.0,8.0,31.0,12.0,15.0,46.0
2018-04-16,35.0,,83.0,0.0,7.0,25.0,29.0,32.0,60.0,26.0,63.0
2018-04-17,92.0,,87.0,0.0,10.0,0.0,32.0,39.0,64.0,19.0,74.0
2018-04-18,64.0,,89.0,0.0,10.0,39.0,42.0,49.0,67.0,7.0,69.0
2018-04-19,55.0,,86.0,0.0,9.0,13.0,37.0,37.0,70.0,34.0,69.0
2018-04-20,41.0,,80.0,0.0,9.0,26.0,35.0,25.0,70.0,21.0,58.0
2018-04-21,46.0,,29.0,0.0,8.0,0.0,10.0,29.0,19.0,0.0,41.0
2018-04-22,21.0,,26.0,0.0,8.0,15.0,8.0,10.0,15.0,8.0,43.0
2018-04-23,74.0,,77.0,0.0,8.0,13.0,35.0,26.0,69.0,13.0,53.0
2018-04-24,62.0,,82.0,0.0,8.0,0.0,43.0,26.0,68.0,13.0,53.0
2018-04-25,78.0,,87.0,0.0,7.0,38.0,38.0,35.0,66.0,26.0,58.0
2018-04-26,78.0,,88.0,0.0,7.0,0.0,42.0,39.0,69.0,7.0,52.0
2018-04-27,57.0,,74.0,0.0,8.0,27.0,36.0,51.0,70.0,35.0,56.0
2018-04-28,14.0,,30.0,0.0,8.0,15.0,10.0,10.0,20.0,8.0,53.0
2018-04-29,24.0,,23.0,0.0,8.0,14.0,8.0,17.0,14.0,22.0,38.0
2018-04-30,46.0,,62.0,0.0,7.0,0.0,33.0,27.0,67.0,13.0,58.0
2018-05-01,79.0,,55.0,0.0,8.0,26.0,34.0,50.0,44.0,21.0,56.0
2018-05-02,65.0,,78.0,0.0,10.0,0.0,41.0,45.0,68.0,19.0,61.0
2018-05-03,46.0,1.0,76.0,0.0,13.0,8.0,35.0,55.0,69.0,16.0,50.0
2018-05-04,30.0,1.0,70.0,0.0,10.0,7.0,33.0,28.0,65.0,13.0,58.0
2018-05-05,22.0,1.0,29.0,0.0,8.0,0.0,12.0,23.0,19.0,8.0,47.0
2018-05-06,38.0,1.0,25.0,0.0,8.0,0.0,9.0,10.0,14.0,0.0,51.0
2018-05-07,40.0,1.0,78.0,0.0,9.0,14.0,30.0,35.0,57.0,22.0,57.0
2018-05-08,50.0,1.0,83.0,0.0,9.0,0.0,37.0,50.0,69.0,13.0,53.0
2018-05-09,61.0,1.0,85.0,0.0,9.0,22.0,36.0,52.0,68.0,22.0,56.0
2018-05-10,66.0,1.0,81.0,0.0,10.0,8.0,32.0,29.0,70.0,6.0,56.0
2018-05-11,58.0,1.0,76.0,0.0,10.0,6.0,36.0,33.0,72.0,6.0,52.0
2018-05-12,16.0,1.0,26.0,0.0,9.0,8.0,11.0,27.0,20.0,12.0,47.0
2018-05-13,19.0,1.0,27.0,0.0,9.0,0.0,8.0,16.0,14.0,7.0,40.0
2018-05-14,58.0,1.0,82.0,0.0,9.0,0.0,33.0,34.0,70.0,13.0,59.0
2018-05-15,51.0,1.0,82.0,0.0,9.0,14.0,31.0,56.0,67.0,41.0,63.0
2018-05-16,43.0,1.0,84.0,0.0,9.0,14.0,29.0,44.0,67.0,16.0,57.0
2018-05-17,35.0,1.0,86.0,0.0,9.0,8.0,36.0,37.0,70.0,32.0,55.0
2018-05-18,39.0,1.0,78.0,0.0,9.0,16.0,31.0,25.0,68.0,20.0,56.0
2018-05-19,21.0,1.0,30.0,0.0,8.0,15.0,8.0,12.0,18.0,0.0,49.0
2018-05-20,22.0,1.0,29.0,0.0,9.0,8.0,8.0,7.0,14.0,4.0,45.0
2018-05-21,48.0,1.0,79.0,0.0,9.0,0.0,30.0,37.0,70.0,23.0,65.0
2018-05-22,76.0,1.0,89.0,0.0,9.0,14.0,31.0,33.0,68.0,28.0,62.0
2018-05-23,50.0,1.0,92.0,0.0,9.0,0.0,29.0,35.0,68.0,23.0,54.0
2018-05-24,43.0,1.0,91.0,0.0,9.0,0.0,37.0,36.0,69.0,6.0,56.0
2018-05-25,44.0,1.0,75.0,0.0,9.0,23.0,27.0,45.0,68.0,21.0,52.0
2018-05-26,11.0,1.0,28.0,0.0,8.0,7.0,9.0,14.0,19.0,18.0,42.0
2018-05-27,22.0,1.0,29.0,0.0,8.0,0.0,8.0,30.0,13.0,8.0,42.0
2018-05-28,46.0,1.0,65.0,0.0,8.0,6.0,16.0,30.0,57.0,23.0,40.0
2018-05-29,51.0,1.0,88.0,0.0,7.0,28.0,25.0,30.0,66.0,13.0,58.0
2018-05-30,56.0,1.0,88.0,39.0,9.0,35.0,33.0,47.0,68.0,38.0,54.0
2018-05-31,41.0,1.0,81.0,0.0,8.0,23.0,36.0,42.0,73.0,40.0,59.0
2018-06-01,54.0,1.0,80.0,0.0,8.0,23.0,33.0,53.0,71.0,13.0,57.0
2018-06-02,31.0,1.0,27.0,0.0,8.0,9.0,11.0,18.0,21.0,4.0,48.0
2018-06-03,21.0,1.0,31.0,0.0,8.0,0.0,7.0,19.0,14.0,11.0,47.0
2018-06-04,53.0,1.0,84.0,0.0,8.0,6.0,34.0,51.0,64.0,51.0,60.0
2018-06-05,52.0,1.0,83.0,0.0,8.0,34.0,38.0,66.0,63.0,19.0,65.0
2018-06-06,51.0,1.0,83.0,0.0,10.0,0.0,39.0,35.0,67.0,16.0,66.0
2018-06-07,48.0,1.0,84.0,0.0,9.0,6.0,40.0,48.0,68.0,19.0,63.0
2018-06-08,36.0,1.0,75.0,0.0,9.0,0.0,32.0,36.0,66.0,30.0,55.0
2018-06-09,20.0,1.0,29.0,0.0,8.0,8.0,9.0,34.0,17.0,0.0,45.0
2018-06-10,26.0,1.0,25.0,0.0,8.0,16.0,7.0,14.0,13.0,4.0,46.0
2018-06-11,55.0,1.0,76.0,0.0,8.0,12.0,32.0,20.0,63.0,22.0,58.0
2018-06-12,50.0,1.0,86.0,36.0,10.0,7.0,37.0,43.0,71.0,23.0,63.0
2018-06-13,42.0,1.0,78.0,0.0,10.0,0.0,34.0,42.0,72.0,21.0,54.0
2018-06-14,81.0,1.0,80.0,0.0,9.0,12.0,31.0,21.0,66.0,28.0,55.0
2018-06-15,52.0,1.0,67.0,0.0,8.0,15.0,32.0,27.0,62.0,20.0,60.0
2018-06-16,26.0,1.0,22.0,0.0,8.0,25.0,9.0,14.0,17.0,0.0,50.0
2018-06-17,22.0,1.0,21.0,0.0,8.0,0.0,8.0,26.0,12.0,7.0,38.0
2018-06-18,46.0,1.0,75.0,0.0,8.0,0.0,30.0,33.0,62.0,19.0,58.0
2018-06-19,66.0,1.0,81.0,0.0,10.0,15.0,37.0,44.0,62.0,28.0,58.0
2018-06-20,71.0,1.0,85.0,39.0,8.0,0.0,38.0,33.0,66.0,3.0,59.0
2018-06-21,42.0,1.0,79.0,0.0,8.0,14.0,38.0,28.0,61.0,16.0,53.0
2018-06-22,41.0,1.0,73.0,0.0,8.0,36.0,29.0,34.0,60.0,13.0,51.0
2018-06-23,11.0,1.0,26.0,0.0,7.0,8.0,7.0,16.0,17.0,0.0,44.0
2018-06-24,13.0,1.0,24.0,0.0,7.0,7.0,8.0,10.0,12.0,3.0,46.0
2018-06-25,64.0,1.0,75.0,0.0,8.0,13.0,36.0,29.0,59.0,19.0,55.0
2018-06-26,58.0,1.0,80.0,0.0,8.0,0.0,36.0,44.0,59.0,16.0,56.0
2018-06-27,72.0,1.0,79.0,0.0,9.0,0.0,39.0,39.0,58.0,34.0,53.0
2018-06-28,60.0,1.0,82.0,0.0,9.0,14.0,36.0,43.0,61.0,22.0,57.0
2018-06-29,52.0,1.0,69.0,0.0,9.0,38.0,31.0,39.0,65.0,37.0,62.0
2018-06-30,37.0,1.0,28.0,89.0,9.0,0.0,9.0,24.0,17.0,3.0,45.0
2018-07-01,22.0,1.0,25.0,0.0,8.0,17.0,6.0,14.0,13.0,22.0,51.0
2018-07-02,27.0,1.0,68.0,0.0,10.0,6.0,33.0,35.0,57.0,25.0,61.0
2018-07-03,62.0,1.0,76.0,0.0,9.0,6.0,32.0,30.0,60.0,39.0,55.0
2018-07-04,30.0,1.0,74.0,0.0,8.0,7.0,15.0,33.0,61.0,36.0,42.0
2018-07-05,48.0,1.0,75.0,0.0,8.0,6.0,32.0,46.0,65.0,20.0,52.0
2018-07-06,35.0,1.0,66.0,0.0,8.0,0.0,27.0,34.0,63.0,19.0,53.0
2018-07-07,10.0,1.0,26.0,0.0,8.0,16.0,10.0,10.0,17.0,14.0,49.0
2018-07-08,23.0,1.0,25.0,0.0,8.0,32.0,6.0,26.0,13.0,4.0,50.0
2018-07-09,42.0,1.0,77.0,38.0,9.0,8.0,36.0,34.0,66.0,16.0,63.0
2018-07-10,63.0,1.0,79.0,0.0,9.0,40.0,32.0,38.0,66.0,9.0,64.0
2018-07-11,52.0,1.0,77.0,0.0,9.0,6.0,36.0,55.0,66.0,15.0,61.0
2018-07-12,52.0,1.0,81.0,0.0,8.0,14.0,31.0,41.0,64.0,13.0,57.0
2018-07-13,34.0,1.0,73.0,0.0,9.0,0.0,33.0,26.0,65.0,24.0,63.0
2018-07-14,10.0,1.0,21.0,0.0,8.0,9.0,9.0,9.0,18.0,11.0,61.0
2018-07-15,22.0,1.0,25.0,0.0,8.0,41.0,6.0,28.0,12.0,0.0,46.0
2018-07-16,62.0,1.0,73.0,0.0,9.0,14.0,32.0,60.0,63.0,22.0,57.0
2018-07-17,61.0,1.0,81.0,0.0,9.0,8.0,32.0,46.0,65.0,36.0,67.0
2018-07-18,66.0,1.0,86.0,0.0,9.0,14.0,32.0,49.0,67.0,27.0,62.0
2018-07-19,63.0,1.0,81.0,0.0,8.0,22.0,34.0,44.0,65.0,30.0,62.0
2018-07-20,49.0,1.0,73.0,0.0,8.0,0.0,31.0,31.0,64.0,14.0,56.0
2018-07-21,15.0,1.0,27.0,0.0,9.0,17.0,13.0,31.0,18.0,8.0,46.0
2018-07-22,36.0,1.0,26.0,0.0,8.0,8.0,6.0,33.0,14.0,0.0,49.0
2018-07-23,58.0,1.0,83.0,0.0,10.0,27.0,33.0,48.0,63.0,23.0,66.0
2018-07-24,76.0,1.0,87.0,0.0,9.0,0.0,36.0,66.0,68.0,36.0,72.0
2018-07-25,58.0,1.0,82.0,0.0,9.0,41.0,38.0,37.0,67.0,30.0,67.0
2018-07-26,77.0,1.0,84.0,0.0,9.0,0.0,54.0,28.0,75.0,36.0,74.0
2018-07-27,57.0,1.0,69.0,0.0,8.0,16.0,46.0,46.0,76.0,20.0,70.0
2018-07-28,22.0,1.0,29.0,0.0,7.0,0.0,16.0,17.0,21.0,4.0,59.0
2018-07-29,18.0,1.0,25.0,0.0,8.0,25.0,9.0,22.0,16.0,8.0,57.0
2018-07-30,54.0,1.0,77.0,40.0,9.0,27.0,40.0,37.0,71.0,35.0,60.0
2018-07-31,77.0,1.0,83.0,0.0,9.0,14.0,41.0,39.0,76.0,13.0,65.0
2018-08-01,54.0,1.0,79.0,0.0,12.0,21.0,42.0,37.0,73.0,13.0,74.0
2018-08-02,44.0,1.0,84.0,38.0,14.0,20.0,44.0,67.0,81.0,28.0,66.0
2018-08-03,31.0,1.0,76.0,0.0,10.0,15.0,36.0,52.0,73.0,14.0,69.0
2018-08-04,23.0,1.0,28.0,0.0,9.0,16.0,11.0,16.0,21.0,19.0,61.0
2018-08-05,19.0,1.0,28.0,0.0,8.0,0.0,9.0,21.0,16.0,7.0,51.0
2018-08-06,61.0,1.0,69.0,0.0,8.0,20.0,34.0,39.0,79.0,19.0,64.0
2018-08-07,67.0,1.0,82.0,0.0,15.0,32.0,36.0,43.0,74.0,16.0,72.0
2018-08-08,66.0,1.0,77.0,0.0,16.0,41.0,41.0,30.0,75.0,19.0,76.0
2018-08-09,53.0,1.0,84.0,0.0,12.0,14.0,37.0,34.0,74.0,25.0,66.0
2018-08-10,55.0,1.0,70.0,0.0,10.0,0.0,34.0,46.0,73.0,20.0,61.0
2018-08-11,38.0,1.0,29.0,0.0,9.0,9.0,10.0,23.0,21.0,11.0,53.0
2018-08-12,34.0,,24.0,0.0,9.0,0.0,10.0,32.0,14.0,28.0,56.0
2018-08-13,35.0,,69.0,0.0,10.0,15.0,27.0,53.0,69.0,12.0,55.0
2018-08-14,57.0,,79.0,0.0,11.0,0.0,33.0,55.0,70.0,19.0,69.0
2018-08-15,36.0,,61.0,0.0,10.0,31.0,34.0,38.0,38.0,51.0,64.0
2018-08-16,47.0,,77.0,0.0,9.0,16.0,34.0,66.0,68.0,45.0,56.0
2018-08-17,39.0,,68.0,0.0,14.0,0.0,27.0,28.0,75.0,13.0,72.0
2018-08-18,9.0,,26.0,0.0,11.0,0.0,11.0,22.0,20.0,15.0,46.0
2018-08-19,22.0,,25.0,0.0,9.0,0.0,9.0,21.0,14.0,8.0,54.0
2018-08-20,36.0,,77.0,0.0,11.0,0.0,35.0,32.0,69.0,25.0,70.0
2018-08-21,61.0,,79.0,0.0,11.0,0.0,35.0,32.0,68.0,45.0,100.0
2018-08-22,37.0,,73.0,0.0,10.0,0.0,34.0,51.0,41.0,6.0,76.0
2018-08-23,50.0,,78.0,0.0,9.0,0.0,39.0,44.0,72.0,19.0,63.0
2018-08-24,70.0,,77.0,0.0,11.0,16.0,31.0,39.0,70.0,0.0,68.0
2018-08-25,28.0,,28.0,0.0,10.0,0.0,9.0,32.0,20.0,7.0,52.0
2018-08-26,28.0,,25.0,0.0,9.0,17.0,6.0,21.0,14.0,7.0,49.0
2018-08-27,44.0,,77.0,0.0,10.0,0.0,38.0,37.0,61.0,12.0,66.0
2018-08-28,46.0,,81.0,0.0,9.0,15.0,38.0,46.0,68.0,37.0,66.0
2018-08-29,40.0,,85.0,0.0,9.0,44.0,40.0,31.0,70.0,0.0,70.0
2018-08-30,52.0,,81.0,0.0,9.0,30.0,34.0,50.0,69.0,12.0,65.0
2018-08-31,40.0,,73.0,0.0,9.0,31.0,32.0,64.0,68.0,13.0,68.0
2018-09-01,9.0,,26.0,0.0,8.0,0.0,11.0,17.0,20.0,14.0,50.0
2018-09-02,19.0,,25.0,0.0,8.0,0.0,6.0,28.0,15.0,0.0,40.0
2018-09-03,55.0,,61.0,0.0,8.0,15.0,19.0,56.0,67.0,12.0,48.0
2018-09-04,46.0,,80.0,0.0,9.0,0.0,35.0,43.0,70.0,12.0,58.0
2018-09-05,40.0,,88.0,0.0,9.0,29.0,41.0,39.0,70.0,43.0,67.0
2018-09-06,46.0,,83.0,0.0,9.0,0.0,37.0,39.0,68.0,19.0,70.0
2018-09-07,47.0,,77.0,0.0,18.0,0.0,34.0,28.0,72.0,19.0,63.0
2018-09-08,12.0,,32.0,0.0,15.0,0.0,11.0,20.0,21.0,0.0,46.0
2018-09-09,28.0,,30.0,0.0,12.0,0.0,7.0,17.0,15.0,14.0,59.0
2018-09-10,61.0,,81.0,0.0,12.0,14.0,37.0,45.0,62.0,43.0,63.0
2018-09-11,55.0,,84.0,0.0,13.0,14.0,36.0,54.0,64.0,18.0,72.0
2018-09-12,64.0,,87.0,0.0,11.0,14.0,35.0,33.0,65.0,19.0,72.0
2018-09-13,33.0,,78.0,0.0,11.0,0.0,38.0,55.0,41.0,43.0,69.0
2018-09-14,56.0,,76.0,0.0,10.0,0.0,34.0,38.0,65.0,32.0,77.0
2018-09-15,19.0,,31.0,0.0,9.0,17.0,9.0,32.0,19.0,14.0,62.0
2018-09-16,22.0,,33.0,0.0,9.0,0.0,8.0,17.0,14.0,7.0,47.0
2018-09-17,60.0,,79.0,0.0,10.0,0.0,32.0,35.0,63.0,18.0,62.0
2018-09-18,47.0,,87.0,0.0,10.0,0.0,34.0,69.0,65.0,24.0,62.0
2018-09-19,56.0,,87.0,0.0,11.0,29.0,34.0,27.0,66.0,30.0,67.0
2018-09-20,57.0,,87.0,0.0,10.0,30.0,34.0,31.0,45.0,19.0,65.0
2018-09-21,62.0,,79.0,0.0,9.0,0.0,36.0,38.0,71.0,32.0,80.0
2018-09-22,28.0,,29.0,0.0,9.0,17.0,11.0,17.0,21.0,0.0,64.0
2018-09-23,12.0,,30.0,86.0,8.0,17.0,9.0,17.0,14.0,7.0,68.0
2018-09-24,46.0,,74.0,0.0,9.0,0.0,37.0,43.0,69.0,19.0,67.0
2018-09-25,69.0,,85.0,0.0,9.0,29.0,32.0,54.0,71.0,24.0,67.0
2018-09-26,58.0,,89.0,0.0,9.0,14.0,33.0,57.0,68.0,36.0,67.0
2018-09-27,58.0,,81.0,0.0,11.0,0.0,30.0,49.0,67.0,55.0,66.0
2018-09-28,45.0,,77.0,0.0,18.0,31.0,36.0,38.0,73.0,19.0,67.0
2018-09-29,34.0,,30.0,0.0,12.0,17.0,11.0,14.0,22.0,14.0,54.0
2018-09-30,24.0,,30.0,0.0,15.0,0.0,8.0,20.0,15.0,14.0,48.0
2018-10-01,45.0,,72.0,0.0,16.0,14.0,32.0,39.0,70.0,12.0,67.0
2018-10-02,45.0,,76.0,0.0,14.0,0.0,32.0,42.0,40.0,24.0,62.0
2018-10-03,67.0,,82.0,0.0,11.0,15.0,35.0,58.0,75.0,25.0,69.0
2018-10-04,83.0,,84.0,0.0,11.0,29.0,38.0,52.0,75.0,12.0,68.0
2018-10-05,54.0,,68.0,0.0,12.0,47.0,41.0,51.0,72.0,13.0,66.0
2018-10-06,19.0,,30.0,0.0,9.0,34.0,14.0,32.0,21.0,0.0,52.0
2018-10-07,12.0,,27.0,0.0,9.0,0.0,8.0,27.0,15.0,14.0,47.0
2018-10-08,51.0,,64.0,0.0,12.0,0.0,36.0,51.0,67.0,19.0,65.0
2018-10-09,64.0,,88.0,0.0,11.0,14.0,35.0,58.0,100.0,36.0,72.0
2018-10-10,70.0,,83.0,0.0,10.0,0.0,58.0,43.0,72.0,6.0,75.0
2018-10-11,69.0,,81.0,0.0,12.0,30.0,78.0,43.0,83.0,32.0,76.0
2018-10-12,43.0,,77.0,0.0,10.0,32.0,65.0,46.0,80.0,46.0,71.0
2018-10-13,19.0,,32.0,0.0,9.0,0.0,13.0,14.0,20.0,8.0,46.0
2018-10-14,19.0,,31.0,0.0,9.0,51.0,9.0,21.0,15.0,7.0,48.0
2018-10-15,52.0,,83.0,0.0,10.0,0.0,44.0,40.0,70.0,19.0,64.0
2018-10-16,68.0,,89.0,0.0,9.0,30.0,49.0,46.0,72.0,25.0,68.0
2018-10-17,71.0,,85.0,0.0,10.0,0.0,46.0,34.0,72.0,12.0,64.0
2018-10-18,47.0,,80.0,0.0,10.0,15.0,48.0,47.0,42.0,25.0,67.0
2018-10-19,61.0,1.0,70.0,0.0,12.0,39.0,49.0,34.0,60.0,32.0,58.0
2018-10-20,28.0,1.0,28.0,0.0,10.0,8.0,14.0,13.0,17.0,16.0,55.0
2018-10-21,33.0,1.0,30.0,0.0,9.0,0.0,9.0,17.0,14.0,0.0,42.0
2018-10-22,49.0,1.0,81.0,45.0,10.0,0.0,38.0,38.0,63.0,11.0,56.0
2018-10-23,44.0,1.0,88.0,0.0,11.0,22.0,54.0,29.0,64.0,16.0,66.0
2018-10-24,64.0,1.0,88.0,0.0,14.0,7.0,60.0,37.0,64.0,26.0,61.0
2018-10-25,79.0,1.0,84.0,0.0,16.0,0.0,77.0,43.0,74.0,25.0,64.0
2018-10-26,63.0,1.0,75.0,0.0,13.0,16.0,65.0,69.0,71.0,34.0,59.0
2018-10-27,21.0,1.0,32.0,0.0,10.0,8.0,16.0,21.0,23.0,13.0,45.0
2018-10-28,30.0,1.0,27.0,0.0,9.0,0.0,12.0,29.0,14.0,20.0,34.0
2018-10-29,60.0,1.0,77.0,0.0,11.0,7.0,53.0,21.0,86.0,10.0,58.0
2018-10-30,55.0,1.0,82.0,0.0,10.0,29.0,52.0,48.0,75.0,25.0,61.0
2018-10-31,58.0,1.0,82.0,0.0,9.0,0.0,53.0,49.0,77.0,40.0,59.0
2018-11-01,59.0,1.0,75.0,0.0,10.0,47.0,46.0,62.0,75.0,34.0,68.0
2018-11-02,47.0,1.0,67.0,0.0,11.0,24.0,51.0,50.0,80.0,38.0,63.0
2018-11-03,33.0,1.0,27.0,0.0,9.0,26.0,14.0,19.0,22.0,11.0,51.0
2018-11-04,24.0,1.0,28.0,0.0,9.0,0.0,7.0,26.0,15.0,23.0,52.0
2018-11-05,46.0,1.0,68.0,37.0,10.0,7.0,43.0,53.0,70.0,61.0,62.0
2018-11-06,64.0,1.0,77.0,0.0,10.0,7.0,39.0,55.0,58.0,7.0,64.0
2018-11-07,54.0,1.0,71.0,0.0,9.0,28.0,47.0,52.0,47.0,31.0,60.0
2018-11-08,33.0,1.0,77.0,0.0,10.0,7.0,47.0,65.0,44.0,24.0,64.0
2018-11-09,27.0,1.0,69.0,0.0,10.0,8.0,42.0,35.0,61.0,47.0,62.0
2018-11-10,26.0,1.0,28.0,0.0,9.0,34.0,12.0,10.0,19.0,25.0,47.0
2018-11-11,26.0,1.0,28.0,0.0,8.0,33.0,9.0,26.0,14.0,16.0,46.0
2018-11-12,54.0,1.0,73.0,0.0,9.0,44.0,40.0,52.0,65.0,3.0,57.0
2018-11-13,61.0,1.0,83.0,0.0,9.0,8.0,46.0,57.0,69.0,21.0,68.0
2018-11-14,70.0,1.0,82.0,0.0,9.0,22.0,46.0,39.0,67.0,50.0,58.0
2018-11-15,61.0,1.0,82.0,0.0,9.0,30.0,47.0,52.0,71.0,17.0,57.0
2018-11-16,49.0,1.0,76.0,0.0,10.0,8.0,43.0,55.0,67.0,14.0,58.0
2018-11-17,14.0,1.0,33.0,0.0,9.0,8.0,14.0,4.0,19.0,5.0,41.0
2018-11-18,28.0,1.0,29.0,0.0,9.0,0.0,9.0,30.0,13.0,18.0,49.0
2018-11-19,40.0,1.0,76.0,0.0,9.0,7.0,42.0,44.0,65.0,40.0,59.0
2018-11-20,59.0,1.0,79.0,0.0,9.0,7.0,63.0,54.0,64.0,24.0,65.0
2018-11-21,49.0,1.0,81.0,0.0,9.0,38.0,46.0,38.0,65.0,31.0,58.0
2018-11-22,51.0,1.0,74.0,0.0,8.0,8.0,28.0,20.0,63.0,53.0,43.0
2018-11-23,34.0,1.0,61.0,0.0,8.0,8.0,28.0,36.0,40.0,18.0,51.0
2018-11-24,14.0,1.0,26.0,0.0,8.0,8.0,13.0,11.0,16.0,3.0,42.0
2018-11-25,29.0,1.0,27.0,0.0,8.0,0.0,10.0,18.0,12.0,7.0,42.0
2018-11-26,63.0,1.0,71.0,0.0,9.0,21.0,37.0,29.0,60.0,11.0,52.0
2018-11-27,45.0,1.0,84.0,0.0,10.0,7.0,43.0,40.0,63.0,34.0,63.0
2018-11-28,40.0,1.0,82.0,0.0,9.0,15.0,46.0,34.0,63.0,20.0,58.0
2018-11-29,70.0,1.0,83.0,0.0,9.0,0.0,42.0,59.0,68.0,44.0,64.0
2018-11-30,45.0,1.0,72.0,0.0,9.0,15.0,42.0,36.0,66.0,21.0,65.0
2018-12-01,14.0,1.0,31.0,45.0,9.0,17.0,11.0,23.0,19.0,0.0,49.0
2018-12-02,12.0,1.0,26.0,0.0,8.0,8.0,9.0,21.0,14.0,4.0,41.0
2018-12-03,35.0,1.0,76.0,0.0,10.0,14.0,43.0,39.0,66.0,23.0,60.0
2018-12-04,60.0,1.0,83.0,0.0,10.0,8.0,52.0,62.0,64.0,51.0,68.0
2018-12-05,55.0,1.0,84.0,0.0,10.0,8.0,40.0,35.0,64.0,27.0,58.0
2018-12-06,49.0,1.0,80.0,0.0,10.0,22.0,52.0,57.0,65.0,13.0,61.0
2018-12-07,59.0,1.0,65.0,0.0,10.0,8.0,42.0,32.0,62.0,37.0,57.0
2018-12-08,20.0,1.0,25.0,0.0,9.0,0.0,14.0,24.0,15.0,0.0,48.0
2018-12-09,20.0,1.0,26.0,0.0,9.0,0.0,10.0,12.0,13.0,13.0,49.0
2018-12-10,57.0,1.0,73.0,0.0,11.0,22.0,44.0,41.0,62.0,26.0,57.0
2018-12-11,54.0,1.0,75.0,38.0,10.0,8.0,39.0,41.0,59.0,24.0,55.0
2018-12-12,37.0,1.0,81.0,0.0,10.0,30.0,42.0,51.0,63.0,33.0,60.0
2018-12-13,65.0,1.0,79.0,0.0,9.0,0.0,38.0,58.0,63.0,16.0,52.0
2018-12-14,38.0,1.0,68.0,0.0,10.0,8.0,33.0,32.0,68.0,58.0,56.0
2018-12-15,19.0,1.0,26.0,0.0,9.0,17.0,12.0,12.0,18.0,5.0,46.0
2018-12-16,17.0,1.0,26.0,0.0,10.0,17.0,8.0,17.0,13.0,8.0,46.0
2018-12-17,51.0,1.0,72.0,0.0,10.0,28.0,42.0,33.0,67.0,16.0,59.0
2018-12-18,54.0,1.0,76.0,38.0,11.0,14.0,46.0,50.0,71.0,11.0,60.0
2018-12-19,56.0,1.0,78.0,0.0,10.0,23.0,46.0,31.0,66.0,41.0,69.0
2018-12-20,40.0,1.0,75.0,0.0,10.0,16.0,57.0,39.0,66.0,36.0,64.0
2018-12-21,41.0,1.0,59.0,0.0,10.0,0.0,60.0,50.0,64.0,7.0,62.0
2018-12-22,10.0,1.0,25.0,0.0,11.0,0.0,21.0,32.0,17.0,0.0,45.0
2018-12-23,12.0,1.0,24.0,0.0,10.0,9.0,12.0,11.0,13.0,9.0,41.0
2018-12-24,20.0,1.0,40.0,0.0,10.0,27.0,53.0,38.0,56.0,17.0,63.0
2018-12-25,11.0,1.0,33.0,0.0,10.0,19.0,31.0,30.0,20.0,15.0,52.0
2018-12-26,28.0,1.0,54.0,0.0,10.0,34.0,59.0,41.0,47.0,8.0,67.0
2018-12-27,30.0,1.0,55.0,0.0,11.0,0.0,64.0,56.0,59.0,12.0,65.0
2018-12-28,37.0,1.0,51.0,0.0,11.0,8.0,47.0,43.0,59.0,11.0,73.0
2018-12-29,28.0,1.0,23.0,0.0,11.0,17.0,16.0,31.0,17.0,4.0,58.0
2018-12-30,20.0,1.0,24.0,0.0,10.0,9.0,8.0,18.0,13.0,9.0,51.0
2018-12-31,30.0,1.0,35.0,0.0,10.0,0.0,31.0,35.0,55.0,4.0,60.0
2019-01-01,34.0,1.0,28.0,0.0,9.0,0.0,16.0,24.0,41.0,9.0,64.0
2019-01-02,23.0,1.0,58.0,0.0,12.0,0.0,48.0,48.0,62.0,7.0,72.0
2019-01-03,44.0,1.0,69.0,0.0,11.0,15.0,58.0,46.0,64.0,15.0,71.0
2019-01-04,45.0,1.0,63.0,0.0,11.0,8.0,56.0,41.0,61.0,39.0,71.0
2019-01-05,25.0,1.0,25.0,0.0,10.0,17.0,16.0,30.0,19.0,8.0,57.0
2019-01-06,14.0,1.0,25.0,0.0,11.0,8.0,10.0,33.0,14.0,16.0,50.0
2019-01-07,41.0,1.0,67.0,0.0,11.0,0.0,46.0,60.0,60.0,31.0,65.0
2019-01-08,35.0,1.0,73.0,0.0,10.0,14.0,44.0,46.0,60.0,33.0,63.0
2019-01-09,55.0,1.0,80.0,45.0,10.0,22.0,46.0,63.0,64.0,29.0,68.0
2019-01-10,66.0,1.0,82.0,0.0,11.0,0.0,42.0,65.0,63.0,26.0,75.0
2019-01-11,44.0,1.0,75.0,0.0,10.0,8.0,40.0,62.0,61.0,42.0,59.0
2019-01-12,34.0,1.0,28.0,0.0,9.0,0.0,14.0,17.0,17.0,7.0,54.0
2019-01-13,27.0,1.0,29.0,0.0,9.0,0.0,8.0,42.0,12.0,0.0,48.0
2019-01-14,68.0,1.0,66.0,0.0,9.0,14.0,35.0,38.0,55.0,4.0,69.0
2019-01-15,36.0,1.0,74.0,0.0,9.0,22.0,37.0,38.0,60.0,22.0,65.0
2019-01-16,36.0,1.0,83.0,0.0,9.0,0.0,43.0,50.0,65.0,21.0,70.0
2019-01-17,45.0,1.0,82.0,0.0,10.0,8.0,39.0,48.0,64.0,36.0,76.0
2019-01-18,39.0,1.0,70.0,0.0,13.0,23.0,43.0,66.0,62.0,24.0,72.0
2019-01-19,24.0,1.0,28.0,0.0,11.0,8.0,14.0,31.0,19.0,3.0,61.0
2019-01-20,28.0,1.0,29.0,0.0,9.0,0.0,8.0,30.0,15.0,15.0,54.0
2019-01-21,38.0,1.0,69.0,0.0,9.0,0.0,26.0,59.0,60.0,17.0,56.0
2019-01-22,46.0,1.0,86.0,43.0,10.0,0.0,40.0,61.0,61.0,42.0,71.0
2019-01-23,56.0,1.0,81.0,0.0,10.0,0.0,43.0,50.0,61.0,31.0,64.0
2019-01-24,44.0,1.0,81.0,0.0,9.0,0.0,39.0,53.0,62.0,51.0,66.0
2019-01-25,50.0,1.0,70.0,39.0,9.0,60.0,40.0,27.0,62.0,55.0,67.0
2019-01-26,13.0,1.0,26.0,0.0,10.0,8.0,13.0,34.0,16.0,8.0,63.0
2019-01-27,41.0,1.0,28.0,0.0,10.0,0.0,9.0,35.0,14.0,16.0,52.0
2019-01-28,41.0,,75.0,0.0,10.0,58.0,33.0,55.0,59.0,40.0,65.0
2019-01-29,62.0,,76.0,0.0,9.0,0.0,45.0,38.0,64.0,32.0,64.0
2019-01-30,48.0,,85.0,0.0,11.0,0.0,45.0,42.0,64.0,16.0,64.0
2019-01-31,53.0,,81.0,0.0,12.0,15.0,51.0,71.0,63.0,33.0,72.0
2019-02-01,40.0,,67.0,0.0,10.0,15.0,40.0,47.0,68.0,67.0,58.0
2019-02-02,22.0,,31.0,0.0,9.0,17.0,12.0,36.0,18.0,0.0,53.0
2019-02-03,18.0,,28.0,0.0,9.0,0.0,9.0,27.0,14.0,0.0,49.0
2019-02-04,53.0,,79.0,0.0,10.0,0.0,38.0,49.0,63.0,40.0,69.0
2019-02-05,64.0,,77.0,0.0,10.0,29.0,42.0,74.0,64.0,40.0,65.0
2019-02-06,63.0,,74.0,0.0,10.0,29.0,40.0,63.0,64.0,40.0,72.0
2019-02-07,74.0,,77.0,0.0,10.0,14.0,40.0,59.0,64.0,24.0,60.0
2019-02-08,49.0,,75.0,0.0,10.0,0.0,35.0,51.0,67.0,42.0,58.0
2019-02-09,28.0,,29.0,0.0,9.0,17.0,12.0,28.0,18.0,18.0,59.0
2019-02-10,22.0,,25.0,0.0,10.0,0.0,9.0,31.0,13.0,18.0,52.0
2019-02-11,46.0,,66.0,0.0,10.0,0.0,37.0,48.0,58.0,40.0,65.0
2019-02-12,60.0,,81.0,0.0,10.0,29.0,40.0,55.0,60.0,48.0,62.0
2019-02-13,60.0,,82.0,0.0,10.0,29.0,43.0,85.0,60.0,24.0,66.0
2019-02-14,37.0,,79.0,0.0,9.0,0.0,43.0,25.0,69.0,40.0,63.0
2019-02-15,81.0,,80.0,92.0,9.0,0.0,37.0,70.0,63.0,59.0,74.0
2019-02-16,19.0,,29.0,0.0,9.0,0.0,14.0,20.0,18.0,18.0,64.0
2019-02-17,35.0,,28.0,0.0,10.0,17.0,8.0,24.0,13.0,10.0,49.0
2019-02-18,30.0,,74.0,0.0,9.0,0.0,22.0,46.0,61.0,33.0,55.0
2019-02-19,58.0,,76.0,0.0,10.0,14.0,36.0,76.0,58.0,40.0,66.0
2019-02-20,55.0,,85.0,0.0,11.0,0.0,43.0,70.0,65.0,48.0,72.0
2019-02-21,63.0,,77.0,0.0,10.0,29.0,39.0,73.0,64.0,24.0,75.0
2019-02-22,47.0,,75.0,93.0,11.0,0.0,38.0,26.0,66.0,9.0,67.0
2019-02-23,35.0,,31.0,0.0,9.0,17.0,13.0,28.0,17.0,27.0,84.0
2019-02-24,22.0,,27.0,0.0,9.0,0.0,9.0,47.0,14.0,9.0,85.0
2019-02-25,54.0,,76.0,0.0,9.0,14.0,36.0,48.0,64.0,47.0,93.0
2019-02-26,62.0,,80.0,0.0,11.0,14.0,36.0,41.0,62.0,32.0,80.0
2019-02-27,51.0,,77.0,0.0,9.0,28.0,40.0,37.0,61.0,47.0,70.0
2019-02-28,50.0,,79.0,0.0,14.0,14.0,40.0,63.0,63.0,40.0,67.0
2019-03-01,40.0,,68.0,0.0,25.0,15.0,38.0,47.0,63.0,42.0,71.0
2019-03-02,16.0,,30.0,0.0,16.0,0.0,12.0,28.0,17.0,0.0,58.0
2019-03-03,28.0,,28.0,0.0,14.0,17.0,7.0,60.0,14.0,0.0,58.0
2019-03-04,59.0,,69.0,0.0,16.0,0.0,36.0,71.0,42.0,49.0,69.0
2019-03-05,85.0,,88.0,0.0,14.0,0.0,37.0,61.0,70.0,33.0,68.0
2019-03-06,57.0,,79.0,0.0,13.0,0.0,34.0,69.0,68.0,63.0,67.0
2019-03-07,60.0,,82.0,0.0,13.0,15.0,39.0,39.0,64.0,17.0,58.0
2019-03-08,48.0,,71.0,0.0,12.0,31.0,33.0,56.0,62.0,34.0,59.0
2019-03-09,17.0,,27.0,0.0,12.0,34.0,11.0,16.0,18.0,18.0,61.0
2019-03-10,25.0,,30.0,0.0,12.0,16.0,10.0,28.0,13.0,27.0,69.0
2019-03-11,51.0,,75.0,0.0,13.0,15.0,40.0,57.0,64.0,74.0,75.0
2019-03-12,80.0,,82.0,87.0,11.0,29.0,42.0,69.0,71.0,40.0,79.0
2019-03-13,52.0,,75.0,0.0,11.0,0.0,45.0,45.0,70.0,72.0,58.0
2019-03-14,62.0,,78.0,0.0,14.0,15.0,40.0,53.0,70.0,33.0,67.0
2019-03-15,46.0,,73.0,0.0,32.0,15.0,43.0,47.0,65.0,17.0,67.0
2019-03-16,22.0,,31.0,0.0,17.0,0.0,11.0,16.0,20.0,0.0,57.0
2019-03-17,19.0,,31.0,0.0,15.0,17.0,8.0,12.0,14.0,9.0,45.0
2019-03-18,71.0,,80.0,0.0,14.0,15.0,38.0,100.0,65.0,17.0,65.0
2019-03-19,53.0,,82.0,0.0,14.0,0.0,40.0,44.0,70.0,39.0,71.0
2019-03-20,70.0,,84.0,0.0,12.0,29.0,42.0,46.0,63.0,57.0,65.0
2019-03-21,49.0,,75.0,0.0,12.0,0.0,40.0,65.0,42.0,58.0,63.0
2019-03-22,72.0,,69.0,0.0,13.0,0.0,44.0,34.0,68.0,18.0,70.0
2019-03-23,32.0,,24.0,0.0,12.0,0.0,12.0,24.0,18.0,10.0,60.0
2019-03-24,29.0,,29.0,0.0,12.0,0.0,7.0,22.0,15.0,0.0,54.0
2019-03-25,53.0,,77.0,90.0,12.0,0.0,39.0,57.0,59.0,49.0,62.0
2019-03-26,45.0,,77.0,0.0,12.0,45.0,41.0,46.0,64.0,17.0,68.0
2019-03-27,34.0,,81.0,0.0,11.0,0.0,43.0,46.0,64.0,25.0,57.0
2019-03-28,43.0,,82.0,0.0,11.0,31.0,37.0,76.0,65.0,33.0,69.0
2019-03-29,29.0,,72.0,0.0,12.0,0.0,45.0,56.0,67.0,43.0,63.0
2019-03-30,29.0,,29.0,0.0,11.0,17.0,11.0,4.0,20.0,29.0,59.0
2019-03-31,35.0,,26.0,0.0,10.0,17.0,8.0,20.0,12.0,28.0,55.0
2019-04-01,64.0,,74.0,0.0,12.0,14.0,36.0,66.0,65.0,33.0,55.0
2019-04-02,50.0,,80.0,0.0,11.0,0.0,41.0,56.0,66.0,24.0,67.0
2019-04-03,47.0,,90.0,0.0,12.0,14.0,38.0,38.0,66.0,16.0,69.0
2019-04-04,92.0,,79.0,0.0,14.0,44.0,46.0,53.0,69.0,25.0,66.0
2019-04-05,52.0,,71.0,0.0,13.0,31.0,36.0,77.0,65.0,68.0,66.0
2019-04-06,25.0,1.0,27.0,0.0,12.0,0.0,11.0,23.0,18.0,18.0,52.0
2019-04-07,32.0,1.0,27.0,0.0,11.0,18.0,9.0,47.0,14.0,9.0,47.0
2019-04-08,60.0,1.0,83.0,0.0,13.0,47.0,35.0,38.0,61.0,56.0,67.0
2019-04-09,71.0,1.0,81.0,0.0,11.0,0.0,38.0,49.0,63.0,32.0,62.0
2019-04-10,58.0,1.0,80.0,0.0,11.0,33.0,47.0,68.0,64.0,36.0,66.0
2019-04-11,75.0,1.0,76.0,0.0,11.0,0.0,35.0,37.0,61.0,52.0,63.0
2019-04-12,38.0,1.0,75.0,0.0,12.0,17.0,32.0,42.0,64.0,34.0,62.0
2019-04-13,21.0,1.0,27.0,0.0,13.0,0.0,11.0,28.0,18.0,10.0,49.0
2019-04-14,23.0,1.0,27.0,0.0,12.0,0.0,8.0,25.0,14.0,0.0,45.0
2019-04-15,54.0,1.0,72.0,0.0,12.0,0.0,33.0,45.0,63.0,29.0,52.0
2019-04-16,56.0,1.0,75.0,0.0,11.0,16.0,39.0,45.0,67.0,24.0,60.0
2019-04-17,70.0,1.0,79.0,0.0,11.0,49.0,43.0,46.0,47.0,25.0,66.0
2019-04-18,64.0,1.0,69.0,0.0,12.0,0.0,41.0,45.0,66.0,39.0,61.0
2019-04-19,45.0,1.0,50.0,0.0,12.0,0.0,22.0,23.0,26.0,23.0,56.0
2019-04-20,21.0,1.0,26.0,0.0,12.0,0.0,8.0,14.0,15.0,14.0,45.0
2019-04-21,30.0,1.0,24.0,0.0,12.0,28.0,7.0,27.0,14.0,25.0,41.0
2019-04-22,73.0,1.0,64.0,0.0,15.0,9.0,30.0,29.0,49.0,30.0,53.0
2019-04-23,55.0,1.0,75.0,45.0,17.0,41.0,42.0,55.0,60.0,25.0,59.0
2019-04-24,55.0,1.0,79.0,0.0,17.0,16.0,43.0,33.0,67.0,41.0,59.0
2019-04-25,63.0,1.0,77.0,0.0,16.0,24.0,41.0,38.0,66.0,33.0,60.0
2019-04-26,45.0,1.0,64.0,0.0,14.0,0.0,40.0,29.0,65.0,29.0,51.0
2019-04-27,19.0,1.0,24.0,0.0,11.0,0.0,12.0,34.0,18.0,0.0,42.0
2019-04-28,30.0,1.0,29.0,0.0,11.0,8.0,7.0,21.0,13.0,14.0,46.0
2019-04-29,36.0,1.0,64.0,0.0,12.0,0.0,35.0,59.0,44.0,32.0,59.0
2019-04-30,54.0,1.0,73.0,0.0,13.0,17.0,39.0,44.0,66.0,28.0,56.0
2019-05-01,63.0,1.0,49.0,0.0,14.0,26.0,48.0,28.0,43.0,38.0,64.0
2019-05-02,69.0,1.0,68.0,0.0,14.0,15.0,45.0,51.0,65.0,44.0,59.0
2019-05-03,60.0,1.0,64.0,0.0,14.0,0.0,42.0,57.0,60.0,37.0,67.0
2019-05-04,39.0,1.0,29.0,0.0,12.0,37.0,12.0,41.0,18.0,32.0,50.0
2019-05-05,33.0,1.0,27.0,0.0,12.0,16.0,9.0,26.0,13.0,18.0,48.0
2019-05-06,69.0,1.0,65.0,0.0,12.0,31.0,46.0,57.0,50.0,60.0,45.0
2019-05-07,74.0,1.0,81.0,0.0,12.0,32.0,47.0,44.0,61.0,36.0,58.0
2019-05-08,58.0,1.0,78.0,0.0,13.0,0.0,43.0,62.0,62.0,72.0,55.0
2019-05-09,49.0,1.0,78.0,0.0,14.0,0.0,44.0,56.0,64.0,49.0,54.0
2019-05-10,52.0,1.0,69.0,0.0,18.0,32.0,47.0,67.0,64.0,38.0,49.0
2019-05-11,27.0,1.0,25.0,0.0,16.0,10.0,12.0,21.0,18.0,33.0,39.0
2019-05-12,24.0,1.0,26.0,0.0,14.0,0.0,7.0,9.0,13.0,18.0,45.0
2019-05-13,39.0,1.0,73.0,0.0,13.0,0.0,54.0,44.0,63.0,41.0,54.0
2019-05-14,67.0,1.0,84.0,0.0,13.0,23.0,53.0,40.0,63.0,36.0,61.0
2019-05-15,58.0,1.0,80.0,0.0,13.0,16.0,40.0,64.0,63.0,32.0,57.0
2019-05-16,60.0,1.0,79.0,0.0,12.0,16.0,45.0,47.0,64.0,53.0,56.0
2019-05-17,43.0,1.0,71.0,0.0,13.0,9.0,39.0,24.0,64.0,16.0,56.0
2019-05-18,21.0,1.0,29.0,0.0,12.0,35.0,9.0,19.0,19.0,23.0,39.0
2019-05-19,31.0,1.0,24.0,0.0,12.0,0.0,7.0,9.0,13.0,9.0,38.0
2019-05-20,35.0,1.0,71.0,0.0,13.0,38.0,39.0,43.0,76.0,36.0,52.0
2019-05-21,48.0,1.0,78.0,45.0,15.0,31.0,35.0,33.0,70.0,23.0,50.0
2019-05-22,52.0,1.0,79.0,0.0,14.0,7.0,38.0,35.0,69.0,28.0,51.0
2019-05-23,36.0,1.0,75.0,0.0,15.0,31.0,40.0,53.0,76.0,15.0,52.0
2019-05-24,42.0,1.0,71.0,0.0,14.0,18.0,40.0,28.0,66.0,50.0,57.0
2019-05-25,17.0,1.0,27.0,0.0,12.0,0.0,12.0,13.0,20.0,9.0,45.0
2019-05-26,11.0,1.0,25.0,0.0,13.0,10.0,8.0,19.0,14.0,13.0,35.0
2019-05-27,30.0,1.0,60.0,0.0,12.0,24.0,23.0,25.0,58.0,16.0,38.0
2019-05-28,54.0,1.0,77.0,0.0,12.0,24.0,37.0,44.0,68.0,67.0,57.0
2019-05-29,88.0,1.0,73.0,0.0,13.0,0.0,37.0,40.0,66.0,23.0,60.0
2019-05-30,49.0,1.0,75.0,0.0,12.0,7.0,39.0,61.0,65.0,24.0,54.0
2019-05-31,48.0,1.0,64.0,0.0,14.0,25.0,38.0,34.0,65.0,16.0,58.0
2019-06-01,16.0,1.0,23.0,0.0,12.0,18.0,13.0,21.0,19.0,14.0,44.0
2019-06-02,6.0,1.0,25.0,0.0,11.0,0.0,8.0,26.0,12.0,4.0,39.0
2019-06-03,36.0,1.0,73.0,0.0,15.0,0.0,42.0,40.0,64.0,51.0,58.0
2019-06-04,48.0,1.0,78.0,0.0,15.0,39.0,47.0,31.0,65.0,68.0,58.0
2019-06-05,52.0,1.0,70.0,0.0,14.0,0.0,41.0,34.0,39.0,40.0,59.0
2019-06-06,39.0,1.0,79.0,43.0,14.0,22.0,44.0,33.0,62.0,44.0,58.0
2019-06-07,45.0,1.0,68.0,0.0,14.0,8.0,39.0,34.0,60.0,33.0,58.0
2019-06-08,19.0,1.0,37.0,0.0,12.0,26.0,12.0,26.0,18.0,14.0,47.0
2019-06-09,12.0,1.0,28.0,0.0,12.0,0.0,11.0,9.0,12.0,13.0,47.0
2019-06-10,37.0,1.0,66.0,0.0,12.0,7.0,35.0,41.0,61.0,16.0,59.0
2019-06-11,58.0,1.0,83.0,0.0,12.0,37.0,41.0,67.0,63.0,59.0,68.0
2019-06-12,48.0,1.0,84.0,0.0,14.0,31.0,40.0,50.0,62.0,84.0,54.0
2019-06-13,74.0,1.0,80.0,0.0,12.0,23.0,34.0,41.0,62.0,47.0,53.0
2019-06-14,60.0,1.0,93.0,0.0,13.0,23.0,32.0,24.0,57.0,28.0,64.0
2019-06-15,15.0,1.0,33.0,0.0,12.0,0.0,10.0,24.0,17.0,27.0,45.0
2019-06-16,18.0,1.0,27.0,0.0,11.0,0.0,7.0,13.0,12.0,13.0,44.0
2019-06-17,52.0,1.0,69.0,0.0,12.0,16.0,33.0,56.0,58.0,40.0,59.0
2019-06-18,57.0,1.0,82.0,0.0,13.0,0.0,35.0,51.0,61.0,43.0,63.0
2019-06-19,55.0,1.0,79.0,0.0,12.0,31.0,44.0,49.0,62.0,31.0,61.0
2019-06-20,50.0,1.0,75.0,0.0,13.0,32.0,44.0,49.0,68.0,33.0,66.0
2019-06-21,66.0,1.0,68.0,0.0,12.0,16.0,38.0,52.0,63.0,34.0,57.0
2019-06-22,35.0,1.0,23.0,0.0,11.0,0.0,10.0,19.0,18.0,9.0,48.0
2019-06-23,19.0,1.0,27.0,0.0,13.0,0.0,7.0,17.0,14.0,10.0,45.0
2019-06-24,58.0,1.0,73.0,0.0,12.0,0.0,37.0,48.0,60.0,44.0,57.0
2019-06-25,66.0,1.0,85.0,0.0,13.0,16.0,37.0,62.0,59.0,24.0,69.0
2019-06-26,48.0,1.0,78.0,0.0,12.0,23.0,39.0,29.0,63.0,27.0,55.0
2019-06-27,49.0,1.0,75.0,0.0,12.0,8.0,38.0,57.0,66.0,51.0,56.0
2019-06-28,33.0,1.0,71.0,0.0,13.0,15.0,40.0,35.0,61.0,17.0,49.0
2019-06-29,20.0,1.0,26.0,0.0,12.0,10.0,11.0,15.0,17.0,23.0,50.0
2019-06-30,19.0,1.0,25.0,0.0,11.0,0.0,7.0,21.0,12.0,23.0,41.0
2019-07-01,27.0,1.0,71.0,0.0,12.0,0.0,37.0,65.0,61.0,52.0,60.0
2019-07-02,48.0,1.0,79.0,0.0,12.0,32.0,38.0,58.0,57.0,35.0,64.0
2019-07-03,43.0,1.0,69.0,0.0,15.0,24.0,36.0,26.0,61.0,51.0,53.0
2019-07-04,32.0,1.0,67.0,0.0,12.0,8.0,19.0,36.0,62.0,46.0,49.0
2019-07-05,36.0,1.0,67.0,0.0,11.0,32.0,31.0,38.0,67.0,26.0,51.0
2019-07-06,14.0,1.0,23.0,0.0,11.0,10.0,10.0,13.0,18.0,27.0,47.0
2019-07-07,17.0,1.0,25.0,0.0,11.0,26.0,7.0,26.0,13.0,13.0,44.0
2019-07-08,56.0,1.0,70.0,0.0,12.0,7.0,35.0,63.0,62.0,52.0,66.0
2019-07-09,57.0,1.0,81.0,0.0,11.0,0.0,34.0,43.0,63.0,44.0,59.0
2019-07-10,53.0,1.0,77.0,0.0,13.0,16.0,39.0,50.0,59.0,36.0,62.0
2019-07-11,67.0,1.0,78.0,0.0,12.0,8.0,44.0,50.0,61.0,59.0,71.0
2019-07-12,47.0,1.0,71.0,0.0,13.0,0.0,39.0,31.0,60.0,50.0,64.0
2019-07-13,27.0,1.0,28.0,0.0,13.0,20.0,11.0,19.0,17.0,0.0,55.0
2019-07-14,20.0,1.0,27.0,0.0,11.0,8.0,5.0,27.0,12.0,13.0,45.0
2019-07-15,37.0,1.0,74.0,0.0,12.0,31.0,35.0,53.0,62.0,40.0,62.0
2019-07-16,52.0,,83.0,0.0,13.0,51.0,37.0,60.0,61.0,40.0,57.0
2019-07-17,50.0,,75.0,0.0,14.0,34.0,35.0,29.0,63.0,49.0,61.0
2019-07-18,37.0,,72.0,0.0,13.0,35.0,35.0,43.0,65.0,0.0,65.0
2019-07-19,42.0,,69.0,0.0,14.0,18.0,41.0,41.0,66.0,70.0,64.0
2019-07-20,39.0,,26.0,0.0,13.0,0.0,13.0,15.0,18.0,9.0,54.0
2019-07-21,35.0,,22.0,0.0,12.0,0.0,7.0,26.0,13.0,9.0,47.0
2019-07-22,36.0,,65.0,0.0,13.0,35.0,35.0,66.0,62.0,25.0,53.0
2019-07-23,38.0,,75.0,0.0,13.0,17.0,42.0,19.0,65.0,24.0,59.0
2019-07-24,57.0,,71.0,0.0,15.0,35.0,39.0,36.0,68.0,76.0,59.0
2019-07-25,40.0,,69.0,0.0,18.0,0.0,46.0,60.0,67.0,68.0,51.0
2019-07-26,41.0,,61.0,0.0,15.0,0.0,38.0,50.0,65.0,51.0,56.0
2019-07-27,29.0,,25.0,0.0,13.0,0.0,12.0,19.0,19.0,9.0,47.0
2019-07-28,19.0,,23.0,0.0,12.0,20.0,7.0,19.0,15.0,9.0,47.0
2019-07-29,36.0,,65.0,0.0,12.0,35.0,41.0,45.0,67.0,33.0,56.0
2019-07-30,34.0,,66.0,94.0,12.0,0.0,34.0,33.0,69.0,0.0,62.0
2019-07-31,51.0,,71.0,0.0,12.0,17.0,40.0,52.0,73.0,25.0,57.0
2019-08-01,40.0,,70.0,0.0,11.0,0.0,53.0,66.0,65.0,25.0,64.0
2019-08-02,35.0,,60.0,0.0,12.0,0.0,41.0,41.0,69.0,26.0,61.0
2019-08-03,16.0,,22.0,0.0,13.0,40.0,14.0,30.0,21.0,0.0,49.0
2019-08-04,16.0,,19.0,0.0,12.0,20.0,8.0,15.0,14.0,0.0,40.0
2019-08-05,28.0,,63.0,0.0,12.0,35.0,54.0,66.0,65.0,8.0,65.0
2019-08-06,39.0,,67.0,0.0,12.0,17.0,52.0,39.0,71.0,41.0,69.0
2019-08-07,54.0,,70.0,0.0,13.0,0.0,58.0,69.0,70.0,49.0,59.0
2019-08-08,43.0,,68.0,0.0,12.0,17.0,45.0,72.0,71.0,66.0,59.0
2019-08-09,15.0,,56.0,0.0,12.0,35.0,42.0,46.0,65.0,25.0,55.0
2019-08-10,32.0,,23.0,0.0,12.0,0.0,12.0,22.0,18.0,0.0,42.0
2019-08-11,9.0,,22.0,0.0,12.0,0.0,7.0,30.0,13.0,19.0,44.0
2019-08-12,59.0,,63.0,0.0,12.0,17.0,39.0,62.0,41.0,8.0,64.0
2019-08-13,58.0,,69.0,0.0,12.0,34.0,48.0,64.0,68.0,16.0,69.0
2019-08-14,37.0,,67.0,0.0,12.0,49.0,58.0,55.0,65.0,31.0,72.0
2019-08-15,51.0,,56.0,0.0,13.0,0.0,62.0,46.0,40.0,42.0,69.0
2019-08-16,55.0,,63.0,0.0,13.0,0.0,50.0,50.0,65.0,17.0,59.0
2019-08-17,25.0,,26.0,0.0,12.0,0.0,12.0,26.0,18.0,0.0,45.0
2019-08-18,19.0,,26.0,0.0,13.0,20.0,11.0,37.0,13.0,19.0,44.0
2019-08-19,44.0,,71.0,0.0,12.0,17.0,42.0,35.0,63.0,32.0,63.0
2019-08-20,61.0,,74.0,0.0,13.0,34.0,45.0,93.0,60.0,57.0,59.0
2019-08-21,25.0,,76.0,0.0,12.0,0.0,46.0,40.0,58.0,39.0,59.0
2019-08-22,52.0,,80.0,0.0,12.0,0.0,39.0,54.0,62.0,16.0,55.0
2019-08-23,54.0,,75.0,0.0,12.0,17.0,45.0,56.0,60.0,33.0,72.0
2019-08-24,13.0,,27.0,0.0,13.0,20.0,15.0,22.0,17.0,19.0,43.0
2019-08-25,28.0,,28.0,0.0,12.0,0.0,9.0,4.0,13.0,9.0,43.0
2019-08-26,49.0,,67.0,0.0,12.0,17.0,43.0,73.0,54.0,32.0,54.0
2019-08-27,51.0,,74.0,0.0,12.0,16.0,39.0,40.0,65.0,47.0,69.0
2019-08-28,56.0,,85.0,0.0,12.0,0.0,43.0,69.0,61.0,32.0,63.0
2019-08-29,48.0,,75.0,0.0,12.0,17.0,44.0,40.0,61.0,55.0,67.0
2019-08-30,22.0,,65.0,0.0,12.0,0.0,37.0,50.0,63.0,32.0,51.0
2019-08-31,24.0,,27.0,0.0,11.0,0.0,11.0,38.0,17.0,18.0,41.0
2019-09-01,15.0,,27.0,100.0,11.0,0.0,5.0,18.0,13.0,17.0,42.0
2019-09-02,40.0,,49.0,0.0,11.0,17.0,21.0,32.0,34.0,39.0,47.0
2019-09-03,31.0,,71.0,0.0,12.0,0.0,41.0,45.0,58.0,83.0,57.0
2019-09-04,59.0,,80.0,0.0,11.0,32.0,37.0,60.0,56.0,23.0,61.0
2019-09-05,57.0,,75.0,0.0,12.0,16.0,39.0,30.0,58.0,38.0,52.0
2019-09-06,51.0,,67.0,0.0,12.0,17.0,37.0,59.0,58.0,79.0,54.0
2019-09-07,30.0,,29.0,0.0,12.0,18.0,12.0,21.0,17.0,0.0,53.0
2019-09-08,18.0,,25.0,0.0,11.0,0.0,6.0,32.0,13.0,9.0,40.0
2019-09-09,60.0,,69.0,0.0,12.0,0.0,36.0,45.0,58.0,15.0,54.0
2019-09-10,55.0,,76.0,0.0,13.0,0.0,37.0,30.0,43.0,76.0,52.0
2019-09-11,80.0,,83.0,0.0,13.0,16.0,44.0,51.0,61.0,53.0,61.0
2019-09-12,71.0,,82.0,0.0,14.0,49.0,43.0,55.0,64.0,100.0,64.0
2019-09-13,52.0,,66.0,0.0,12.0,34.0,42.0,41.0,62.0,48.0,63.0
2019-09-14,27.0,,27.0,0.0,13.0,0.0,12.0,28.0,17.0,9.0,43.0
2019-09-15,15.0,,27.0,0.0,12.0,18.0,9.0,31.0,13.0,0.0,41.0
2019-09-16,62.0,,70.0,0.0,12.0,0.0,39.0,63.0,59.0,53.0,56.0
2019-09-17,51.0,,78.0,0.0,11.0,0.0,40.0,59.0,62.0,22.0,46.0
2019-09-18,88.0,,86.0,0.0,13.0,64.0,38.0,45.0,57.0,38.0,57.0
2019-09-19,55.0,,80.0,0.0,14.0,0.0,42.0,61.0,62.0,77.0,59.0
2019-09-20,35.0,,71.0,0.0,13.0,100.0,34.0,56.0,76.0,24.0,52.0
2019-09-21,26.0,,29.0,0.0,12.0,0.0,9.0,3.0,21.0,0.0,47.0
2019-09-22,15.0,,29.0,0.0,13.0,18.0,10.0,34.0,13.0,17.0,43.0
2019-09-23,38.0,,72.0,0.0,13.0,63.0,37.0,65.0,73.0,52.0,58.0
2019-09-24,75.0,,78.0,0.0,12.0,16.0,44.0,57.0,67.0,30.0,46.0
2019-09-25,56.0,,79.0,0.0,13.0,16.0,43.0,53.0,62.0,45.0,49.0
2019-09-26,45.0,,76.0,0.0,13.0,49.0,39.0,36.0,64.0,15.0,60.0
2019-09-27,40.0,,71.0,0.0,14.0,0.0,34.0,49.0,63.0,31.0,53.0
2019-09-28,26.0,,28.0,0.0,14.0,0.0,9.0,18.0,17.0,0.0,34.0
2019-09-29,17.0,,28.0,0.0,14.0,0.0,7.0,28.0,13.0,35.0,43.0
2019-09-30,85.0,,70.0,0.0,14.0,16.0,31.0,52.0,62.0,85.0,59.0
2019-10-01,41.0,,77.0,86.0,14.0,47.0,38.0,56.0,62.0,45.0,60.0
2019-10-02,41.0,,73.0,0.0,14.0,0.0,37.0,56.0,38.0,7.0,49.0
2019-10-03,45.0,,71.0,0.0,14.0,16.0,42.0,64.0,62.0,31.0,54.0
2019-10-04,55.0,,69.0,0.0,14.0,51.0,37.0,44.0,58.0,64.0,57.0
2019-10-05,18.0,,25.0,0.0,13.0,19.0,12.0,32.0,18.0,9.0,56.0
2019-10-06,20.0,,24.0,0.0,14.0,0.0,6.0,10.0,13.0,17.0,39.0
2019-10-07,52.0,,73.0,0.0,13.0,32.0,35.0,48.0,53.0,30.0,55.0
2019-10-08,39.0,,70.0,0.0,13.0,0.0,32.0,30.0,35.0,53.0,53.0
2019-10-09,65.0,,76.0,0.0,13.0,16.0,39.0,36.0,60.0,8.0,48.0
2019-10-10,49.0,,74.0,0.0,13.0,32.0,38.0,51.0,61.0,68.0,57.0
2019-10-11,32.0,,67.0,88.0,13.0,0.0,40.0,45.0,65.0,46.0,54.0
2019-10-12,21.0,,22.0,0.0,11.0,18.0,14.0,17.0,18.0,9.0,49.0
2019-10-13,21.0,,26.0,0.0,12.0,0.0,10.0,28.0,15.0,17.0,45.0
2019-10-14,55.0,,68.0,87.0,13.0,0.0,34.0,36.0,73.0,15.0,60.0
2019-10-15,64.0,,80.0,0.0,13.0,16.0,37.0,41.0,65.0,22.0,55.0
2019-10-16,54.0,,80.0,0.0,13.0,16.0,37.0,38.0,67.0,30.0,59.0
2019-10-17,78.0,,77.0,0.0,12.0,32.0,42.0,54.0,68.0,91.0,54.0
2019-10-18,37.0,,77.0,0.0,13.0,33.0,42.0,40.0,69.0,16.0,56.0
2019-10-19,20.0,,36.0,0.0,13.0,18.0,9.0,24.0,19.0,17.0,42.0
2019-10-20,15.0,,26.0,0.0,11.0,0.0,7.0,7.0,13.0,0.0,39.0
2019-10-21,37.0,,75.0,0.0,13.0,0.0,36.0,61.0,45.0,37.0,56.0
2019-10-22,42.0,,73.0,0.0,12.0,0.0,40.0,40.0,69.0,65.0,50.0
2019-10-23,51.0,,78.0,0.0,15.0,0.0,39.0,59.0,71.0,60.0,56.0
2019-10-24,56.0,,77.0,0.0,21.0,16.0,39.0,44.0,69.0,53.0,57.0
2019-10-25,62.0,,61.0,0.0,18.0,33.0,43.0,32.0,64.0,8.0,52.0
2019-10-26,18.0,,24.0,0.0,15.0,18.0,9.0,28.0,20.0,26.0,49.0
2019-10-27,15.0,,20.0,0.0,14.0,0.0,8.0,27.0,21.0,0.0,41.0
2019-10-28,45.0,,64.0,0.0,15.0,0.0,44.0,60.0,40.0,44.0,47.0
2019-10-29,49.0,,74.0,0.0,14.0,0.0,37.0,60.0,65.0,53.0,52.0
2019-10-30,72.0,,75.0,0.0,13.0,0.0,40.0,33.0,69.0,75.0,59.0
2019-10-31,56.0,,74.0,0.0,12.0,50.0,40.0,53.0,79.0,55.0,53.0
2019-11-01,47.0,,65.0,0.0,11.0,0.0,39.0,29.0,73.0,0.0,66.0
2019-11-02,28.0,,26.0,0.0,11.0,88.0,11.0,20.0,23.0,17.0,53.0
2019-11-03,32.0,,23.0,0.0,12.0,0.0,9.0,56.0,17.0,0.0,42.0
2019-11-04,64.0,,63.0,0.0,12.0,0.0,41.0,65.0,73.0,15.0,60.0
2019-11-05,60.0,,78.0,0.0,13.0,47.0,37.0,58.0,70.0,30.0,65.0
2019-11-06,75.0,,76.0,0.0,13.0,62.0,44.0,88.0,72.0,30.0,60.0
2019-11-07,69.0,,80.0,0.0,13.0,16.0,40.0,65.0,73.0,38.0,63.0
2019-11-08,45.0,,72.0,0.0,13.0,33.0,38.0,67.0,66.0,15.0,61.0
2019-11-09,25.0,,29.0,0.0,12.0,0.0,13.0,40.0,17.0,17.0,53.0
2019-11-10,25.0,,23.0,0.0,12.0,0.0,9.0,24.0,15.0,34.0,39.0
2019-11-11,58.0,,66.0,0.0,12.0,16.0,37.0,30.0,65.0,30.0,47.0
2019-11-12,60.0,,78.0,0.0,14.0,0.0,44.0,49.0,45.0,15.0,58.0
2019-11-13,83.0,,79.0,0.0,19.0,62.0,37.0,64.0,67.0,15.0,64.0
2019-11-14,51.0,,79.0,0.0,15.0,16.0,39.0,38.0,69.0,15.0,62.0
2019-11-15,61.0,,70.0,0.0,14.0,16.0,38.0,64.0,65.0,39.0,64.0
2019-11-16,21.0,,27.0,0.0,13.0,0.0,12.0,28.0,21.0,26.0,62.0
2019-11-17,25.0,,28.0,0.0,13.0,18.0,9.0,31.0,17.0,34.0,49.0
2019-11-18,50.0,,71.0,0.0,14.0,0.0,36.0,52.0,69.0,15.0,59.0
2019-11-19,43.0,,75.0,0.0,14.0,16.0,37.0,47.0,69.0,30.0,58.0
2019-11-20,88.0,,80.0,87.0,14.0,0.0,42.0,51.0,72.0,53.0,64.0
2019-11-21,91.0,,81.0,0.0,19.0,16.0,38.0,57.0,69.0,23.0,49.0
2019-11-22,54.0,,73.0,0.0,100.0,16.0,38.0,46.0,65.0,55.0,57.0
2019-11-23,32.0,,30.0,0.0,70.0,0.0,10.0,36.0,18.0,8.0,49.0
2019-11-24,17.0,,25.0,0.0,54.0,0.0,7.0,20.0,14.0,33.0,34.0
2019-11-25,49.0,,74.0,0.0,51.0,0.0,42.0,72.0,68.0,53.0,60.0
2019-11-26,46.0,,76.0,0.0,38.0,32.0,37.0,50.0,69.0,38.0,60.0
2019-11-27,49.0,,76.0,0.0,32.0,64.0,35.0,51.0,69.0,53.0,48.0
2019-11-28,39.0,,71.0,0.0,29.0,32.0,22.0,51.0,69.0,31.0,43.0
2019-11-29,35.0,,57.0,0.0,26.0,33.0,25.0,52.0,62.0,16.0,46.0
2019-11-30,15.0,,26.0,0.0,22.0,0.0,9.0,20.0,19.0,8.0,39.0
2019-12-01,14.0,,26.0,0.0,20.0,17.0,7.0,26.0,15.0,25.0,47.0
2019-12-02,50.0,,70.0,0.0,18.0,15.0,32.0,55.0,64.0,29.0,62.0
2019-12-03,61.0,,76.0,0.0,17.0,0.0,38.0,59.0,62.0,7.0,62.0
2019-12-04,46.0,,75.0,0.0,17.0,0.0,39.0,59.0,66.0,30.0,57.0
2019-12-05,31.0,,76.0,0.0,17.0,16.0,35.0,42.0,66.0,23.0,62.0
2019-12-06,44.0,,69.0,0.0,17.0,0.0,39.0,44.0,62.0,40.0,64.0
2019-12-07,24.0,,29.0,0.0,18.0,18.0,13.0,25.0,19.0,9.0,48.0
2019-12-08,26.0,,27.0,0.0,16.0,0.0,6.0,28.0,13.0,17.0,44.0
2019-12-09,46.0,,76.0,0.0,16.0,16.0,30.0,34.0,62.0,46.0,54.0
2019-12-10,45.0,,72.0,0.0,15.0,0.0,34.0,60.0,55.0,46.0,61.0
2019-12-11,34.0,,80.0,0.0,15.0,32.0,40.0,50.0,60.0,37.0,54.0
2019-12-12,39.0,,73.0,0.0,16.0,32.0,44.0,45.0,62.0,23.0,57.0
2019-12-13,59.0,,63.0,0.0,15.0,16.0,47.0,62.0,75.0,16.0,57.0
2019-12-14,20.0,,26.0,0.0,16.0,18.0,17.0,24.0,19.0,0.0,43.0
2019-12-15,15.0,,27.0,0.0,14.0,18.0,9.0,64.0,16.0,8.0,46.0
2019-12-16,48.0,,71.0,0.0,15.0,32.0,39.0,68.0,62.0,37.0,64.0
2019-12-17,38.0,,69.0,0.0,15.0,16.0,45.0,51.0,64.0,23.0,64.0
2019-12-18,48.0,,69.0,0.0,15.0,16.0,38.0,74.0,64.0,45.0,59.0
2019-12-19,21.0,,64.0,0.0,17.0,33.0,42.0,81.0,65.0,8.0,56.0
2019-12-20,47.0,,59.0,94.0,16.0,17.0,40.0,30.0,64.0,41.0,71.0
2019-12-21,24.0,,21.0,0.0,15.0,0.0,13.0,35.0,19.0,0.0,53.0
2019-12-22,15.0,,24.0,0.0,16.0,18.0,7.0,37.0,13.0,17.0,40.0
2019-12-23,33.0,,55.0,0.0,19.0,34.0,36.0,77.0,60.0,40.0,58.0
2019-12-24,35.0,,46.0,0.0,18.0,55.0,32.0,52.0,58.0,26.0,59.0
2019-12-25,15.0,,34.0,0.0,18.0,20.0,16.0,30.0,20.0,0.0,46.0
2019-12-26,17.0,,43.0,0.0,16.0,0.0,38.0,56.0,45.0,33.0,58.0
2019-12-27,48.0,,48.0,0.0,18.0,35.0,52.0,99.0,56.0,25.0,70.0
2019-12-28,21.0,,21.0,99.0,17.0,18.0,14.0,24.0,19.0,9.0,49.0
2019-12-29,9.0,,22.0,0.0,15.0,0.0,11.0,31.0,13.0,0.0,49.0
2019-12-30,25.0,,46.0,0.0,17.0,17.0,35.0,64.0,57.0,0.0,58.0
2019-12-31,41.0,,40.0,0.0,16.0,0.0,34.0,57.0,58.0,0.0,70.0
