date,Apple,,apple,aapl,apple store,apple watch,apple iphone,iphone,apple music,aapl stock price,aapl stock,apple pay,apple macbook,apple support,apple watch series 3,apple 4 watch,airpods,semiconductor,TSMC,apple factory,apple earnings,aapl earnings
1/1/2017,26,,26,1,49,23,12,31,22,0,2,12,48,42,0,0,2,29,7,24,1,0
1/2/2017,28,,28,4,51,24,13,30,22,3,4,15,47,63,0,1,2,35,4,44,0,0
1/3/2017,26,,26,10,48,22,11,29,21,9,12,17,48,59,0,0,2,52,3,35,0,0
1/4/2017,26,,26,11,45,20,12,28,18,14,14,14,45,62,0,0,2,45,18,20,0,2
1/5/2017,25,,25,11,46,22,11,28,18,10,11,15,43,66,0,0,2,74,9,44,1,1
1/6/2017,26,,26,16,46,21,11,28,18,14,20,15,42,51,0,0,3,57,6,29,2,3
1/7/2017,26,,26,4,48,21,11,29,20,5,4,15,39,56,0,0,2,28,4,28,2,4
1/8/2017,26,,26,2,44,21,12,30,19,0,1,14,42,56,1,1,2,36,6,24,1,1
1/9/2017,25,,25,12,42,18,11,27,15,13,12,12,36,55,0,0,2,47,7,36,0,0
1/10/2017,24,,24,13,42,20,11,26,17,9,13,13,49,55,0,0,2,60,18,27,2,1
1/11/2017,24,,24,14,44,20,11,26,15,11,13,11,38,45,1,0,2,57,13,25,1,0
1/12/2017,24,,24,12,44,17,10,25,17,9,12,14,39,55,0,0,2,57,21,23,0,1
1/13/2017,23,,23,11,40,17,9,26,15,16,13,13,38,53,0,0,2,52,17,19,2,5
1/14/2017,25,,25,2,48,20,12,28,20,2,4,14,44,55,1,0,3,40,4,15,1,1
1/15/2017,25,,25,2,49,19,11,28,19,1,4,13,47,51,1,0,4,40,17,20,1,1
1/16/2017,23,,23,5,45,16,10,27,16,3,4,13,36,59,0,0,4,55,6,18,2,5
1/17/2017,23,,23,11,39,15,10,26,16,15,14,12,42,57,0,0,3,70,8,28,4,4
1/18/2017,23,,23,12,42,15,10,25,14,8,18,12,32,66,0,0,3,67,19,19,6,2
1/19/2017,22,,22,11,40,15,10,25,16,14,12,12,38,47,0,0,2,61,6,26,1,5
1/20/2017,21,,21,11,38,15,10,25,14,6,13,11,35,44,0,0,2,53,13,15,2,3
1/21/2017,24,,24,3,45,16,11,27,17,2,2,13,42,56,0,0,2,40,9,33,0,0
1/22/2017,25,,25,2,44,18,11,28,16,7,3,15,42,46,0,0,3,29,2,17,0,0
1/23/2017,23,,23,13,39,15,11,25,16,14,17,12,41,52,0,0,3,58,5,13,4,2
1/24/2017,23,,23,12,40,15,10,24,13,8,17,13,38,56,0,0,3,60,12,10,4,10
1/25/2017,23,,23,17,36,15,10,24,16,14,19,14,43,58,0,0,2,71,12,19,6,10
1/26/2017,23,,23,13,39,15,9,25,13,15,17,15,41,48,0,0,2,61,13,19,4,8
1/27/2017,22,,22,16,38,15,10,24,16,10,20,12,35,57,0,0,3,36,20,17,6,16
1/28/2017,23,,23,6,41,17,11,27,18,7,4,12,39,49,0,0,3,46,10,24,1,8
1/29/2017,25,,25,3,41,17,10,28,17,0,3,14,46,43,0,0,2,47,14,27,4,9
1/30/2017,23,,23,17,37,15,10,25,14,17,22,11,39,47,0,0,2,50,10,18,14,24
1/31/2017,23,,23,46,36,15,10,25,15,16,44,14,38,55,0,0,2,62,13,24,70,97
2/1/2017,23,,23,59,37,14,10,25,15,36,60,16,40,42,0,0,3,48,15,39,31,17
2/2/2017,23,,23,28,36,15,9,24,15,12,35,16,37,45,0,0,3,68,11,19,5,6
2/3/2017,22,,22,18,36,15,10,24,18,18,22,13,34,51,0,0,3,58,20,31,3,0
2/4/2017,23,,23,5,38,17,10,27,17,5,5,14,39,46,0,1,3,30,4,19,1,0
2/5/2017,24,,24,3,37,19,10,26,17,1,3,13,41,42,0,0,2,36,6,25,1,0
2/6/2017,23,,23,17,37,15,10,23,14,24,21,14,37,37,0,0,3,68,13,23,1,0
2/7/2017,23,,23,19,35,15,9,24,15,18,26,13,36,51,0,0,3,60,7,25,1,1
2/8/2017,22,,22,20,36,14,9,23,16,16,22,13,37,55,0,0,3,64,10,13,1,1
2/9/2017,22,,22,17,34,15,9,24,17,18,23,15,36,50,0,0,2,63,19,15,1,1
2/10/2017,22,,22,15,38,16,9,24,14,15,17,13,40,51,0,0,3,60,6,28,0,0
2/11/2017,23,,23,5,40,18,10,27,16,7,5,15,35,57,0,0,3,31,8,17,1,1
2/12/2017,24,,24,4,39,19,11,27,19,0,4,12,41,43,0,0,3,36,5,13,0,0
2/13/2017,22,,22,18,34,16,8,24,18,17,27,14,33,52,0,0,3,54,9,16,0,0
2/14/2017,21,,21,21,32,16,9,22,16,14,26,14,37,52,0,0,2,63,13,37,2,5
2/15/2017,22,,22,27,35,17,9,24,17,24,34,15,38,51,0,0,2,70,14,23,1,1
2/16/2017,21,,21,18,33,15,9,23,15,14,21,11,37,41,1,0,3,59,12,22,1,4
2/17/2017,21,,21,15,36,15,9,23,18,21,18,9,35,46,0,0,2,62,11,12,0,1
2/18/2017,23,,23,3,39,17,10,26,17,3,6,14,35,44,0,0,3,43,6,24,0,0
2/19/2017,23,,23,2,42,18,10,26,19,7,5,13,38,46,0,0,3,37,8,30,0,0
2/20/2017,22,,22,6,37,15,9,24,15,7,3,15,33,51,1,0,3,53,27,38,0,2
2/21/2017,21,,21,17,36,14,9,23,18,16,22,13,34,43,1,0,3,70,9,13,0,1
2/22/2017,21,,21,16,34,13,8,23,16,13,23,15,39,42,1,0,3,70,7,20,2,1
2/23/2017,21,,21,15,33,14,9,23,14,17,22,14,34,48,0,0,2,79,17,18,0,2
2/24/2017,21,,21,15,34,15,9,23,19,15,12,13,37,40,0,0,3,62,13,20,1,1
2/25/2017,23,,23,6,40,16,9,26,18,5,6,13,34,54,0,0,3,28,10,20,1,0
2/26/2017,23,,23,3,39,16,11,26,18,0,2,14,41,46,0,0,2,53,10,12,0,0
2/27/2017,22,,22,16,35,15,9,23,18,14,15,13,34,44,1,0,2,58,5,20,0,0
2/28/2017,21,,21,17,34,13,9,23,17,12,15,14,42,47,0,0,3,72,9,23,2,1
3/1/2017,21,,21,19,31,14,9,23,17,23,25,14,39,41,0,0,2,64,16,24,0,0
3/2/2017,21,,21,19,33,15,9,23,15,23,20,13,35,48,0,0,2,63,24,23,1,0
3/3/2017,21,,21,16,35,13,9,24,22,23,19,13,34,48,0,0,2,64,11,25,1,1
3/4/2017,22,,22,5,41,16,9,26,21,0,4,14,37,46,0,0,2,34,8,26,1,0
3/5/2017,23,,23,2,41,16,10,26,22,0,3,13,43,48,0,0,3,47,5,36,1,1
3/6/2017,22,,22,14,33,14,10,23,18,12,16,12,38,52,0,0,2,64,19,20,0,0
3/7/2017,21,,21,15,33,13,9,23,15,26,19,18,40,50,0,0,2,75,13,27,1,2
3/8/2017,21,,21,13,33,13,9,22,16,18,15,16,33,45,0,0,2,68,15,13,1,0
3/9/2017,20,,20,13,35,12,8,22,15,15,17,11,33,45,0,0,2,69,12,21,0,2
3/10/2017,21,,21,14,36,14,9,23,16,18,17,15,34,48,0,0,2,54,14,24,0,0
3/11/2017,22,,22,4,40,15,9,26,20,2,4,14,38,57,0,0,2,33,6,13,1,0
3/12/2017,22,,22,2,37,16,9,27,16,1,1,14,37,43,1,0,2,40,11,28,0,0
3/13/2017,21,,21,11,36,13,9,22,16,14,15,11,33,45,1,0,2,66,10,22,1,0
3/14/2017,21,,21,11,36,12,8,23,13,16,13,12,40,52,1,0,2,65,11,6,0,2
3/15/2017,20,,20,12,36,13,9,23,17,18,18,14,37,49,0,0,2,65,19,20,0,0
3/16/2017,21,,21,13,31,13,9,22,14,24,19,13,35,44,0,0,2,55,18,18,2,0
3/17/2017,20,,20,13,34,13,9,22,17,27,21,15,35,47,0,0,2,52,12,28,0,0
3/18/2017,22,,22,3,36,15,10,26,23,2,4,11,38,49,0,0,2,29,10,19,1,1
3/19/2017,23,,23,2,39,15,10,26,25,2,4,14,39,41,0,0,2,39,12,18,1,0
3/20/2017,21,,21,14,37,14,9,23,20,20,16,14,36,52,1,0,2,60,13,19,0,0
3/21/2017,27,,27,17,48,14,12,25,19,21,21,15,37,49,0,0,2,60,14,23,1,1
3/22/2017,25,,25,18,40,14,12,26,16,30,20,15,43,54,0,0,2,64,24,16,1,3
3/23/2017,23,,23,14,37,14,11,25,17,17,17,14,35,41,0,0,2,69,18,26,0,0
3/24/2017,24,,24,14,45,14,11,26,16,14,15,15,33,44,0,0,2,74,18,24,2,2
3/25/2017,24,,24,4,47,15,12,29,15,0,2,17,40,44,1,0,2,28,2,24,0,0
3/26/2017,24,,24,2,40,19,11,29,16,0,1,12,27,49,0,0,2,44,12,23,0,3
3/27/2017,23,,23,13,39,15,10,24,18,9,15,16,39,47,1,0,2,60,14,20,1,0
3/28/2017,23,,23,19,36,14,11,25,17,14,22,27,34,44,0,0,3,69,18,14,0,0
3/29/2017,24,,24,19,36,14,9,24,15,19,22,68,33,43,0,0,3,49,16,14,1,0
3/30/2017,24,,24,13,36,15,11,26,17,5,10,48,42,47,0,0,2,63,25,12,0,0
3/31/2017,22,,22,13,36,15,10,25,16,7,17,28,37,49,0,0,2,51,7,21,0,2
4/1/2017,23,,23,5,39,15,11,28,17,6,5,26,32,49,0,0,2,32,6,6,2,0
4/2/2017,23,,23,2,36,17,9,28,17,2,5,24,42,52,0,1,2,31,0,27,1,3
4/3/2017,22,,22,12,36,15,10,24,15,20,19,22,36,45,0,0,2,60,12,32,1,0
4/4/2017,21,,21,13,34,15,9,23,16,12,19,21,31,50,1,0,2,67,9,11,4,2
4/5/2017,22,,22,17,35,14,10,23,16,17,23,22,35,45,0,0,2,65,16,11,1,0
4/6/2017,22,,22,14,36,14,9,24,17,14,15,22,33,49,1,0,2,61,16,9,1,2
4/7/2017,21,,21,11,34,14,9,22,19,12,11,20,34,44,0,0,2,58,4,24,1,0
4/8/2017,22,,22,3,40,15,10,26,19,2,2,27,31,55,0,0,2,34,12,27,0,3
4/9/2017,22,,22,2,36,15,10,27,20,4,0,21,40,40,0,0,3,31,4,24,0,0
4/10/2017,22,,22,11,37,15,9,24,15,7,9,22,35,58,0,0,2,56,16,26,3,0
4/11/2017,21,,21,13,34,14,9,24,16,17,27,20,39,54,1,0,2,86,7,18,0,5
4/12/2017,21,,21,11,33,14,10,24,16,10,13,16,27,57,1,0,2,62,6,18,1,2
4/13/2017,22,,22,15,37,15,10,25,15,11,15,20,32,52,0,0,2,58,8,19,2,2
4/14/2017,23,,23,7,40,14,10,26,23,2,7,16,31,46,1,0,2,56,25,30,1,0
4/15/2017,24,,24,3,40,14,10,26,16,0,3,15,34,49,0,0,2,32,15,31,0,0
4/16/2017,22,,22,1,36,16,9,26,17,0,3,14,35,42,0,0,2,22,9,35,0,0
4/17/2017,22,,22,12,38,14,9,24,19,9,15,19,43,37,0,0,2,65,9,9,3,7
4/18/2017,22,,22,9,36,14,10,24,18,14,19,17,33,53,0,0,1,72,7,26,1,5
4/19/2017,21,,21,11,34,12,9,23,20,15,14,16,30,47,0,0,2,87,12,23,1,2
4/20/2017,21,,21,12,34,14,10,23,18,16,14,15,33,39,0,0,1,66,12,20,4,7
4/21/2017,21,,21,13,35,14,9,23,17,10,15,16,30,52,0,0,2,57,7,33,1,0
4/22/2017,22,,22,4,36,15,11,26,17,10,5,16,32,42,0,0,2,31,8,23,0,0
4/23/2017,21,,21,1,34,17,10,25,18,0,4,16,37,35,1,0,2,30,8,36,1,0
4/24/2017,21,,21,14,35,14,10,24,14,13,14,16,35,49,0,0,2,72,9,26,4,5
4/25/2017,21,,21,15,34,14,9,22,18,11,19,15,33,43,1,0,2,77,12,23,6,9
4/26/2017,22,,22,15,36,14,10,23,15,10,18,14,33,43,1,0,1,75,17,28,4,4
4/27/2017,21,,21,15,31,14,9,22,15,17,23,18,26,49,1,0,2,82,25,17,7,7
4/28/2017,21,,21,12,36,14,9,22,17,16,20,20,27,50,1,0,2,59,6,27,4,10
4/29/2017,22,,22,4,40,17,10,25,21,2,3,14,35,48,1,0,2,20,2,38,3,0
4/30/2017,22,,22,1,36,17,10,26,18,0,0,14,37,47,0,0,1,40,4,24,2,0
5/1/2017,23,,23,22,38,16,10,25,17,17,21,20,36,54,0,0,2,64,6,31,18,23
5/2/2017,22,,22,49,37,14,9,23,15,27,55,19,27,45,0,0,2,49,9,20,61,73
5/3/2017,22,,22,47,36,15,9,24,14,36,51,22,35,46,0,0,2,51,7,32,20,20
5/4/2017,21,,21,20,36,15,10,23,17,14,29,16,33,49,0,0,2,68,2,38,4,5
5/5/2017,21,,21,17,34,14,9,24,15,23,31,18,34,51,0,0,2,71,11,6,4,5
5/6/2017,22,,22,5,43,18,10,26,20,8,6,19,31,44,1,0,2,38,8,34,1,0
5/7/2017,22,,22,4,38,19,10,26,17,2,5,18,31,47,1,0,2,44,10,40,1,0
5/8/2017,22,,22,23,35,16,9,23,17,27,29,15,33,49,1,0,2,67,11,29,1,0
5/9/2017,21,,21,23,34,15,10,22,16,25,39,14,35,49,1,0,2,70,14,20,4,4
5/10/2017,22,,22,20,34,16,9,23,17,25,36,14,37,39,1,0,2,64,16,14,3,2
5/11/2017,21,,21,19,32,16,9,23,17,19,17,18,35,40,0,0,2,71,16,15,2,0
5/12/2017,21,,21,19,32,16,9,23,17,21,26,16,33,51,0,0,2,59,19,21,3,2
5/13/2017,22,,22,6,37,19,11,26,19,2,7,14,34,48,0,0,2,38,4,17,0,0
5/14/2017,22,,22,5,33,23,10,26,15,2,2,13,33,40,2,0,2,41,8,24,0,0
5/15/2017,22,,22,19,32,17,10,23,17,16,26,13,34,53,1,0,2,70,4,15,0,0
5/16/2017,22,,22,18,36,16,9,23,15,18,18,16,27,58,1,0,2,54,8,24,0,2
5/17/2017,22,,22,19,32,15,9,22,18,10,30,28,35,56,1,0,1,72,6,21,1,2
5/18/2017,21,,21,20,32,15,8,23,17,13,19,16,32,39,0,0,2,58,9,15,1,0
5/19/2017,20,,20,18,34,14,9,22,16,11,25,16,29,58,0,0,1,44,6,16,0,0
5/20/2017,22,,22,4,37,17,10,26,18,9,5,17,33,54,0,0,1,43,2,14,0,0
5/21/2017,22,,22,3,31,17,10,26,19,4,4,19,31,54,1,0,2,48,2,18,1,0
5/22/2017,21,,21,15,36,14,8,23,18,23,23,16,29,49,1,0,2,71,10,31,0,0
5/23/2017,21,,21,16,32,15,9,23,15,17,23,20,32,58,0,0,2,70,11,9,1,0
5/24/2017,20,,20,16,33,14,9,22,14,18,22,17,30,42,0,0,2,52,13,19,2,0
5/25/2017,21,,21,18,34,13,9,24,15,10,31,16,31,55,0,0,2,64,0,19,1,0
5/26/2017,21,,21,12,36,14,9,24,19,10,20,17,31,53,0,0,1,48,12,7,3,3
5/27/2017,21,,21,4,36,16,9,26,19,3,5,19,29,36,1,0,2,36,11,22,0,0
5/28/2017,22,,22,4,38,17,10,26,20,0,2,13,36,59,1,0,1,40,11,40,2,3
5/29/2017,21,,21,4,39,14,10,24,16,3,4,14,32,49,0,0,2,55,10,16,0,0
5/30/2017,21,,21,14,33,14,9,23,16,20,23,13,38,52,0,0,1,52,11,12,3,0
5/31/2017,21,,21,13,34,13,10,23,16,19,19,16,33,55,1,0,2,55,10,16,1,1
6/1/2017,21,,21,13,35,14,9,23,16,16,24,16,34,51,1,0,2,51,12,9,2,2
6/2/2017,20,,20,15,36,15,9,23,15,34,25,15,32,53,1,0,1,52,19,19,0,1
6/3/2017,21,,21,4,36,16,10,25,16,4,4,16,29,52,1,0,1,19,15,12,1,1
6/4/2017,22,,22,2,37,16,10,26,19,6,3,15,34,41,1,0,1,26,10,25,0,0
6/5/2017,33,,33,23,48,18,11,24,19,14,25,22,58,48,0,1,2,57,20,17,0,2
6/6/2017,31,,31,18,45,17,11,24,21,34,31,21,64,57,1,1,2,66,27,28,0,4
6/7/2017,25,,25,15,39,15,10,24,18,26,19,19,47,61,0,1,2,60,24,16,1,0
6/8/2017,22,,22,15,35,14,10,23,16,32,22,14,42,51,1,0,2,50,12,22,0,2
6/9/2017,22,,22,19,37,15,10,23,18,33,31,18,41,54,1,0,2,47,6,26,0,0
6/10/2017,23,,23,7,45,17,10,26,20,19,7,17,41,60,0,0,2,29,3,18,1,0
6/11/2017,23,,23,3,42,18,10,26,19,9,6,14,42,47,1,1,2,20,11,25,0,0
6/12/2017,23,,23,25,40,17,10,23,17,25,34,15,39,56,1,1,2,55,17,14,0,2
6/13/2017,22,,22,22,39,16,10,23,16,33,32,15,39,55,1,0,2,54,16,10,0,5
6/14/2017,23,,23,17,34,16,9,24,16,28,29,15,39,54,1,0,2,75,17,23,1,0
6/15/2017,21,,21,18,40,16,9,23,17,21,23,16,30,43,0,0,2,49,17,10,0,1
6/16/2017,23,,23,15,43,16,10,24,20,17,20,14,37,57,1,0,2,37,17,15,0,1
6/17/2017,23,,23,5,42,19,11,26,22,18,8,14,35,52,1,1,2,31,6,18,1,3
6/18/2017,23,,23,5,41,20,10,27,20,2,7,15,31,62,0,1,2,24,9,25,1,0
6/19/2017,23,,23,16,38,17,10,24,15,22,29,14,38,60,1,0,2,49,17,22,0,0
6/20/2017,22,,22,17,35,15,10,24,17,21,27,14,35,58,0,0,2,44,23,20,0,2
6/21/2017,21,,21,15,38,15,10,24,16,25,20,16,32,45,1,1,2,52,22,13,0,0
6/22/2017,22,,22,14,36,15,10,23,16,21,18,13,33,61,1,1,1,44,15,21,2,0
6/23/2017,21,,21,13,38,15,9,24,19,15,24,15,34,55,1,0,2,52,16,16,0,3
6/24/2017,23,,23,4,38,17,11,27,20,4,6,15,38,58,1,1,2,21,12,22,0,0
6/25/2017,23,,23,3,40,17,11,27,19,2,4,16,41,53,1,0,2,30,3,21,0,0
6/26/2017,22,,22,16,38,14,10,24,19,21,20,11,36,56,1,0,2,47,21,11,0,1
6/27/2017,22,,22,15,37,15,10,25,17,11,24,16,35,66,2,1,2,51,13,11,1,3
6/28/2017,22,,22,13,39,14,10,25,14,25,21,13,32,63,0,0,2,51,15,20,0,0
6/29/2017,22,,22,15,40,13,11,25,16,17,23,14,32,51,1,0,2,54,20,16,0,1
6/30/2017,21,,21,13,40,13,11,25,22,26,17,15,38,62,1,0,2,46,14,18,0,0
7/1/2017,23,,23,3,42,16,11,27,21,5,4,11,40,56,1,0,2,18,15,29,0,2
7/2/2017,23,,23,3,38,16,11,27,18,2,4,13,33,50,1,0,2,29,10,29,1,0
7/3/2017,22,,22,13,39,15,11,25,18,29,20,13,43,56,1,1,2,44,9,9,0,0
7/4/2017,22,,22,10,36,14,11,24,17,12,11,16,39,49,1,0,2,43,5,37,0,1
7/5/2017,21,,21,11,37,13,10,25,16,17,19,16,33,58,1,0,2,58,16,21,0,0
7/6/2017,22,,22,13,37,14,10,25,17,13,18,17,38,72,1,1,2,47,20,27,0,0
7/7/2017,22,,22,12,40,14,10,25,20,13,18,13,32,74,0,0,2,54,9,17,2,0
7/8/2017,23,,23,2,42,17,10,27,19,4,4,17,37,54,1,0,2,23,14,24,1,1
7/9/2017,22,,22,2,39,17,11,26,18,2,2,13,38,45,0,0,1,25,7,23,1,2
7/10/2017,22,,22,13,40,14,10,24,17,17,24,16,36,65,1,0,2,49,12,19,1,0
7/11/2017,23,,23,12,39,16,10,25,18,24,16,14,39,62,0,0,2,54,11,30,1,1
7/12/2017,22,,22,10,39,14,11,25,17,30,15,16,40,61,1,1,2,49,17,21,1,0
7/13/2017,21,,21,13,42,14,10,25,19,25,23,16,37,62,1,0,2,60,17,10,3,2
7/14/2017,22,,22,12,40,14,10,23,18,28,25,16,34,58,0,0,2,47,18,20,0,6
7/15/2017,23,,23,3,43,16,11,27,21,2,2,18,39,50,1,1,2,23,9,11,0,0
7/16/2017,23,,23,2,39,16,11,27,23,4,0,19,36,55,1,0,1,41,18,19,1,0
7/17/2017,23,,23,14,38,14,9,24,17,26,19,16,41,54,1,0,2,52,12,15,2,4
7/18/2017,22,,22,13,40,15,10,24,17,22,21,19,41,55,1,0,2,58,14,20,0,5
7/19/2017,22,,22,15,39,14,10,24,20,38,25,20,36,56,1,0,2,67,4,7,4,8
7/20/2017,21,,21,12,37,15,10,24,17,13,19,17,37,62,1,0,2,44,15,12,3,11
7/21/2017,21,,21,11,38,15,10,24,19,27,18,16,39,56,1,0,2,54,7,7,1,4
7/22/2017,22,,22,4,43,16,10,27,21,5,6,15,41,55,1,1,1,38,20,9,2,5
7/23/2017,23,,23,2,41,16,10,26,20,2,2,19,41,45,1,0,2,17,11,31,1,1
7/24/2017,23,,23,13,40,14,11,25,18,28,17,16,41,61,1,1,2,43,18,25,4,7
7/25/2017,23,,23,15,40,16,11,26,15,36,25,17,39,59,0,1,2,45,21,21,6,12
7/26/2017,23,,23,17,42,15,10,25,18,24,28,14,42,63,1,1,1,46,22,30,4,8
7/27/2017,23,,23,17,38,15,10,25,19,20,26,16,34,69,1,0,2,57,11,27,7,10
7/28/2017,23,,23,15,40,15,10,26,23,19,24,18,41,56,1,0,2,50,16,17,6,18
7/29/2017,24,,24,5,45,16,11,27,26,9,7,17,42,53,1,0,2,21,10,33,1,2
7/30/2017,24,,24,2,42,16,11,28,21,5,3,16,43,43,2,0,2,28,12,22,4,3
7/31/2017,23,,23,17,42,14,11,25,20,21,27,15,42,58,1,0,2,63,19,22,10,16
8/1/2017,24,,24,46,39,14,10,25,20,74,56,13,47,55,1,0,2,59,17,24,67,56
8/2/2017,24,,24,58,39,16,11,25,18,87,80,16,38,66,1,0,2,66,11,25,16,10
8/3/2017,23,,23,27,34,15,11,25,19,44,38,17,41,54,1,0,2,58,24,25,5,4
8/4/2017,22,,22,19,37,14,11,25,19,32,27,13,41,46,1,0,2,47,8,26,3,2
8/5/2017,24,,24,5,43,17,11,28,22,7,6,16,38,49,1,0,2,26,3,27,1,0
8/6/2017,24,,24,3,42,18,12,28,18,5,5,16,42,46,1,0,2,33,5,26,0,0
8/7/2017,24,,24,17,42,16,12,26,17,31,27,14,45,56,1,0,2,56,10,24,3,0
8/8/2017,23,,23,21,40,16,11,25,17,32,30,15,42,66,1,0,2,42,19,22,2,2
8/9/2017,23,,23,17,38,16,11,26,23,19,23,15,45,58,1,0,2,57,14,13,0,1
8/10/2017,23,,23,20,37,15,12,26,22,41,27,15,42,61,1,0,2,64,11,17,1,0
8/11/2017,23,,23,19,40,17,12,26,19,28,27,15,40,54,2,0,2,53,11,16,2,1
8/12/2017,24,,24,3,41,18,12,28,22,19,5,16,43,54,1,0,2,26,5,20,1,0
8/13/2017,24,,24,3,41,18,12,27,21,4,4,13,44,53,1,0,2,21,7,25,1,0
8/14/2017,23,,23,18,42,16,11,25,19,22,32,14,43,58,1,1,2,44,11,22,0,0
8/15/2017,23,,23,18,39,16,11,26,20,41,34,14,48,71,1,0,2,46,20,28,0,1
8/16/2017,23,,23,17,37,15,12,25,18,39,20,15,41,60,1,0,2,53,11,32,0,0
8/17/2017,23,,23,15,38,16,11,25,19,28,25,14,40,58,1,0,2,58,6,21,1,3
8/18/2017,23,,23,15,38,15,13,26,19,35,27,11,39,62,1,0,2,51,20,7,0,0
8/19/2017,24,,24,4,45,17,12,27,21,11,6,13,45,48,2,0,2,29,3,17,1,4
8/20/2017,23,,23,2,41,18,12,28,22,5,3,12,48,43,1,1,2,25,7,17,0,0
8/21/2017,23,,23,12,37,15,13,27,17,16,15,11,39,49,1,0,2,42,11,21,0,0
8/22/2017,23,,23,15,38,16,11,25,18,34,22,14,47,61,1,0,2,65,14,8,0,2
8/23/2017,23,,23,14,37,14,12,26,17,25,22,14,49,61,1,0,2,61,30,18,0,2
8/24/2017,23,,23,11,36,14,11,26,18,20,21,13,49,53,1,0,2,55,11,31,1,0
8/25/2017,24,,24,12,39,14,12,26,27,26,21,16,42,60,2,0,2,53,14,22,1,0
8/26/2017,24,,24,3,41,17,11,27,19,8,5,20,40,53,1,0,2,19,12,36,3,0
8/27/2017,24,,24,2,40,16,12,26,19,8,4,14,41,44,1,0,2,35,4,24,0,0
8/28/2017,23,,23,14,38,15,12,26,18,30,19,12,44,63,1,0,2,48,11,17,1,2
8/29/2017,24,,24,13,41,16,12,26,17,34,19,13,43,61,2,0,2,62,10,35,0,0
8/30/2017,24,,24,15,39,15,12,26,18,35,24,14,45,55,1,0,2,52,20,23,0,1
8/31/2017,24,,24,17,41,14,11,26,17,20,22,14,43,54,1,0,2,46,17,18,0,0
9/1/2017,25,,25,13,39,15,11,27,21,28,21,15,37,54,1,0,2,52,4,19,0,1
9/2/2017,25,,25,3,44,17,12,29,20,3,4,15,47,50,1,0,2,25,14,31,0,3
9/3/2017,26,,26,3,41,17,13,30,19,4,4,14,43,41,1,0,2,31,5,20,0,1
9/4/2017,25,,25,4,41,14,12,27,17,10,7,14,49,55,1,0,2,40,14,40,0,0
9/5/2017,24,,24,14,37,15,12,26,17,27,19,13,43,52,2,0,2,55,5,13,2,0
9/6/2017,24,,24,14,37,16,13,27,18,34,26,14,52,53,1,0,2,40,16,35,0,0
9/7/2017,23,,23,13,36,14,12,27,17,19,23,14,45,52,1,0,2,66,13,18,0,1
9/8/2017,24,,24,11,37,14,11,25,15,24,19,15,38,54,2,0,2,44,19,17,1,0
9/9/2017,25,,25,3,38,15,13,29,20,12,5,12,43,52,2,0,2,23,18,8,0,0
9/10/2017,26,,26,2,38,17,14,30,16,3,3,16,44,46,2,1,2,35,6,5,1,0
9/11/2017,29,,29,21,39,15,19,33,15,47,37,15,38,50,2,0,2,54,18,18,1,3
9/12/2017,94,,94,55,69,51,100,99,18,54,64,20,55,68,27,2,4,69,21,36,2,3
9/13/2017,64,,64,36,76,61,62,100,24,64,35,24,46,61,37,2,5,76,21,20,0,0
9/14/2017,39,,39,19,49,40,27,54,16,34,27,22,44,50,20,2,4,80,13,14,1,0
9/15/2017,38,,38,16,66,43,25,47,17,43,25,13,40,58,24,1,4,55,19,14,2,3
9/16/2017,36,,36,5,54,35,20,44,22,12,7,23,44,54,14,1,4,32,9,13,0,0
9/17/2017,34,,34,3,46,33,19,38,24,6,5,21,36,63,17,2,3,37,3,33,0,0
9/18/2017,30,,30,14,47,26,15,34,19,47,24,17,44,60,10,1,3,63,16,11,0,3
9/19/2017,30,,30,16,45,26,16,34,18,26,23,22,49,55,10,4,3,58,5,16,0,6
9/20/2017,32,,32,19,47,31,16,35,23,42,24,25,49,76,14,5,3,70,16,11,0,0
9/21/2017,31,,31,20,48,28,16,34,22,31,35,19,46,70,12,2,3,51,16,39,3,3
9/22/2017,35,,35,21,52,37,20,40,24,22,21,22,42,81,15,2,4,62,14,26,4,6
9/23/2017,36,,36,8,60,36,20,43,24,3,8,18,45,65,17,2,3,22,15,21,0,0
9/24/2017,34,,34,4,58,32,18,40,25,6,3,24,51,64,13,1,3,31,15,24,0,3
9/25/2017,31,,31,19,47,28,17,33,21,23,32,19,46,63,13,1,3,55,26,18,1,3
9/26/2017,30,,30,19,48,31,15,33,16,31,27,20,42,69,12,1,3,51,11,23,0,0
9/27/2017,28,,28,19,49,27,14,30,18,36,30,18,42,56,12,1,3,66,8,30,2,0
9/28/2017,29,,29,18,47,26,13,31,25,26,30,16,46,65,11,1,3,63,21,21,0,0
9/29/2017,29,,29,14,45,25,14,30,22,30,17,17,39,59,14,1,3,40,19,12,1,0
9/30/2017,33,,33,4,49,29,14,36,22,3,6,19,46,61,12,1,3,24,6,35,0,3
10/1/2017,32,,32,2,45,27,16,34,24,3,4,22,53,76,13,1,3,26,6,21,0,0
10/2/2017,29,,29,14,44,25,13,29,18,34,23,17,40,79,11,1,2,39,21,16,0,0
10/3/2017,28,,28,13,41,24,12,29,20,18,20,17,43,62,12,0,3,62,29,20,3,0
10/4/2017,28,,28,13,42,22,13,29,21,26,20,17,44,70,9,0,3,58,21,18,4,6
10/5/2017,28,,28,14,42,25,14,29,17,37,18,19,40,61,9,1,4,73,18,21,2,3
10/6/2017,28,,28,16,45,26,13,29,22,38,24,15,34,76,10,1,3,44,16,28,1,0
10/7/2017,32,,32,3,51,27,15,33,24,3,6,19,44,63,11,1,4,25,15,26,2,0
10/8/2017,33,,33,2,47,28,14,33,23,3,5,22,48,67,13,1,3,33,9,29,1,0
10/9/2017,28,,28,12,44,22,13,29,19,23,14,19,37,77,8,1,2,56,10,29,1,0
10/10/2017,27,,27,13,41,23,13,28,21,8,20,18,38,60,9,1,3,64,24,32,1,3
10/11/2017,26,,26,13,42,21,13,27,19,31,23,20,41,61,9,1,3,71,3,25,0,0
10/12/2017,25,,25,14,40,22,11,28,17,37,23,16,35,63,9,0,2,53,13,16,2,3
10/13/2017,27,,27,10,43,21,12,27,20,24,17,17,36,67,8,1,3,40,8,26,2,6
10/14/2017,30,,30,3,48,24,14,30,21,12,2,20,50,60,10,1,3,33,12,16,0,0
10/15/2017,31,,31,2,45,25,14,31,23,3,5,18,46,56,12,1,3,37,27,26,2,0
10/16/2017,26,,26,16,41,22,12,27,18,30,18,18,40,68,10,0,3,44,13,18,4,6
10/17/2017,26,,26,14,41,23,12,28,16,44,24,17,42,67,8,1,3,62,18,22,3,3
10/18/2017,25,,25,15,38,22,12,27,17,18,20,23,40,56,8,1,3,54,24,22,4,0
10/19/2017,25,,25,19,43,21,13,28,21,32,27,20,34,51,8,1,3,64,43,11,0,6
10/20/2017,26,,26,16,41,23,12,28,20,22,19,18,37,59,11,0,3,57,14,19,2,0
10/21/2017,30,,30,4,47,25,13,32,22,3,5,21,41,64,11,1,3,37,9,10,0,3
10/22/2017,30,,30,2,43,25,13,32,21,0,2,15,37,51,10,1,2,33,15,13,1,0
10/23/2017,26,,26,16,42,19,12,29,18,20,18,18,38,65,8,1,3,51,26,18,1,3
10/24/2017,27,,27,15,46,21,14,29,19,35,19,37,43,59,7,0,3,65,31,20,5,8
10/25/2017,26,,26,11,40,20,14,29,17,18,20,28,42,77,9,1,2,62,18,14,3,3
10/26/2017,26,,26,13,48,22,14,29,20,28,25,22,42,65,9,1,3,64,16,22,4,10
10/27/2017,37,,37,25,100,22,26,39,20,34,36,22,40,67,12,0,3,56,19,11,10,13
10/28/2017,30,,30,9,50,24,16,35,21,3,11,17,38,55,10,1,3,32,9,15,2,3
10/29/2017,29,,29,3,47,25,16,35,16,3,7,21,44,61,7,1,3,36,9,38,3,0
10/30/2017,27,,27,23,44,20,14,30,18,31,32,15,37,63,9,1,3,58,10,16,8,16
10/31/2017,26,,26,27,45,18,14,30,19,39,39,16,36,51,8,1,3,44,13,16,8,22
11/1/2017,27,,27,27,50,22,14,30,19,42,33,18,41,72,9,1,3,71,18,16,17,62
11/2/2017,28,,28,46,53,23,15,31,20,36,60,20,42,68,9,1,3,65,21,18,60,94
11/3/2017,32,,32,50,76,24,22,44,22,71,62,26,36,75,8,1,4,70,11,14,21,8
11/4/2017,33,,33,8,70,25,20,46,22,9,11,25,38,68,11,0,4,24,20,13,5,0
11/5/2017,31,,31,5,57,27,19,41,23,6,6,22,54,71,10,1,3,39,20,15,3,0
11/6/2017,28,,28,25,53,24,18,37,19,30,23,23,41,67,10,1,3,73,26,31,5,6
11/7/2017,29,,29,21,55,22,16,35,19,33,26,21,43,75,10,0,3,79,21,17,4,6
11/8/2017,28,,28,20,46,21,16,32,19,55,21,24,42,63,10,0,3,51,13,20,1,3
11/9/2017,27,,27,21,46,21,15,33,20,50,27,24,45,62,8,0,3,58,13,26,2,3
11/10/2017,28,,28,17,49,23,15,33,33,34,22,22,49,64,7,0,3,59,29,11,1,0
11/11/2017,31,,31,4,57,26,16,36,26,6,8,21,41,63,11,0,3,43,3,20,0,3
11/12/2017,30,,30,2,50,25,16,37,25,3,3,16,49,58,10,1,3,42,6,25,1,0
11/13/2017,27,,27,14,48,24,15,31,18,50,20,23,41,64,9,1,3,71,15,22,0,0
11/14/2017,27,,27,14,47,23,13,30,24,15,27,22,49,70,8,1,3,62,10,13,1,0
11/15/2017,27,,27,15,44,21,14,32,23,41,25,23,43,66,11,0,4,73,22,17,1,0
11/16/2017,27,,27,15,53,23,13,31,22,34,21,20,49,75,10,1,4,63,22,19,1,1
11/17/2017,28,,28,14,50,24,15,30,26,36,22,23,45,69,9,0,4,64,22,13,0,0
11/18/2017,30,,30,3,55,26,16,34,23,8,3,24,49,64,11,1,4,45,13,29,1,0
11/19/2017,30,,30,2,49,29,16,34,25,2,3,21,49,62,11,1,4,44,9,24,1,1
11/20/2017,30,,30,12,50,28,15,31,22,20,23,18,48,59,15,1,4,67,15,25,0,1
11/21/2017,29,,29,14,48,27,14,30,21,32,20,22,50,73,12,1,4,65,14,26,1,1
11/22/2017,33,,33,12,52,29,14,31,21,49,20,21,50,66,17,1,4,59,10,26,1,0
11/23/2017,38,,38,5,60,39,16,34,22,9,7,20,64,53,22,1,6,53,10,24,0,0
11/24/2017,41,,41,9,81,56,21,38,24,18,15,22,94,61,41,2,9,51,22,46,2,0
11/25/2017,34,,34,3,58,39,17,37,26,6,5,25,65,68,26,0,7,32,10,26,1,0
11/26/2017,32,,32,3,53,35,16,35,28,0,3,21,56,64,27,1,6,42,6,27,1,0
11/27/2017,31,,31,12,52,40,16,31,22,27,15,22,66,71,33,1,8,64,20,24,1,0
11/28/2017,28,,28,15,46,30,15,30,21,34,23,21,61,74,24,1,6,69,18,17,1,0
11/29/2017,27,,27,21,43,24,13,30,20,68,33,18,41,68,15,1,4,67,13,21,1,0
11/30/2017,26,,26,17,45,25,13,29,23,28,21,22,45,72,12,1,5,79,19,35,1,2
12/1/2017,26,,26,16,45,27,13,30,25,32,25,22,44,68,12,1,5,66,16,20,0,0
12/2/2017,30,,30,3,60,28,16,37,26,14,7,51,41,100,12,0,5,34,8,31,0,0
12/3/2017,30,,30,3,51,30,15,36,29,12,3,46,40,80,13,1,5,39,12,24,0,0
12/4/2017,28,,28,17,49,26,14,31,22,37,21,41,44,68,11,1,5,87,10,16,1,2
12/5/2017,28,,28,17,46,26,13,29,21,34,21,42,46,86,12,0,5,72,12,18,1,2
12/6/2017,27,,27,14,43,24,13,30,24,48,22,36,45,77,9,1,5,62,19,18,1,0
12/7/2017,27,,27,14,47,26,13,30,24,31,17,29,43,75,12,0,4,66,13,6,0,2
12/8/2017,27,,27,12,46,26,14,30,28,35,19,29,43,68,12,1,5,63,15,28,0,9
12/9/2017,29,,29,3,54,30,15,34,28,9,5,29,46,64,16,1,5,35,8,27,0,0
12/10/2017,29,,29,2,52,31,15,34,30,9,3,28,51,66,12,0,5,49,0,24,1,0
12/11/2017,27,,27,14,43,27,13,29,21,26,18,26,42,70,15,1,5,60,15,13,0,2
12/12/2017,26,,26,14,44,27,13,28,22,44,25,23,42,66,12,0,6,66,21,27,2,1
12/13/2017,26,,26,12,44,26,13,28,21,22,19,24,39,71,13,0,5,67,10,18,0,0
12/14/2017,27,,27,12,43,26,12,28,21,34,17,22,40,58,15,1,5,59,10,15,1,1
12/15/2017,26,,26,14,44,28,13,29,24,54,25,25,42,60,15,0,5,55,1,13,0,2
12/16/2017,29,,29,4,55,34,14,33,27,9,6,28,42,66,17,1,7,34,12,23,1,0
12/17/2017,30,,30,2,55,37,15,34,25,10,5,30,52,55,15,0,7,23,9,38,0,0
12/18/2017,28,,28,13,50,33,14,30,23,33,15,27,41,68,14,1,7,61,14,22,0,2
12/19/2017,28,,28,19,49,31,13,29,24,44,29,31,39,75,14,1,7,65,20,34,0,3
12/20/2017,28,,28,14,51,31,13,30,25,33,17,30,47,63,13,0,7,63,12,15,2,1
12/21/2017,31,,31,14,52,32,15,31,26,33,19,31,42,66,16,1,6,58,25,23,0,1
12/22/2017,30,,30,13,55,33,15,32,24,27,16,28,34,62,18,1,6,41,14,38,1,3
12/23/2017,32,,32,6,58,37,15,34,28,6,3,32,43,59,21,1,6,13,8,17,0,0
12/24/2017,33,,33,3,56,42,15,35,35,4,3,27,39,66,19,1,7,21,7,35,2,0
12/25/2017,43,,43,3,55,91,20,43,50,5,5,24,50,74,54,2,12,29,7,31,2,0
12/26/2017,39,,39,19,64,74,19,38,38,42,22,26,53,84,43,1,10,52,7,50,1,3
12/27/2017,34,,34,17,58,52,17,35,27,46,22,27,52,82,28,0,8,41,8,17,4,3
12/28/2017,33,,33,16,56,41,16,33,28,51,23,27,48,91,22,1,7,49,8,25,1,0
12/29/2017,36,,36,17,59,40,19,35,32,31,21,28,42,82,19,1,5,40,12,39,0,1
12/30/2017,32,,32,4,53,36,17,34,32,9,7,30,42,75,16,1,6,26,12,44,1,0
12/31/2017,29,,29,3,53,31,14,31,28,3,4,22,38,68,14,0,5,21,3,31,1,1
1/1/2018,28,,28,3,56,31,14,31,24,0,3,20,41,52,13,1,5,24,9,22,0,0
1/2/2018,30,,30,15,57,29,16,33,25,32,23,25,45,80,13,1,5,53,24,33,1,1
1/3/2018,29,,29,14,53,28,16,30,26,33,20,24,48,77,14,1,6,59,18,26,1,1
1/4/2018,28,,28,15,54,27,15,30,23,42,26,27,46,70,11,1,5,52,18,27,1,8
1/5/2018,28,,28,19,57,26,14,29,24,44,25,24,45,77,11,1,5,54,20,29,1,5
1/6/2018,29,,29,5,55,28,15,31,23,12,5,23,42,74,11,1,6,26,14,27,1,3
1/7/2018,28,,28,2,49,27,14,31,23,0,3,25,40,77,11,1,5,35,14,28,0,1
1/8/2018,26,,26,14,44,24,12,28,24,48,23,20,41,72,11,0,5,58,20,18,3,7
1/9/2018,26,,26,14,45,23,13,27,19,39,22,22,41,68,9,0,5,61,11,18,0,5
1/10/2018,25,,25,15,43,22,13,26,21,38,19,20,41,65,9,0,5,54,14,23,0,5
1/11/2018,25,,25,14,41,22,12,26,23,36,19,22,39,64,9,0,4,51,4,22,1,1
1/12/2018,25,,25,14,45,21,12,26,21,63,28,22,35,66,8,1,5,49,17,15,2,5
1/13/2018,27,,27,5,48,26,14,30,25,8,8,24,47,70,11,1,5,30,11,22,2,2
1/14/2018,26,,26,3,44,25,12,29,24,3,3,23,39,62,10,1,4,26,1,22,1,0
1/15/2018,25,,25,7,42,21,12,26,22,4,7,21,42,72,8,0,4,68,9,27,0,0
1/16/2018,24,,24,16,40,20,12,25,20,27,18,20,34,68,8,1,4,57,15,16,2,6
1/17/2018,23,,23,17,37,18,11,25,19,40,23,22,37,78,6,1,4,50,14,15,4,7
1/18/2018,25,,25,20,41,20,11,25,18,41,26,24,41,76,7,1,5,61,23,20,5,1
1/19/2018,24,,24,15,40,19,11,25,23,30,19,20,36,60,9,1,5,48,32,19,1,9
1/20/2018,25,,25,4,47,22,12,28,25,3,4,22,48,75,9,1,5,36,16,20,0,0
1/21/2018,26,,26,3,46,25,12,28,26,0,2,20,47,57,10,1,5,29,21,19,2,1
1/22/2018,25,,25,14,40,19,12,25,20,22,12,19,42,68,7,1,4,57,23,25,4,1
1/23/2018,25,,25,17,41,19,12,25,21,48,26,21,38,81,8,0,5,56,10,7,5,13
1/24/2018,24,,24,17,38,19,12,25,19,36,20,23,43,67,7,1,5,69,15,17,5,11
1/25/2018,23,,23,19,38,19,11,25,21,34,24,22,39,62,8,1,5,62,16,12,7,8
1/26/2018,25,,25,21,42,19,12,25,26,50,30,22,40,60,8,1,4,51,10,24,7,19
1/27/2018,25,,25,5,42,23,12,28,27,18,6,20,40,65,8,1,5,34,10,13,3,4
1/28/2018,25,,25,3,42,22,12,28,26,7,5,23,41,68,9,1,4,28,20,21,2,8
1/29/2018,24,,24,22,38,19,12,25,23,42,33,19,42,62,7,1,4,70,24,21,16,22
1/30/2018,23,,23,23,38,20,11,24,22,47,32,20,42,59,8,1,4,51,17,19,16,25
1/31/2018,23,,23,25,35,18,10,24,20,47,33,21,35,60,8,1,4,47,17,10,17,28
2/1/2018,23,,23,40,36,18,10,24,20,70,58,26,42,67,8,0,4,65,12,23,76,75
2/2/2018,25,,25,55,40,18,10,25,22,100,64,27,35,58,6,1,5,52,13,20,25,22
2/3/2018,25,,25,8,43,23,11,26,24,8,10,22,33,66,9,1,5,33,6,35,0,1
2/4/2018,25,,25,4,38,22,12,26,23,8,5,21,36,66,8,1,4,37,2,15,3,1
2/5/2018,23,,23,27,38,19,10,23,23,45,36,18,40,66,9,0,4,61,15,17,4,3
2/6/2018,24,,24,36,35,17,10,23,24,82,55,19,39,66,8,1,5,74,25,18,1,2
2/7/2018,23,,23,24,36,18,11,23,20,26,35,18,32,66,7,1,4,65,23,33,3,3
2/8/2018,23,,23,24,37,20,10,23,20,60,38,21,36,67,9,1,5,67,14,18,2,2
2/9/2018,24,,24,26,39,19,11,24,20,54,36,21,33,57,9,1,4,58,22,22,2,4
2/10/2018,25,,25,7,46,25,11,26,24,12,6,21,35,59,9,0,5,32,3,22,3,0
2/11/2018,26,,26,2,41,25,12,27,25,3,5,20,41,60,12,0,5,36,1,21,1,0
2/12/2018,23,,23,23,41,20,10,24,21,36,33,23,41,75,9,1,5,69,8,23,1,3
2/13/2018,23,,23,20,38,20,10,24,22,38,33,21,34,67,8,1,4,58,21,18,2,3
2/14/2018,22,,22,22,36,21,10,22,19,48,28,20,32,66,10,1,5,63,23,20,0,1
2/15/2018,23,,23,27,35,20,10,23,22,41,31,22,35,59,8,1,5,79,6,18,4,2
2/16/2018,23,,23,22,39,20,10,24,22,31,32,23,29,64,9,0,4,56,7,11,1,2
2/17/2018,25,,25,4,42,22,12,28,22,8,6,22,35,70,8,1,5,32,7,36,0,0
2/18/2018,25,,25,3,41,24,11,27,24,7,3,22,34,55,10,1,4,34,10,20,0,2
2/19/2018,24,,24,9,40,20,10,25,23,14,10,21,41,67,8,1,4,58,14,26,0,0
2/20/2018,23,,23,17,36,20,10,24,20,30,27,23,34,75,9,0,4,45,7,23,0,1
2/21/2018,22,,22,15,34,19,10,24,18,42,19,19,33,64,8,1,5,58,14,16,1,2
2/22/2018,23,,23,16,36,19,10,24,22,52,23,22,34,63,7,0,5,55,11,15,1,1
2/23/2018,23,,23,16,35,21,10,24,21,30,22,20,36,68,9,1,5,61,13,11,1,3
2/24/2018,24,,24,3,43,23,11,26,28,6,3,22,39,60,9,1,4,38,11,18,0,0
2/25/2018,24,,24,3,39,24,11,27,22,11,5,18,42,58,9,1,4,37,8,38,0,0
2/26/2018,24,,24,16,34,19,11,24,26,34,26,16,39,66,8,1,4,81,14,24,1,0
2/27/2018,23,,23,18,38,18,11,23,23,29,28,23,40,62,10,1,4,82,19,18,0,0
2/28/2018,22,,22,15,38,18,10,23,21,46,21,21,36,59,9,0,5,80,17,16,1,2
3/1/2018,22,,22,16,36,17,9,23,23,36,20,23,39,73,7,0,4,69,17,18,1,2
3/2/2018,22,,22,16,38,19,10,24,25,18,19,20,29,59,9,1,4,53,15,3,0,0
3/3/2018,24,,24,4,40,22,12,25,25,14,8,23,38,68,10,1,5,35,11,27,1,0
3/4/2018,23,,23,3,41,21,10,26,24,8,3,21,43,68,10,2,5,32,13,29,0,0
3/5/2018,22,,22,16,38,18,9,23,21,21,19,19,37,79,8,1,5,60,7,15,1,0
3/6/2018,22,,22,15,37,18,9,22,22,27,21,20,31,67,8,1,4,71,10,26,0,0
3/7/2018,22,,22,15,36,18,9,22,25,50,20,20,33,68,7,0,5,45,14,10,1,2
3/8/2018,22,,22,16,37,17,9,23,24,25,20,21,37,63,8,1,5,56,12,19,0,2
3/9/2018,22,,22,14,36,19,9,23,24,33,28,21,31,66,7,1,5,47,18,17,1,0
3/10/2018,23,,23,4,40,22,11,26,28,3,6,23,34,70,9,1,4,36,8,21,0,0
3/11/2018,24,,24,3,38,20,12,26,24,11,2,21,42,53,9,1,5,46,14,15,0,0
3/12/2018,22,,22,16,36,19,9,23,24,43,19,17,38,66,10,1,4,57,22,18,2,0
3/13/2018,22,,22,16,36,18,10,22,24,36,24,20,40,52,8,1,4,80,14,26,1,2
3/14/2018,21,,21,13,34,17,9,22,22,27,21,22,40,48,7,1,4,71,12,2,0,0
3/15/2018,21,,21,14,35,15,9,22,22,22,14,22,31,67,7,0,4,59,22,16,1,0
3/16/2018,21,,21,15,33,17,10,23,24,46,23,18,31,51,8,1,4,59,13,14,0,4
3/17/2018,22,,22,4,42,21,10,26,22,6,3,22,33,61,8,1,4,32,3,21,0,0
3/18/2018,22,,22,3,36,19,10,25,24,3,4,23,35,51,9,1,4,28,8,17,1,0
3/19/2018,21,,21,15,39,18,10,24,23,39,21,20,37,69,5,1,5,65,27,13,0,0
3/20/2018,21,,21,16,33,17,10,23,18,36,27,22,37,78,7,1,4,65,17,13,1,0
3/21/2018,22,,22,12,32,16,10,23,23,41,20,21,36,65,8,0,5,83,14,21,3,0
3/22/2018,22,,22,16,35,17,9,22,18,37,23,24,35,50,9,1,5,78,22,27,0,6
3/23/2018,21,,21,18,36,16,9,22,20,46,23,23,30,69,6,1,5,40,10,8,0,0
3/24/2018,23,,23,5,42,19,10,26,27,0,6,22,34,69,9,1,5,28,6,12,0,2
3/25/2018,23,,23,4,39,20,10,26,28,3,5,23,36,55,8,1,5,27,3,30,0,2
3/26/2018,22,,22,18,38,17,10,23,22,37,20,24,41,58,8,1,4,77,15,13,1,2
3/27/2018,27,,27,17,49,18,11,23,23,52,30,23,36,70,6,2,4,65,12,27,2,2
3/28/2018,26,,26,18,40,19,11,24,23,41,32,22,40,68,8,2,5,67,20,19,2,4
3/29/2018,23,,23,18,36,18,10,23,23,34,28,25,41,65,8,1,4,63,21,20,0,0
3/30/2018,25,,25,7,44,19,10,25,29,11,7,27,40,71,8,2,5,33,14,24,0,0
3/31/2018,24,,24,4,40,21,10,25,27,9,3,25,39,59,8,1,5,30,6,25,0,0
4/1/2018,24,,24,3,39,19,10,25,26,0,3,20,41,48,6,2,5,34,9,19,1,0
4/2/2018,23,,23,18,41,19,11,24,23,31,28,26,42,74,9,1,4,57,18,12,0,0
4/3/2018,23,,23,17,36,18,11,22,24,41,25,21,33,84,7,1,4,62,12,21,2,2
4/4/2018,22,,22,14,37,18,9,22,24,27,27,31,34,69,7,1,4,81,29,26,1,0
4/5/2018,21,,21,14,36,18,8,22,24,45,20,28,34,54,9,1,4,75,17,22,0,2
4/6/2018,22,,22,14,37,16,9,22,22,39,23,26,40,68,8,1,5,60,8,28,0,0
4/7/2018,23,,23,4,43,20,10,26,26,9,4,26,29,60,7,1,5,32,11,12,3,0
4/8/2018,24,,24,2,36,22,10,24,23,0,1,26,32,52,8,1,5,35,11,42,0,0
4/9/2018,23,,23,13,40,21,9,22,25,32,20,22,34,74,8,2,5,57,19,10,0,0
4/10/2018,23,,23,14,33,18,10,22,19,22,17,20,35,64,8,1,4,60,10,24,2,0
4/11/2018,22,,22,15,35,18,9,22,23,22,21,26,35,64,7,1,4,67,15,3,2,4
4/12/2018,22,,22,12,33,18,10,21,24,27,23,26,33,64,8,2,5,70,25,30,0,2
4/13/2018,22,,22,13,36,16,10,22,28,28,20,22,29,67,7,1,5,57,23,17,0,4
4/14/2018,22,,22,5,37,21,10,24,25,11,1,25,34,56,9,1,5,32,17,22,2,0
4/15/2018,22,,22,2,38,21,11,25,22,0,3,25,36,59,9,1,4,40,14,45,1,0
4/16/2018,22,,22,12,36,19,9,23,22,24,13,21,38,54,8,2,5,85,7,23,3,2
4/17/2018,21,,21,16,36,18,9,22,23,26,20,25,30,67,7,1,5,70,14,21,1,4
4/18/2018,21,,21,16,35,18,9,21,22,27,18,23,30,72,8,1,5,83,30,32,6,6
4/19/2018,21,,21,16,33,16,9,21,19,17,24,24,28,74,7,1,5,74,22,27,5,2
4/20/2018,21,,21,21,38,16,9,21,24,36,28,21,30,71,7,1,5,93,46,19,8,8
4/21/2018,22,,22,7,36,19,10,24,28,14,8,18,36,66,5,1,5,39,20,28,3,0
4/22/2018,22,,22,4,36,21,11,24,26,3,3,22,42,47,10,2,5,28,14,34,1,0
4/23/2018,22,,22,17,36,17,10,21,21,24,24,16,31,76,8,2,5,67,36,13,4,18
4/24/2018,22,,22,16,36,20,10,21,20,24,24,19,35,67,8,2,5,87,33,8,6,6
4/25/2018,22,,22,17,32,18,9,21,20,24,26,22,35,59,8,1,5,66,29,10,5,8
4/26/2018,20,,20,15,32,18,9,21,23,49,26,26,28,76,8,2,4,61,17,19,8,19
4/27/2018,21,,21,18,32,17,9,21,26,31,29,22,36,59,9,1,5,55,31,20,7,22
4/28/2018,22,,22,5,36,21,9,24,25,17,5,26,38,74,8,2,4,32,17,9,4,4
4/29/2018,22,,22,3,36,20,11,25,27,0,1,21,29,53,8,2,5,36,11,25,4,2
4/30/2018,23,,23,17,39,20,10,22,25,38,30,23,38,58,8,2,5,60,8,19,22,27
5/1/2018,24,,24,60,37,21,10,23,24,50,70,21,37,81,8,1,5,66,23,28,92,54
5/2/2018,23,,23,50,36,20,9,22,21,51,56,20,32,81,10,2,5,58,17,13,20,13
5/3/2018,21,,21,24,32,21,9,22,24,48,32,24,30,52,10,2,5,68,27,15,6,6
5/4/2018,22,,22,32,34,21,9,22,24,54,39,21,26,69,9,2,5,69,34,23,4,12
5/5/2018,23,,23,9,36,24,10,24,27,19,12,21,30,65,10,2,5,46,7,29,2,1
5/6/2018,23,,23,6,36,24,10,24,23,4,4,18,29,58,11,2,5,45,8,26,1,0
5/7/2018,22,,22,25,34,21,9,22,22,36,28,21,33,72,9,2,5,77,22,34,4,1
5/8/2018,21,,21,23,34,22,9,22,23,38,32,21,27,56,9,1,5,68,8,24,0,3
5/9/2018,22,,22,18,34,23,9,21,24,43,20,22,38,67,10,2,4,79,21,26,2,3
5/10/2018,22,,22,22,34,23,9,22,21,58,32,22,34,66,11,2,5,66,15,31,3,7
5/11/2018,21,,21,18,32,24,9,22,24,56,29,21,40,62,12,2,5,57,25,40,0,3
5/12/2018,22,,22,5,37,27,9,24,25,5,5,19,35,60,13,2,5,33,17,33,0,1
5/13/2018,23,,23,4,37,30,9,25,26,0,4,20,34,52,15,2,5,37,26,43,0,1
5/14/2018,22,,22,16,37,24,10,22,24,40,22,20,36,69,13,2,5,61,27,21,2,2
5/15/2018,22,,22,20,32,22,10,22,24,40,23,20,33,74,9,2,5,67,13,13,0,3
5/16/2018,21,,21,16,32,20,8,22,25,24,20,20,35,57,8,2,5,59,22,18,2,0
5/17/2018,21,,21,16,36,21,9,21,24,38,20,36,32,71,11,1,5,64,15,20,0,0
5/18/2018,21,,21,13,34,19,9,22,22,32,21,27,33,68,8,2,5,63,15,31,0,0
5/19/2018,21,,21,4,36,22,9,23,28,4,4,25,32,55,11,1,5,37,8,18,0,0
5/20/2018,22,,22,3,34,22,10,25,25,5,2,24,30,63,12,2,5,32,17,19,0,0
5/21/2018,21,,21,14,34,21,9,22,24,19,17,19,37,61,10,2,5,62,13,34,0,1
5/22/2018,21,,21,13,33,20,9,21,23,45,20,20,36,62,10,2,5,71,12,8,0,0
5/23/2018,20,,20,14,34,20,9,21,22,32,17,20,35,63,9,2,5,55,33,18,1,0
5/24/2018,21,,21,15,32,20,9,22,25,14,20,22,30,72,10,2,5,74,18,27,1,0
5/25/2018,22,,22,12,35,21,9,22,24,26,17,25,33,70,9,2,5,51,24,26,0,0
5/26/2018,22,,22,3,38,22,10,24,25,4,3,22,36,64,11,2,5,33,5,27,0,1
5/27/2018,22,,22,3,36,23,10,24,25,4,2,20,34,51,10,2,5,41,12,23,0,0
5/28/2018,22,,22,3,35,20,10,22,21,2,2,19,35,59,9,2,5,55,8,28,0,0
5/29/2018,21,,21,14,34,21,10,22,23,49,18,23,30,68,9,1,5,59,8,38,1,2
5/30/2018,21,,21,12,36,22,10,22,24,30,16,22,33,72,10,1,5,66,28,24,1,0
5/31/2018,22,,22,14,36,21,9,22,24,25,20,21,36,61,9,1,5,70,19,21,2,0
6/1/2018,22,,22,15,34,20,9,22,30,24,19,19,28,71,10,2,5,63,19,27,1,0
6/2/2018,24,,24,5,40,24,10,25,29,2,7,23,35,62,10,3,5,29,5,31,0,0
6/3/2018,23,,23,4,36,23,10,26,26,0,2,21,39,62,10,3,5,38,4,27,0,2
6/4/2018,29,,29,17,36,23,11,24,23,22,20,23,46,66,11,2,5,69,19,22,1,1
6/5/2018,26,,26,20,34,24,11,23,24,52,25,23,44,72,9,3,5,82,22,24,0,1
6/6/2018,23,,23,17,38,22,10,23,22,22,24,21,34,71,8,3,6,66,16,28,1,1
6/7/2018,23,,23,13,36,23,10,22,24,29,19,23,36,67,12,3,5,60,7,22,1,0
6/8/2018,22,,22,16,33,21,10,22,31,41,22,24,35,66,9,1,5,58,25,27,0,2
6/9/2018,23,,23,4,40,25,10,24,28,7,6,22,40,62,11,2,5,41,7,11,1,0
6/10/2018,24,,24,3,37,25,11,26,27,7,4,25,38,63,9,2,6,38,10,18,0,0
6/11/2018,22,,22,13,38,23,10,23,24,24,16,20,30,70,11,3,6,51,15,30,0,0
6/12/2018,22,,22,12,36,21,10,22,24,14,17,20,33,68,11,2,5,66,16,30,0,1
6/13/2018,22,,22,13,37,22,9,22,24,40,16,21,37,68,11,2,5,54,15,11,0,3
6/14/2018,21,,21,13,37,19,9,22,24,34,23,25,34,74,10,2,5,64,22,19,1,4
6/15/2018,22,,22,12,37,21,10,22,32,20,13,23,34,63,10,3,5,53,20,24,0,1
6/16/2018,22,,22,3,39,25,10,25,30,4,4,22,35,66,13,1,6,29,7,38,0,0
6/17/2018,22,,22,2,36,24,10,25,29,4,3,22,36,57,11,3,6,23,10,35,0,0
6/18/2018,21,,21,10,35,22,9,23,28,14,15,23,36,63,9,1,5,47,14,45,1,2
6/19/2018,21,,21,15,35,21,9,22,24,48,22,35,33,79,10,2,5,59,13,19,2,0
6/20/2018,22,,22,14,36,21,9,22,26,28,19,30,32,62,9,2,5,76,15,19,1,4
6/21/2018,21,,21,12,34,20,9,21,22,18,18,28,30,63,9,2,5,55,12,27,2,0
6/22/2018,21,,21,10,36,20,9,22,25,21,14,26,35,71,9,2,5,52,18,33,0,2
6/23/2018,21,,21,4,38,21,10,24,27,13,5,27,35,67,9,2,6,41,8,23,0,0
6/24/2018,21,,21,3,34,22,10,24,23,5,1,23,37,60,12,3,6,32,9,46,2,0
6/25/2018,21,,21,14,35,20,10,22,23,38,20,20,37,72,9,2,6,63,22,24,3,3
6/26/2018,22,,22,13,34,20,9,22,24,42,19,24,35,74,10,3,6,58,21,24,0,0
6/27/2018,22,,22,10,35,18,9,21,23,30,13,21,31,61,9,2,6,57,22,24,0,0
6/28/2018,21,,21,11,35,18,10,22,23,34,16,26,35,68,8,2,6,46,18,17,1,1
6/29/2018,22,,22,11,34,19,10,23,44,34,18,25,34,68,10,2,6,57,20,38,1,2
6/30/2018,21,,21,3,38,21,10,24,28,4,3,25,35,68,10,3,6,31,7,21,0,0
7/1/2018,22,,22,2,37,21,9,24,29,0,3,23,37,55,9,2,5,28,7,27,0,0
7/2/2018,20,,20,10,36,19,9,22,23,24,11,24,31,76,9,1,5,41,27,38,3,2
7/3/2018,22,,22,11,33,19,10,22,21,24,14,24,37,73,7,3,6,67,20,8,2,3
7/4/2018,21,,21,4,37,20,9,23,21,9,5,22,34,56,9,2,6,42,11,27,1,1
7/5/2018,21,,21,10,37,17,10,23,23,24,11,27,34,63,8,2,5,57,25,22,0,0
7/6/2018,21,,21,13,36,19,9,22,26,28,15,23,31,62,9,2,6,59,4,15,0,6
7/7/2018,21,,21,3,38,20,10,24,28,9,3,21,37,65,10,2,6,26,11,27,0,0
7/8/2018,22,,22,1,40,21,10,25,28,2,1,25,38,57,9,3,6,33,9,21,1,0
7/9/2018,23,,23,14,39,19,10,23,26,26,19,22,33,82,8,2,6,56,20,20,4,2
7/10/2018,21,,21,13,36,20,9,23,25,22,17,22,37,85,9,2,6,62,15,21,1,1
7/11/2018,22,,22,12,38,19,9,22,22,31,17,21,39,76,9,3,6,54,17,29,0,0
7/12/2018,23,,23,12,40,18,10,23,25,33,15,20,58,64,7,3,6,58,21,39,2,3
7/13/2018,23,,23,11,42,21,10,24,27,25,13,27,68,70,9,2,6,47,17,23,3,6
7/14/2018,23,,23,4,41,21,10,25,30,4,2,20,51,71,7,3,6,27,15,33,0,2
7/15/2018,22,,22,2,38,22,10,24,28,5,3,24,47,58,11,3,6,42,4,29,0,1
7/16/2018,23,,23,12,43,22,11,24,31,31,15,21,54,68,11,4,6,54,11,23,3,4
7/17/2018,23,,23,12,40,21,11,24,25,20,17,24,45,73,9,3,6,59,26,38,3,4
7/18/2018,23,,23,11,39,21,10,24,25,28,17,28,52,76,8,3,6,53,22,39,3,1
7/19/2018,22,,22,12,36,20,9,23,24,32,16,25,41,68,8,3,6,52,38,27,1,4
7/20/2018,22,,22,12,39,19,9,23,28,38,20,23,38,67,8,3,6,51,27,31,2,2
7/21/2018,22,,22,4,41,21,9,25,28,0,2,23,42,60,8,3,7,26,10,40,1,0
7/22/2018,23,,23,2,41,22,11,25,28,5,3,24,45,60,8,2,6,39,14,28,0,0
7/23/2018,22,,22,10,43,20,10,23,25,25,16,23,40,71,8,3,6,54,16,21,5,9
7/24/2018,23,,23,14,41,20,9,23,28,29,18,22,50,74,10,4,7,76,32,18,4,9
7/25/2018,22,,22,15,38,20,10,22,29,34,22,22,45,74,9,2,6,73,16,32,9,8
7/26/2018,21,,21,17,40,20,9,22,24,28,27,23,48,76,9,3,7,65,13,26,6,14
7/27/2018,22,,22,18,42,20,9,23,25,42,29,26,37,77,9,2,6,59,25,28,12,12
7/28/2018,22,,22,4,45,22,11,25,29,12,5,23,38,76,9,3,6,34,9,44,5,6
7/29/2018,24,,24,3,43,23,10,26,30,7,3,22,40,54,10,3,6,27,3,27,4,3
7/30/2018,23,,23,19,42,21,10,23,26,20,24,23,42,67,9,3,7,70,11,17,28,30
7/31/2018,23,,23,56,38,20,10,23,22,56,69,24,40,73,9,3,6,61,14,18,100,99
8/1/2018,24,,24,68,39,20,10,23,24,73,87,34,44,68,7,3,6,67,25,26,28,26
8/2/2018,26,,26,59,39,20,10,23,25,79,73,29,44,68,9,4,6,67,16,26,11,7
8/3/2018,27,,27,34,42,20,11,24,30,52,44,31,47,75,11,4,7,58,18,18,4,7
8/4/2018,25,,25,8,42,23,11,25,27,11,9,22,38,53,9,3,6,32,17,11,3,1
8/5/2018,23,,23,5,38,22,11,25,26,7,5,23,41,56,10,5,7,38,34,35,0,0
8/6/2018,23,,23,21,40,21,11,24,25,44,26,22,46,66,8,4,6,59,100,30,2,2
8/7/2018,24,,24,23,35,20,10,23,24,43,25,26,41,68,8,4,6,69,40,42,0,2
8/8/2018,23,,23,18,38,21,9,23,23,36,26,23,42,64,9,3,7,80,27,35,2,0
8/9/2018,23,,23,17,38,19,10,23,24,41,18,26,44,72,7,4,7,66,18,17,1,1
8/10/2018,23,,23,14,37,21,10,23,29,16,17,27,38,70,8,3,7,58,30,32,3,0
8/11/2018,23,,23,4,42,22,10,25,28,11,4,22,40,73,9,4,7,29,11,22,0,0
8/12/2018,24,,24,3,38,23,10,26,30,3,4,25,44,65,8,6,6,36,10,52,2,0
8/13/2018,24,,24,15,45,21,11,24,27,43,20,24,49,61,10,3,7,58,20,55,2,2
8/14/2018,24,,24,16,40,22,10,23,25,46,21,24,46,62,8,4,6,66,20,42,0,2
8/15/2018,22,,22,18,36,20,10,24,27,35,17,26,39,79,9,3,6,50,18,26,0,2
8/16/2018,22,,22,19,36,19,9,22,29,37,27,19,39,57,7,5,6,54,17,59,1,0
8/17/2018,22,,22,20,36,19,10,23,30,25,23,22,39,62,10,5,6,64,18,56,1,2
8/18/2018,22,,22,7,42,21,10,24,31,11,6,21,49,53,10,4,6,32,14,44,0,0
8/19/2018,23,,23,5,39,22,11,24,32,4,5,21,44,51,12,5,6,46,10,15,2,0
8/20/2018,23,,23,19,42,20,10,23,24,19,21,24,45,68,7,7,6,73,15,22,2,0
8/21/2018,23,,23,16,38,21,9,22,28,35,25,23,45,60,6,7,6,79,29,22,1,5
8/22/2018,23,,23,16,39,18,9,22,25,26,20,24,40,69,7,6,6,54,15,39,0,5
8/23/2018,23,,23,15,40,20,10,22,28,28,17,26,41,65,6,7,6,93,15,22,0,7
8/24/2018,22,,22,14,42,19,10,22,30,42,21,20,42,60,7,7,7,60,18,31,0,0
8/25/2018,22,,22,4,41,20,10,24,28,7,6,23,40,65,8,7,6,28,10,34,1,0
8/26/2018,24,,24,2,38,21,10,24,28,4,3,20,55,56,9,7,6,25,13,48,0,3
8/27/2018,22,,22,14,37,19,10,22,22,21,19,22,53,51,7,6,7,75,31,33,1,2
8/28/2018,24,,24,20,37,19,10,22,29,46,22,23,53,66,8,6,6,88,75,38,0,0
8/29/2018,23,,23,20,35,19,10,22,30,34,24,21,44,63,7,5,7,90,46,33,0,0
8/30/2018,24,,24,22,36,19,11,22,29,46,31,23,44,62,7,6,7,79,31,29,1,0
8/31/2018,25,,25,25,34,22,12,24,29,44,31,23,47,51,8,11,6,84,32,26,4,2
9/1/2018,25,,25,6,38,21,10,24,31,3,5,20,43,64,8,10,7,30,19,28,3,0
9/2/2018,25,,25,2,40,23,11,24,31,3,4,20,42,62,9,9,7,37,10,48,1,0
9/3/2018,25,,25,7,37,21,11,24,25,3,2,18,48,62,7,8,6,58,23,30,1,0
9/4/2018,23,,23,19,36,21,10,23,25,39,26,22,45,60,7,8,6,77,11,20,2,2
9/5/2018,23,,23,20,33,19,10,22,24,30,29,22,40,73,6,8,6,77,28,29,2,0
9/6/2018,24,,24,18,30,18,10,22,26,69,22,20,42,56,8,7,7,91,25,20,1,0
9/7/2018,24,,24,17,32,20,10,22,26,41,21,19,33,49,8,9,6,77,26,60,0,0
9/8/2018,26,,26,6,40,22,10,23,27,0,3,20,41,60,7,10,7,39,26,33,1,0
9/9/2018,25,,25,3,36,22,11,24,33,7,3,20,46,62,7,9,6,38,9,46,2,0
9/10/2018,25,,25,20,32,20,12,22,26,33,22,19,43,56,7,8,6,59,42,48,0,0
9/11/2018,28,,28,22,34,20,13,24,25,51,25,21,51,65,5,10,6,90,14,36,4,0
9/12/2018,77,,77,35,57,61,52,49,22,66,43,27,62,60,17,72,10,80,31,45,4,0
9/13/2018,59,,59,27,62,71,44,59,28,36,41,29,47,73,21,100,10,82,31,37,2,0
9/14/2018,43,,43,24,69,58,27,43,26,60,30,27,41,60,15,78,9,90,38,21,3,2
9/15/2018,35,,35,4,52,44,21,36,29,10,3,26,45,58,15,52,8,39,23,57,1,0
9/16/2018,32,,32,3,45,40,18,33,25,7,1,24,45,52,12,43,8,28,16,74,2,0
9/17/2018,30,,30,21,41,37,15,30,27,63,18,26,41,71,12,34,9,63,28,20,2,0
9/18/2018,31,,31,22,45,37,16,30,29,42,29,27,40,77,12,30,9,74,8,12,0,2
9/19/2018,30,,30,17,41,38,14,28,27,45,25,26,45,70,13,30,8,66,17,49,1,2
9/20/2018,29,,29,16,41,34,14,28,26,54,17,28,45,63,10,32,9,46,19,44,1,2
9/21/2018,33,,33,17,64,46,18,33,31,28,22,31,45,69,10,50,9,64,17,30,2,0
9/22/2018,36,,36,4,60,47,19,36,34,14,5,32,44,78,14,49,9,38,7,48,1,3
9/23/2018,35,,35,2,52,44,16,34,31,7,2,26,46,72,13,43,9,40,9,27,0,0
9/24/2018,30,,30,17,45,37,14,28,25,24,22,29,51,63,12,35,8,63,25,45,1,5
9/25/2018,31,,31,19,42,43,14,28,26,33,16,25,47,86,13,46,9,68,17,32,2,0
9/26/2018,29,,29,13,46,36,13,26,30,33,18,27,44,76,12,37,9,68,36,20,2,5
9/27/2018,29,,29,15,39,34,12,27,25,24,19,29,35,66,9,32,8,78,17,45,2,5
9/28/2018,29,,29,16,46,34,12,28,33,47,16,28,38,77,12,31,8,66,12,38,0,2
9/29/2018,32,,32,5,49,36,14,29,32,14,5,24,47,64,10,34,9,44,16,28,1,3
9/30/2018,33,,33,2,44,36,14,29,31,0,2,31,46,54,9,32,9,42,3,46,0,0
10/1/2018,28,,28,18,41,30,12,26,27,41,22,25,42,66,9,30,8,60,30,40,1,7
10/2/2018,27,,27,15,40,30,12,25,30,36,21,29,43,67,10,29,8,78,33,32,1,2
10/3/2018,26,,26,15,40,32,12,25,29,33,18,25,40,73,10,28,8,57,25,32,0,2
10/4/2018,26,,26,19,36,28,11,25,30,49,21,28,37,65,7,28,8,57,37,33,1,2
10/5/2018,28,,28,15,41,32,11,25,29,32,23,29,35,66,9,30,8,62,21,65,1,2
10/6/2018,31,,31,5,48,34,12,27,30,0,5,23,42,58,7,28,9,35,7,62,0,3
10/7/2018,29,,29,2,46,30,12,26,27,7,2,22,39,61,8,23,8,36,12,41,1,0
10/8/2018,28,,28,14,45,28,11,24,29,42,16,27,45,65,7,23,8,73,17,33,2,2
10/9/2018,25,,25,16,35,28,10,23,25,17,21,24,33,72,8,20,8,74,27,36,1,2
10/10/2018,26,,26,23,38,28,11,23,27,34,32,20,41,80,7,23,9,85,23,21,1,5
10/11/2018,25,,25,27,36,26,10,23,25,59,34,23,43,62,9,20,8,100,26,47,4,5
10/12/2018,26,,26,22,40,27,11,24,31,48,25,24,38,69,8,19,8,69,27,27,1,2
10/13/2018,29,,29,4,42,33,12,27,32,4,4,29,52,57,10,23,9,47,10,10,0,0
10/14/2018,29,,29,3,39,33,12,27,29,0,2,20,47,67,7,23,9,53,20,34,3,0
10/15/2018,25,,25,16,36,27,11,24,27,27,21,24,40,67,8,21,9,64,17,37,6,5
10/16/2018,26,,26,17,36,26,11,23,27,36,20,22,36,59,8,21,8,84,45,41,7,5
10/17/2018,25,,25,18,37,26,10,23,29,43,19,25,42,58,8,20,9,72,23,29,3,7
10/18/2018,25,,25,15,40,24,11,24,23,19,17,20,39,60,5,22,8,64,49,17,2,7
10/19/2018,27,,27,15,45,30,13,26,25,28,23,26,32,67,10,26,8,57,16,17,3,6
10/20/2018,28,,28,4,42,31,12,26,26,5,4,28,37,64,9,23,8,28,18,57,2,0
10/21/2018,28,,28,3,40,31,12,27,26,4,4,22,41,52,9,22,9,48,8,37,1,0
10/22/2018,26,,26,16,39,27,11,23,24,26,18,26,36,59,7,20,8,62,25,24,5,6
10/23/2018,26,,26,17,36,27,10,23,22,34,26,22,39,68,7,19,8,52,26,17,5,8
10/24/2018,26,,26,17,36,25,11,23,22,38,27,24,36,67,7,19,8,75,29,48,3,12
10/25/2018,25,,25,19,36,24,10,23,26,50,30,26,39,53,6,18,8,58,31,36,6,12
10/26/2018,27,,27,21,43,26,12,26,25,27,24,23,37,66,6,20,8,52,17,29,7,5
10/27/2018,28,,28,4,42,29,13,28,23,3,3,29,37,53,8,20,8,33,9,49,3,9
10/28/2018,27,,27,2,37,29,12,27,27,2,2,24,39,55,9,19,8,50,7,24,0,2
10/29/2018,25,,25,18,38,26,12,25,24,37,24,27,39,58,8,21,8,61,25,25,13,12
10/30/2018,36,,36,21,47,26,12,24,24,42,26,35,83,74,7,17,11,66,21,38,14,8
10/31/2018,29,,29,25,42,24,11,23,23,51,32,32,67,62,6,17,11,71,27,39,26,33
11/1/2018,29,,29,56,43,27,11,25,27,60,68,34,64,62,7,18,9,61,27,43,94,100
11/2/2018,29,,29,66,45,29,12,25,29,76,85,29,52,60,8,20,9,67,13,50,24,19
11/3/2018,28,,28,11,47,31,12,27,29,9,10,25,42,60,8,23,10,37,4,35,3,2
11/4/2018,29,,29,4,41,31,12,27,32,4,5,28,47,55,9,23,10,44,7,33,3,0
11/5/2018,28,,28,29,39,28,12,25,26,31,32,43,44,65,9,17,9,62,19,29,3,4
11/6/2018,26,,26,24,37,26,11,23,26,20,27,35,49,70,9,21,9,50,18,58,3,0
11/7/2018,26,,26,24,39,26,12,23,23,30,30,32,42,71,8,18,10,58,26,35,2,8
11/8/2018,26,,26,18,38,26,11,23,25,38,24,32,49,63,10,18,11,48,28,20,2,8
11/9/2018,27,,27,17,42,28,11,24,27,33,20,30,49,61,10,18,10,52,21,36,0,0
11/10/2018,28,,28,5,49,32,12,26,30,6,4,28,56,50,8,22,11,32,7,27,0,0
11/11/2018,29,,29,2,42,32,13,27,27,2,4,24,58,56,11,23,11,36,12,34,0,0
11/12/2018,27,,27,28,43,29,11,24,24,42,32,31,49,71,10,18,10,58,20,52,1,1
11/13/2018,28,,28,29,39,28,11,23,26,27,38,31,51,56,9,19,10,67,11,32,3,6
11/14/2018,27,,27,30,37,27,11,23,26,40,36,28,47,67,9,17,11,69,17,46,1,2
11/15/2018,27,,27,28,38,29,11,23,27,48,37,30,48,72,9,18,11,68,33,23,3,1
11/16/2018,27,,27,25,43,29,11,24,29,52,30,32,46,60,11,20,12,73,9,32,2,2
11/17/2018,29,,29,6,50,30,13,27,31,12,8,31,62,65,12,21,13,45,17,35,0,0
11/18/2018,31,,31,3,46,37,13,27,26,4,2,27,48,68,13,23,14,32,6,55,0,1
11/19/2018,30,,30,25,45,34,12,25,25,32,36,32,56,74,15,22,14,59,28,43,0,4
11/20/2018,30,,30,33,43,32,13,25,27,56,42,30,55,70,14,21,13,55,18,28,3,2
11/21/2018,34,,34,26,53,36,14,25,31,58,42,31,59,71,20,21,16,55,12,23,1,0
11/22/2018,39,,39,7,49,50,15,28,25,18,11,29,75,66,33,30,22,46,22,50,1,2
11/23/2018,47,,47,15,81,72,20,33,29,23,24,31,100,63,55,43,35,47,27,71,0,0
11/24/2018,35,,35,7,55,48,14,30,31,8,6,28,66,62,34,27,20,35,8,27,2,4
11/25/2018,32,,32,4,52,45,14,29,32,3,4,30,57,58,26,27,17,36,5,48,1,0
11/26/2018,34,,34,25,50,48,13,26,26,36,34,32,64,78,37,32,24,60,22,31,1,2
11/27/2018,28,,28,29,41,36,12,24,28,52,36,36,54,63,22,22,16,69,13,25,0,5
11/28/2018,26,,26,27,39,30,11,24,28,38,32,40,42,69,15,17,13,89,29,32,2,4
11/29/2018,26,,26,26,40,30,11,23,27,48,34,39,46,67,13,18,13,63,37,33,1,0
11/30/2018,27,,27,20,39,28,11,24,32,30,30,33,42,70,14,18,12,53,24,23,1,1
12/1/2018,27,,27,6,45,33,11,26,33,8,6,33,48,60,15,22,13,39,5,53,0,0
12/2/2018,28,,28,4,43,36,13,27,29,0,3,31,49,60,17,22,15,39,20,34,0,0
12/3/2018,27,,27,26,39,31,11,23,28,40,27,36,44,76,14,22,15,73,16,18,2,4
12/4/2018,26,,26,22,39,31,12,23,30,18,31,37,48,64,13,19,14,69,22,28,1,2
12/5/2018,26,,26,13,39,32,12,24,25,26,13,40,40,56,13,19,14,69,23,30,0,0
12/6/2018,27,,27,23,39,32,11,24,36,34,34,35,40,60,14,22,14,65,26,51,1,1
12/7/2018,26,,26,23,41,34,11,23,36,41,30,34,42,66,14,24,14,63,24,38,1,0
12/8/2018,28,,28,7,46,38,12,26,33,14,8,34,42,62,16,29,16,41,11,33,0,0
12/9/2018,28,,28,4,47,37,13,26,32,8,4,30,42,53,16,25,16,42,14,25,1,0
12/10/2018,28,,28,26,45,34,12,24,26,36,34,31,41,68,13,23,16,69,17,30,0,3
12/11/2018,28,,28,22,39,35,12,23,27,39,34,100,37,51,15,22,14,65,22,24,1,0
12/12/2018,27,,27,21,37,32,11,23,28,34,24,56,44,55,14,23,15,72,36,17,2,0
12/13/2018,27,,27,20,40,34,11,23,28,41,24,42,44,65,15,23,14,76,10,42,0,0
12/14/2018,27,,27,20,43,34,11,24,28,42,24,40,39,70,16,23,14,63,11,45,0,3
12/15/2018,30,,30,7,54,40,13,27,35,11,8,40,42,91,19,30,17,25,5,37,2,0
12/16/2018,30,,30,3,50,40,13,27,32,0,4,35,48,55,19,26,16,27,12,42,0,0
12/17/2018,27,,27,17,48,36,11,24,28,38,21,36,45,57,17,26,16,50,15,57,1,2
12/18/2018,27,,27,17,49,36,11,24,33,48,20,30,42,58,21,23,16,64,6,46,0,0
12/19/2018,28,,28,20,50,35,11,24,31,44,27,30,40,61,16,25,16,53,10,26,1,2
12/20/2018,28,,28,22,51,33,11,24,33,52,29,30,38,61,17,24,16,64,15,22,1,1
12/21/2018,29,,29,27,53,37,12,25,35,48,34,34,40,63,16,25,17,44,14,50,1,2
12/22/2018,30,,30,10,62,41,13,27,33,12,9,32,40,59,20,29,19,35,15,41,0,4
12/23/2018,31,,31,6,64,41,13,28,34,4,4,28,36,53,18,28,21,26,3,57,0,0
12/24/2018,33,,33,19,61,45,13,27,36,38,26,30,42,68,21,29,24,39,24,67,2,6
12/25/2018,41,,41,7,55,100,18,35,55,8,10,28,48,68,61,54,43,32,13,70,1,0
12/26/2018,38,,38,26,68,79,17,32,41,51,29,32,54,82,47,48,41,34,16,59,1,6
12/27/2018,34,,34,27,59,56,15,30,41,41,30,31,46,81,26,36,30,44,17,81,0,0
12/28/2018,31,,31,21,58,48,14,28,36,36,32,32,50,82,22,30,26,49,13,59,0,1
12/29/2018,31,,31,4,55,46,14,28,30,10,3,31,44,73,19,28,23,36,14,33,0,0
12/30/2018,29,,29,4,52,42,13,27,33,12,6,31,42,64,18,28,20,26,2,54,0,0
12/31/2018,27,,27,20,48,35,10,24,31,34,23,27,36,56,14,20,17,32,16,49,0,4
1/1/2019,26,,26,6,42,36,12,27,34,10,7,26,40,53,14,22,18,18,8,33,2,3
1/2/2019,28,,28,35,44,36,12,25,32,50,44,27,44,73,12,20,19,43,11,49,5,8
1/3/2019,32,,32,100,44,36,13,26,32,100,100,32,46,68,13,21,19,57,24,41,7,2
1/4/2019,31,,31,54,43,34,12,25,29,56,63,34,44,71,14,22,18,56,21,38,5,11
1/5/2019,28,,28,13,39,36,12,27,34,16,14,32,42,56,14,20,21,29,6,41,0,0
1/6/2019,27,,27,6,38,36,12,26,32,7,4,28,40,60,14,21,19,45,13,48,1,0
1/7/2019,27,,27,30,39,33,11,23,28,53,37,30,36,63,13,19,18,53,24,25,2,1
1/8/2019,27,,27,22,35,32,10,23,27,37,25,29,36,64,13,19,21,58,20,42,3,8
1/9/2019,26,,26,30,36,31,10,23,27,49,38,27,35,57,9,16,20,74,14,45,2,6
1/10/2019,25,,25,22,35,29,10,22,27,32,30,24,37,71,10,18,24,64,27,36,2,1
1/11/2019,25,,25,19,36,28,10,23,26,38,28,28,35,63,9,16,25,61,22,29,2,1
1/12/2019,26,,26,5,42,32,11,25,29,6,5,32,40,52,13,19,24,34,10,45,0,5
1/13/2019,27,,27,4,39,32,12,25,29,2,3,29,35,53,12,18,22,29,7,43,2,3
1/14/2019,25,,25,18,33,29,10,22,29,26,25,24,37,67,10,17,20,45,15,36,2,8
1/15/2019,24,,24,16,33,26,10,21,25,21,20,24,34,60,9,14,19,65,13,24,2,3
1/16/2019,24,,24,19,34,26,10,22,26,32,19,30,32,54,10,14,21,51,5,18,3,5
1/17/2019,24,,24,20,34,26,10,22,29,28,20,29,33,51,8,14,21,59,42,36,5,5
1/18/2019,24,,24,17,35,26,10,21,26,31,28,26,35,59,9,16,22,39,12,31,4,6
1/19/2019,25,,25,5,38,28,11,24,31,14,6,28,42,55,10,16,20,42,13,20,1,2
1/20/2019,25,,25,4,38,28,12,25,29,2,4,30,38,50,9,17,18,36,9,33,1,2
1/21/2019,23,,23,6,35,24,10,21,23,8,8,26,40,63,7,14,17,55,14,36,1,0
1/22/2019,23,,23,15,30,24,9,21,29,27,16,28,38,58,8,13,18,61,13,18,2,2
1/23/2019,23,,23,14,32,24,9,21,23,24,20,31,38,49,8,13,17,70,21,39,4,5
1/24/2019,24,,24,17,31,24,9,20,25,19,24,27,38,54,7,14,19,65,17,29,4,10
1/25/2019,23,,23,17,35,26,9,21,24,14,20,28,34,54,8,13,21,52,24,32,7,10
1/26/2019,25,,25,6,41,28,10,24,30,5,6,31,42,54,9,16,23,39,6,44,4,11
1/27/2019,25,,25,4,37,29,11,23,30,2,3,29,42,52,10,18,23,49,10,43,1,2
1/28/2019,23,,23,16,32,24,10,20,25,8,19,26,42,52,9,11,26,49,17,15,14,8
1/29/2019,25,,25,50,28,24,10,21,27,31,49,31,39,70,7,11,20,56,30,31,84,69
1/30/2019,24,,24,49,31,24,10,21,23,63,54,28,40,72,7,10,20,62,35,19,38,38
1/31/2019,24,,24,35,33,22,10,21,22,82,45,27,31,60,8,11,18,62,38,11,9,13
2/1/2019,24,,24,25,39,24,10,20,30,46,39,29,41,66,8,11,18,53,27,32,1,2
2/2/2019,24,,24,4,37,27,10,23,25,6,7,30,37,43,8,14,19,42,10,40,0,0
2/3/2019,25,,25,3,32,28,10,23,28,6,3,26,39,36,9,16,19,22,10,30,2,0
2/4/2019,23,,23,21,31,23,10,20,28,29,24,24,34,57,8,12,17,59,2,19,2,6
2/5/2019,24,,24,22,33,24,10,21,26,50,26,28,41,54,8,13,18,53,11,35,0,0
2/6/2019,23,,23,20,31,24,10,20,23,50,29,31,40,56,8,12,17,67,17,15,3,2
2/7/2019,23,,23,18,29,22,9,20,24,32,21,27,38,47,11,12,18,72,11,39,0,0
2/8/2019,22,,22,17,35,25,10,20,28,29,16,28,38,63,9,12,16,66,9,32,0,0
2/9/2019,25,,25,3,39,28,10,23,29,6,4,32,39,57,10,15,18,29,5,22,1,0
2/10/2019,24,,24,4,32,27,11,23,25,0,3,31,39,47,9,16,18,34,2,47,0,0
2/11/2019,23,,23,16,32,24,10,21,28,18,20,26,40,51,9,12,17,58,13,30,3,0
2/12/2019,22,,22,17,33,23,9,20,21,23,20,30,41,46,8,12,17,52,32,27,1,6
2/13/2019,23,,23,13,32,24,8,19,24,26,15,28,31,40,9,11,20,67,19,34,0,4
2/14/2019,22,,22,15,31,24,9,19,24,16,25,25,34,46,11,11,21,49,15,43,2,0
2/15/2019,23,,23,15,30,24,9,20,28,22,26,29,34,49,10,15,19,51,14,12,1,2
2/16/2019,24,,24,4,39,27,9,23,26,0,5,30,37,50,10,16,19,34,17,40,0,0
2/17/2019,24,,24,2,37,26,9,23,26,6,2,26,39,60,9,15,19,27,7,48,1,0
2/18/2019,23,,23,6,37,25,9,21,24,10,7,25,39,49,8,12,16,59,15,31,2,0
2/19/2019,23,,23,13,30,23,10,20,24,18,20,42,45,47,7,12,16,47,24,31,0,2
2/20/2019,23,,23,16,32,24,9,20,21,21,16,33,40,56,8,11,16,78,26,42,0,4
2/21/2019,23,,23,11,29,24,10,21,19,23,13,35,37,51,8,11,17,70,17,15,2,0
2/22/2019,23,,23,12,32,23,10,21,27,30,19,32,32,47,8,11,16,62,23,16,0,0
2/23/2019,24,,24,2,37,28,10,23,27,6,5,30,36,50,12,14,17,31,2,40,1,0
2/24/2019,24,,24,3,33,27,10,24,31,3,2,28,40,52,12,15,17,31,8,31,1,0
2/25/2019,22,,22,14,30,23,9,20,26,23,22,26,32,57,7,11,16,71,13,30,2,2
2/26/2019,22,,22,14,29,23,9,20,25,18,19,29,38,52,7,11,16,53,28,42,0,2
2/27/2019,22,,22,13,28,24,8,19,25,25,17,25,35,50,9,12,16,62,13,26,4,0
2/28/2019,22,,22,12,33,22,9,20,27,21,18,27,34,66,8,10,15,49,11,32,1,0
3/1/2019,23,,23,12,34,23,9,19,24,25,18,28,36,57,7,11,16,57,16,28,0,0
3/2/2019,23,,23,5,38,27,10,22,31,12,5,31,29,55,7,14,17,28,5,27,0,0
3/3/2019,24,,24,3,36,27,10,23,28,3,3,36,34,55,12,15,17,40,15,13,2,2
3/4/2019,22,,22,13,32,23,9,20,26,32,17,26,34,50,8,11,16,69,22,19,1,2
3/5/2019,21,,21,14,31,22,9,20,22,27,17,29,30,59,7,11,17,77,9,43,3,0
3/6/2019,21,,21,12,32,22,8,19,22,33,15,22,31,49,7,11,16,70,19,27,1,0
3/7/2019,22,,22,9,32,20,9,20,22,27,15,29,32,44,7,11,16,65,22,19,2,2
3/8/2019,22,,22,11,32,22,8,19,26,19,14,29,31,49,9,12,16,62,14,48,0,0
3/9/2019,23,,23,3,33,24,10,23,27,0,5,30,31,40,8,12,18,36,15,14,0,0
3/10/2019,24,,24,3,34,26,9,22,27,3,3,25,40,43,10,13,17,43,17,52,0,0
3/11/2019,22,,22,13,32,21,8,19,21,37,18,25,34,51,7,10,16,62,17,35,0,2
3/12/2019,23,,23,18,30,23,8,19,21,18,25,25,37,50,7,10,15,66,11,31,1,2
3/13/2019,22,,22,18,32,21,9,20,24,10,21,25,35,45,7,12,17,67,11,38,0,0
3/14/2019,21,,21,16,28,21,9,19,23,29,24,28,33,49,8,12,17,59,4,11,2,0
3/15/2019,22,,22,16,28,20,8,19,24,11,27,21,35,39,8,12,17,64,9,32,2,0
3/16/2019,21,,21,5,35,22,10,21,24,0,5,25,29,41,10,12,18,33,10,36,0,2
3/17/2019,23,,23,3,32,26,10,22,22,0,1,28,32,52,11,13,16,24,13,22,1,2
3/18/2019,24,,24,16,36,22,10,20,25,24,19,30,33,51,8,11,17,58,16,48,0,2
3/19/2019,23,,23,16,33,22,9,20,20,30,22,26,41,51,8,10,16,59,15,30,4,0
3/20/2019,25,,25,12,33,21,9,19,24,16,13,29,32,47,7,11,36,45,16,32,1,0
3/21/2019,24,,24,23,35,22,8,19,22,24,34,26,32,52,7,12,37,56,22,36,0,0
3/22/2019,23,,23,22,34,22,8,20,25,42,27,23,28,50,12,13,24,53,21,37,0,0
3/23/2019,23,,23,5,36,24,9,22,27,0,9,28,36,41,7,12,24,18,15,36,1,0
3/24/2019,23,,23,3,36,24,9,22,24,0,6,24,33,39,8,14,20,33,9,36,1,0
3/25/2019,35,,35,31,32,23,10,20,20,29,33,37,40,45,9,12,23,49,4,35,1,0
3/26/2019,33,,33,22,30,25,10,20,25,21,25,49,33,51,10,12,23,65,20,40,1,4
3/27/2019,26,,26,20,31,23,9,20,24,32,23,40,38,59,7,12,23,50,11,8,0,0
3/28/2019,25,,25,14,32,27,9,20,21,24,17,35,36,47,9,15,23,55,11,16,2,2
3/29/2019,24,,24,14,38,24,10,19,26,20,21,32,36,54,6,13,22,45,16,41,1,2
3/30/2019,24,,24,5,39,26,10,22,27,9,3,32,33,52,9,17,22,24,5,60,2,0
3/31/2019,24,,24,2,34,28,9,21,25,0,2,29,34,33,10,15,21,32,2,32,0,0
4/1/2019,23,,23,18,32,24,8,19,16,29,28,30,32,46,7,13,20,41,13,35,0,2
4/2/2019,23,,23,16,29,23,9,19,20,34,20,35,34,49,7,11,18,65,4,4,0,4
4/3/2019,22,,22,18,28,22,8,19,22,34,22,30,33,53,6,12,19,71,20,11,0,2
4/4/2019,23,,23,18,33,23,9,19,25,35,26,34,38,52,7,11,19,63,11,32,2,0
4/5/2019,22,,22,16,31,22,8,19,27,25,20,30,29,58,7,12,19,48,14,32,2,0
4/6/2019,24,,24,4,36,24,9,21,28,6,6,29,37,35,8,12,18,34,20,44,1,1
4/7/2019,23,,23,3,33,25,9,22,28,5,2,26,32,49,7,14,18,37,12,27,0,0
4/8/2019,22,,22,20,32,22,9,20,25,39,26,28,31,48,7,12,17,50,11,20,3,13
4/9/2019,22,,22,19,29,21,8,19,23,31,30,25,34,52,7,10,15,62,17,23,1,1
4/10/2019,22,,22,17,30,21,9,18,25,28,25,27,30,56,7,12,15,63,15,20,3,0
4/11/2019,22,,22,15,28,20,9,19,24,26,20,27,32,60,6,10,16,62,21,35,2,4
4/12/2019,22,,22,16,31,21,8,19,25,36,20,29,30,46,8,12,15,57,11,22,3,1
4/13/2019,23,,23,4,34,24,9,21,27,2,5,29,30,52,8,13,17,30,10,43,1,1
4/14/2019,23,,23,4,36,25,9,21,25,5,3,24,37,42,9,15,16,31,11,33,1,1
4/15/2019,22,,22,15,31,22,9,19,23,20,18,26,30,46,7,11,16,62,7,33,4,3
4/16/2019,23,,23,18,31,20,8,19,22,15,23,24,32,43,9,11,16,62,20,20,2,1
4/17/2019,22,,22,17,33,20,8,19,23,44,25,27,33,47,7,11,15,72,25,19,1,7
4/18/2019,22,,22,18,29,22,8,19,23,34,19,25,32,45,9,11,17,68,30,42,3,6
4/19/2019,22,,22,10,35,21,9,20,24,15,10,25,31,43,7,12,18,44,31,44,2,4
4/20/2019,23,,23,3,34,23,8,20,28,14,4,28,29,38,8,11,17,32,10,39,0,0
4/21/2019,22,,22,3,32,24,9,21,23,5,5,27,29,37,9,13,16,31,9,19,1,1
4/22/2019,22,,22,13,35,23,8,19,22,18,15,25,30,52,9,13,16,58,16,33,3,10
4/23/2019,22,,22,18,35,23,9,19,24,38,20,27,38,49,8,10,15,71,20,20,8,11
4/24/2019,21,,21,17,29,21,8,19,22,23,18,34,29,44,7,11,16,61,18,22,4,5
4/25/2019,22,,22,18,32,22,8,19,22,37,20,33,31,50,8,13,16,79,27,43,8,18
4/26/2019,21,,21,15,33,21,9,18,24,42,19,30,29,51,8,10,15,53,19,15,6,8
4/27/2019,23,,23,3,33,23,9,20,23,9,4,29,38,44,9,13,16,26,8,26,3,5
4/28/2019,22,,22,3,34,24,9,21,25,11,4,26,29,43,12,13,16,28,7,21,2,1
4/29/2019,22,,22,21,33,21,8,19,22,34,20,25,38,44,7,11,15,54,20,14,12,13
4/30/2019,22,,22,49,31,22,8,18,26,31,49,30,33,47,7,10,15,65,20,34,61,60
5/1/2019,23,,23,53,33,23,9,20,21,76,59,38,34,59,9,13,15,51,25,33,12,12
5/2/2019,22,,22,23,33,24,9,19,22,50,31,32,34,58,8,15,16,69,14,30,4,4
5/3/2019,23,,23,19,35,24,8,20,23,30,20,29,30,44,9,14,16,57,11,21,1,4
5/4/2019,22,,22,4,35,24,9,21,25,9,8,27,32,52,9,14,17,31,9,32,1,1
5/5/2019,23,,23,4,33,25,9,21,22,8,3,26,30,48,10,15,15,42,9,32,1,0
5/6/2019,22,,22,21,31,22,8,19,21,26,28,27,36,46,9,13,16,63,24,23,1,3
5/7/2019,22,,22,20,32,24,8,19,25,31,32,27,28,54,10,13,16,74,15,16,3,1
5/8/2019,22,,22,18,31,22,9,18,21,32,22,27,36,46,9,13,15,66,27,35,1,0
5/9/2019,22,,22,17,31,23,9,19,22,32,19,27,30,49,8,13,15,62,23,12,0,2
5/10/2019,23,,23,20,33,24,8,19,21,36,24,30,32,44,9,15,15,45,18,32,1,1
5/11/2019,23,,23,4,35,29,9,21,23,11,5,29,30,48,12,17,16,41,10,41,0,2
5/12/2019,24,,24,2,36,29,9,21,24,8,2,26,35,38,11,17,17,39,8,32,1,0
5/13/2019,22,,22,26,35,24,9,19,23,62,36,27,33,48,9,13,16,55,19,32,0,5
5/14/2019,23,,23,24,33,24,9,20,23,50,27,26,33,50,9,13,15,74,14,29,2,4
5/15/2019,22,,22,19,30,24,8,19,23,37,27,28,33,46,7,12,15,72,18,38,1,1
5/16/2019,22,,22,18,31,22,8,19,22,44,22,28,32,59,7,13,16,72,22,22,2,0
5/17/2019,22,,22,13,33,22,8,19,24,18,19,29,31,43,7,12,14,59,5,30,2,0
5/18/2019,22,,22,4,31,25,9,20,23,5,4,27,30,46,9,16,16,27,7,58,0,0
5/19/2019,22,,22,3,34,25,10,20,23,2,3,26,35,46,11,13,15,27,13,36,1,0
5/20/2019,22,,22,15,36,21,9,20,23,23,22,30,32,67,7,12,14,60,29,33,2,0
5/21/2019,22,,22,14,32,23,9,19,22,24,20,34,39,46,8,13,14,71,24,32,1,3
5/22/2019,23,,23,17,33,22,9,20,21,35,24,30,43,50,7,13,14,65,37,40,0,2
5/23/2019,22,,22,18,32,21,8,19,20,28,26,28,40,46,5,13,13,65,43,26,1,0
5/24/2019,23,,23,17,33,22,8,20,23,39,23,29,34,48,7,13,15,52,47,29,1,0
5/25/2019,22,,22,3,35,26,9,21,24,11,5,29,33,43,10,15,15,42,17,26,1,0
5/26/2019,22,,22,1,35,24,9,21,24,2,2,28,34,38,7,15,15,27,23,28,1,0
5/27/2019,21,,21,3,33,23,8,19,21,6,3,27,41,44,8,15,14,52,25,18,0,0
5/28/2019,22,,22,15,30,24,8,20,23,28,18,26,32,49,7,13,14,59,27,42,1,0
5/29/2019,23,,23,14,39,23,8,20,24,26,22,30,33,48,7,11,15,68,34,16,0,2
5/30/2019,22,,22,14,32,21,9,20,24,24,16,31,37,44,9,13,16,58,31,32,0,0
5/31/2019,22,,22,14,33,23,9,20,27,30,17,28,25,50,7,13,15,60,17,42,0,0
6/1/2019,23,,23,4,36,25,9,21,33,5,5,30,36,44,10,13,15,35,12,33,0,1
6/2/2019,23,,23,2,35,24,10,23,28,9,3,24,32,46,9,13,16,27,14,44,0,0
6/3/2019,28,,28,19,34,25,10,20,29,42,24,27,36,68,9,14,15,90,14,30,1,1
6/4/2019,32,,32,18,40,25,10,20,34,34,23,29,48,64,9,13,15,69,16,37,0,0
6/5/2019,29,,29,19,32,23,9,19,26,32,29,29,42,54,8,11,14,61,22,26,0,1
6/6/2019,26,,26,15,31,23,9,20,25,43,20,26,37,62,9,11,15,77,20,34,1,1
6/7/2019,24,,24,14,34,22,9,20,27,33,21,26,35,59,7,12,14,59,16,25,1,2
6/8/2019,25,,25,4,38,26,10,22,29,11,7,29,38,58,11,14,15,33,3,28,1,0
6/9/2019,25,,25,3,34,27,10,22,24,2,2,26,36,41,10,15,15,34,9,34,0,0
6/10/2019,23,,23,15,33,25,8,20,24,35,20,27,38,60,9,14,16,48,21,33,2,1
6/11/2019,23,,23,16,31,24,8,19,24,25,21,48,34,48,7,14,15,59,11,37,1,1
6/12/2019,23,,23,14,31,24,9,19,22,24,16,32,45,61,7,15,15,64,21,22,1,1
6/13/2019,23,,23,14,31,22,8,19,26,32,14,31,40,49,7,12,14,58,17,22,3,0
6/14/2019,23,,23,12,31,24,8,19,26,29,16,30,37,45,7,13,13,52,22,31,1,0
6/15/2019,24,,24,3,37,28,10,22,27,11,5,31,38,57,10,15,17,32,8,25,0,0
6/16/2019,24,,24,3,38,29,10,22,24,3,1,26,31,49,11,17,16,31,8,41,1,0
6/17/2019,23,,23,12,35,26,9,20,22,22,16,27,36,49,10,14,16,63,21,27,1,0
6/18/2019,23,,23,16,31,26,10,20,26,34,24,37,36,55,9,15,14,64,18,17,2,0
6/19/2019,22,,22,15,31,24,9,19,23,40,20,30,34,56,7,13,15,66,30,40,1,1
6/20/2019,22,,22,17,32,23,9,20,21,45,23,29,43,47,9,14,15,61,23,33,1,1
6/21/2019,23,,23,14,35,24,8,20,27,27,17,26,61,57,8,14,14,44,15,33,2,0
6/22/2019,23,,23,3,36,26,10,21,25,0,4,29,42,38,9,14,14,35,12,18,1,0
6/23/2019,23,,23,3,34,25,10,22,26,5,3,26,41,51,9,15,16,30,12,25,1,1
6/24/2019,23,,23,12,33,24,9,20,22,32,18,25,42,53,9,14,14,63,11,44,1,3
6/25/2019,23,,23,12,32,23,9,20,22,36,15,30,42,58,8,13,14,67,14,40,1,0
6/26/2019,23,,23,11,31,24,9,20,24,19,14,43,42,68,8,13,14,59,23,35,2,3
6/27/2019,23,,23,13,31,24,9,19,23,32,15,33,37,64,7,14,13,54,32,17,2,2
6/28/2019,23,,23,16,36,24,9,19,23,19,17,30,37,48,8,14,14,51,23,28,3,2
6/29/2019,22,,22,4,36,25,10,21,28,2,4,32,40,43,9,16,15,29,9,40,1,0
6/30/2019,23,,23,3,32,25,10,22,27,2,3,30,38,38,10,16,15,29,4,31,0,0
7/1/2019,22,,22,15,33,24,10,21,24,39,19,34,36,58,9,13,15,60,22,34,1,0
7/2/2019,23,,23,12,32,22,9,20,23,23,16,30,37,55,7,13,16,60,18,42,2,3
7/3/2019,22,,22,12,34,23,9,21,22,21,15,29,38,52,8,13,15,61,27,48,1,3
7/4/2019,23,,23,6,37,23,9,20,22,14,6,30,38,55,9,14,14,60,19,19,4,0
7/5/2019,22,,22,11,35,22,9,20,24,23,11,28,35,55,7,12,14,47,26,26,2,3
7/6/2019,23,,23,3,36,24,10,21,24,5,2,30,35,42,10,14,16,25,15,25,0,0
7/7/2019,23,,23,2,33,25,10,22,28,2,3,30,36,47,10,14,15,29,9,43,0,0
7/8/2019,23,,23,14,34,24,9,20,22,17,14,28,38,62,8,13,15,50,8,20,2,5
7/9/2019,23,,23,14,32,24,9,20,23,25,20,31,44,54,9,13,16,58,18,14,2,0
7/10/2019,23,,23,13,35,23,9,20,23,35,19,31,56,61,7,14,14,54,28,24,2,2
7/11/2019,22,,22,13,34,24,9,20,21,16,16,27,46,52,8,14,15,61,26,32,0,2
7/12/2019,22,,22,12,35,22,10,20,25,27,17,30,41,57,9,13,16,40,17,42,2,2
7/13/2019,23,,23,2,39,25,10,22,25,6,2,29,42,57,9,13,16,31,15,35,1,1
7/14/2019,23,,23,3,36,26,10,23,29,3,2,25,39,53,11,15,16,22,11,58,2,0
7/15/2019,25,,25,11,41,31,11,22,21,15,10,27,55,59,17,19,18,60,12,35,3,4
7/16/2019,26,,26,13,39,25,10,22,21,28,18,30,46,61,14,16,16,61,25,25,1,4
7/17/2019,24,,24,13,34,24,10,21,23,28,13,28,45,61,10,15,16,66,27,42,2,5
7/18/2019,23,,23,11,33,21,9,21,23,12,11,28,32,56,9,12,15,52,31,26,4,4
7/19/2019,23,,23,11,34,24,8,20,27,18,12,26,42,58,8,14,15,50,21,50,2,2
7/20/2019,23,,23,2,32,24,9,22,25,6,3,28,41,52,9,15,15,30,6,30,0,0
7/21/2019,23,,23,1,34,24,10,22,21,0,2,32,43,39,9,15,16,37,21,45,0,0
7/22/2019,23,,23,15,38,23,9,20,23,41,16,28,37,55,10,14,15,55,21,61,9,8
7/23/2019,24,,24,13,32,24,10,20,24,17,17,23,29,67,8,15,15,42,15,13,4,10
7/24/2019,23,,23,13,33,22,9,20,25,27,15,28,37,59,7,14,14,54,23,49,4,6
7/25/2019,22,,22,14,30,22,9,20,23,29,14,26,41,51,7,14,14,70,11,35,6,10
7/26/2019,23,,23,15,35,23,9,21,24,27,15,30,36,52,8,14,15,46,13,36,9,8
7/27/2019,23,,23,3,36,26,9,22,26,3,5,28,36,58,10,13,16,34,12,64,4,4
7/28/2019,23,,23,2,34,24,9,23,25,3,2,25,39,51,7,15,15,33,26,20,1,2
7/29/2019,24,,24,14,35,22,9,21,22,23,18,26,44,59,9,13,15,59,23,30,9,8
7/30/2019,24,,24,37,37,23,9,21,25,35,44,26,37,62,9,12,15,56,28,22,48,48
7/31/2019,24,,24,39,35,23,10,21,24,50,37,28,43,51,9,13,16,57,28,17,13,6
8/1/2019,23,,23,23,32,23,9,21,25,38,24,30,35,52,6,13,16,58,8,22,7,2
8/2/2019,23,,23,17,36,22,9,21,25,40,19,25,43,51,7,12,16,69,21,41,1,4
8/3/2019,23,,23,4,36,25,10,21,28,3,4,28,42,49,10,14,17,31,8,24,1,2
8/4/2019,25,,25,1,34,26,10,22,25,0,2,34,41,46,9,15,16,33,9,74,3,0
8/5/2019,22,,22,21,34,22,9,20,22,47,28,24,36,61,10,14,16,59,21,26,0,2
8/6/2019,24,,24,21,35,22,9,21,22,26,22,27,31,47,8,13,16,54,18,21,1,4
8/7/2019,24,,24,16,39,20,9,20,26,35,18,27,39,47,7,13,14,76,13,22,0,0
8/8/2019,24,,24,12,34,21,9,20,22,37,19,24,37,59,10,14,16,67,18,21,2,2
8/9/2019,24,,24,15,37,23,10,21,30,39,18,32,39,70,9,13,16,53,29,31,0,0
8/10/2019,25,,25,3,34,26,10,23,28,6,4,30,38,54,8,15,16,22,14,34,1,0
8/11/2019,25,,25,3,36,27,10,23,26,3,2,28,35,50,8,15,17,31,14,29,0,0
8/12/2019,25,,25,16,36,23,10,22,24,32,16,32,53,73,9,13,17,48,16,39,2,4
8/13/2019,26,,26,20,35,23,10,21,22,23,26,27,49,77,8,14,17,64,30,68,2,2
8/14/2019,25,,25,18,34,21,10,21,21,30,26,29,54,55,7,13,15,56,17,24,0,0
8/15/2019,24,,24,17,38,23,10,22,26,47,25,30,48,47,7,14,18,62,21,31,2,4
8/16/2019,24,,24,14,36,21,10,21,26,29,19,30,43,61,7,13,17,60,16,53,1,0
8/17/2019,25,,25,4,39,24,10,22,27,17,4,31,45,56,7,16,17,37,14,53,3,0
8/18/2019,25,,25,3,36,24,11,23,29,3,3,32,48,55,8,12,17,37,11,44,0,0
8/19/2019,25,,25,18,35,23,10,21,23,33,20,27,45,57,8,14,15,56,12,41,2,0
8/20/2019,25,,25,19,38,23,10,21,23,28,19,33,48,63,8,11,17,75,10,25,2,0
8/21/2019,25,,25,15,34,19,10,20,28,28,14,36,51,61,8,12,17,74,24,29,0,2
8/22/2019,25,,25,14,31,22,9,21,26,28,16,32,48,58,6,12,17,72,12,42,2,0
8/23/2019,25,,25,16,34,20,9,21,31,26,24,37,51,54,9,11,17,51,21,43,1,2
8/24/2019,24,,24,5,37,23,11,22,24,6,4,36,32,51,9,13,17,37,20,29,1,0
8/25/2019,26,,26,3,37,23,10,23,27,9,3,32,38,41,5,12,17,42,8,58,2,0
8/26/2019,25,,25,13,36,21,11,21,24,45,21,27,51,62,8,11,16,69,17,50,0,4
8/27/2019,24,,24,13,33,21,10,21,24,19,17,25,41,45,7,12,16,75,34,29,2,0
8/28/2019,25,,25,12,32,21,9,20,24,30,15,32,50,56,7,10,17,82,29,49,1,0
8/29/2019,24,,24,14,31,23,10,21,24,30,15,27,49,63,9,11,17,67,12,37,1,0
8/30/2019,65,,65,12,35,22,11,21,28,36,15,30,45,60,9,13,17,64,19,42,0,2
8/31/2019,89,,89,2,34,23,11,23,26,9,4,29,42,51,7,15,18,46,19,46,0,0
9/1/2019,88,,88,3,38,24,12,23,25,3,1,32,42,47,9,13,18,47,8,18,0,0
9/2/2019,75,,75,3,37,22,11,21,22,2,2,31,48,50,8,13,18,55,27,58,0,0
9/3/2019,72,,72,14,32,21,10,21,24,8,16,30,50,51,7,12,17,47,26,32,1,0
9/4/2019,78,,78,13,38,21,10,21,22,37,17,27,48,62,6,11,18,53,16,32,1,0
9/5/2019,83,,83,16,35,22,11,21,23,35,19,34,45,53,7,13,17,55,17,28,2,4
9/6/2019,71,,71,12,36,20,10,22,27,25,13,28,52,50,6,12,17,56,12,46,2,0
9/7/2019,59,,59,3,38,25,11,24,29,3,1,30,43,51,7,13,19,33,14,56,1,2
9/8/2019,59,,59,2,36,22,13,24,22,13,4,32,45,56,7,11,19,29,13,64,0,0
9/9/2019,58,,58,13,31,21,13,23,24,21,17,26,48,59,7,10,17,56,4,32,2,0
9/10/2019,100,,100,26,57,45,50,46,28,48,29,26,61,74,12,27,20,89,19,32,2,2
9/11/2019,87,,87,28,66,58,49,64,23,59,33,34,57,67,18,36,22,77,14,40,2,4
9/12/2019,69,,69,23,55,42,27,43,28,36,21,31,48,56,14,24,19,75,12,53,1,2
9/13/2019,66,,66,20,64,37,25,40,29,53,18,33,50,56,12,21,19,67,22,46,1,4
9/14/2019,67,,67,5,57,38,20,38,28,3,4,33,41,58,15,20,20,29,8,37,0,0
9/15/2019,65,,65,3,51,34,18,36,27,3,1,29,47,51,14,19,19,41,16,46,1,2
9/16/2019,62,,62,16,49,29,16,30,26,19,18,28,43,60,10,17,19,79,26,28,0,0
9/17/2019,57,,57,15,44,28,15,28,26,32,15,33,44,67,10,15,19,94,9,39,0,0
9/18/2019,57,,57,16,42,29,15,28,21,40,18,31,46,74,11,14,17,81,21,32,1,2
9/19/2019,57,,57,14,48,28,15,28,24,28,16,36,40,59,10,15,19,68,26,53,0,4
9/20/2019,61,,61,13,70,42,20,37,26,42,17,41,44,68,10,17,19,64,22,46,2,2
9/21/2019,66,,66,5,65,48,22,39,27,12,1,43,39,73,13,19,21,36,22,27,1,0
9/22/2019,63,,63,2,65,47,21,39,26,3,1,34,48,60,15,20,23,46,13,77,0,0
9/23/2019,56,,56,11,54,40,17,32,24,18,15,36,48,72,10,18,21,56,21,55,0,4
9/24/2019,52,,52,16,52,37,15,31,25,29,14,35,48,77,12,17,20,59,18,47,2,2
9/25/2019,48,,48,12,52,36,15,31,27,34,13,33,48,66,10,16,19,75,23,35,1,0
9/26/2019,46,,46,11,49,36,15,29,23,16,12,35,48,72,12,12,20,68,4,36,0,0
9/27/2019,33,,33,12,50,35,15,29,30,19,12,33,39,72,10,14,19,68,19,37,0,2
9/28/2019,36,,36,3,60,39,16,33,29,3,3,40,40,68,14,14,23,34,13,46,1,0
9/29/2019,36,,36,3,53,37,16,33,32,3,3,38,47,52,12,15,21,46,6,27,2,2
9/30/2019,32,,32,14,53,33,15,29,27,24,12,43,45,70,10,14,21,55,26,48,2,2
10/1/2019,30,,30,16,51,32,14,26,22,35,21,42,46,63,12,12,20,71,26,39,1,2
10/2/2019,29,,29,14,47,29,13,26,27,26,18,36,40,68,11,10,19,54,23,27,1,2
10/3/2019,30,,30,9,43,29,14,26,24,30,18,37,35,67,8,12,19,69,19,56,2,0
10/4/2019,31,,31,14,50,32,14,26,27,44,21,33,36,55,9,13,20,55,33,53,1,2
10/5/2019,35,,35,4,53,33,13,29,28,9,5,43,35,49,11,15,21,34,11,41,0,0
10/6/2019,34,,34,3,47,33,14,29,26,6,2,40,35,61,11,13,21,36,34,27,2,0
10/7/2019,30,,30,14,43,29,12,26,26,37,21,36,43,70,9,12,20,60,26,32,2,5
10/8/2019,30,,30,12,43,31,13,26,25,21,14,38,42,72,9,11,19,75,28,56,2,2
10/9/2019,30,,30,12,44,29,14,26,27,21,16,36,47,73,9,12,21,83,19,53,3,0
10/10/2019,29,,29,13,42,28,13,26,28,32,17,37,46,76,10,10,20,64,21,52,3,2
10/11/2019,29,,29,18,42,28,13,26,26,40,21,36,35,74,8,10,19,52,19,44,2,2
10/12/2019,33,,33,4,51,30,14,29,24,9,7,37,39,68,9,11,21,35,16,45,1,2
10/13/2019,35,,35,2,51,32,15,30,30,6,1,36,41,65,12,15,20,38,19,46,0,0
10/14/2019,30,,30,17,41,30,13,27,30,24,18,38,43,62,10,12,19,71,35,40,2,7
10/15/2019,29,,29,16,37,27,12,25,27,21,16,42,39,62,9,10,20,77,34,31,3,2
10/16/2019,29,,29,13,37,28,13,26,29,27,16,40,34,72,9,12,20,68,33,28,5,5
10/17/2019,28,,28,11,37,26,13,25,23,24,12,39,33,72,8,11,20,81,40,28,1,2
10/18/2019,29,,29,12,42,26,13,26,27,22,15,37,34,67,10,9,19,67,34,37,2,0
10/19/2019,31,,31,4,45,31,13,28,29,3,3,35,39,66,11,11,21,32,8,54,2,2
10/20/2019,32,,32,2,41,31,13,28,24,0,2,35,42,72,11,10,24,31,16,36,2,2
10/21/2019,28,,28,16,40,26,12,26,24,34,19,29,41,72,9,10,22,65,27,15,4,4
10/22/2019,28,,28,15,37,27,12,24,22,28,20,33,38,64,7,11,20,53,20,42,3,10
10/23/2019,27,,27,14,37,27,11,24,24,16,18,30,39,70,8,11,20,53,18,19,2,4
10/24/2019,26,,26,16,37,25,11,23,24,29,20,33,42,73,8,10,20,77,21,36,7,11
10/25/2019,27,,27,17,36,25,12,24,29,28,21,35,37,67,8,11,22,53,22,41,7,2
10/26/2019,30,,30,5,39,30,13,27,27,9,10,35,38,56,10,11,22,33,19,27,0,2
10/27/2019,29,,29,4,42,30,13,27,28,3,2,31,35,59,7,11,23,24,8,36,4,6
10/28/2019,30,,30,19,44,27,12,24,30,36,22,27,43,62,9,9,52,51,9,27,9,10
10/29/2019,31,,31,21,42,26,11,24,24,32,21,33,44,62,9,9,82,82,30,28,14,23
10/30/2019,30,,30,39,36,25,11,23,24,36,49,31,43,54,9,11,64,56,21,43,44,38
10/31/2019,29,,29,34,39,26,12,23,21,58,41,29,40,54,8,9,51,61,29,53,13,9
11/1/2019,32,,32,23,37,28,12,24,28,56,23,28,41,69,7,10,43,59,19,46,3,2
11/2/2019,34,,34,5,46,32,14,26,29,9,2,32,39,61,9,10,42,37,16,58,2,0
11/3/2019,33,,33,4,43,32,14,28,30,12,7,32,45,59,10,10,40,34,18,53,0,0
11/4/2019,30,,30,22,43,29,11,24,27,37,24,31,46,69,10,11,36,71,26,39,2,0
11/5/2019,29,,29,19,34,26,12,24,24,28,15,38,47,70,8,8,33,64,41,12,0,2
11/6/2019,28,,28,15,38,27,11,23,27,39,20,37,40,58,10,9,31,77,34,27,5,0
11/7/2019,28,,28,16,37,26,12,23,23,42,25,30,41,59,8,9,31,96,32,27,3,2
11/8/2019,29,,29,16,37,28,12,24,28,32,23,30,37,72,8,10,32,79,33,77,0,0
11/9/2019,31,,31,3,43,33,13,27,27,6,5,35,47,52,11,13,34,33,11,27,0,2
11/10/2019,31,,31,2,43,31,13,27,28,9,2,28,45,51,9,12,34,45,13,44,1,2
11/11/2019,30,,30,17,41,29,12,23,26,29,18,29,43,65,11,10,32,56,18,47,2,4
11/12/2019,28,,28,17,38,28,11,24,24,23,22,29,37,65,11,9,31,67,18,34,0,2
11/13/2019,30,,30,19,38,27,12,24,24,47,18,30,74,56,11,9,29,67,25,39,1,0
11/14/2019,30,,30,16,42,30,13,23,55,36,23,32,61,55,11,9,30,85,27,39,1,5
11/15/2019,32,,32,16,42,29,12,24,89,47,22,35,60,71,13,11,29,73,17,49,1,0
11/16/2019,33,,33,5,48,35,13,27,57,9,4,32,49,69,15,15,33,37,16,63,0,0
11/17/2019,32,,32,4,45,36,13,28,43,6,5,32,50,67,17,13,34,43,5,63,0,2
11/18/2019,29,,29,17,41,30,12,24,33,24,22,30,49,60,12,11,32,77,23,43,1,0
11/19/2019,29,,29,19,39,29,12,23,31,40,19,30,53,73,12,11,29,83,32,59,1,2
11/20/2019,29,,29,15,39,30,12,24,29,43,22,32,49,63,13,12,31,93,23,52,1,2
11/21/2019,30,,30,16,37,32,11,24,25,27,18,27,54,58,13,12,32,77,23,68,0,0
11/22/2019,31,,31,13,41,34,12,24,30,38,17,30,46,70,14,15,34,62,19,57,2,0
11/23/2019,34,,34,3,46,41,13,28,32,6,5,33,48,64,15,15,37,41,18,31,0,0
11/24/2019,33,,33,2,45,40,14,27,27,9,3,31,63,45,15,16,39,37,15,56,0,0
11/25/2019,32,,32,12,41,37,14,25,26,34,17,31,51,56,14,15,37,65,18,31,1,0
11/26/2019,33,,33,15,41,37,13,26,27,29,19,34,55,56,17,16,38,72,37,47,1,0
11/27/2019,35,,35,11,45,41,14,25,27,24,14,26,57,58,22,18,39,88,18,47,0,0
11/28/2019,45,,45,5,59,64,16,28,29,11,6,30,72,45,65,25,57,75,19,52,0,0
11/29/2019,52,,52,10,78,89,21,33,28,16,12,29,90,58,100,35,85,56,19,56,2,0
11/30/2019,40,,40,4,56,57,16,30,33,17,4,36,72,60,48,23,51,41,10,61,1,2
12/1/2019,35,,35,3,48,50,15,30,30,9,3,34,57,56,35,16,44,42,23,60,0,0
12/2/2019,37,,37,13,46,54,15,26,28,36,15,33,68,67,47,21,50,75,20,19,0,0
12/3/2019,30,,30,14,38,42,13,24,29,47,18,35,50,74,24,13,39,75,21,43,1,0
12/4/2019,28,,28,12,37,35,12,23,29,18,15,39,45,43,16,13,33,77,14,47,1,0
12/5/2019,30,,30,14,37,35,12,23,100,35,17,31,40,62,17,12,33,70,28,36,2,2
12/6/2019,30,,30,17,40,36,12,24,82,30,18,31,32,74,16,12,34,73,17,58,2,0
12/7/2019,30,,30,4,44,39,12,27,47,3,5,36,41,51,17,13,36,44,11,41,0,0
12/8/2019,30,,30,3,43,37,13,26,41,9,5,30,48,48,21,13,35,41,32,40,0,0
12/9/2019,28,,28,13,41,34,12,23,37,35,19,32,44,61,18,14,34,85,33,28,1,2
12/10/2019,28,,28,15,40,33,10,23,30,35,17,39,40,60,17,12,35,76,36,32,1,2
12/11/2019,29,,29,14,37,33,11,23,29,26,18,36,41,61,17,11,33,65,21,51,1,0
12/12/2019,28,,28,17,40,36,11,23,31,70,27,29,45,59,17,12,34,88,40,56,1,0
12/13/2019,29,,29,19,41,35,11,24,28,55,22,38,43,60,18,11,35,68,55,70,0,0
12/14/2019,31,,31,5,49,40,13,26,30,6,5,39,39,67,21,13,41,32,24,45,1,0
12/15/2019,31,,31,2,46,41,13,27,33,6,3,29,43,48,19,13,38,41,5,49,2,0
12/16/2019,30,,30,18,44,38,12,25,27,37,18,30,44,64,16,13,36,70,21,47,1,0
12/17/2019,30,,30,17,44,36,11,24,30,48,24,32,47,60,16,11,37,59,37,32,2,0
12/18/2019,28,,28,13,41,34,11,24,25,40,19,33,41,64,15,12,36,67,18,36,0,2
12/19/2019,27,,27,18,41,35,11,24,24,38,21,28,42,61,15,10,35,73,33,41,1,2
12/20/2019,31,,31,16,46,35,12,25,31,40,22,38,39,58,17,11,37,58,20,60,1,0
12/21/2019,31,,31,4,52,40,13,27,28,6,5,33,40,62,17,12,42,31,13,68,2,0
12/22/2019,33,,33,3,52,44,14,28,32,3,2,37,43,53,22,12,41,34,11,37,1,0
12/23/2019,32,,32,14,50,39,12,26,28,40,18,34,36,56,20,11,40,56,30,42,0,0
12/24/2019,35,,35,14,55,46,13,28,32,19,16,33,37,64,21,11,52,43,33,74,2,2
12/25/2019,48,,48,5,52,97,20,39,53,3,5,32,57,76,54,18,100,42,23,100,1,0
12/26/2019,42,,42,16,65,77,18,34,41,35,22,33,53,77,42,20,74,43,5,66,0,2
12/27/2019,36,,36,20,57,57,16,30,35,43,34,39,54,84,27,14,53,55,25,65,1,2
12/28/2019,33,,33,5,51,50,13,30,35,9,8,36,46,69,23,14,47,39,3,46,0,2
12/29/2019,33,,33,4,49,47,14,28,34,3,2,35,48,53,18,11,41,33,22,46,1,2
12/30/2019,31,,31,16,42,42,13,26,31,43,23,30,41,72,15,11,36,39,22,38,1,0
12/31/2019,29,,29,16,42,36,11,24,31,51,21,30,42,67,16,9,33,43,11,68,1,2
