date,healthcare,overlap,health coverage,health,nhs,spire healthcare,continuing healthcare,BMI healthcare,nursing home,AXA PPP,AXA health
2017-01-17,48.0,1.0,49.0,90.0,57.0,25.0,36.0,23.0,45.0,30.0,78.0
2017-01-18,49.0,1.0,31.0,89.0,50.0,8.0,5.0,11.0,40.0,13.0,22.0
2017-01-19,49.0,1.0,40.0,86.0,50.0,16.0,18.0,57.0,45.0,19.0,22.0
2017-01-20,42.0,1.0,32.0,75.0,45.0,0.0,77.0,23.0,38.0,38.0,11.0
2017-01-21,30.0,1.0,40.0,52.0,32.0,0.0,0.0,13.0,29.0,0.0,0.0
2017-01-22,25.0,1.0,24.0,54.0,40.0,0.0,0.0,64.0,32.0,8.0,50.0
2017-01-23,49.0,1.0,53.0,88.0,50.0,16.0,27.0,0.0,45.0,24.0,66.0
2017-01-24,51.0,1.0,38.0,91.0,51.0,25.0,26.0,34.0,46.0,22.0,56.0
2017-01-25,45.0,1.0,44.0,87.0,50.0,0.0,26.0,0.0,47.0,24.0,22.0
2017-01-26,45.0,1.0,32.0,82.0,50.0,8.0,20.0,45.0,44.0,10.0,10.0
2017-01-27,42.0,1.0,38.0,80.0,47.0,9.0,21.0,24.0,47.0,17.0,0.0
2017-01-28,23.0,1.0,23.0,52.0,35.0,10.0,0.0,27.0,31.0,7.0,0.0
2017-01-29,25.0,1.0,29.0,52.0,36.0,0.0,16.0,26.0,30.0,7.0,0.0
2017-01-30,44.0,1.0,48.0,88.0,52.0,32.0,0.0,34.0,44.0,15.0,100.0
2017-01-31,48.0,1.0,53.0,91.0,52.0,8.0,10.0,34.0,48.0,25.0,66.0
2017-02-01,49.0,1.0,50.0,88.0,54.0,8.0,0.0,100.0,48.0,40.0,11.0
2017-02-02,45.0,1.0,38.0,87.0,49.0,0.0,0.0,35.0,41.0,23.0,42.0
2017-02-03,40.0,1.0,50.0,75.0,48.0,17.0,0.0,47.0,43.0,7.0,23.0
2017-02-04,21.0,1.0,22.0,49.0,33.0,0.0,15.0,52.0,32.0,13.0,87.0
2017-02-05,24.0,1.0,43.0,50.0,37.0,18.0,14.0,0.0,27.0,0.0,26.0
2017-02-06,41.0,1.0,32.0,83.0,58.0,24.0,0.0,11.0,45.0,30.0,31.0
2017-02-07,46.0,1.0,40.0,85.0,56.0,0.0,20.0,22.0,49.0,21.0,31.0
2017-02-08,44.0,1.0,39.0,85.0,53.0,16.0,20.0,56.0,42.0,16.0,47.0
2017-02-09,43.0,1.0,40.0,82.0,51.0,8.0,33.0,34.0,42.0,13.0,89.0
2017-02-10,37.0,1.0,38.0,74.0,48.0,17.0,15.0,12.0,41.0,6.0,11.0
2017-02-11,23.0,1.0,22.0,47.0,31.0,0.0,0.0,27.0,27.0,3.0,39.0
2017-02-12,22.0,1.0,24.0,49.0,37.0,0.0,22.0,12.0,28.0,4.0,12.0
2017-02-13,42.0,1.0,32.0,80.0,52.0,32.0,29.0,33.0,38.0,9.0,54.0
2017-02-14,40.0,1.0,25.0,77.0,47.0,8.0,0.0,0.0,41.0,15.0,22.0
2017-02-15,43.0,1.0,31.0,79.0,50.0,16.0,28.0,12.0,43.0,13.0,24.0
2017-02-16,41.0,1.0,30.0,80.0,47.0,16.0,5.0,79.0,42.0,15.0,54.0
2017-02-17,39.0,1.0,16.0,71.0,44.0,24.0,16.0,68.0,41.0,13.0,65.0
2017-02-18,23.0,1.0,19.0,49.0,33.0,9.0,6.0,0.0,29.0,18.0,25.0
2017-02-19,22.0,1.0,30.0,50.0,38.0,28.0,0.0,0.0,27.0,4.0,0.0
2017-02-20,40.0,1.0,38.0,75.0,52.0,16.0,10.0,34.0,40.0,25.0,20.0
2017-02-21,43.0,1.0,35.0,84.0,51.0,16.0,20.0,67.0,44.0,22.0,12.0
2017-02-22,42.0,1.0,31.0,83.0,52.0,16.0,5.0,67.0,53.0,22.0,43.0
2017-02-23,43.0,1.0,39.0,79.0,47.0,8.0,13.0,34.0,40.0,3.0,33.0
2017-02-24,38.0,1.0,15.0,74.0,45.0,34.0,13.0,24.0,42.0,9.0,32.0
2017-02-25,22.0,1.0,33.0,50.0,34.0,28.0,0.0,0.0,33.0,0.0,100.0
2017-02-26,21.0,1.0,23.0,52.0,39.0,9.0,11.0,13.0,26.0,0.0,0.0
2017-02-27,47.0,1.0,36.0,86.0,57.0,16.0,7.0,77.0,45.0,26.0,32.0
2017-02-28,49.0,1.0,49.0,90.0,51.0,8.0,18.0,89.0,42.0,12.0,33.0
2017-03-01,47.0,1.0,41.0,83.0,50.0,16.0,26.0,21.0,44.0,9.0,42.0
2017-03-02,44.0,1.0,31.0,82.0,55.0,0.0,12.0,44.0,46.0,18.0,31.0
2017-03-03,37.0,1.0,25.0,74.0,47.0,0.0,8.0,46.0,40.0,22.0,32.0
2017-03-04,24.0,1.0,27.0,50.0,36.0,9.0,14.0,25.0,28.0,7.0,50.0
2017-03-05,21.0,1.0,29.0,52.0,36.0,18.0,28.0,25.0,25.0,14.0,11.0
2017-03-06,44.0,1.0,43.0,86.0,57.0,0.0,0.0,32.0,44.0,23.0,42.0
2017-03-07,59.0,1.0,44.0,90.0,56.0,0.0,0.0,11.0,40.0,11.0,31.0
2017-03-08,59.0,1.0,38.0,87.0,52.0,16.0,35.0,33.0,42.0,19.0,20.0
2017-03-09,58.0,1.0,50.0,87.0,51.0,0.0,5.0,11.0,41.0,12.0,43.0
2017-03-10,45.0,1.0,41.0,76.0,46.0,8.0,26.0,12.0,36.0,16.0,11.0
2017-03-11,29.0,1.0,36.0,50.0,34.0,0.0,16.0,25.0,28.0,7.0,13.0
2017-03-12,25.0,1.0,32.0,54.0,35.0,0.0,0.0,0.0,29.0,3.0,35.0
2017-03-13,49.0,1.0,42.0,83.0,49.0,0.0,29.0,41.0,40.0,16.0,42.0
2017-03-14,53.0,1.0,35.0,85.0,48.0,8.0,7.0,11.0,42.0,30.0,44.0
2017-03-15,48.0,1.0,36.0,87.0,50.0,32.0,20.0,57.0,44.0,7.0,54.0
2017-03-16,47.0,1.0,37.0,83.0,48.0,24.0,0.0,0.0,46.0,6.0,22.0
2017-03-17,41.0,1.0,27.0,72.0,47.0,34.0,8.0,23.0,37.0,16.0,0.0
2017-03-18,24.0,1.0,27.0,49.0,30.0,0.0,0.0,12.0,29.0,0.0,23.0
2017-03-19,26.0,1.0,22.0,52.0,40.0,37.0,14.0,12.0,27.0,11.0,38.0
2017-03-20,49.0,1.0,22.0,87.0,54.0,0.0,20.0,89.0,42.0,12.0,21.0
2017-03-21,49.0,1.0,34.0,89.0,54.0,24.0,18.0,22.0,47.0,15.0,22.0
2017-03-22,52.0,1.0,33.0,87.0,49.0,0.0,23.0,34.0,44.0,6.0,31.0
2017-03-23,69.0,,29.0,91.0,48.0,0.0,0.0,0.0,42.0,14.0,20.0
2017-03-24,91.0,,42.0,100.0,45.0,17.0,32.0,47.0,34.0,7.0,22.0
2017-03-25,45.0,,26.0,59.0,29.0,0.0,0.0,0.0,31.0,16.0,48.0
2017-03-26,32.0,,35.0,54.0,29.0,18.0,24.0,26.0,24.0,0.0,47.0
2017-03-27,49.0,,40.0,91.0,55.0,16.0,31.0,22.0,43.0,21.0,20.0
2017-03-28,48.0,,29.0,86.0,59.0,32.0,11.0,0.0,45.0,14.0,41.0
2017-03-29,43.0,,23.0,83.0,54.0,0.0,0.0,22.0,44.0,28.0,20.0
2017-03-30,46.0,,32.0,85.0,55.0,50.0,0.0,24.0,41.0,0.0,42.0
2017-03-31,39.0,,37.0,69.0,43.0,67.0,11.0,24.0,37.0,14.0,22.0
2017-04-01,20.0,,21.0,46.0,30.0,19.0,0.0,0.0,27.0,8.0,24.0
2017-04-02,24.0,,15.0,51.0,38.0,0.0,0.0,53.0,30.0,8.0,0.0
2017-04-03,43.0,,24.0,84.0,55.0,16.0,11.0,22.0,41.0,27.0,20.0
2017-04-04,47.0,,44.0,80.0,51.0,48.0,0.0,45.0,41.0,20.0,0.0
2017-04-05,41.0,,27.0,81.0,49.0,32.0,21.0,0.0,47.0,13.0,41.0
2017-04-06,43.0,,41.0,87.0,51.0,0.0,0.0,22.0,37.0,41.0,20.0
2017-04-07,34.0,,30.0,74.0,43.0,0.0,11.0,24.0,38.0,21.0,22.0
2017-04-08,19.0,,13.0,48.0,27.0,19.0,0.0,53.0,24.0,0.0,0.0
2017-04-09,19.0,,29.0,50.0,30.0,0.0,0.0,0.0,29.0,0.0,24.0
2017-04-10,44.0,,36.0,83.0,52.0,32.0,11.0,0.0,39.0,7.0,20.0
2017-04-11,40.0,,41.0,81.0,49.0,0.0,0.0,24.0,40.0,28.0,20.0
2017-04-12,38.0,,48.0,83.0,44.0,0.0,21.0,0.0,51.0,28.0,42.0
2017-04-13,38.0,,22.0,76.0,45.0,18.0,11.0,50.0,43.0,0.0,44.0
2017-04-14,34.0,,31.0,63.0,36.0,0.0,0.0,26.0,34.0,8.0,24.0
2017-04-15,17.0,,16.0,45.0,29.0,0.0,0.0,27.0,26.0,0.0,0.0
2017-04-16,18.0,,29.0,43.0,31.0,19.0,0.0,27.0,22.0,8.0,0.0
2017-04-17,41.0,,31.0,76.0,32.0,17.0,0.0,0.0,39.0,0.0,22.0
2017-04-18,45.0,,60.0,84.0,52.0,16.0,10.0,22.0,38.0,41.0,0.0
2017-04-19,39.0,,37.0,80.0,49.0,0.0,10.0,0.0,40.0,27.0,61.0
2017-04-20,42.0,,25.0,80.0,47.0,0.0,42.0,0.0,39.0,21.0,62.0
2017-04-21,36.0,,15.0,73.0,50.0,0.0,33.0,24.0,44.0,14.0,0.0
2017-04-22,20.0,,23.0,48.0,31.0,38.0,0.0,0.0,29.0,16.0,0.0
2017-04-23,19.0,,7.0,47.0,33.0,36.0,23.0,26.0,23.0,15.0,45.0
2017-04-24,44.0,,23.0,85.0,56.0,32.0,0.0,22.0,42.0,20.0,41.0
2017-04-25,44.0,,40.0,82.0,51.0,16.0,21.0,22.0,44.0,20.0,41.0
2017-04-26,45.0,,22.0,80.0,54.0,32.0,0.0,0.0,38.0,27.0,20.0
2017-04-27,45.0,,31.0,79.0,49.0,16.0,0.0,46.0,43.0,0.0,0.0
2017-04-28,37.0,,21.0,72.0,46.0,34.0,32.0,71.0,40.0,14.0,22.0
2017-04-29,18.0,,8.0,48.0,31.0,0.0,0.0,0.0,31.0,0.0,0.0
2017-04-30,21.0,,13.0,49.0,31.0,19.0,0.0,27.0,24.0,0.0,0.0
2017-05-01,45.0,,23.0,82.0,39.0,34.0,11.0,48.0,41.0,8.0,66.0
2017-05-02,45.0,,31.0,86.0,53.0,48.0,11.0,0.0,43.0,20.0,0.0
2017-05-03,47.0,,15.0,84.0,52.0,16.0,0.0,45.0,41.0,21.0,41.0
2017-05-04,97.0,,68.0,99.0,52.0,48.0,0.0,0.0,47.0,21.0,82.0
2017-05-05,100.0,,81.0,93.0,45.0,68.0,11.0,0.0,34.0,43.0,22.0
2017-05-06,46.0,,31.0,54.0,37.0,0.0,0.0,0.0,27.0,16.0,0.0
2017-05-07,38.0,,31.0,54.0,33.0,18.0,0.0,0.0,25.0,0.0,47.0
2017-05-08,50.0,,22.0,83.0,55.0,0.0,21.0,22.0,40.0,7.0,0.0
2017-05-09,51.0,,31.0,85.0,51.0,16.0,0.0,22.0,37.0,26.0,20.0
2017-05-10,46.0,,27.0,82.0,48.0,49.0,11.0,0.0,40.0,41.0,42.0
2017-05-11,45.0,,40.0,81.0,48.0,16.0,0.0,22.0,39.0,14.0,42.0
2017-05-12,35.0,,21.0,73.0,100.0,51.0,11.0,48.0,53.0,14.0,64.0
2017-05-13,21.0,,23.0,47.0,65.0,38.0,0.0,27.0,33.0,8.0,24.0
2017-05-14,17.0,,18.0,44.0,47.0,19.0,0.0,53.0,26.0,8.0,0.0
2017-05-15,43.0,,12.0,85.0,71.0,34.0,22.0,72.0,45.0,29.0,22.0
2017-05-16,42.0,,35.0,80.0,57.0,0.0,22.0,0.0,48.0,29.0,22.0
2017-05-17,39.0,,7.0,79.0,52.0,18.0,11.0,0.0,42.0,0.0,0.0
2017-05-18,39.0,,41.0,74.0,50.0,18.0,22.0,0.0,34.0,22.0,22.0
2017-05-19,36.0,,31.0,67.0,44.0,36.0,11.0,26.0,41.0,16.0,47.0
2017-05-20,21.0,,14.0,45.0,35.0,61.0,0.0,0.0,23.0,9.0,26.0
2017-05-21,19.0,,22.0,47.0,35.0,20.0,0.0,56.0,24.0,0.0,75.0
2017-05-22,42.0,,22.0,80.0,52.0,35.0,11.0,25.0,43.0,30.0,0.0
2017-05-23,42.0,,28.0,79.0,51.0,34.0,11.0,0.0,46.0,21.0,22.0
2017-05-24,38.0,,60.0,79.0,45.0,0.0,0.0,0.0,43.0,22.0,23.0
2017-05-25,42.0,,27.0,75.0,46.0,36.0,0.0,25.0,39.0,23.0,23.0
2017-05-26,34.0,,36.0,62.0,44.0,0.0,24.0,53.0,40.0,63.0,94.0
2017-05-27,19.0,,15.0,43.0,28.0,21.0,0.0,29.0,24.0,9.0,26.0
2017-05-28,16.0,,17.0,42.0,32.0,41.0,40.0,0.0,25.0,0.0,26.0
2017-05-29,25.0,,18.0,54.0,34.0,0.0,0.0,0.0,24.0,15.0,23.0
2017-05-30,42.0,1.0,36.0,75.0,52.0,0.0,5.0,30.0,46.0,21.0,15.0
2017-05-31,42.0,1.0,42.0,75.0,48.0,23.0,0.0,0.0,41.0,23.0,47.0
2017-06-01,38.0,1.0,36.0,74.0,51.0,56.0,29.0,20.0,40.0,11.0,0.0
2017-06-02,34.0,1.0,44.0,67.0,47.0,7.0,0.0,8.0,38.0,18.0,8.0
2017-06-03,20.0,1.0,23.0,42.0,32.0,0.0,0.0,0.0,29.0,4.0,22.0
2017-06-04,17.0,1.0,29.0,44.0,31.0,10.0,0.0,14.0,26.0,4.0,0.0
2017-06-05,40.0,1.0,33.0,79.0,50.0,6.0,35.0,26.0,38.0,22.0,7.0
2017-06-06,41.0,1.0,28.0,76.0,52.0,6.0,17.0,37.0,44.0,32.0,21.0
2017-06-07,40.0,1.0,29.0,76.0,52.0,6.0,0.0,19.0,43.0,3.0,0.0
2017-06-08,38.0,1.0,33.0,72.0,58.0,24.0,17.0,0.0,39.0,19.0,40.0
2017-06-09,35.0,1.0,23.0,65.0,44.0,6.0,12.0,32.0,40.0,26.0,8.0
2017-06-10,20.0,1.0,18.0,43.0,36.0,10.0,0.0,0.0,29.0,4.0,0.0
2017-06-11,20.0,1.0,5.0,44.0,39.0,0.0,0.0,37.0,26.0,0.0,0.0
2017-06-12,38.0,1.0,34.0,76.0,53.0,0.0,0.0,12.0,44.0,26.0,7.0
2017-06-13,43.0,1.0,56.0,75.0,49.0,15.0,17.0,7.0,46.0,11.0,11.0
2017-06-14,39.0,1.0,56.0,74.0,47.0,0.0,11.0,31.0,44.0,22.0,18.0
2017-06-15,41.0,1.0,24.0,77.0,47.0,0.0,35.0,12.0,40.0,4.0,47.0
2017-06-16,37.0,1.0,28.0,67.0,43.0,0.0,6.0,20.0,44.0,9.0,27.0
2017-06-17,17.0,1.0,23.0,43.0,26.0,0.0,0.0,9.0,25.0,0.0,0.0
2017-06-18,17.0,1.0,23.0,44.0,33.0,0.0,0.0,22.0,24.0,5.0,9.0
2017-06-19,43.0,1.0,20.0,77.0,47.0,15.0,6.0,0.0,51.0,17.0,48.0
2017-06-20,44.0,1.0,34.0,77.0,47.0,22.0,0.0,18.0,42.0,26.0,78.0
2017-06-21,43.0,1.0,30.0,76.0,46.0,6.0,27.0,7.0,44.0,0.0,7.0
2017-06-22,54.0,1.0,50.0,79.0,51.0,32.0,0.0,7.0,41.0,31.0,0.0
2017-06-23,48.0,1.0,48.0,73.0,43.0,0.0,11.0,31.0,43.0,13.0,40.0
2017-06-24,26.0,1.0,19.0,46.0,28.0,7.0,0.0,0.0,27.0,0.0,0.0
2017-06-25,24.0,1.0,17.0,46.0,36.0,0.0,0.0,0.0,29.0,0.0,13.0
2017-06-26,48.0,1.0,38.0,82.0,52.0,6.0,6.0,0.0,44.0,4.0,37.0
2017-06-27,52.0,1.0,49.0,84.0,53.0,22.0,0.0,33.0,40.0,24.0,8.0
2017-06-28,54.0,1.0,31.0,79.0,51.0,23.0,0.0,27.0,40.0,18.0,8.0
2017-06-29,45.0,1.0,36.0,75.0,50.0,18.0,18.0,0.0,42.0,18.0,16.0
2017-06-30,41.0,1.0,36.0,66.0,45.0,7.0,13.0,13.0,38.0,26.0,16.0
2017-07-01,20.0,1.0,14.0,42.0,27.0,0.0,7.0,0.0,29.0,4.0,0.0
2017-07-02,20.0,1.0,27.0,45.0,33.0,7.0,0.0,15.0,22.0,10.0,9.0
2017-07-03,34.0,1.0,29.0,69.0,52.0,0.0,0.0,27.0,37.0,11.0,8.0
2017-07-04,24.0,1.0,23.0,56.0,55.0,25.0,6.0,7.0,31.0,17.0,78.0
2017-07-05,40.0,1.0,29.0,76.0,51.0,9.0,12.0,40.0,42.0,13.0,27.0
2017-07-06,43.0,1.0,46.0,78.0,47.0,7.0,12.0,22.0,44.0,11.0,39.0
2017-07-07,40.0,1.0,32.0,71.0,44.0,62.0,13.0,8.0,38.0,0.0,31.0
2017-07-08,22.0,1.0,17.0,46.0,32.0,0.0,7.0,0.0,29.0,0.0,22.0
2017-07-09,22.0,1.0,31.0,50.0,32.0,0.0,14.0,0.0,20.0,5.0,0.0
2017-07-10,44.0,1.0,42.0,84.0,49.0,29.0,0.0,12.0,43.0,57.0,33.0
2017-07-11,46.0,1.0,68.0,80.0,48.0,15.0,12.0,20.0,46.0,12.0,49.0
2017-07-12,44.0,1.0,35.0,78.0,51.0,0.0,0.0,51.0,38.0,13.0,37.0
2017-07-13,44.0,1.0,31.0,79.0,45.0,7.0,36.0,13.0,41.0,8.0,11.0
2017-07-14,38.0,1.0,40.0,72.0,43.0,9.0,25.0,13.0,38.0,29.0,16.0
2017-07-15,23.0,1.0,26.0,49.0,33.0,0.0,0.0,0.0,26.0,15.0,31.0
2017-07-16,23.0,1.0,35.0,50.0,36.0,0.0,7.0,23.0,22.0,5.0,13.0
2017-07-17,44.0,1.0,32.0,77.0,48.0,15.0,0.0,14.0,46.0,11.0,58.0
2017-07-18,50.0,1.0,35.0,83.0,51.0,46.0,23.0,12.0,42.0,33.0,0.0
2017-07-19,51.0,1.0,41.0,84.0,50.0,7.0,24.0,0.0,48.0,29.0,68.0
2017-07-20,43.0,1.0,51.0,79.0,48.0,9.0,12.0,20.0,42.0,12.0,8.0
2017-07-21,38.0,1.0,25.0,69.0,43.0,32.0,6.0,28.0,37.0,17.0,8.0
2017-07-22,18.0,1.0,27.0,46.0,30.0,0.0,0.0,31.0,30.0,24.0,0.0
2017-07-23,21.0,1.0,17.0,47.0,34.0,0.0,26.0,0.0,25.0,14.0,13.0
2017-07-24,43.0,1.0,50.0,82.0,54.0,0.0,52.0,0.0,45.0,29.0,11.0
2017-07-25,64.0,1.0,52.0,88.0,53.0,30.0,12.0,38.0,41.0,20.0,40.0
2017-07-26,61.0,1.0,47.0,86.0,52.0,9.0,18.0,0.0,46.0,23.0,33.0
2017-07-27,49.0,1.0,39.0,80.0,47.0,9.0,17.0,7.0,42.0,8.0,11.0
2017-07-28,60.0,1.0,52.0,75.0,46.0,0.0,6.0,0.0,40.0,37.0,23.0
2017-07-29,26.0,1.0,19.0,49.0,32.0,0.0,7.0,51.0,28.0,20.0,22.0
2017-07-30,24.0,1.0,16.0,48.0,34.0,0.0,13.0,14.0,25.0,9.0,9.0
2017-07-31,45.0,1.0,33.0,81.0,50.0,15.0,28.0,31.0,49.0,3.0,37.0
2017-08-01,44.0,1.0,40.0,79.0,53.0,21.0,6.0,21.0,41.0,53.0,18.0
2017-08-02,45.0,1.0,49.0,82.0,50.0,0.0,33.0,0.0,42.0,15.0,32.0
2017-08-03,42.0,1.0,31.0,80.0,49.0,0.0,6.0,7.0,44.0,12.0,47.0
2017-08-04,36.0,1.0,34.0,70.0,43.0,6.0,0.0,29.0,38.0,28.0,19.0
2017-08-05,18.0,1.0,16.0,45.0,31.0,10.0,0.0,0.0,28.0,19.0,34.0
2017-08-06,18.0,1.0,18.0,44.0,30.0,0.0,7.0,0.0,24.0,9.0,21.0
2017-08-07,42.0,1.0,47.0,77.0,49.0,12.0,16.0,35.0,48.0,23.0,21.0
2017-08-08,43.0,1.0,42.0,81.0,50.0,22.0,17.0,36.0,44.0,24.0,24.0
2017-08-09,42.0,1.0,26.0,78.0,51.0,8.0,28.0,42.0,42.0,20.0,57.0
2017-08-10,42.0,1.0,42.0,76.0,44.0,15.0,17.0,0.0,46.0,29.0,11.0
2017-08-11,35.0,1.0,26.0,67.0,39.0,47.0,0.0,0.0,45.0,8.0,8.0
2017-08-12,20.0,1.0,16.0,44.0,30.0,10.0,13.0,14.0,28.0,0.0,9.0
2017-08-13,17.0,1.0,13.0,44.0,30.0,0.0,6.0,0.0,25.0,10.0,9.0
2017-08-14,39.0,1.0,23.0,81.0,51.0,39.0,17.0,67.0,46.0,20.0,15.0
2017-08-15,41.0,1.0,31.0,75.0,49.0,24.0,6.0,0.0,44.0,45.0,11.0
2017-08-16,41.0,1.0,48.0,76.0,51.0,8.0,0.0,33.0,43.0,37.0,37.0
2017-08-17,41.0,1.0,42.0,77.0,47.0,0.0,28.0,12.0,41.0,3.0,18.0
2017-08-18,33.0,1.0,22.0,66.0,44.0,0.0,6.0,0.0,43.0,29.0,8.0
2017-08-19,20.0,1.0,18.0,45.0,31.0,7.0,6.0,0.0,28.0,0.0,12.0
2017-08-20,18.0,1.0,8.0,43.0,32.0,14.0,32.0,0.0,27.0,0.0,9.0
2017-08-21,36.0,1.0,35.0,74.0,48.0,0.0,6.0,30.0,41.0,19.0,35.0
2017-08-22,42.0,1.0,43.0,79.0,48.0,8.0,17.0,7.0,46.0,27.0,26.0
2017-08-23,41.0,1.0,52.0,78.0,52.0,36.0,5.0,0.0,46.0,27.0,26.0
2017-08-24,39.0,1.0,40.0,75.0,45.0,8.0,17.0,12.0,40.0,12.0,22.0
2017-08-25,36.0,1.0,31.0,66.0,43.0,0.0,24.0,33.0,40.0,17.0,0.0
2017-08-26,18.0,1.0,16.0,43.0,31.0,17.0,7.0,0.0,28.0,0.0,30.0
2017-08-27,18.0,1.0,13.0,43.0,27.0,0.0,0.0,0.0,54.0,0.0,21.0
2017-08-28,37.0,1.0,45.0,77.0,34.0,15.0,0.0,7.0,100.0,12.0,58.0
2017-08-29,40.0,1.0,32.0,82.0,52.0,50.0,5.0,0.0,68.0,8.0,18.0
2017-08-30,43.0,1.0,50.0,80.0,49.0,15.0,17.0,0.0,53.0,37.0,7.0
2017-08-31,38.0,1.0,43.0,76.0,49.0,13.0,0.0,50.0,51.0,8.0,7.0
2017-09-01,34.0,1.0,28.0,66.0,45.0,13.0,18.0,12.0,43.0,25.0,50.0
2017-09-02,19.0,1.0,15.0,44.0,31.0,7.0,6.0,0.0,26.0,0.0,21.0
2017-09-03,19.0,1.0,15.0,44.0,33.0,0.0,7.0,0.0,27.0,0.0,0.0
2017-09-04,25.0,1.0,20.0,56.0,55.0,46.0,6.0,51.0,31.0,21.0,37.0
2017-09-05,42.0,1.0,45.0,82.0,53.0,16.0,0.0,25.0,40.0,36.0,63.0
2017-09-06,44.0,1.0,37.0,81.0,49.0,6.0,6.0,7.0,44.0,11.0,49.0
2017-09-07,42.0,1.0,38.0,79.0,51.0,0.0,22.0,0.0,43.0,9.0,7.0
2017-09-08,34.0,,32.0,69.0,46.0,13.0,0.0,0.0,36.0,18.0,15.0
2017-09-09,19.0,,16.0,45.0,30.0,0.0,26.0,0.0,24.0,0.0,17.0
2017-09-10,21.0,,27.0,45.0,33.0,0.0,13.0,15.0,20.0,0.0,0.0
2017-09-11,40.0,,27.0,81.0,57.0,0.0,0.0,0.0,40.0,26.0,30.0
2017-09-12,43.0,,34.0,80.0,52.0,12.0,11.0,14.0,41.0,8.0,43.0
2017-09-13,43.0,,44.0,81.0,53.0,100.0,0.0,14.0,66.0,42.0,58.0
2017-09-14,49.0,,37.0,79.0,46.0,76.0,12.0,0.0,74.0,34.0,59.0
2017-09-15,38.0,,57.0,72.0,50.0,13.0,0.0,15.0,46.0,9.0,0.0
2017-09-16,22.0,,28.0,47.0,35.0,29.0,27.0,32.0,35.0,0.0,34.0
2017-09-17,22.0,,53.0,47.0,36.0,0.0,13.0,0.0,28.0,0.0,0.0
2017-09-18,42.0,,40.0,83.0,52.0,25.0,11.0,67.0,45.0,42.0,28.0
2017-09-19,47.0,,47.0,84.0,51.0,0.0,23.0,27.0,42.0,26.0,15.0
2017-09-20,46.0,,37.0,81.0,52.0,13.0,11.0,27.0,46.0,17.0,30.0
2017-09-21,45.0,,58.0,80.0,48.0,0.0,12.0,0.0,39.0,17.0,0.0
2017-09-22,44.0,,53.0,73.0,47.0,26.0,0.0,14.0,43.0,36.0,15.0
2017-09-23,28.0,,40.0,46.0,35.0,15.0,13.0,0.0,29.0,10.0,0.0
2017-09-24,24.0,,35.0,48.0,34.0,14.0,0.0,15.0,27.0,0.0,17.0
2017-09-25,49.0,,68.0,83.0,52.0,13.0,34.0,0.0,46.0,17.0,30.0
2017-09-26,52.0,,57.0,87.0,58.0,37.0,22.0,0.0,47.0,25.0,72.0
2017-09-27,45.0,,53.0,81.0,53.0,37.0,0.0,13.0,44.0,8.0,0.0
2017-09-28,41.0,,48.0,81.0,52.0,0.0,0.0,14.0,42.0,26.0,59.0
2017-09-29,38.0,,68.0,71.0,49.0,26.0,24.0,14.0,44.0,27.0,0.0
2017-09-30,19.0,,32.0,46.0,34.0,30.0,13.0,0.0,27.0,0.0,17.0
2017-10-01,17.0,,27.0,45.0,39.0,14.0,0.0,30.0,25.0,10.0,16.0
2017-10-02,40.0,,47.0,81.0,51.0,37.0,11.0,40.0,45.0,26.0,28.0
2017-10-03,44.0,,48.0,85.0,53.0,38.0,11.0,27.0,41.0,8.0,15.0
2017-10-04,45.0,,65.0,83.0,51.0,38.0,23.0,0.0,41.0,8.0,30.0
2017-10-05,40.0,,58.0,76.0,53.0,0.0,12.0,14.0,38.0,17.0,30.0
2017-10-06,37.0,,35.0,70.0,49.0,13.0,12.0,14.0,40.0,9.0,30.0
2017-10-07,24.0,,35.0,48.0,32.0,15.0,0.0,0.0,26.0,10.0,50.0
2017-10-08,22.0,,46.0,48.0,37.0,0.0,13.0,15.0,25.0,10.0,0.0
2017-10-09,47.0,,51.0,83.0,54.0,0.0,0.0,14.0,41.0,17.0,15.0
2017-10-10,47.0,,43.0,94.0,56.0,25.0,0.0,0.0,46.0,17.0,15.0
2017-10-11,47.0,,41.0,84.0,54.0,25.0,23.0,67.0,42.0,51.0,30.0
2017-10-12,51.0,,31.0,87.0,52.0,38.0,12.0,14.0,44.0,43.0,30.0
2017-10-13,42.0,,25.0,78.0,51.0,66.0,12.0,42.0,43.0,26.0,15.0
2017-10-14,26.0,,27.0,48.0,32.0,15.0,0.0,15.0,28.0,10.0,0.0
2017-10-15,22.0,,57.0,49.0,35.0,0.0,0.0,0.0,22.0,0.0,0.0
2017-10-16,46.0,,63.0,86.0,55.0,49.0,11.0,27.0,41.0,17.0,43.0
2017-10-17,43.0,,43.0,83.0,55.0,0.0,11.0,39.0,44.0,8.0,15.0
2017-10-18,44.0,,37.0,83.0,63.0,25.0,0.0,40.0,37.0,50.0,15.0
2017-10-19,45.0,,48.0,80.0,53.0,25.0,12.0,14.0,40.0,8.0,0.0
2017-10-20,38.0,,64.0,71.0,48.0,66.0,0.0,28.0,41.0,45.0,31.0
2017-10-21,19.0,,27.0,46.0,35.0,0.0,13.0,0.0,22.0,19.0,17.0
2017-10-22,22.0,,33.0,47.0,35.0,14.0,0.0,0.0,26.0,9.0,0.0
2017-10-23,46.0,,63.0,90.0,53.0,49.0,11.0,0.0,41.0,25.0,28.0
2017-10-24,45.0,,66.0,83.0,56.0,37.0,11.0,39.0,40.0,25.0,57.0
2017-10-25,45.0,,74.0,82.0,53.0,12.0,11.0,14.0,46.0,50.0,28.0
2017-10-26,42.0,,44.0,78.0,55.0,25.0,23.0,0.0,50.0,8.0,0.0
2017-10-27,38.0,,24.0,71.0,45.0,13.0,23.0,0.0,41.0,9.0,0.0
2017-10-28,20.0,,23.0,43.0,34.0,28.0,13.0,0.0,26.0,19.0,0.0
2017-10-29,20.0,,37.0,48.0,35.0,0.0,0.0,0.0,29.0,10.0,0.0
2017-10-30,45.0,,50.0,83.0,51.0,37.0,0.0,39.0,43.0,41.0,0.0
2017-10-31,42.0,,58.0,79.0,50.0,0.0,23.0,14.0,40.0,34.0,87.0
2017-11-01,48.0,,100.0,87.0,53.0,26.0,12.0,27.0,38.0,69.0,30.0
2017-11-02,47.0,,68.0,83.0,53.0,13.0,23.0,0.0,42.0,8.0,15.0
2017-11-03,42.0,,69.0,77.0,43.0,13.0,12.0,0.0,37.0,0.0,59.0
2017-11-04,22.0,,56.0,50.0,29.0,28.0,0.0,0.0,28.0,0.0,16.0
2017-11-05,23.0,,26.0,48.0,34.0,14.0,37.0,0.0,24.0,0.0,16.0
2017-11-06,46.0,,52.0,88.0,55.0,0.0,33.0,13.0,41.0,25.0,14.0
2017-11-07,49.0,,55.0,84.0,52.0,24.0,11.0,26.0,44.0,16.0,42.0
2017-11-08,48.0,,63.0,84.0,52.0,0.0,34.0,27.0,42.0,41.0,14.0
2017-11-09,47.0,,43.0,81.0,52.0,12.0,34.0,27.0,45.0,41.0,43.0
2017-11-10,39.0,,34.0,72.0,50.0,13.0,0.0,0.0,40.0,8.0,15.0
2017-11-11,24.0,,22.0,48.0,32.0,0.0,25.0,15.0,27.0,10.0,0.0
2017-11-12,23.0,,29.0,50.0,37.0,0.0,12.0,0.0,25.0,0.0,16.0
2017-11-13,44.0,,59.0,82.0,50.0,24.0,0.0,13.0,46.0,17.0,0.0
2017-11-14,48.0,,55.0,89.0,52.0,0.0,44.0,13.0,40.0,24.0,56.0
2017-11-15,48.0,1.0,72.0,86.0,51.0,22.0,21.0,19.0,43.0,16.0,21.0
2017-11-16,48.0,1.0,68.0,79.0,50.0,11.0,7.0,13.0,41.0,16.0,21.0
2017-11-17,41.0,1.0,41.0,72.0,45.0,23.0,9.0,22.0,53.0,25.0,30.0
2017-11-18,21.0,1.0,42.0,47.0,30.0,7.0,0.0,0.0,31.0,14.0,0.0
2017-11-19,20.0,1.0,27.0,45.0,36.0,12.0,6.0,0.0,33.0,0.0,39.0
2017-11-20,41.0,1.0,53.0,78.0,56.0,0.0,34.0,14.0,49.0,4.0,28.0
2017-11-21,43.0,1.0,50.0,79.0,54.0,22.0,15.0,20.0,43.0,4.0,0.0
2017-11-22,35.0,1.0,36.0,69.0,51.0,5.0,12.0,28.0,42.0,8.0,7.0
2017-11-23,23.0,1.0,34.0,50.0,53.0,12.0,19.0,15.0,32.0,20.0,15.0
2017-11-24,23.0,1.0,20.0,51.0,42.0,6.0,6.0,15.0,32.0,29.0,7.0
2017-11-25,19.0,1.0,21.0,43.0,33.0,26.0,0.0,16.0,28.0,0.0,0.0
2017-11-26,19.0,1.0,45.0,47.0,36.0,0.0,4.0,24.0,24.0,9.0,24.0
2017-11-27,45.0,1.0,54.0,82.0,52.0,5.0,11.0,27.0,40.0,4.0,21.0
2017-11-28,48.0,1.0,49.0,80.0,49.0,11.0,15.0,27.0,39.0,30.0,7.0
2017-11-29,46.0,1.0,45.0,81.0,49.0,5.0,12.0,6.0,51.0,28.0,28.0
2017-11-30,48.0,1.0,61.0,79.0,49.0,16.0,29.0,0.0,43.0,16.0,14.0
2017-12-01,40.0,1.0,46.0,70.0,40.0,0.0,13.0,21.0,42.0,8.0,0.0
2017-12-02,23.0,1.0,30.0,46.0,31.0,0.0,0.0,0.0,26.0,19.0,90.0
2017-12-03,22.0,1.0,18.0,46.0,35.0,13.0,6.0,8.0,30.0,4.0,16.0
2017-12-04,47.0,1.0,40.0,86.0,52.0,11.0,12.0,21.0,51.0,31.0,56.0
2017-12-05,48.0,1.0,72.0,81.0,49.0,17.0,21.0,0.0,47.0,23.0,21.0
2017-12-06,47.0,1.0,59.0,82.0,50.0,17.0,12.0,15.0,48.0,35.0,41.0
2017-12-07,48.0,1.0,73.0,76.0,52.0,16.0,3.0,41.0,45.0,8.0,29.0
2017-12-08,41.0,1.0,43.0,71.0,41.0,6.0,13.0,15.0,39.0,33.0,15.0
2017-12-09,23.0,1.0,36.0,46.0,28.0,0.0,0.0,8.0,30.0,18.0,9.0
2017-12-10,19.0,1.0,29.0,44.0,29.0,0.0,4.0,7.0,31.0,9.0,0.0
2017-12-11,45.0,1.0,54.0,76.0,45.0,11.0,17.0,14.0,44.0,15.0,21.0
2017-12-12,47.0,1.0,95.0,83.0,46.0,6.0,6.0,6.0,46.0,23.0,21.0
2017-12-13,45.0,1.0,78.0,77.0,46.0,11.0,3.0,8.0,43.0,15.0,28.0
2017-12-14,44.0,1.0,77.0,78.0,44.0,0.0,6.0,0.0,46.0,33.0,14.0
2017-12-15,43.0,1.0,75.0,73.0,38.0,12.0,15.0,28.0,41.0,16.0,0.0
2017-12-16,24.0,1.0,43.0,46.0,23.0,6.0,6.0,26.0,30.0,18.0,16.0
2017-12-17,19.0,1.0,21.0,42.0,28.0,0.0,10.0,0.0,28.0,14.0,25.0
2017-12-18,35.0,1.0,41.0,71.0,45.0,6.0,18.0,6.0,45.0,16.0,44.0
2017-12-19,38.0,1.0,35.0,71.0,45.0,6.0,15.0,0.0,47.0,28.0,15.0
2017-12-20,37.0,1.0,25.0,67.0,43.0,6.0,9.0,8.0,47.0,12.0,7.0
2017-12-21,35.0,1.0,28.0,64.0,37.0,0.0,6.0,8.0,41.0,13.0,23.0
2017-12-22,27.0,1.0,32.0,54.0,39.0,0.0,16.0,0.0,37.0,9.0,9.0
2017-12-23,15.0,1.0,19.0,36.0,25.0,0.0,11.0,0.0,29.0,0.0,9.0
2017-12-24,13.0,1.0,27.0,31.0,24.0,0.0,0.0,0.0,26.0,5.0,0.0
2017-12-25,12.0,1.0,19.0,30.0,20.0,6.0,0.0,0.0,26.0,5.0,9.0
2017-12-26,27.0,1.0,30.0,51.0,27.0,0.0,0.0,0.0,34.0,4.0,32.0
2017-12-27,34.0,1.0,49.0,62.0,40.0,6.0,6.0,7.0,39.0,21.0,45.0
2017-12-28,34.0,1.0,40.0,63.0,41.0,6.0,0.0,8.0,38.0,25.0,0.0
2017-12-29,30.0,1.0,39.0,58.0,42.0,0.0,0.0,0.0,42.0,4.0,23.0
2017-12-30,19.0,1.0,31.0,43.0,33.0,26.0,6.0,9.0,28.0,14.0,26.0
2017-12-31,17.0,1.0,32.0,39.0,30.0,6.0,4.0,0.0,25.0,0.0,0.0
2018-01-01,17.0,1.0,32.0,45.0,40.0,6.0,7.0,17.0,27.0,5.0,18.0
2018-01-02,43.0,1.0,62.0,80.0,58.0,10.0,10.0,22.0,45.0,21.0,45.0
2018-01-03,46.0,1.0,59.0,81.0,64.0,6.0,23.0,28.0,41.0,20.0,57.0
2018-01-04,43.0,1.0,68.0,78.0,62.0,6.0,0.0,20.0,43.0,4.0,43.0
2018-01-05,41.0,1.0,67.0,75.0,53.0,18.0,6.0,30.0,39.0,8.0,30.0
2018-01-06,22.0,1.0,31.0,49.0,42.0,7.0,6.0,0.0,31.0,4.0,16.0
2018-01-07,20.0,1.0,16.0,48.0,41.0,6.0,4.0,0.0,26.0,9.0,24.0
2018-01-08,43.0,1.0,56.0,84.0,62.0,17.0,28.0,19.0,45.0,16.0,7.0
2018-01-09,46.0,1.0,40.0,84.0,60.0,20.0,6.0,7.0,44.0,39.0,35.0
2018-01-10,45.0,1.0,54.0,84.0,59.0,11.0,12.0,13.0,44.0,46.0,98.0
2018-01-11,44.0,1.0,52.0,83.0,58.0,21.0,15.0,0.0,47.0,31.0,28.0
2018-01-12,39.0,1.0,39.0,73.0,55.0,6.0,3.0,15.0,42.0,16.0,50.0
2018-01-13,22.0,1.0,31.0,49.0,38.0,0.0,10.0,8.0,29.0,13.0,0.0
2018-01-14,18.0,1.0,23.0,47.0,42.0,0.0,6.0,0.0,27.0,17.0,23.0
2018-01-15,37.0,1.0,44.0,73.0,60.0,6.0,26.0,28.0,41.0,16.0,21.0
2018-01-16,43.0,1.0,36.0,85.0,59.0,52.0,17.0,21.0,44.0,15.0,27.0
2018-01-17,45.0,1.0,47.0,80.0,54.0,0.0,20.0,7.0,43.0,11.0,41.0
2018-01-18,45.0,1.0,59.0,82.0,59.0,5.0,5.0,14.0,43.0,23.0,35.0
2018-01-19,38.0,1.0,40.0,75.0,51.0,6.0,19.0,14.0,43.0,28.0,51.0
2018-01-20,22.0,1.0,23.0,49.0,38.0,12.0,6.0,8.0,34.0,4.0,16.0
2018-01-21,20.0,1.0,57.0,50.0,42.0,18.0,4.0,7.0,31.0,25.0,24.0
2018-01-22,47.0,1.0,47.0,84.0,59.0,39.0,22.0,0.0,45.0,28.0,48.0
2018-01-23,45.0,1.0,59.0,84.0,63.0,17.0,20.0,13.0,47.0,40.0,27.0
2018-01-24,43.0,1.0,60.0,86.0,57.0,21.0,14.0,34.0,43.0,12.0,21.0
2018-01-25,42.0,1.0,60.0,81.0,55.0,28.0,3.0,14.0,40.0,16.0,28.0
2018-01-26,41.0,1.0,54.0,70.0,49.0,23.0,17.0,14.0,43.0,67.0,36.0
2018-01-27,23.0,1.0,45.0,50.0,38.0,6.0,7.0,7.0,30.0,18.0,0.0
2018-01-28,23.0,1.0,34.0,51.0,42.0,24.0,4.0,7.0,25.0,4.0,0.0
2018-01-29,45.0,1.0,37.0,87.0,56.0,5.0,0.0,13.0,47.0,37.0,41.0
2018-01-30,52.0,1.0,59.0,88.0,54.0,42.0,32.0,7.0,44.0,15.0,48.0
2018-01-31,49.0,1.0,59.0,87.0,56.0,6.0,24.0,7.0,46.0,19.0,28.0
2018-02-01,48.0,1.0,58.0,86.0,55.0,0.0,5.0,6.0,41.0,11.0,21.0
2018-02-02,40.0,1.0,50.0,77.0,50.0,17.0,0.0,21.0,38.0,16.0,22.0
2018-02-03,24.0,1.0,44.0,49.0,42.0,0.0,13.0,0.0,32.0,21.0,16.0
2018-02-04,22.0,1.0,43.0,48.0,40.0,6.0,10.0,0.0,28.0,4.0,16.0
2018-02-05,47.0,1.0,58.0,84.0,64.0,28.0,0.0,6.0,43.0,27.0,7.0
2018-02-06,48.0,1.0,59.0,84.0,57.0,0.0,25.0,14.0,44.0,4.0,27.0
2018-02-07,45.0,1.0,67.0,84.0,54.0,32.0,3.0,12.0,47.0,30.0,42.0
2018-02-08,47.0,1.0,44.0,83.0,53.0,22.0,6.0,26.0,43.0,8.0,7.0
2018-02-09,43.0,1.0,59.0,74.0,48.0,23.0,0.0,27.0,41.0,16.0,15.0
2018-02-10,23.0,1.0,32.0,47.0,36.0,0.0,12.0,0.0,32.0,9.0,16.0
2018-02-11,24.0,1.0,30.0,50.0,38.0,6.0,10.0,15.0,27.0,4.0,24.0
2018-02-12,49.0,1.0,49.0,83.0,57.0,29.0,3.0,20.0,43.0,35.0,14.0
2018-02-13,46.0,1.0,58.0,82.0,52.0,0.0,25.0,22.0,39.0,15.0,7.0
2018-02-14,40.0,1.0,52.0,76.0,51.0,11.0,28.0,0.0,38.0,15.0,20.0
2018-02-15,44.0,1.0,48.0,80.0,53.0,22.0,0.0,8.0,44.0,16.0,28.0
2018-02-16,40.0,1.0,63.0,73.0,48.0,11.0,7.0,8.0,40.0,64.0,22.0
2018-02-17,22.0,1.0,36.0,48.0,35.0,7.0,10.0,0.0,25.0,9.0,8.0
2018-02-18,21.0,1.0,40.0,50.0,40.0,0.0,10.0,15.0,23.0,9.0,16.0
2018-02-19,42.0,1.0,57.0,77.0,57.0,17.0,14.0,41.0,44.0,23.0,7.0
2018-02-20,43.0,1.0,53.0,82.0,56.0,11.0,3.0,39.0,42.0,48.0,75.0
2018-02-21,44.0,1.0,62.0,83.0,53.0,22.0,19.0,20.0,42.0,26.0,20.0
2018-02-22,45.0,1.0,43.0,79.0,54.0,22.0,0.0,6.0,45.0,27.0,42.0
2018-02-23,43.0,1.0,52.0,74.0,47.0,16.0,0.0,0.0,40.0,15.0,22.0
2018-02-24,22.0,,21.0,47.0,33.0,0.0,0.0,16.0,28.0,8.0,0.0
2018-02-25,23.0,,17.0,52.0,38.0,10.0,0.0,16.0,28.0,8.0,31.0
2018-02-26,50.0,,55.0,84.0,54.0,19.0,19.0,14.0,36.0,14.0,14.0
2018-02-27,47.0,,43.0,79.0,52.0,0.0,6.0,14.0,42.0,14.0,55.0
2018-02-28,44.0,,27.0,80.0,49.0,9.0,12.0,0.0,45.0,14.0,27.0
2018-03-01,43.0,,36.0,76.0,45.0,9.0,6.0,14.0,39.0,14.0,41.0
2018-03-02,35.0,,51.0,69.0,44.0,0.0,6.0,0.0,38.0,22.0,28.0
2018-03-03,20.0,,41.0,47.0,38.0,0.0,0.0,32.0,27.0,32.0,0.0
2018-03-04,20.0,,45.0,49.0,42.0,0.0,7.0,16.0,28.0,16.0,31.0
2018-03-05,46.0,,48.0,83.0,59.0,28.0,12.0,14.0,42.0,28.0,14.0
2018-03-06,45.0,,45.0,81.0,59.0,9.0,6.0,0.0,45.0,21.0,55.0
2018-03-07,43.0,,46.0,82.0,54.0,0.0,0.0,28.0,42.0,21.0,41.0
2018-03-08,45.0,,55.0,79.0,49.0,10.0,0.0,28.0,40.0,28.0,42.0
2018-03-09,43.0,,48.0,71.0,52.0,10.0,0.0,30.0,43.0,30.0,15.0
2018-03-10,21.0,,46.0,48.0,40.0,11.0,0.0,16.0,27.0,8.0,0.0
2018-03-11,21.0,,38.0,48.0,38.0,11.0,7.0,0.0,27.0,8.0,0.0
2018-03-12,43.0,,51.0,82.0,60.0,56.0,12.0,14.0,40.0,7.0,68.0
2018-03-13,46.0,,46.0,82.0,57.0,0.0,0.0,0.0,43.0,35.0,55.0
2018-03-14,43.0,,48.0,81.0,59.0,9.0,0.0,14.0,43.0,7.0,41.0
2018-03-15,41.0,,37.0,76.0,59.0,29.0,0.0,0.0,47.0,7.0,84.0
2018-03-16,37.0,,42.0,70.0,47.0,20.0,0.0,45.0,40.0,7.0,15.0
2018-03-17,20.0,,38.0,45.0,33.0,11.0,7.0,0.0,30.0,8.0,0.0
2018-03-18,20.0,,34.0,48.0,38.0,0.0,7.0,0.0,29.0,0.0,16.0
2018-03-19,50.0,,43.0,84.0,56.0,10.0,6.0,0.0,40.0,36.0,56.0
2018-03-20,47.0,,36.0,80.0,55.0,9.0,6.0,0.0,38.0,21.0,0.0
2018-03-21,41.0,,28.0,78.0,84.0,0.0,25.0,14.0,41.0,28.0,27.0
2018-03-22,44.0,,77.0,79.0,65.0,19.0,19.0,14.0,43.0,14.0,28.0
2018-03-23,37.0,,54.0,71.0,57.0,20.0,13.0,15.0,47.0,0.0,43.0
2018-03-24,21.0,,25.0,49.0,38.0,0.0,0.0,16.0,28.0,16.0,16.0
2018-03-25,22.0,,25.0,49.0,41.0,0.0,7.0,0.0,23.0,0.0,32.0
2018-03-26,45.0,,52.0,82.0,60.0,0.0,6.0,43.0,41.0,21.0,0.0
2018-03-27,44.0,,43.0,84.0,63.0,19.0,13.0,0.0,45.0,21.0,42.0
2018-03-28,43.0,,57.0,80.0,52.0,20.0,13.0,14.0,51.0,15.0,28.0
2018-03-29,41.0,,46.0,73.0,47.0,0.0,13.0,45.0,42.0,7.0,30.0
2018-03-30,30.0,,28.0,63.0,35.0,11.0,14.0,0.0,42.0,8.0,47.0
2018-03-31,18.0,,29.0,43.0,33.0,0.0,15.0,17.0,28.0,17.0,0.0
2018-04-01,17.0,,48.0,43.0,33.0,0.0,8.0,0.0,26.0,9.0,0.0
2018-04-02,41.0,,39.0,76.0,44.0,10.0,0.0,0.0,43.0,23.0,15.0
2018-04-03,42.0,,47.0,83.0,53.0,0.0,0.0,0.0,38.0,36.0,56.0
2018-04-04,45.0,,49.0,81.0,58.0,0.0,13.0,14.0,39.0,43.0,69.0
2018-04-05,43.0,,68.0,81.0,52.0,10.0,6.0,14.0,43.0,15.0,28.0
2018-04-06,38.0,,49.0,73.0,49.0,20.0,0.0,31.0,38.0,30.0,15.0
2018-04-07,22.0,,54.0,51.0,40.0,11.0,0.0,17.0,28.0,0.0,16.0
2018-04-08,22.0,,39.0,51.0,43.0,0.0,0.0,0.0,28.0,0.0,0.0
2018-04-09,45.0,,71.0,84.0,58.0,0.0,13.0,58.0,46.0,14.0,28.0
2018-04-10,47.0,,64.0,82.0,57.0,9.0,12.0,14.0,38.0,7.0,14.0
2018-04-11,41.0,,37.0,80.0,54.0,10.0,13.0,14.0,47.0,21.0,56.0
2018-04-12,42.0,,43.0,78.0,51.0,29.0,13.0,14.0,43.0,21.0,0.0
2018-04-13,38.0,,62.0,68.0,48.0,30.0,0.0,30.0,42.0,15.0,58.0
2018-04-14,23.0,,47.0,46.0,32.0,12.0,0.0,0.0,31.0,9.0,17.0
2018-04-15,23.0,,57.0,50.0,40.0,0.0,0.0,16.0,26.0,8.0,0.0
2018-04-16,41.0,,61.0,79.0,55.0,9.0,0.0,0.0,40.0,42.0,68.0
2018-04-17,47.0,,46.0,82.0,60.0,0.0,6.0,28.0,45.0,42.0,0.0
2018-04-18,47.0,,41.0,82.0,54.0,10.0,13.0,14.0,42.0,15.0,43.0
2018-04-19,42.0,,50.0,80.0,49.0,30.0,0.0,14.0,40.0,22.0,28.0
2018-04-20,40.0,,36.0,71.0,45.0,20.0,0.0,15.0,38.0,7.0,30.0
2018-04-21,21.0,,26.0,45.0,30.0,0.0,7.0,0.0,27.0,8.0,0.0
2018-04-22,23.0,,32.0,47.0,35.0,0.0,22.0,0.0,22.0,0.0,33.0
2018-04-23,45.0,,58.0,84.0,62.0,0.0,6.0,14.0,37.0,14.0,27.0
2018-04-24,43.0,,40.0,79.0,57.0,19.0,6.0,14.0,41.0,14.0,27.0
2018-04-25,41.0,,47.0,81.0,57.0,0.0,0.0,14.0,42.0,14.0,0.0
2018-04-26,38.0,,25.0,74.0,55.0,0.0,13.0,57.0,39.0,14.0,14.0
2018-04-27,37.0,,13.0,69.0,52.0,0.0,14.0,16.0,43.0,7.0,30.0
2018-04-28,21.0,,26.0,44.0,34.0,0.0,7.0,0.0,30.0,0.0,33.0
2018-04-29,21.0,,22.0,47.0,38.0,0.0,7.0,17.0,24.0,0.0,49.0
2018-04-30,42.0,,66.0,83.0,56.0,40.0,13.0,15.0,42.0,37.0,0.0
2018-05-01,46.0,,52.0,85.0,54.0,0.0,7.0,15.0,44.0,30.0,59.0
2018-05-02,40.0,,49.0,79.0,61.0,10.0,0.0,14.0,46.0,36.0,56.0
2018-05-03,40.0,1.0,27.0,74.0,53.0,11.0,6.0,56.0,45.0,33.0,21.0
2018-05-04,36.0,1.0,42.0,67.0,45.0,0.0,3.0,33.0,41.0,34.0,40.0
2018-05-05,19.0,1.0,14.0,42.0,30.0,4.0,0.0,0.0,25.0,8.0,7.0
2018-05-06,21.0,1.0,25.0,42.0,29.0,4.0,12.0,0.0,27.0,4.0,16.0
2018-05-07,44.0,1.0,64.0,75.0,30.0,0.0,6.0,9.0,38.0,4.0,6.0
2018-05-08,43.0,1.0,42.0,77.0,51.0,18.0,11.0,9.0,46.0,29.0,12.0
2018-05-09,43.0,1.0,55.0,78.0,69.0,18.0,12.0,34.0,48.0,26.0,48.0
2018-05-10,39.0,1.0,43.0,75.0,59.0,30.0,8.0,9.0,45.0,33.0,13.0
2018-05-11,34.0,1.0,38.0,68.0,51.0,10.0,13.0,23.0,39.0,22.0,21.0
2018-05-12,19.0,1.0,20.0,41.0,35.0,15.0,5.0,0.0,34.0,13.0,24.0
2018-05-13,19.0,1.0,37.0,41.0,37.0,6.0,5.0,0.0,28.0,13.0,39.0
2018-05-14,44.0,1.0,53.0,77.0,57.0,0.0,18.0,7.0,46.0,18.0,40.0
2018-05-15,42.0,1.0,34.0,78.0,50.0,24.0,15.0,32.0,44.0,32.0,19.0
2018-05-16,42.0,1.0,39.0,73.0,56.0,8.0,20.0,46.0,43.0,11.0,46.0
2018-05-17,40.0,1.0,34.0,72.0,52.0,8.0,21.0,0.0,39.0,7.0,27.0
2018-05-18,37.0,1.0,43.0,65.0,47.0,7.0,26.0,17.0,44.0,19.0,14.0
2018-05-19,18.0,1.0,30.0,39.0,27.0,4.0,0.0,0.0,29.0,8.0,15.0
2018-05-20,21.0,1.0,22.0,44.0,36.0,23.0,0.0,29.0,25.0,21.0,31.0
2018-05-21,42.0,1.0,31.0,73.0,57.0,5.0,0.0,33.0,41.0,29.0,26.0
2018-05-22,43.0,1.0,34.0,76.0,56.0,8.0,8.0,0.0,44.0,18.0,7.0
2018-05-23,41.0,1.0,47.0,75.0,54.0,7.0,9.0,9.0,46.0,25.0,21.0
2018-05-24,40.0,1.0,31.0,71.0,51.0,17.0,0.0,25.0,44.0,11.0,19.0
2018-05-25,33.0,1.0,38.0,63.0,43.0,7.0,13.0,44.0,37.0,4.0,21.0
2018-05-26,18.0,1.0,21.0,39.0,32.0,10.0,0.0,10.0,25.0,4.0,7.0
2018-05-27,19.0,1.0,30.0,41.0,30.0,0.0,10.0,0.0,28.0,8.0,24.0
2018-05-28,25.0,1.0,28.0,50.0,35.0,12.0,0.0,17.0,26.0,4.0,0.0
2018-05-29,41.0,1.0,47.0,77.0,54.0,10.0,4.0,7.0,44.0,4.0,19.0
2018-05-30,42.0,1.0,38.0,73.0,52.0,8.0,24.0,25.0,43.0,44.0,52.0
2018-05-31,41.0,1.0,52.0,72.0,53.0,22.0,21.0,17.0,45.0,4.0,20.0
2018-06-01,38.0,1.0,37.0,68.0,47.0,9.0,12.0,0.0,40.0,23.0,35.0
2018-06-02,19.0,1.0,32.0,44.0,35.0,0.0,4.0,11.0,28.0,13.0,0.0
2018-06-03,20.0,1.0,35.0,45.0,38.0,0.0,9.0,0.0,28.0,4.0,8.0
2018-06-04,42.0,1.0,39.0,77.0,58.0,5.0,8.0,23.0,49.0,25.0,33.0
2018-06-05,42.0,1.0,33.0,76.0,52.0,0.0,8.0,37.0,40.0,25.0,34.0
2018-06-06,42.0,1.0,27.0,73.0,56.0,8.0,8.0,0.0,49.0,15.0,7.0
2018-06-07,41.0,1.0,21.0,71.0,52.0,29.0,11.0,16.0,41.0,22.0,40.0
2018-06-08,38.0,1.0,36.0,66.0,58.0,8.0,0.0,9.0,36.0,11.0,7.0
2018-06-09,19.0,1.0,31.0,43.0,38.0,6.0,5.0,29.0,28.0,25.0,0.0
2018-06-10,20.0,1.0,47.0,43.0,36.0,0.0,9.0,0.0,25.0,13.0,7.0
2018-06-11,41.0,1.0,40.0,75.0,59.0,26.0,26.0,7.0,45.0,18.0,33.0
2018-06-12,43.0,1.0,39.0,75.0,53.0,12.0,7.0,29.0,46.0,23.0,18.0
2018-06-13,41.0,1.0,26.0,71.0,55.0,8.0,10.0,7.0,44.0,17.0,0.0
2018-06-14,40.0,1.0,37.0,67.0,52.0,14.0,23.0,16.0,44.0,17.0,39.0
2018-06-15,32.0,1.0,47.0,63.0,46.0,3.0,9.0,8.0,41.0,19.0,7.0
2018-06-16,17.0,1.0,14.0,37.0,33.0,0.0,0.0,0.0,24.0,4.0,15.0
2018-06-17,18.0,1.0,10.0,39.0,39.0,6.0,4.0,0.0,27.0,12.0,7.0
2018-06-18,42.0,1.0,39.0,72.0,57.0,19.0,8.0,9.0,43.0,29.0,46.0
2018-06-19,43.0,1.0,49.0,71.0,52.0,11.0,14.0,21.0,43.0,10.0,13.0
2018-06-20,40.0,1.0,46.0,70.0,52.0,16.0,11.0,16.0,45.0,39.0,19.0
2018-06-21,39.0,1.0,43.0,70.0,47.0,3.0,6.0,7.0,41.0,7.0,7.0
2018-06-22,33.0,1.0,35.0,63.0,45.0,3.0,11.0,0.0,33.0,40.0,20.0
2018-06-23,20.0,1.0,34.0,40.0,30.0,0.0,4.0,0.0,26.0,8.0,7.0
2018-06-24,20.0,1.0,32.0,42.0,34.0,6.0,0.0,0.0,26.0,4.0,0.0
2018-06-25,41.0,1.0,33.0,73.0,52.0,10.0,19.0,17.0,39.0,4.0,38.0
2018-06-26,42.0,1.0,51.0,69.0,53.0,16.0,4.0,30.0,45.0,14.0,27.0
2018-06-27,37.0,1.0,24.0,69.0,51.0,3.0,12.0,9.0,41.0,28.0,20.0
2018-06-28,43.0,1.0,42.0,67.0,50.0,8.0,11.0,7.0,40.0,22.0,13.0
2018-06-29,39.0,1.0,26.0,65.0,47.0,7.0,12.0,34.0,44.0,12.0,36.0
2018-06-30,20.0,1.0,24.0,40.0,34.0,13.0,5.0,0.0,27.0,4.0,0.0
2018-07-01,21.0,1.0,22.0,42.0,39.0,6.0,0.0,18.0,26.0,16.0,23.0
2018-07-02,39.0,1.0,33.0,66.0,54.0,11.0,9.0,0.0,43.0,11.0,6.0
2018-07-03,38.0,1.0,40.0,68.0,52.0,24.0,8.0,39.0,44.0,18.0,40.0
2018-07-04,26.0,1.0,29.0,52.0,59.0,14.0,4.0,32.0,33.0,30.0,14.0
2018-07-05,36.0,1.0,31.0,66.0,66.0,12.0,3.0,16.0,44.0,18.0,40.0
2018-07-06,36.0,1.0,39.0,62.0,51.0,5.0,9.0,16.0,44.0,11.0,21.0
2018-07-07,19.0,1.0,29.0,40.0,29.0,0.0,9.0,10.0,29.0,8.0,14.0
2018-07-08,21.0,1.0,23.0,45.0,34.0,0.0,0.0,0.0,29.0,0.0,7.0
2018-07-09,42.0,1.0,46.0,76.0,54.0,3.0,23.0,25.0,45.0,39.0,19.0
2018-07-10,41.0,1.0,59.0,74.0,54.0,5.0,3.0,7.0,43.0,10.0,32.0
2018-07-11,41.0,1.0,29.0,69.0,46.0,11.0,3.0,7.0,46.0,13.0,18.0
2018-07-12,42.0,1.0,36.0,71.0,49.0,8.0,10.0,15.0,44.0,18.0,19.0
2018-07-13,42.0,1.0,31.0,65.0,52.0,4.0,5.0,8.0,39.0,15.0,22.0
2018-07-14,20.0,1.0,30.0,42.0,33.0,0.0,0.0,11.0,33.0,13.0,0.0
2018-07-15,20.0,1.0,40.0,44.0,35.0,0.0,0.0,0.0,28.0,13.0,0.0
2018-07-16,44.0,1.0,39.0,76.0,58.0,3.0,24.0,33.0,45.0,11.0,14.0
2018-07-17,43.0,1.0,55.0,79.0,58.0,0.0,0.0,9.0,43.0,11.0,27.0
2018-07-18,42.0,1.0,28.0,74.0,55.0,3.0,0.0,9.0,43.0,30.0,34.0
2018-07-19,44.0,1.0,58.0,73.0,55.0,14.0,13.0,41.0,47.0,7.0,41.0
2018-07-20,37.0,1.0,27.0,67.0,46.0,12.0,18.0,8.0,40.0,19.0,29.0
2018-07-21,19.0,1.0,18.0,43.0,36.0,0.0,0.0,11.0,29.0,0.0,32.0
2018-07-22,21.0,1.0,40.0,47.0,35.0,4.0,0.0,0.0,29.0,4.0,48.0
2018-07-23,41.0,1.0,30.0,77.0,53.0,22.0,3.0,33.0,46.0,15.0,42.0
2018-07-24,41.0,1.0,51.0,76.0,54.0,8.0,11.0,7.0,44.0,15.0,41.0
2018-07-25,42.0,1.0,55.0,74.0,57.0,18.0,0.0,33.0,43.0,29.0,7.0
2018-07-26,41.0,1.0,32.0,71.0,51.0,8.0,27.0,0.0,40.0,26.0,27.0
2018-07-27,39.0,1.0,38.0,69.0,43.0,5.0,4.0,8.0,39.0,11.0,14.0
2018-07-28,20.0,1.0,21.0,45.0,36.0,0.0,14.0,10.0,36.0,4.0,15.0
2018-07-29,24.0,1.0,14.0,48.0,40.0,4.0,9.0,8.0,33.0,4.0,7.0
2018-07-30,44.0,1.0,58.0,82.0,54.0,13.0,8.0,7.0,50.0,22.0,40.0
2018-07-31,45.0,1.0,38.0,79.0,53.0,8.0,18.0,9.0,48.0,18.0,19.0
2018-08-01,44.0,1.0,57.0,75.0,52.0,8.0,26.0,22.0,41.0,22.0,27.0
2018-08-02,41.0,1.0,35.0,71.0,48.0,8.0,4.0,0.0,43.0,41.0,33.0
2018-08-03,39.0,1.0,24.0,65.0,47.0,3.0,8.0,9.0,41.0,42.0,48.0
2018-08-04,21.0,1.0,42.0,44.0,33.0,0.0,5.0,0.0,35.0,0.0,7.0
2018-08-05,22.0,1.0,27.0,47.0,34.0,9.0,10.0,18.0,32.0,8.0,15.0
2018-08-06,43.0,1.0,57.0,81.0,55.0,25.0,11.0,16.0,52.0,36.0,27.0
2018-08-07,45.0,1.0,70.0,84.0,51.0,21.0,17.0,23.0,47.0,18.0,6.0
2018-08-08,46.0,1.0,47.0,71.0,50.0,9.0,0.0,0.0,47.0,32.0,0.0
2018-08-09,40.0,1.0,44.0,73.0,49.0,28.0,11.0,16.0,45.0,40.0,13.0
2018-08-10,34.0,1.0,30.0,66.0,44.0,8.0,14.0,22.0,39.0,15.0,19.0
2018-08-11,22.0,1.0,21.0,44.0,33.0,6.0,0.0,0.0,33.0,16.0,0.0
2018-08-12,20.0,,43.0,43.0,35.0,0.0,0.0,20.0,30.0,8.0,0.0
2018-08-13,43.0,,38.0,77.0,54.0,7.0,18.0,72.0,45.0,7.0,25.0
2018-08-14,44.0,,47.0,74.0,49.0,13.0,9.0,54.0,45.0,14.0,38.0
2018-08-15,43.0,,45.0,73.0,49.0,0.0,0.0,18.0,49.0,15.0,52.0
2018-08-16,41.0,,30.0,71.0,54.0,7.0,9.0,18.0,44.0,44.0,0.0
2018-08-17,37.0,,51.0,61.0,43.0,7.0,9.0,18.0,42.0,15.0,13.0
2018-08-18,21.0,,20.0,45.0,35.0,0.0,0.0,0.0,32.0,8.0,30.0
2018-08-19,21.0,,11.0,44.0,36.0,7.0,10.0,21.0,30.0,25.0,0.0
2018-08-20,45.0,,39.0,75.0,52.0,0.0,19.0,0.0,36.0,30.0,39.0
2018-08-21,42.0,,51.0,76.0,57.0,0.0,19.0,37.0,48.0,7.0,65.0
2018-08-22,44.0,,37.0,72.0,50.0,7.0,19.0,19.0,48.0,45.0,52.0
2018-08-23,43.0,,26.0,70.0,50.0,13.0,9.0,54.0,51.0,15.0,52.0
2018-08-24,40.0,,31.0,66.0,44.0,14.0,9.0,19.0,49.0,23.0,14.0
2018-08-25,22.0,,7.0,41.0,35.0,0.0,10.0,0.0,34.0,0.0,14.0
2018-08-26,21.0,,24.0,43.0,33.0,15.0,21.0,0.0,25.0,8.0,14.0
2018-08-27,41.0,,47.0,72.0,37.0,0.0,9.0,17.0,43.0,0.0,13.0
2018-08-28,47.0,,33.0,78.0,58.0,13.0,35.0,35.0,46.0,14.0,38.0
2018-08-29,43.0,,38.0,74.0,52.0,6.0,0.0,0.0,43.0,14.0,50.0
2018-08-30,43.0,,44.0,72.0,49.0,20.0,18.0,18.0,46.0,51.0,38.0
2018-08-31,35.0,,24.0,63.0,44.0,7.0,0.0,18.0,37.0,22.0,26.0
2018-09-01,19.0,,30.0,42.0,30.0,7.0,0.0,0.0,26.0,16.0,0.0
2018-09-02,20.0,,34.0,41.0,40.0,0.0,0.0,0.0,26.0,25.0,29.0
2018-09-03,27.0,,30.0,53.0,53.0,7.0,18.0,72.0,37.0,52.0,39.0
2018-09-04,45.0,,23.0,78.0,67.0,0.0,9.0,17.0,43.0,7.0,24.0
2018-09-05,46.0,,40.0,77.0,53.0,0.0,9.0,52.0,46.0,35.0,12.0
2018-09-06,47.0,,23.0,78.0,50.0,6.0,9.0,17.0,43.0,22.0,0.0
2018-09-07,42.0,,24.0,69.0,44.0,0.0,9.0,55.0,46.0,7.0,52.0
2018-09-08,23.0,,33.0,42.0,34.0,0.0,10.0,0.0,30.0,8.0,42.0
2018-09-09,23.0,,46.0,45.0,35.0,0.0,10.0,20.0,29.0,16.0,0.0
2018-09-10,44.0,,57.0,76.0,51.0,0.0,0.0,17.0,45.0,7.0,25.0
2018-09-11,40.0,,37.0,75.0,51.0,6.0,0.0,17.0,40.0,56.0,12.0
2018-09-12,43.0,,61.0,74.0,53.0,6.0,9.0,0.0,44.0,42.0,37.0
2018-09-13,40.0,,38.0,75.0,49.0,19.0,18.0,17.0,40.0,14.0,50.0
2018-09-14,35.0,,30.0,66.0,49.0,0.0,18.0,18.0,45.0,15.0,0.0
2018-09-15,20.0,,40.0,42.0,31.0,7.0,0.0,0.0,31.0,8.0,0.0
2018-09-16,21.0,,19.0,44.0,33.0,7.0,0.0,0.0,30.0,0.0,0.0
2018-09-17,45.0,,52.0,77.0,51.0,0.0,0.0,0.0,42.0,42.0,12.0
2018-09-18,45.0,,46.0,79.0,54.0,19.0,0.0,17.0,44.0,14.0,24.0
2018-09-19,45.0,,28.0,75.0,52.0,13.0,0.0,0.0,43.0,42.0,37.0
2018-09-20,43.0,,52.0,77.0,46.0,26.0,0.0,35.0,49.0,50.0,25.0
2018-09-21,38.0,,33.0,66.0,46.0,20.0,9.0,36.0,41.0,15.0,13.0
2018-09-22,24.0,,30.0,41.0,35.0,15.0,10.0,20.0,30.0,8.0,14.0
2018-09-23,23.0,,10.0,44.0,31.0,0.0,0.0,0.0,23.0,0.0,14.0
2018-09-24,42.0,,60.0,75.0,53.0,0.0,0.0,17.0,50.0,14.0,49.0
2018-09-25,47.0,,79.0,78.0,51.0,13.0,9.0,34.0,45.0,28.0,24.0
2018-09-26,44.0,,43.0,75.0,54.0,19.0,34.0,0.0,51.0,21.0,12.0
2018-09-27,41.0,,69.0,73.0,55.0,6.0,9.0,35.0,42.0,14.0,12.0
2018-09-28,37.0,,26.0,66.0,51.0,7.0,18.0,0.0,39.0,7.0,13.0
2018-09-29,20.0,,23.0,41.0,31.0,7.0,10.0,0.0,37.0,0.0,14.0
2018-09-30,20.0,,29.0,44.0,36.0,0.0,0.0,0.0,28.0,24.0,42.0
2018-10-01,45.0,,60.0,79.0,53.0,13.0,0.0,69.0,48.0,7.0,12.0
2018-10-02,47.0,,49.0,81.0,58.0,13.0,9.0,0.0,47.0,22.0,12.0
2018-10-03,44.0,,17.0,80.0,49.0,0.0,34.0,0.0,44.0,28.0,25.0
2018-10-04,45.0,,52.0,74.0,51.0,6.0,9.0,0.0,40.0,14.0,0.0
2018-10-05,41.0,,36.0,66.0,49.0,7.0,0.0,18.0,43.0,7.0,13.0
2018-10-06,19.0,,17.0,42.0,33.0,15.0,0.0,0.0,32.0,0.0,14.0
2018-10-07,21.0,,26.0,45.0,35.0,0.0,0.0,0.0,28.0,8.0,14.0
2018-10-08,42.0,,29.0,73.0,49.0,13.0,18.0,17.0,45.0,7.0,12.0
2018-10-09,44.0,,42.0,81.0,56.0,0.0,0.0,17.0,45.0,27.0,24.0
2018-10-10,45.0,,88.0,98.0,51.0,7.0,18.0,18.0,47.0,7.0,51.0
2018-10-11,45.0,,50.0,80.0,53.0,0.0,18.0,18.0,42.0,7.0,26.0
2018-10-12,45.0,,31.0,68.0,46.0,7.0,0.0,38.0,41.0,39.0,14.0
2018-10-13,21.0,,20.0,42.0,36.0,7.0,0.0,0.0,34.0,17.0,14.0
2018-10-14,25.0,,24.0,46.0,39.0,7.0,0.0,0.0,26.0,8.0,14.0
2018-10-15,46.0,,56.0,81.0,51.0,13.0,18.0,18.0,48.0,65.0,76.0
2018-10-16,46.0,,43.0,78.0,53.0,6.0,9.0,17.0,46.0,43.0,25.0
2018-10-17,45.0,,32.0,76.0,52.0,32.0,0.0,53.0,45.0,29.0,50.0
2018-10-18,43.0,,50.0,71.0,51.0,7.0,18.0,36.0,39.0,14.0,51.0
2018-10-19,41.0,1.0,41.0,64.0,49.0,11.0,15.0,0.0,41.0,4.0,37.0
2018-10-20,23.0,1.0,20.0,41.0,32.0,4.0,5.0,10.0,34.0,14.0,7.0
2018-10-21,23.0,1.0,32.0,45.0,37.0,4.0,10.0,10.0,28.0,12.0,32.0
2018-10-22,49.0,1.0,37.0,77.0,54.0,14.0,18.0,22.0,45.0,25.0,6.0
2018-10-23,44.0,1.0,37.0,77.0,53.0,14.0,0.0,15.0,45.0,17.0,29.0
2018-10-24,48.0,1.0,49.0,74.0,53.0,14.0,9.0,9.0,47.0,26.0,30.0
2018-10-25,43.0,1.0,50.0,73.0,47.0,7.0,4.0,9.0,46.0,25.0,36.0
2018-10-26,42.0,1.0,52.0,64.0,48.0,14.0,15.0,25.0,40.0,15.0,12.0
2018-10-27,21.0,1.0,21.0,42.0,30.0,16.0,0.0,17.0,30.0,4.0,20.0
2018-10-28,21.0,1.0,37.0,44.0,35.0,11.0,0.0,0.0,26.0,10.0,19.0
2018-10-29,46.0,1.0,36.0,77.0,57.0,14.0,0.0,15.0,42.0,19.0,40.0
2018-10-30,49.0,1.0,56.0,76.0,53.0,7.0,5.0,9.0,44.0,24.0,6.0
2018-10-31,42.0,1.0,58.0,73.0,49.0,19.0,0.0,0.0,43.0,15.0,0.0
2018-11-01,47.0,1.0,73.0,76.0,54.0,16.0,20.0,0.0,44.0,24.0,31.0
2018-11-02,44.0,1.0,51.0,70.0,46.0,19.0,10.0,9.0,40.0,10.0,0.0
2018-11-03,23.0,1.0,27.0,44.0,32.0,0.0,0.0,0.0,30.0,24.0,14.0
2018-11-04,25.0,1.0,27.0,45.0,36.0,7.0,11.0,0.0,31.0,13.0,13.0
2018-11-05,49.0,1.0,48.0,82.0,57.0,4.0,4.0,59.0,45.0,44.0,11.0
2018-11-06,47.0,1.0,54.0,75.0,59.0,27.0,9.0,28.0,38.0,37.0,52.0
2018-11-07,45.0,1.0,37.0,75.0,52.0,14.0,9.0,6.0,45.0,40.0,34.0
2018-11-08,46.0,1.0,69.0,75.0,54.0,13.0,32.0,24.0,39.0,39.0,17.0
2018-11-09,39.0,1.0,59.0,70.0,47.0,11.0,9.0,18.0,43.0,19.0,62.0
2018-11-10,24.0,1.0,19.0,44.0,36.0,9.0,10.0,10.0,30.0,5.0,13.0
2018-11-11,22.0,1.0,31.0,45.0,35.0,0.0,6.0,17.0,29.0,5.0,7.0
2018-11-12,41.0,1.0,61.0,74.0,55.0,6.0,0.0,0.0,42.0,13.0,46.0
2018-11-13,48.0,1.0,52.0,77.0,56.0,7.0,9.0,21.0,45.0,7.0,6.0
2018-11-14,46.0,1.0,74.0,81.0,59.0,0.0,9.0,24.0,45.0,45.0,18.0
2018-11-15,47.0,1.0,67.0,74.0,58.0,11.0,4.0,7.0,41.0,29.0,43.0
2018-11-16,42.0,1.0,51.0,67.0,46.0,11.0,15.0,34.0,37.0,30.0,6.0
2018-11-17,23.0,1.0,26.0,44.0,33.0,8.0,0.0,18.0,30.0,10.0,7.0
2018-11-18,24.0,1.0,23.0,46.0,37.0,0.0,21.0,0.0,27.0,0.0,7.0
2018-11-19,44.0,1.0,50.0,74.0,58.0,10.0,33.0,31.0,39.0,21.0,18.0
2018-11-20,42.0,1.0,57.0,71.0,56.0,3.0,10.0,13.0,42.0,29.0,28.0
2018-11-21,36.0,1.0,53.0,64.0,56.0,0.0,9.0,16.0,38.0,18.0,19.0
2018-11-22,23.0,1.0,21.0,45.0,51.0,7.0,15.0,9.0,33.0,13.0,0.0
2018-11-23,21.0,1.0,15.0,46.0,44.0,0.0,20.0,0.0,34.0,22.0,12.0
2018-11-24,20.0,1.0,20.0,39.0,31.0,4.0,0.0,0.0,28.0,23.0,13.0
2018-11-25,23.0,1.0,40.0,43.0,34.0,16.0,0.0,7.0,27.0,5.0,0.0
2018-11-26,46.0,1.0,50.0,76.0,53.0,10.0,13.0,15.0,42.0,33.0,34.0
2018-11-27,47.0,1.0,69.0,74.0,53.0,7.0,18.0,6.0,50.0,41.0,23.0
2018-11-28,47.0,1.0,49.0,79.0,58.0,3.0,23.0,0.0,45.0,19.0,36.0
2018-11-29,46.0,1.0,67.0,75.0,55.0,21.0,19.0,9.0,49.0,27.0,11.0
2018-11-30,42.0,1.0,51.0,66.0,48.0,18.0,14.0,15.0,44.0,13.0,24.0
2018-12-01,27.0,1.0,37.0,45.0,33.0,0.0,0.0,7.0,36.0,4.0,19.0
2018-12-02,24.0,1.0,33.0,44.0,35.0,0.0,0.0,10.0,24.0,13.0,7.0
2018-12-03,46.0,1.0,77.0,75.0,56.0,4.0,18.0,24.0,43.0,20.0,30.0
2018-12-04,49.0,1.0,69.0,77.0,53.0,21.0,0.0,9.0,45.0,17.0,11.0
2018-12-05,45.0,1.0,63.0,77.0,56.0,3.0,5.0,33.0,48.0,28.0,35.0
2018-12-06,44.0,1.0,58.0,73.0,50.0,3.0,9.0,22.0,45.0,8.0,12.0
2018-12-07,40.0,1.0,47.0,64.0,47.0,3.0,9.0,9.0,42.0,22.0,13.0
2018-12-08,21.0,1.0,22.0,42.0,31.0,0.0,6.0,0.0,31.0,0.0,13.0
2018-12-09,25.0,1.0,54.0,44.0,35.0,12.0,100.0,0.0,30.0,10.0,13.0
2018-12-10,45.0,1.0,52.0,76.0,55.0,22.0,96.0,15.0,42.0,16.0,6.0
2018-12-11,47.0,1.0,66.0,74.0,51.0,4.0,57.0,9.0,44.0,35.0,18.0
2018-12-12,43.0,1.0,56.0,72.0,52.0,4.0,62.0,9.0,50.0,21.0,24.0
2018-12-13,45.0,1.0,74.0,73.0,47.0,3.0,24.0,9.0,43.0,16.0,6.0
2018-12-14,40.0,1.0,45.0,64.0,41.0,11.0,14.0,31.0,42.0,17.0,24.0
2018-12-15,30.0,1.0,41.0,46.0,32.0,9.0,23.0,0.0,36.0,35.0,21.0
2018-12-16,22.0,1.0,40.0,42.0,36.0,4.0,0.0,18.0,29.0,5.0,0.0
2018-12-17,41.0,1.0,38.0,69.0,49.0,7.0,22.0,8.0,54.0,31.0,17.0
2018-12-18,40.0,1.0,54.0,68.0,50.0,3.0,41.0,39.0,45.0,15.0,17.0
2018-12-19,40.0,1.0,75.0,66.0,51.0,0.0,24.0,21.0,45.0,39.0,13.0
2018-12-20,38.0,1.0,32.0,62.0,47.0,20.0,25.0,16.0,45.0,10.0,19.0
2018-12-21,35.0,1.0,26.0,55.0,42.0,0.0,16.0,7.0,43.0,8.0,7.0
2018-12-22,19.0,1.0,19.0,35.0,29.0,0.0,11.0,18.0,30.0,24.0,8.0
2018-12-23,16.0,1.0,23.0,35.0,31.0,4.0,22.0,11.0,28.0,9.0,0.0
2018-12-24,21.0,1.0,32.0,38.0,32.0,9.0,0.0,16.0,34.0,0.0,7.0
2018-12-25,13.0,1.0,16.0,29.0,20.0,0.0,0.0,8.0,24.0,6.0,7.0
2018-12-26,28.0,1.0,45.0,49.0,25.0,4.0,0.0,0.0,36.0,0.0,14.0
2018-12-27,34.0,1.0,37.0,58.0,41.0,0.0,20.0,14.0,40.0,37.0,26.0
2018-12-28,36.0,1.0,51.0,58.0,45.0,0.0,10.0,0.0,43.0,4.0,13.0
2018-12-29,20.0,1.0,30.0,41.0,34.0,9.0,6.0,11.0,34.0,0.0,14.0
2018-12-30,18.0,1.0,32.0,41.0,36.0,0.0,11.0,0.0,27.0,10.0,0.0
2018-12-31,29.0,1.0,28.0,55.0,40.0,4.0,39.0,26.0,37.0,0.0,14.0
2019-01-01,22.0,1.0,22.0,44.0,40.0,5.0,6.0,0.0,27.0,0.0,0.0
2019-01-02,43.0,1.0,53.0,73.0,58.0,7.0,10.0,23.0,44.0,21.0,25.0
2019-01-03,46.0,1.0,31.0,74.0,60.0,8.0,19.0,16.0,48.0,12.0,11.0
2019-01-04,46.0,1.0,34.0,70.0,55.0,18.0,34.0,0.0,44.0,22.0,6.0
2019-01-05,25.0,1.0,27.0,47.0,40.0,4.0,15.0,0.0,37.0,24.0,47.0
2019-01-06,23.0,1.0,25.0,45.0,46.0,8.0,15.0,27.0,30.0,14.0,20.0
2019-01-07,47.0,1.0,44.0,80.0,69.0,11.0,10.0,0.0,49.0,46.0,12.0
2019-01-08,47.0,1.0,30.0,77.0,60.0,0.0,18.0,9.0,47.0,29.0,41.0
2019-01-09,51.0,1.0,68.0,75.0,61.0,3.0,14.0,15.0,48.0,15.0,23.0
2019-01-10,47.0,1.0,63.0,80.0,56.0,3.0,19.0,13.0,51.0,16.0,35.0
2019-01-11,46.0,1.0,56.0,73.0,59.0,11.0,25.0,18.0,46.0,9.0,6.0
2019-01-12,22.0,1.0,37.0,47.0,38.0,8.0,0.0,0.0,31.0,4.0,20.0
2019-01-13,20.0,1.0,21.0,48.0,45.0,0.0,6.0,0.0,30.0,14.0,0.0
2019-01-14,45.0,1.0,33.0,81.0,62.0,3.0,5.0,6.0,46.0,51.0,18.0
2019-01-15,46.0,1.0,48.0,79.0,60.0,34.0,14.0,51.0,47.0,31.0,24.0
2019-01-16,46.0,1.0,45.0,78.0,61.0,11.0,9.0,15.0,50.0,25.0,24.0
2019-01-17,47.0,1.0,36.0,79.0,54.0,10.0,9.0,9.0,49.0,16.0,17.0
2019-01-18,42.0,1.0,30.0,71.0,57.0,0.0,25.0,16.0,46.0,28.0,12.0
2019-01-19,25.0,1.0,24.0,48.0,40.0,4.0,10.0,0.0,29.0,9.0,7.0
2019-01-20,21.0,1.0,27.0,47.0,38.0,4.0,15.0,0.0,27.0,4.0,7.0
2019-01-21,39.0,1.0,43.0,69.0,59.0,0.0,14.0,9.0,42.0,39.0,23.0
2019-01-22,47.0,1.0,52.0,79.0,55.0,11.0,15.0,24.0,49.0,39.0,40.0
2019-01-23,52.0,1.0,30.0,81.0,54.0,3.0,9.0,15.0,57.0,24.0,29.0
2019-01-24,50.0,1.0,53.0,82.0,57.0,25.0,23.0,21.0,59.0,24.0,41.0
2019-01-25,42.0,1.0,41.0,73.0,55.0,7.0,39.0,16.0,48.0,27.0,19.0
2019-01-26,25.0,1.0,59.0,48.0,39.0,8.0,10.0,0.0,30.0,0.0,0.0
2019-01-27,24.0,1.0,47.0,50.0,40.0,0.0,16.0,7.0,32.0,10.0,7.0
2019-01-28,49.0,,67.0,81.0,64.0,0.0,20.0,13.0,52.0,9.0,22.0
2019-01-29,49.0,,62.0,83.0,62.0,0.0,20.0,13.0,51.0,27.0,54.0
2019-01-30,50.0,,43.0,84.0,60.0,23.0,20.0,13.0,46.0,9.0,11.0
2019-01-31,47.0,,44.0,82.0,60.0,16.0,10.0,0.0,45.0,9.0,0.0
2019-02-01,46.0,,48.0,72.0,51.0,24.0,0.0,26.0,49.0,28.0,0.0
2019-02-02,25.0,,53.0,50.0,35.0,0.0,11.0,0.0,37.0,0.0,0.0
2019-02-03,27.0,,60.0,48.0,40.0,0.0,0.0,0.0,38.0,0.0,25.0
2019-02-04,47.0,,54.0,83.0,69.0,15.0,20.0,0.0,47.0,9.0,56.0
2019-02-05,49.0,,67.0,83.0,66.0,8.0,10.0,52.0,46.0,46.0,22.0
2019-02-06,47.0,,70.0,84.0,64.0,8.0,30.0,26.0,47.0,18.0,11.0
2019-02-07,47.0,,93.0,81.0,58.0,15.0,20.0,0.0,52.0,46.0,33.0
2019-02-08,46.0,,90.0,77.0,60.0,8.0,10.0,27.0,43.0,9.0,34.0
2019-02-09,27.0,,53.0,49.0,36.0,0.0,0.0,0.0,34.0,32.0,51.0
2019-02-10,28.0,,26.0,51.0,43.0,9.0,0.0,0.0,31.0,10.0,12.0
2019-02-11,49.0,,46.0,81.0,62.0,23.0,0.0,13.0,46.0,27.0,11.0
2019-02-12,48.0,,47.0,80.0,58.0,8.0,10.0,13.0,48.0,18.0,44.0
2019-02-13,47.0,,59.0,77.0,55.0,8.0,20.0,0.0,48.0,72.0,54.0
2019-02-14,40.0,,30.0,73.0,51.0,0.0,0.0,13.0,45.0,46.0,56.0
2019-02-15,44.0,,42.0,71.0,58.0,0.0,10.0,27.0,45.0,19.0,11.0
2019-02-16,25.0,,37.0,47.0,37.0,9.0,0.0,0.0,31.0,11.0,12.0
2019-02-17,24.0,,34.0,48.0,44.0,0.0,0.0,0.0,27.0,0.0,0.0
2019-02-18,38.0,,47.0,72.0,67.0,15.0,30.0,26.0,45.0,55.0,67.0
2019-02-19,48.0,,89.0,79.0,60.0,15.0,10.0,26.0,52.0,45.0,77.0
2019-02-20,45.0,,53.0,79.0,60.0,0.0,0.0,13.0,49.0,64.0,22.0
2019-02-21,47.0,,34.0,79.0,56.0,8.0,20.0,13.0,45.0,28.0,0.0
2019-02-22,44.0,,51.0,72.0,50.0,0.0,0.0,13.0,45.0,38.0,34.0
2019-02-23,26.0,,31.0,50.0,37.0,0.0,11.0,0.0,31.0,0.0,13.0
2019-02-24,22.0,,37.0,49.0,44.0,9.0,11.0,0.0,29.0,21.0,12.0
2019-02-25,46.0,,64.0,79.0,63.0,15.0,10.0,12.0,41.0,18.0,11.0
2019-02-26,48.0,,49.0,79.0,60.0,23.0,20.0,13.0,46.0,46.0,0.0
2019-02-27,48.0,,45.0,80.0,58.0,15.0,0.0,25.0,40.0,0.0,0.0
2019-02-28,47.0,,71.0,77.0,63.0,24.0,30.0,39.0,48.0,47.0,44.0
2019-03-01,41.0,,70.0,69.0,55.0,0.0,10.0,13.0,43.0,0.0,11.0
2019-03-02,25.0,,42.0,50.0,41.0,0.0,11.0,15.0,31.0,11.0,25.0
2019-03-03,25.0,,42.0,51.0,42.0,9.0,23.0,0.0,30.0,0.0,13.0
2019-03-04,48.0,,50.0,81.0,62.0,8.0,10.0,0.0,45.0,18.0,22.0
2019-03-05,54.0,,51.0,83.0,64.0,0.0,20.0,0.0,43.0,28.0,56.0
2019-03-06,50.0,,69.0,83.0,63.0,38.0,10.0,13.0,47.0,36.0,11.0
2019-03-07,48.0,,51.0,78.0,62.0,32.0,20.0,13.0,42.0,38.0,34.0
2019-03-08,41.0,,70.0,70.0,53.0,41.0,21.0,13.0,48.0,49.0,0.0
2019-03-09,25.0,,23.0,49.0,39.0,0.0,11.0,15.0,30.0,11.0,26.0
2019-03-10,25.0,,26.0,49.0,42.0,18.0,0.0,0.0,34.0,0.0,12.0
2019-03-11,48.0,,91.0,81.0,61.0,8.0,10.0,13.0,45.0,47.0,22.0
2019-03-12,47.0,,61.0,80.0,63.0,23.0,20.0,13.0,45.0,0.0,11.0
2019-03-13,45.0,,49.0,75.0,55.0,0.0,20.0,0.0,43.0,18.0,11.0
2019-03-14,44.0,,47.0,74.0,59.0,8.0,10.0,26.0,43.0,28.0,22.0
2019-03-15,38.0,,46.0,70.0,53.0,0.0,21.0,13.0,40.0,29.0,0.0
2019-03-16,25.0,,46.0,45.0,36.0,0.0,0.0,15.0,25.0,0.0,13.0
2019-03-17,21.0,,46.0,49.0,36.0,0.0,11.0,15.0,33.0,11.0,25.0
2019-03-18,47.0,,55.0,82.0,69.0,8.0,0.0,40.0,47.0,66.0,45.0
2019-03-19,45.0,,59.0,82.0,63.0,8.0,19.0,38.0,49.0,18.0,11.0
2019-03-20,48.0,,48.0,78.0,60.0,0.0,20.0,0.0,49.0,19.0,45.0
2019-03-21,43.0,,38.0,75.0,60.0,24.0,10.0,40.0,44.0,9.0,34.0
2019-03-22,44.0,,50.0,70.0,55.0,0.0,21.0,0.0,43.0,20.0,36.0
2019-03-23,24.0,,35.0,48.0,37.0,0.0,0.0,0.0,31.0,0.0,13.0
2019-03-24,23.0,,66.0,45.0,42.0,24.0,0.0,0.0,30.0,9.0,0.0
2019-03-25,44.0,,64.0,78.0,63.0,0.0,30.0,26.0,42.0,18.0,11.0
2019-03-26,48.0,,37.0,82.0,63.0,24.0,30.0,13.0,44.0,47.0,45.0
2019-03-27,50.0,,65.0,80.0,62.0,0.0,20.0,13.0,46.0,28.0,57.0
2019-03-28,44.0,,71.0,75.0,55.0,0.0,10.0,26.0,47.0,75.0,22.0
2019-03-29,41.0,,64.0,68.0,53.0,33.0,21.0,14.0,42.0,0.0,12.0
2019-03-30,25.0,,39.0,49.0,35.0,0.0,12.0,0.0,32.0,0.0,13.0
2019-03-31,27.0,,31.0,47.0,40.0,0.0,23.0,0.0,37.0,11.0,25.0
2019-04-01,45.0,,74.0,77.0,59.0,8.0,10.0,38.0,49.0,18.0,11.0
2019-04-02,51.0,,74.0,80.0,62.0,0.0,10.0,13.0,49.0,46.0,0.0
2019-04-03,49.0,,60.0,76.0,61.0,23.0,10.0,13.0,43.0,55.0,11.0
2019-04-04,48.0,,74.0,79.0,60.0,0.0,0.0,26.0,44.0,37.0,22.0
2019-04-05,42.0,,46.0,70.0,49.0,0.0,31.0,27.0,49.0,19.0,34.0
2019-04-06,22.0,1.0,53.0,45.0,35.0,4.0,0.0,0.0,30.0,0.0,20.0
2019-04-07,22.0,1.0,46.0,50.0,39.0,0.0,27.0,0.0,27.0,0.0,0.0
2019-04-08,51.0,1.0,69.0,79.0,59.0,4.0,15.0,0.0,43.0,41.0,12.0
2019-04-09,50.0,1.0,53.0,75.0,57.0,0.0,38.0,25.0,40.0,46.0,19.0
2019-04-10,45.0,1.0,66.0,77.0,54.0,6.0,19.0,0.0,43.0,62.0,12.0
2019-04-11,46.0,1.0,63.0,75.0,55.0,10.0,20.0,6.0,44.0,15.0,25.0
2019-04-12,41.0,1.0,48.0,67.0,51.0,0.0,10.0,7.0,44.0,23.0,6.0
2019-04-13,23.0,1.0,29.0,43.0,37.0,0.0,12.0,8.0,31.0,0.0,16.0
2019-04-14,22.0,1.0,50.0,44.0,39.0,4.0,6.0,7.0,33.0,0.0,6.0
2019-04-15,45.0,1.0,39.0,77.0,55.0,0.0,5.0,13.0,44.0,49.0,45.0
2019-04-16,48.0,1.0,75.0,75.0,58.0,14.0,10.0,7.0,45.0,31.0,38.0
2019-04-17,48.0,1.0,52.0,73.0,55.0,4.0,26.0,7.0,45.0,27.0,31.0
2019-04-18,46.0,1.0,61.0,72.0,52.0,0.0,11.0,14.0,43.0,18.0,19.0
2019-04-19,36.0,1.0,60.0,57.0,34.0,4.0,0.0,7.0,41.0,0.0,0.0
2019-04-20,22.0,1.0,25.0,40.0,34.0,0.0,6.0,0.0,30.0,8.0,8.0
2019-04-21,21.0,1.0,41.0,40.0,34.0,0.0,18.0,8.0,28.0,0.0,22.0
2019-04-22,40.0,1.0,48.0,68.0,39.0,7.0,10.0,34.0,40.0,16.0,31.0
2019-04-23,47.0,1.0,46.0,77.0,63.0,9.0,20.0,13.0,38.0,22.0,13.0
2019-04-24,47.0,1.0,49.0,75.0,64.0,2.0,0.0,20.0,43.0,32.0,32.0
2019-04-25,44.0,1.0,34.0,73.0,62.0,4.0,0.0,20.0,47.0,17.0,18.0
2019-04-26,40.0,1.0,53.0,68.0,54.0,11.0,26.0,14.0,39.0,30.0,26.0
2019-04-27,23.0,1.0,21.0,43.0,41.0,4.0,0.0,15.0,29.0,17.0,21.0
2019-04-28,23.0,1.0,41.0,46.0,43.0,7.0,5.0,7.0,29.0,35.0,20.0
2019-04-29,47.0,1.0,52.0,75.0,62.0,8.0,0.0,19.0,47.0,38.0,17.0
2019-04-30,50.0,1.0,52.0,78.0,64.0,2.0,15.0,26.0,48.0,22.0,56.0
2019-05-01,45.0,1.0,33.0,80.0,65.0,4.0,10.0,0.0,45.0,37.0,45.0
2019-05-02,45.0,1.0,70.0,76.0,58.0,5.0,39.0,13.0,41.0,39.0,43.0
2019-05-03,41.0,1.0,42.0,70.0,54.0,17.0,15.0,7.0,42.0,25.0,38.0
2019-05-04,23.0,1.0,21.0,44.0,36.0,7.0,17.0,7.0,28.0,7.0,0.0
2019-05-05,22.0,1.0,24.0,44.0,32.0,5.0,11.0,7.0,27.0,7.0,20.0
2019-05-06,44.0,1.0,58.0,72.0,40.0,0.0,5.0,19.0,42.0,11.0,19.0
2019-05-07,44.0,1.0,40.0,75.0,56.0,0.0,38.0,7.0,39.0,41.0,44.0
2019-05-08,45.0,1.0,55.0,74.0,60.0,4.0,10.0,20.0,42.0,56.0,55.0
2019-05-09,43.0,1.0,42.0,74.0,58.0,6.0,0.0,0.0,44.0,34.0,38.0
2019-05-10,37.0,1.0,31.0,66.0,53.0,16.0,20.0,7.0,40.0,33.0,62.0
2019-05-11,22.0,1.0,19.0,41.0,37.0,0.0,6.0,8.0,31.0,19.0,14.0
2019-05-12,21.0,1.0,40.0,41.0,37.0,0.0,11.0,0.0,28.0,12.0,28.0
2019-05-13,43.0,1.0,38.0,75.0,58.0,6.0,24.0,0.0,43.0,48.0,38.0
2019-05-14,43.0,1.0,47.0,78.0,59.0,10.0,15.0,26.0,43.0,15.0,43.0
2019-05-15,46.0,1.0,47.0,75.0,56.0,6.0,19.0,6.0,38.0,47.0,24.0
2019-05-16,44.0,1.0,52.0,73.0,56.0,18.0,25.0,0.0,42.0,32.0,12.0
2019-05-17,38.0,1.0,35.0,68.0,54.0,4.0,10.0,27.0,34.0,32.0,20.0
2019-05-18,21.0,1.0,23.0,43.0,39.0,15.0,11.0,15.0,34.0,10.0,13.0
2019-05-19,20.0,1.0,15.0,42.0,43.0,0.0,0.0,7.0,28.0,33.0,8.0
2019-05-20,41.0,1.0,31.0,71.0,62.0,6.0,20.0,32.0,41.0,21.0,24.0
2019-05-21,43.0,1.0,44.0,74.0,53.0,12.0,52.0,32.0,43.0,42.0,25.0
2019-05-22,41.0,1.0,45.0,73.0,62.0,6.0,10.0,13.0,39.0,25.0,24.0
2019-05-23,39.0,1.0,42.0,68.0,56.0,4.0,5.0,0.0,40.0,30.0,17.0
2019-05-24,35.0,1.0,54.0,63.0,53.0,8.0,10.0,13.0,37.0,17.0,51.0
2019-05-25,20.0,1.0,25.0,40.0,37.0,7.0,22.0,0.0,26.0,12.0,0.0
2019-05-26,19.0,1.0,34.0,39.0,36.0,0.0,0.0,0.0,30.0,10.0,14.0
2019-05-27,25.0,1.0,23.0,48.0,36.0,0.0,5.0,0.0,27.0,11.0,12.0
2019-05-28,41.0,1.0,43.0,75.0,57.0,8.0,14.0,6.0,42.0,30.0,37.0
2019-05-29,44.0,1.0,69.0,76.0,56.0,6.0,43.0,0.0,47.0,52.0,6.0
2019-05-30,41.0,1.0,41.0,72.0,52.0,6.0,34.0,32.0,42.0,25.0,38.0
2019-05-31,38.0,1.0,48.0,68.0,52.0,2.0,15.0,14.0,46.0,46.0,0.0
2019-06-01,22.0,1.0,21.0,43.0,34.0,12.0,11.0,0.0,28.0,5.0,6.0
2019-06-02,21.0,1.0,41.0,44.0,40.0,0.0,6.0,29.0,29.0,0.0,12.0
2019-06-03,42.0,1.0,40.0,73.0,60.0,0.0,5.0,38.0,45.0,18.0,36.0
2019-06-04,44.0,1.0,45.0,75.0,67.0,12.0,19.0,13.0,45.0,45.0,12.0
2019-06-05,46.0,1.0,58.0,73.0,66.0,12.0,24.0,19.0,46.0,5.0,13.0
2019-06-06,43.0,1.0,27.0,74.0,56.0,15.0,19.0,13.0,46.0,47.0,32.0
2019-06-07,38.0,1.0,49.0,66.0,53.0,6.0,20.0,13.0,39.0,31.0,14.0
2019-06-08,22.0,1.0,32.0,45.0,39.0,4.0,11.0,7.0,31.0,53.0,0.0
2019-06-09,21.0,1.0,36.0,45.0,42.0,3.0,11.0,0.0,29.0,19.0,8.0
2019-06-10,42.0,1.0,46.0,74.0,58.0,12.0,14.0,19.0,42.0,67.0,29.0
2019-06-11,44.0,1.0,42.0,72.0,53.0,18.0,14.0,38.0,41.0,31.0,6.0
2019-06-12,46.0,1.0,47.0,75.0,56.0,6.0,29.0,0.0,43.0,11.0,36.0
2019-06-13,43.0,1.0,39.0,73.0,56.0,6.0,19.0,6.0,41.0,53.0,19.0
2019-06-14,40.0,1.0,70.0,63.0,53.0,0.0,5.0,6.0,38.0,43.0,18.0
2019-06-15,21.0,1.0,23.0,43.0,33.0,4.0,0.0,7.0,30.0,24.0,6.0
2019-06-16,20.0,1.0,21.0,42.0,39.0,0.0,22.0,7.0,29.0,12.0,22.0
2019-06-17,45.0,1.0,40.0,76.0,59.0,10.0,0.0,13.0,43.0,17.0,41.0
2019-06-18,47.0,1.0,42.0,76.0,60.0,10.0,5.0,26.0,49.0,36.0,13.0
2019-06-19,46.0,1.0,48.0,76.0,61.0,10.0,24.0,13.0,49.0,39.0,6.0
2019-06-20,44.0,1.0,41.0,73.0,58.0,24.0,15.0,26.0,40.0,15.0,12.0
2019-06-21,39.0,1.0,40.0,66.0,48.0,6.0,30.0,0.0,40.0,41.0,14.0
2019-06-22,19.0,1.0,33.0,42.0,35.0,0.0,0.0,0.0,33.0,0.0,14.0
2019-06-23,23.0,1.0,25.0,43.0,41.0,0.0,0.0,0.0,29.0,5.0,20.0
2019-06-24,43.0,1.0,45.0,74.0,61.0,4.0,5.0,6.0,43.0,21.0,13.0
2019-06-25,45.0,1.0,50.0,75.0,62.0,10.0,14.0,26.0,49.0,36.0,55.0
2019-06-26,44.0,1.0,42.0,72.0,58.0,4.0,5.0,32.0,46.0,32.0,20.0
2019-06-27,50.0,1.0,42.0,71.0,52.0,0.0,9.0,0.0,39.0,21.0,6.0
2019-06-28,39.0,1.0,41.0,65.0,46.0,9.0,5.0,14.0,42.0,22.0,7.0
2019-06-29,24.0,1.0,19.0,41.0,33.0,7.0,0.0,0.0,34.0,14.0,0.0
2019-06-30,23.0,1.0,39.0,44.0,41.0,7.0,5.0,0.0,30.0,7.0,19.0
2019-07-01,42.0,1.0,40.0,71.0,60.0,14.0,19.0,26.0,39.0,25.0,30.0
2019-07-02,41.0,1.0,43.0,71.0,54.0,9.0,5.0,0.0,42.0,15.0,6.0
2019-07-03,38.0,1.0,42.0,69.0,55.0,6.0,5.0,32.0,43.0,59.0,30.0
2019-07-04,27.0,1.0,35.0,52.0,55.0,3.0,10.0,20.0,30.0,48.0,17.0
2019-07-05,32.0,1.0,35.0,57.0,50.0,15.0,10.0,0.0,40.0,77.0,25.0
2019-07-06,20.0,1.0,28.0,42.0,35.0,0.0,27.0,15.0,28.0,31.0,0.0
2019-07-07,24.0,1.0,30.0,44.0,37.0,0.0,11.0,7.0,27.0,5.0,20.0
2019-07-08,44.0,1.0,37.0,78.0,62.0,4.0,5.0,7.0,48.0,50.0,29.0
2019-07-09,47.0,1.0,68.0,76.0,59.0,2.0,43.0,7.0,47.0,23.0,19.0
2019-07-10,45.0,1.0,45.0,72.0,59.0,5.0,14.0,0.0,44.0,19.0,32.0
2019-07-11,47.0,1.0,47.0,75.0,62.0,9.0,10.0,45.0,47.0,29.0,18.0
2019-07-12,42.0,1.0,47.0,67.0,53.0,7.0,15.0,0.0,36.0,47.0,25.0
2019-07-13,22.0,1.0,29.0,44.0,39.0,0.0,5.0,7.0,32.0,31.0,28.0
2019-07-14,21.0,1.0,17.0,45.0,40.0,0.0,11.0,15.0,27.0,29.0,26.0
2019-07-15,45.0,1.0,50.0,76.0,60.0,6.0,5.0,26.0,46.0,23.0,5.0
2019-07-16,48.0,,27.0,77.0,61.0,5.0,0.0,39.0,42.0,0.0,40.0
2019-07-17,47.0,,41.0,77.0,58.0,5.0,29.0,13.0,45.0,36.0,54.0
2019-07-18,45.0,,48.0,74.0,54.0,5.0,20.0,0.0,42.0,0.0,14.0
2019-07-19,38.0,,40.0,64.0,52.0,0.0,31.0,0.0,42.0,39.0,28.0
2019-07-20,22.0,,12.0,43.0,38.0,6.0,11.0,0.0,32.0,0.0,0.0
2019-07-21,25.0,,39.0,45.0,38.0,0.0,11.0,0.0,31.0,0.0,15.0
2019-07-22,44.0,,38.0,73.0,57.0,15.0,0.0,0.0,44.0,87.0,27.0
2019-07-23,47.0,,48.0,75.0,56.0,10.0,0.0,27.0,42.0,25.0,54.0
2019-07-24,40.0,,53.0,74.0,51.0,0.0,30.0,0.0,44.0,64.0,14.0
2019-07-25,43.0,,85.0,71.0,50.0,10.0,0.0,27.0,42.0,13.0,0.0
2019-07-26,35.0,,33.0,62.0,55.0,5.0,0.0,28.0,44.0,13.0,43.0
2019-07-27,21.0,,27.0,44.0,39.0,0.0,0.0,0.0,31.0,14.0,15.0
2019-07-28,23.0,,58.0,46.0,36.0,0.0,11.0,15.0,28.0,0.0,15.0
2019-07-29,44.0,,48.0,75.0,58.0,5.0,40.0,14.0,42.0,25.0,27.0
2019-07-30,48.0,,42.0,73.0,63.0,10.0,30.0,14.0,47.0,51.0,14.0
2019-07-31,47.0,,38.0,74.0,60.0,0.0,20.0,14.0,45.0,38.0,27.0
2019-08-01,49.0,,45.0,74.0,54.0,0.0,29.0,13.0,41.0,62.0,14.0
2019-08-02,40.0,,39.0,64.0,49.0,15.0,10.0,14.0,41.0,13.0,15.0
2019-08-03,20.0,,4.0,45.0,37.0,0.0,0.0,0.0,30.0,0.0,0.0
2019-08-04,23.0,,20.0,44.0,36.0,0.0,11.0,0.0,26.0,14.0,31.0
2019-08-05,43.0,,27.0,73.0,59.0,5.0,30.0,13.0,38.0,37.0,27.0
2019-08-06,45.0,,49.0,78.0,57.0,15.0,10.0,14.0,40.0,87.0,27.0
2019-08-07,44.0,,24.0,73.0,57.0,5.0,29.0,0.0,41.0,37.0,0.0
2019-08-08,46.0,,35.0,72.0,59.0,5.0,10.0,14.0,44.0,37.0,54.0
2019-08-09,42.0,,46.0,66.0,51.0,10.0,10.0,14.0,42.0,51.0,55.0
2019-08-10,22.0,,31.0,45.0,39.0,0.0,22.0,15.0,30.0,0.0,15.0
2019-08-11,20.0,,15.0,44.0,43.0,0.0,0.0,0.0,28.0,28.0,31.0
2019-08-12,45.0,,56.0,77.0,63.0,0.0,20.0,54.0,52.0,100.0,27.0
2019-08-13,45.0,,67.0,76.0,60.0,0.0,19.0,13.0,40.0,48.0,26.0
2019-08-14,45.0,,56.0,76.0,63.0,0.0,28.0,0.0,47.0,12.0,52.0
2019-08-15,42.0,,67.0,73.0,59.0,0.0,0.0,0.0,44.0,38.0,14.0
2019-08-16,38.0,,38.0,67.0,53.0,0.0,40.0,54.0,32.0,38.0,27.0
2019-08-17,22.0,,19.0,45.0,36.0,11.0,22.0,0.0,28.0,14.0,31.0
2019-08-18,23.0,,31.0,47.0,39.0,6.0,22.0,15.0,32.0,28.0,0.0
2019-08-19,44.0,,50.0,83.0,58.0,0.0,0.0,13.0,43.0,60.0,39.0
2019-08-20,51.0,,57.0,80.0,62.0,0.0,10.0,0.0,49.0,60.0,79.0
2019-08-21,43.0,,54.0,76.0,59.0,10.0,0.0,0.0,45.0,24.0,26.0
2019-08-22,45.0,,40.0,74.0,54.0,10.0,0.0,26.0,41.0,36.0,53.0
2019-08-23,40.0,,48.0,68.0,49.0,15.0,0.0,27.0,44.0,50.0,54.0
2019-08-24,19.0,,31.0,44.0,34.0,0.0,22.0,0.0,27.0,14.0,30.0
2019-08-25,22.0,,43.0,48.0,36.0,0.0,0.0,15.0,25.0,0.0,31.0
2019-08-26,43.0,,36.0,75.0,38.0,0.0,9.0,0.0,49.0,12.0,0.0
2019-08-27,44.0,,56.0,76.0,60.0,0.0,9.0,25.0,47.0,59.0,0.0
2019-08-28,45.0,,33.0,79.0,62.0,5.0,37.0,12.0,39.0,83.0,26.0
2019-08-29,47.0,,57.0,75.0,56.0,0.0,9.0,26.0,40.0,71.0,26.0
2019-08-30,39.0,,60.0,66.0,54.0,5.0,10.0,0.0,44.0,24.0,40.0
2019-08-31,21.0,,18.0,43.0,39.0,0.0,0.0,14.0,30.0,0.0,15.0
2019-09-01,20.0,,33.0,44.0,37.0,0.0,21.0,0.0,27.0,13.0,15.0
2019-09-02,30.0,,36.0,55.0,60.0,10.0,19.0,0.0,32.0,36.0,39.0
2019-09-03,42.0,,54.0,79.0,57.0,14.0,0.0,24.0,40.0,68.0,13.0
2019-09-04,47.0,,64.0,81.0,57.0,5.0,9.0,0.0,43.0,46.0,50.0
2019-09-05,45.0,,58.0,78.0,54.0,0.0,0.0,12.0,45.0,23.0,13.0
2019-09-06,42.0,,73.0,73.0,51.0,0.0,0.0,0.0,44.0,47.0,26.0
2019-09-07,24.0,,26.0,46.0,37.0,5.0,10.0,14.0,32.0,13.0,0.0
2019-09-08,25.0,,22.0,49.0,34.0,0.0,21.0,0.0,28.0,13.0,29.0
2019-09-09,47.0,,57.0,81.0,60.0,9.0,18.0,37.0,40.0,34.0,13.0
2019-09-10,48.0,,28.0,82.0,62.0,5.0,18.0,0.0,44.0,34.0,25.0
2019-09-11,48.0,,38.0,83.0,56.0,14.0,0.0,25.0,43.0,34.0,63.0
2019-09-12,49.0,,39.0,82.0,55.0,5.0,0.0,50.0,41.0,23.0,38.0
2019-09-13,47.0,,34.0,74.0,51.0,0.0,29.0,26.0,41.0,12.0,26.0
2019-09-14,23.0,,22.0,49.0,37.0,5.0,0.0,0.0,34.0,0.0,15.0
2019-09-15,27.0,,44.0,50.0,36.0,5.0,31.0,14.0,28.0,26.0,28.0
2019-09-16,50.0,,63.0,84.0,62.0,14.0,9.0,0.0,42.0,68.0,50.0
2019-09-17,53.0,,56.0,82.0,53.0,9.0,9.0,12.0,40.0,44.0,49.0
2019-09-18,50.0,,60.0,82.0,62.0,5.0,9.0,12.0,47.0,68.0,37.0
2019-09-19,49.0,,61.0,79.0,57.0,9.0,28.0,0.0,42.0,23.0,0.0
2019-09-20,46.0,,49.0,71.0,52.0,19.0,19.0,0.0,35.0,36.0,39.0
2019-09-21,24.0,,29.0,47.0,37.0,0.0,0.0,14.0,31.0,0.0,28.0
2019-09-22,26.0,,18.0,50.0,44.0,10.0,0.0,42.0,27.0,13.0,43.0
2019-09-23,51.0,,60.0,83.0,55.0,9.0,0.0,0.0,42.0,57.0,37.0
2019-09-24,48.0,,73.0,83.0,61.0,5.0,9.0,37.0,40.0,57.0,13.0
2019-09-25,46.0,,68.0,79.0,61.0,9.0,0.0,12.0,41.0,33.0,49.0
2019-09-26,49.0,,48.0,81.0,59.0,9.0,9.0,62.0,42.0,35.0,25.0
2019-09-27,44.0,,50.0,74.0,51.0,5.0,9.0,0.0,45.0,12.0,39.0
2019-09-28,23.0,,36.0,48.0,35.0,0.0,10.0,0.0,28.0,13.0,29.0
2019-09-29,25.0,,39.0,48.0,38.0,0.0,10.0,14.0,28.0,0.0,0.0
2019-09-30,48.0,,45.0,80.0,63.0,0.0,55.0,24.0,45.0,23.0,37.0
2019-10-01,49.0,,54.0,82.0,57.0,9.0,18.0,24.0,46.0,23.0,0.0
2019-10-02,45.0,,66.0,81.0,55.0,13.0,9.0,24.0,48.0,33.0,0.0
2019-10-03,45.0,,74.0,78.0,56.0,9.0,27.0,0.0,42.0,0.0,25.0
2019-10-04,44.0,,43.0,72.0,54.0,10.0,9.0,13.0,39.0,48.0,0.0
2019-10-05,24.0,,26.0,48.0,36.0,0.0,10.0,28.0,32.0,0.0,44.0
2019-10-06,24.0,,36.0,48.0,43.0,0.0,0.0,0.0,27.0,13.0,28.0
2019-10-07,51.0,,64.0,85.0,66.0,5.0,9.0,25.0,42.0,34.0,51.0
2019-10-08,43.0,,73.0,82.0,61.0,9.0,0.0,12.0,40.0,11.0,37.0
2019-10-09,47.0,,45.0,87.0,64.0,9.0,18.0,0.0,39.0,46.0,38.0
2019-10-10,46.0,,70.0,100.0,59.0,5.0,36.0,37.0,44.0,23.0,25.0
2019-10-11,44.0,,55.0,74.0,57.0,5.0,9.0,12.0,37.0,12.0,25.0
2019-10-12,22.0,,29.0,49.0,39.0,0.0,31.0,0.0,29.0,0.0,15.0
2019-10-13,24.0,,33.0,49.0,44.0,5.0,10.0,14.0,27.0,26.0,15.0
2019-10-14,48.0,,74.0,78.0,64.0,9.0,28.0,25.0,47.0,34.0,25.0
2019-10-15,49.0,,60.0,83.0,59.0,0.0,27.0,0.0,40.0,11.0,13.0
2019-10-16,47.0,,44.0,82.0,59.0,0.0,18.0,24.0,45.0,11.0,13.0
2019-10-17,48.0,,70.0,79.0,58.0,0.0,18.0,25.0,40.0,46.0,38.0
2019-10-18,42.0,,86.0,73.0,55.0,14.0,0.0,26.0,38.0,36.0,13.0
2019-10-19,24.0,,51.0,45.0,36.0,0.0,10.0,0.0,29.0,13.0,0.0
2019-10-20,25.0,,21.0,48.0,40.0,5.0,10.0,27.0,25.0,13.0,0.0
2019-10-21,47.0,,36.0,78.0,60.0,4.0,0.0,0.0,39.0,33.0,24.0
2019-10-22,48.0,,64.0,84.0,55.0,4.0,17.0,0.0,42.0,33.0,60.0
2019-10-23,49.0,,85.0,79.0,61.0,0.0,9.0,24.0,40.0,45.0,25.0
2019-10-24,46.0,,35.0,77.0,58.0,9.0,9.0,25.0,45.0,57.0,50.0
2019-10-25,41.0,,49.0,67.0,56.0,5.0,0.0,0.0,40.0,12.0,0.0
2019-10-26,25.0,,40.0,43.0,35.0,0.0,41.0,0.0,27.0,0.0,44.0
2019-10-27,22.0,,36.0,44.0,36.0,0.0,0.0,0.0,29.0,26.0,0.0
2019-10-28,44.0,,58.0,76.0,60.0,4.0,26.0,24.0,45.0,33.0,25.0
2019-10-29,46.0,,54.0,78.0,56.0,0.0,9.0,12.0,42.0,23.0,63.0
2019-10-30,49.0,,85.0,76.0,61.0,0.0,9.0,0.0,46.0,11.0,62.0
2019-10-31,42.0,,58.0,73.0,55.0,0.0,9.0,50.0,51.0,12.0,13.0
2019-11-01,44.0,,36.0,72.0,57.0,10.0,10.0,0.0,41.0,48.0,40.0
2019-11-02,27.0,,32.0,46.0,43.0,0.0,30.0,0.0,25.0,25.0,14.0
2019-11-03,27.0,,63.0,49.0,48.0,0.0,0.0,0.0,25.0,13.0,55.0
2019-11-04,47.0,,69.0,84.0,65.0,0.0,9.0,0.0,44.0,23.0,37.0
2019-11-05,48.0,,59.0,82.0,65.0,0.0,26.0,36.0,43.0,22.0,25.0
2019-11-06,49.0,,84.0,84.0,67.0,0.0,18.0,24.0,42.0,89.0,0.0
2019-11-07,46.0,,60.0,83.0,61.0,0.0,9.0,24.0,40.0,57.0,37.0
2019-11-08,47.0,,66.0,75.0,59.0,5.0,9.0,12.0,39.0,23.0,25.0
2019-11-09,27.0,,39.0,47.0,40.0,0.0,0.0,0.0,30.0,0.0,28.0
2019-11-10,27.0,,35.0,47.0,41.0,5.0,20.0,0.0,30.0,25.0,27.0
2019-11-11,44.0,,54.0,76.0,60.0,5.0,18.0,24.0,39.0,23.0,37.0
2019-11-12,51.0,,61.0,79.0,62.0,9.0,26.0,36.0,42.0,33.0,12.0
2019-11-13,49.0,,74.0,81.0,60.0,4.0,18.0,0.0,40.0,11.0,0.0
2019-11-14,48.0,,40.0,81.0,59.0,9.0,9.0,0.0,40.0,33.0,36.0
2019-11-15,43.0,,68.0,72.0,60.0,5.0,18.0,25.0,43.0,23.0,38.0
2019-11-16,26.0,,72.0,49.0,40.0,0.0,10.0,0.0,28.0,0.0,15.0
2019-11-17,28.0,,36.0,52.0,47.0,0.0,10.0,14.0,28.0,0.0,28.0
2019-11-18,54.0,,72.0,83.0,62.0,4.0,27.0,0.0,37.0,45.0,25.0
2019-11-19,52.0,,62.0,85.0,64.0,9.0,18.0,24.0,44.0,56.0,0.0
2019-11-20,49.0,,71.0,84.0,64.0,0.0,18.0,12.0,45.0,23.0,76.0
2019-11-21,47.0,,32.0,79.0,60.0,18.0,18.0,12.0,45.0,46.0,25.0
2019-11-22,38.0,,76.0,71.0,54.0,0.0,19.0,12.0,37.0,24.0,91.0
2019-11-23,25.0,,36.0,46.0,46.0,0.0,10.0,27.0,30.0,26.0,42.0
2019-11-24,25.0,,46.0,48.0,43.0,0.0,0.0,0.0,31.0,13.0,14.0
2019-11-25,45.0,,50.0,78.0,63.0,9.0,18.0,0.0,47.0,57.0,50.0
2019-11-26,42.0,,72.0,75.0,68.0,4.0,18.0,0.0,42.0,45.0,13.0
2019-11-27,38.0,,69.0,68.0,74.0,9.0,27.0,0.0,37.0,23.0,25.0
2019-11-28,25.0,,36.0,48.0,63.0,0.0,18.0,0.0,32.0,23.0,25.0
2019-11-29,25.0,,36.0,51.0,50.0,10.0,9.0,26.0,35.0,12.0,0.0
2019-11-30,20.0,,25.0,42.0,37.0,0.0,10.0,0.0,28.0,38.0,27.0
2019-12-01,22.0,,27.0,44.0,37.0,0.0,20.0,0.0,25.0,12.0,0.0
2019-12-02,45.0,,46.0,77.0,58.0,0.0,0.0,59.0,37.0,55.0,72.0
2019-12-03,45.0,,59.0,79.0,62.0,4.0,26.0,0.0,42.0,22.0,25.0
2019-12-04,51.0,,91.0,80.0,59.0,4.0,0.0,12.0,44.0,34.0,0.0
2019-12-05,47.0,,79.0,80.0,59.0,9.0,36.0,12.0,40.0,11.0,13.0
2019-12-06,47.0,,63.0,73.0,55.0,5.0,9.0,0.0,43.0,0.0,0.0
2019-12-07,25.0,,11.0,45.0,39.0,0.0,0.0,14.0,33.0,0.0,0.0
2019-12-08,25.0,,40.0,43.0,43.0,0.0,0.0,0.0,30.0,0.0,28.0
2019-12-09,46.0,,51.0,73.0,62.0,5.0,0.0,25.0,42.0,34.0,25.0
2019-12-10,45.0,,68.0,76.0,66.0,0.0,18.0,25.0,42.0,12.0,51.0
2019-12-11,48.0,,85.0,76.0,62.0,4.0,0.0,12.0,43.0,23.0,25.0
2019-12-12,45.0,,57.0,76.0,76.0,0.0,9.0,0.0,52.0,12.0,13.0
2019-12-13,43.0,,72.0,67.0,93.0,0.0,0.0,12.0,51.0,12.0,25.0
2019-12-14,23.0,,43.0,47.0,51.0,10.0,0.0,14.0,47.0,0.0,0.0
2019-12-15,28.0,,43.0,47.0,44.0,0.0,10.0,0.0,47.0,0.0,14.0
2019-12-16,44.0,,85.0,73.0,62.0,9.0,0.0,12.0,53.0,56.0,50.0
2019-12-17,47.0,,64.0,72.0,59.0,5.0,9.0,12.0,63.0,46.0,50.0
2019-12-18,40.0,,44.0,68.0,55.0,0.0,0.0,12.0,56.0,34.0,13.0
2019-12-19,41.0,,36.0,63.0,60.0,9.0,9.0,38.0,58.0,0.0,90.0
2019-12-20,40.0,,38.0,62.0,58.0,10.0,0.0,13.0,59.0,25.0,27.0
2019-12-21,21.0,,36.0,41.0,38.0,0.0,0.0,0.0,50.0,13.0,15.0
2019-12-22,17.0,,22.0,38.0,36.0,5.0,10.0,0.0,45.0,13.0,15.0
2019-12-23,34.0,,41.0,60.0,47.0,0.0,20.0,13.0,57.0,12.0,14.0
2019-12-24,26.0,,33.0,45.0,36.0,0.0,10.0,14.0,54.0,40.0,29.0
2019-12-25,17.0,,15.0,32.0,24.0,0.0,0.0,0.0,51.0,0.0,15.0
2019-12-26,30.0,,31.0,52.0,32.0,0.0,10.0,14.0,50.0,0.0,14.0
2019-12-27,35.0,,27.0,57.0,45.0,0.0,0.0,13.0,51.0,0.0,41.0
2019-12-28,23.0,,29.0,44.0,41.0,5.0,0.0,0.0,44.0,13.0,15.0
2019-12-29,22.0,,11.0,43.0,42.0,0.0,0.0,14.0,42.0,13.0,0.0
2019-12-30,37.0,,47.0,67.0,51.0,5.0,10.0,0.0,58.0,12.0,0.0
2019-12-31,32.0,,26.0,59.0,44.0,5.0,10.0,0.0,56.0,13.0,0.0
