date,healthcare,overlap,share price,private limited company,limited company,health,share,hospitals,company,Hospital,pharmaceutical company
2017-01-17,42.0,1.0,41.0,43.0,45.0,53.0,44.0,74.0,56.0,50.0,33.0
2017-01-18,39.0,1.0,42.0,30.0,51.0,54.0,43.0,83.0,60.0,49.0,18.0
2017-01-19,55.0,1.0,45.0,30.0,36.0,54.0,45.0,54.0,60.0,48.0,16.0
2017-01-20,41.0,1.0,42.0,25.0,33.0,46.0,43.0,61.0,55.0,51.0,36.0
2017-01-21,24.0,1.0,10.0,16.0,39.0,45.0,16.0,63.0,52.0,49.0,12.0
2017-01-22,14.0,1.0,7.0,4.0,21.0,40.0,12.0,42.0,43.0,42.0,0.0
2017-01-23,45.0,1.0,44.0,17.0,38.0,49.0,45.0,68.0,59.0,51.0,5.0
2017-01-24,46.0,1.0,44.0,17.0,33.0,51.0,48.0,52.0,63.0,52.0,20.0
2017-01-25,27.0,1.0,43.0,13.0,39.0,47.0,45.0,51.0,52.0,49.0,28.0
2017-01-26,28.0,1.0,12.0,18.0,30.0,39.0,16.0,26.0,43.0,41.0,5.0
2017-01-27,39.0,1.0,43.0,34.0,55.0,53.0,47.0,51.0,57.0,53.0,23.0
2017-01-28,25.0,1.0,12.0,15.0,49.0,44.0,18.0,49.0,51.0,49.0,12.0
2017-01-29,16.0,1.0,8.0,8.0,21.0,42.0,13.0,29.0,40.0,40.0,17.0
2017-01-30,38.0,1.0,46.0,29.0,35.0,47.0,46.0,45.0,59.0,56.0,21.0
2017-01-31,46.0,1.0,48.0,11.0,43.0,51.0,52.0,55.0,57.0,52.0,11.0
2017-02-01,41.0,1.0,56.0,34.0,51.0,49.0,56.0,52.0,57.0,48.0,5.0
2017-02-02,46.0,1.0,50.0,19.0,44.0,51.0,54.0,64.0,56.0,46.0,7.0
2017-02-03,38.0,1.0,58.0,19.0,46.0,47.0,56.0,65.0,57.0,50.0,24.0
2017-02-04,15.0,1.0,14.0,26.0,35.0,39.0,17.0,60.0,49.0,46.0,5.0
2017-02-05,23.0,1.0,9.0,17.0,41.0,42.0,14.0,39.0,44.0,40.0,20.0
2017-02-06,44.0,1.0,55.0,20.0,43.0,49.0,56.0,57.0,65.0,51.0,16.0
2017-02-07,44.0,1.0,54.0,31.0,46.0,49.0,55.0,55.0,62.0,53.0,40.0
2017-02-08,35.0,1.0,52.0,31.0,49.0,49.0,53.0,41.0,56.0,51.0,0.0
2017-02-09,37.0,1.0,51.0,17.0,50.0,51.0,54.0,51.0,59.0,50.0,17.0
2017-02-10,37.0,1.0,50.0,13.0,46.0,43.0,52.0,42.0,57.0,47.0,0.0
2017-02-11,20.0,1.0,11.0,23.0,32.0,38.0,16.0,58.0,46.0,52.0,23.0
2017-02-12,24.0,1.0,9.0,15.0,24.0,37.0,14.0,40.0,43.0,39.0,30.0
2017-02-13,52.0,1.0,49.0,24.0,47.0,52.0,51.0,58.0,59.0,52.0,29.0
2017-02-14,45.0,1.0,47.0,23.0,46.0,57.0,48.0,53.0,59.0,52.0,15.0
2017-02-15,32.0,1.0,49.0,23.0,55.0,52.0,51.0,65.0,58.0,51.0,0.0
2017-02-16,50.0,1.0,48.0,37.0,62.0,51.0,50.0,63.0,65.0,50.0,11.0
2017-02-17,39.0,1.0,51.0,20.0,46.0,55.0,53.0,66.0,60.0,54.0,15.0
2017-02-18,29.0,1.0,11.0,14.0,30.0,40.0,17.0,47.0,51.0,52.0,28.0
2017-02-19,23.0,1.0,8.0,13.0,18.0,42.0,14.0,42.0,46.0,44.0,25.0
2017-02-20,49.0,1.0,47.0,42.0,41.0,55.0,52.0,62.0,63.0,55.0,28.0
2017-02-21,41.0,1.0,51.0,26.0,42.0,48.0,51.0,52.0,61.0,55.0,18.0
2017-02-22,54.0,1.0,52.0,22.0,53.0,61.0,54.0,66.0,62.0,53.0,16.0
2017-02-23,36.0,1.0,48.0,23.0,47.0,51.0,50.0,51.0,56.0,50.0,5.0
2017-02-24,49.0,1.0,18.0,22.0,37.0,43.0,24.0,60.0,56.0,50.0,12.0
2017-02-25,43.0,1.0,10.0,28.0,35.0,44.0,15.0,55.0,49.0,54.0,17.0
2017-02-26,21.0,1.0,9.0,14.0,27.0,45.0,13.0,56.0,44.0,44.0,30.0
2017-02-27,48.0,1.0,51.0,10.0,44.0,53.0,49.0,59.0,64.0,55.0,7.0
2017-02-28,49.0,1.0,49.0,50.0,55.0,56.0,52.0,49.0,66.0,55.0,42.0
2017-03-01,41.0,1.0,51.0,17.0,55.0,48.0,52.0,60.0,65.0,49.0,51.0
2017-03-02,48.0,1.0,52.0,18.0,39.0,50.0,53.0,58.0,65.0,56.0,13.0
2017-03-03,44.0,1.0,47.0,22.0,53.0,54.0,51.0,57.0,59.0,53.0,59.0
2017-03-04,23.0,1.0,11.0,9.0,32.0,41.0,14.0,58.0,53.0,50.0,21.0
2017-03-05,21.0,1.0,9.0,16.0,38.0,47.0,14.0,54.0,44.0,42.0,23.0
2017-03-06,47.0,1.0,50.0,28.0,59.0,54.0,51.0,61.0,62.0,56.0,17.0
2017-03-07,43.0,1.0,46.0,18.0,37.0,55.0,46.0,56.0,59.0,53.0,15.0
2017-03-08,53.0,1.0,41.0,39.0,59.0,54.0,44.0,57.0,60.0,52.0,9.0
2017-03-09,34.0,1.0,44.0,23.0,44.0,57.0,47.0,55.0,63.0,51.0,14.0
2017-03-10,42.0,1.0,45.0,27.0,56.0,48.0,45.0,59.0,58.0,55.0,29.0
2017-03-11,22.0,1.0,8.0,7.0,17.0,35.0,13.0,44.0,36.0,41.0,6.0
2017-03-12,19.0,1.0,9.0,11.0,18.0,33.0,13.0,25.0,37.0,40.0,28.0
2017-03-13,43.0,1.0,16.0,11.0,31.0,43.0,21.0,57.0,47.0,54.0,10.0
2017-03-14,49.0,1.0,54.0,39.0,48.0,48.0,58.0,59.0,60.0,57.0,23.0
2017-03-15,43.0,1.0,51.0,23.0,54.0,49.0,52.0,60.0,59.0,58.0,5.0
2017-03-16,43.0,1.0,51.0,35.0,61.0,52.0,54.0,54.0,61.0,55.0,28.0
2017-03-17,46.0,1.0,53.0,24.0,53.0,53.0,52.0,65.0,59.0,59.0,29.0
2017-03-18,36.0,1.0,11.0,21.0,28.0,44.0,17.0,57.0,55.0,52.0,23.0
2017-03-19,14.0,1.0,8.0,18.0,26.0,41.0,13.0,45.0,41.0,42.0,0.0
2017-03-20,56.0,1.0,47.0,20.0,50.0,54.0,53.0,51.0,58.0,59.0,7.0
2017-03-21,47.0,1.0,58.0,20.0,66.0,51.0,60.0,47.0,66.0,53.0,20.0
2017-03-22,43.0,1.0,52.0,22.0,57.0,53.0,53.0,71.0,68.0,57.0,17.0
2017-03-23,37.0,,54.0,36.0,69.0,54.0,53.0,73.0,65.0,53.0,27.0
2017-03-24,33.0,,51.0,22.0,45.0,50.0,49.0,61.0,59.0,55.0,18.0
2017-03-25,39.0,,12.0,37.0,38.0,51.0,17.0,52.0,46.0,52.0,9.0
2017-03-26,27.0,,8.0,16.0,26.0,39.0,13.0,65.0,43.0,44.0,0.0
2017-03-27,40.0,,50.0,32.0,62.0,51.0,51.0,49.0,56.0,55.0,18.0
2017-03-28,40.0,,47.0,40.0,56.0,51.0,49.0,64.0,56.0,48.0,9.0
2017-03-29,42.0,,49.0,11.0,33.0,45.0,51.0,58.0,59.0,49.0,9.0
2017-03-30,46.0,,57.0,46.0,66.0,48.0,55.0,41.0,63.0,47.0,18.0
2017-03-31,36.0,,49.0,35.0,60.0,39.0,49.0,47.0,59.0,49.0,26.0
2017-04-01,25.0,,14.0,18.0,31.0,39.0,20.0,52.0,51.0,46.0,0.0
2017-04-02,18.0,,10.0,12.0,32.0,39.0,14.0,43.0,42.0,45.0,10.0
2017-04-03,43.0,,54.0,15.0,52.0,48.0,56.0,46.0,55.0,59.0,9.0
2017-04-04,60.0,,26.0,33.0,52.0,44.0,29.0,67.0,61.0,49.0,0.0
2017-04-05,48.0,,57.0,29.0,57.0,53.0,53.0,69.0,58.0,53.0,27.0
2017-04-06,32.0,,53.0,22.0,35.0,58.0,56.0,51.0,60.0,51.0,18.0
2017-04-07,44.0,,57.0,29.0,48.0,63.0,55.0,74.0,55.0,58.0,0.0
2017-04-08,15.0,,13.0,30.0,48.0,41.0,17.0,51.0,43.0,50.0,29.0
2017-04-09,12.0,,11.0,8.0,28.0,36.0,15.0,42.0,39.0,46.0,0.0
2017-04-10,43.0,,58.0,18.0,31.0,46.0,57.0,79.0,53.0,57.0,9.0
2017-04-11,34.0,,59.0,22.0,55.0,49.0,61.0,50.0,60.0,51.0,19.0
2017-04-12,45.0,,56.0,15.0,49.0,44.0,55.0,75.0,62.0,57.0,19.0
2017-04-13,42.0,,53.0,28.0,43.0,42.0,51.0,50.0,51.0,48.0,0.0
2017-04-14,28.0,,19.0,15.0,31.0,38.0,23.0,45.0,52.0,52.0,9.0
2017-04-15,26.0,,11.0,34.0,25.0,37.0,15.0,55.0,47.0,55.0,0.0
2017-04-16,22.0,,9.0,12.0,20.0,38.0,13.0,57.0,44.0,42.0,10.0
2017-04-17,43.0,,53.0,7.0,42.0,42.0,55.0,77.0,57.0,57.0,19.0
2017-04-18,48.0,,55.0,26.0,43.0,44.0,58.0,57.0,57.0,54.0,9.0
2017-04-19,44.0,,58.0,44.0,66.0,43.0,58.0,57.0,60.0,55.0,19.0
2017-04-20,42.0,,54.0,11.0,71.0,49.0,59.0,48.0,60.0,56.0,19.0
2017-04-21,51.0,,52.0,18.0,50.0,46.0,51.0,55.0,57.0,52.0,0.0
2017-04-22,17.0,,12.0,11.0,25.0,37.0,17.0,63.0,48.0,47.0,9.0
2017-04-23,23.0,,10.0,20.0,26.0,37.0,13.0,37.0,45.0,43.0,20.0
2017-04-24,44.0,,58.0,18.0,49.0,44.0,60.0,69.0,60.0,54.0,18.0
2017-04-25,69.0,,58.0,32.0,49.0,43.0,56.0,43.0,56.0,52.0,0.0
2017-04-26,34.0,,60.0,35.0,54.0,46.0,63.0,62.0,51.0,48.0,9.0
2017-04-27,44.0,,55.0,49.0,43.0,44.0,54.0,60.0,51.0,53.0,0.0
2017-04-28,39.0,,56.0,18.0,41.0,48.0,56.0,68.0,51.0,52.0,18.0
2017-04-29,22.0,,14.0,26.0,41.0,39.0,18.0,49.0,44.0,48.0,9.0
2017-04-30,22.0,,10.0,12.0,25.0,38.0,16.0,28.0,36.0,43.0,0.0
2017-05-01,26.0,,19.0,26.0,25.0,48.0,23.0,40.0,42.0,54.0,19.0
2017-05-02,54.0,,53.0,32.0,41.0,47.0,55.0,67.0,51.0,58.0,9.0
2017-05-03,51.0,,53.0,29.0,48.0,44.0,55.0,63.0,56.0,57.0,27.0
2017-05-04,43.0,,55.0,11.0,41.0,48.0,59.0,59.0,56.0,54.0,18.0
2017-05-05,49.0,,52.0,50.0,47.0,43.0,55.0,68.0,54.0,53.0,0.0
2017-05-06,28.0,,15.0,34.0,32.0,37.0,18.0,46.0,48.0,51.0,0.0
2017-05-07,24.0,,10.0,12.0,9.0,40.0,14.0,53.0,42.0,44.0,10.0
2017-05-08,45.0,,54.0,26.0,46.0,47.0,56.0,73.0,58.0,60.0,18.0
2017-05-09,56.0,,58.0,36.0,45.0,49.0,57.0,68.0,59.0,56.0,9.0
2017-05-10,44.0,,57.0,28.0,38.0,44.0,57.0,63.0,56.0,52.0,9.0
2017-05-11,44.0,,60.0,25.0,49.0,44.0,59.0,68.0,61.0,54.0,27.0
2017-05-12,37.0,,50.0,17.0,29.0,40.0,49.0,54.0,54.0,51.0,26.0
2017-05-13,35.0,,12.0,11.0,38.0,39.0,16.0,100.0,50.0,56.0,0.0
2017-05-14,15.0,,10.0,20.0,31.0,32.0,15.0,48.0,38.0,42.0,10.0
2017-05-15,58.0,,55.0,18.0,60.0,42.0,55.0,57.0,55.0,58.0,0.0
2017-05-16,54.0,,60.0,19.0,38.0,46.0,59.0,46.0,58.0,56.0,0.0
2017-05-17,30.0,,58.0,23.0,56.0,46.0,59.0,55.0,60.0,57.0,0.0
2017-05-18,45.0,,53.0,33.0,51.0,47.0,57.0,65.0,61.0,55.0,19.0
2017-05-19,31.0,,55.0,15.0,44.0,43.0,59.0,59.0,51.0,58.0,28.0
2017-05-20,38.0,,14.0,35.0,32.0,35.0,20.0,58.0,45.0,57.0,39.0
2017-05-21,24.0,,11.0,8.0,20.0,31.0,16.0,47.0,42.0,44.0,22.0
2017-05-22,38.0,,52.0,22.0,43.0,46.0,54.0,64.0,53.0,58.0,19.0
2017-05-23,39.0,,54.0,18.0,57.0,47.0,55.0,62.0,52.0,60.0,36.0
2017-05-24,26.0,,53.0,50.0,56.0,46.0,55.0,55.0,58.0,58.0,9.0
2017-05-25,47.0,,64.0,28.0,43.0,40.0,59.0,39.0,58.0,57.0,0.0
2017-05-26,31.0,,66.0,33.0,41.0,44.0,66.0,65.0,54.0,58.0,27.0
2017-05-27,21.0,,16.0,19.0,16.0,41.0,18.0,51.0,46.0,54.0,9.0
2017-05-28,14.0,,12.0,20.0,19.0,37.0,15.0,33.0,41.0,44.0,20.0
2017-05-29,33.0,,62.0,18.0,38.0,44.0,57.0,66.0,54.0,60.0,27.0
2017-05-30,43.0,1.0,53.0,24.0,37.0,39.0,55.0,64.0,51.0,52.0,8.0
2017-05-31,32.0,1.0,53.0,28.0,40.0,46.0,52.0,44.0,51.0,54.0,37.0
2017-06-01,43.0,1.0,52.0,37.0,44.0,46.0,56.0,49.0,52.0,57.0,34.0
2017-06-02,36.0,1.0,53.0,22.0,48.0,42.0,54.0,52.0,54.0,55.0,11.0
2017-06-03,21.0,1.0,13.0,15.0,22.0,34.0,16.0,39.0,42.0,48.0,35.0
2017-06-04,14.0,1.0,8.0,8.0,22.0,31.0,14.0,44.0,35.0,40.0,0.0
2017-06-05,44.0,1.0,53.0,17.0,27.0,50.0,54.0,56.0,55.0,58.0,18.0
2017-06-06,45.0,1.0,52.0,28.0,40.0,46.0,54.0,47.0,55.0,57.0,21.0
2017-06-07,42.0,1.0,52.0,42.0,49.0,47.0,53.0,67.0,56.0,59.0,23.0
2017-06-08,40.0,1.0,47.0,28.0,45.0,40.0,51.0,75.0,51.0,50.0,37.0
2017-06-09,40.0,1.0,49.0,26.0,40.0,41.0,49.0,43.0,47.0,54.0,12.0
2017-06-10,22.0,1.0,12.0,33.0,23.0,36.0,16.0,52.0,43.0,55.0,0.0
2017-06-11,21.0,1.0,10.0,8.0,15.0,32.0,14.0,51.0,41.0,43.0,5.0
2017-06-12,34.0,1.0,48.0,16.0,46.0,39.0,46.0,57.0,54.0,54.0,4.0
2017-06-13,35.0,1.0,51.0,24.0,51.0,44.0,52.0,61.0,58.0,55.0,20.0
2017-06-14,41.0,1.0,51.0,25.0,46.0,44.0,51.0,65.0,56.0,57.0,14.0
2017-06-15,36.0,1.0,48.0,52.0,63.0,48.0,49.0,48.0,55.0,52.0,10.0
2017-06-16,38.0,1.0,47.0,27.0,40.0,44.0,50.0,59.0,55.0,53.0,21.0
2017-06-17,22.0,1.0,12.0,18.0,31.0,36.0,16.0,54.0,46.0,58.0,6.0
2017-06-18,25.0,1.0,9.0,6.0,14.0,31.0,12.0,33.0,37.0,39.0,0.0
2017-06-19,49.0,1.0,52.0,17.0,29.0,43.0,53.0,62.0,55.0,61.0,4.0
2017-06-20,43.0,1.0,57.0,30.0,40.0,46.0,55.0,68.0,58.0,59.0,22.0
2017-06-21,38.0,1.0,58.0,26.0,35.0,43.0,59.0,57.0,59.0,66.0,16.0
2017-06-22,46.0,1.0,55.0,22.0,40.0,44.0,57.0,68.0,57.0,56.0,21.0
2017-06-23,31.0,1.0,56.0,31.0,45.0,49.0,53.0,51.0,52.0,61.0,10.0
2017-06-24,23.0,1.0,12.0,16.0,22.0,34.0,17.0,48.0,41.0,58.0,21.0
2017-06-25,17.0,1.0,8.0,10.0,21.0,30.0,13.0,40.0,37.0,45.0,34.0
2017-06-26,32.0,1.0,15.0,30.0,36.0,42.0,20.0,53.0,49.0,61.0,13.0
2017-06-27,37.0,1.0,49.0,22.0,35.0,45.0,50.0,46.0,55.0,59.0,21.0
2017-06-28,41.0,1.0,50.0,39.0,48.0,47.0,50.0,50.0,58.0,57.0,48.0
2017-06-29,47.0,1.0,50.0,35.0,38.0,44.0,53.0,68.0,52.0,54.0,21.0
2017-06-30,39.0,1.0,50.0,25.0,39.0,44.0,51.0,42.0,52.0,57.0,12.0
2017-07-01,21.0,1.0,12.0,17.0,35.0,36.0,17.0,65.0,46.0,57.0,4.0
2017-07-02,15.0,1.0,9.0,14.0,16.0,34.0,13.0,65.0,42.0,46.0,27.0
2017-07-03,38.0,1.0,53.0,12.0,33.0,48.0,56.0,49.0,55.0,60.0,31.0
2017-07-04,49.0,1.0,55.0,35.0,60.0,46.0,55.0,62.0,63.0,66.0,6.0
2017-07-05,44.0,1.0,54.0,46.0,46.0,51.0,53.0,64.0,57.0,61.0,33.0
2017-07-06,41.0,1.0,53.0,20.0,42.0,43.0,56.0,60.0,58.0,62.0,45.0
2017-07-07,52.0,1.0,53.0,20.0,59.0,46.0,53.0,55.0,62.0,61.0,6.0
2017-07-08,23.0,1.0,14.0,14.0,33.0,37.0,19.0,50.0,53.0,64.0,61.0
2017-07-09,26.0,1.0,9.0,16.0,22.0,33.0,14.0,46.0,44.0,49.0,25.0
2017-07-10,38.0,1.0,64.0,36.0,45.0,49.0,63.0,52.0,60.0,65.0,35.0
2017-07-11,47.0,1.0,58.0,45.0,41.0,49.0,63.0,60.0,64.0,64.0,41.0
2017-07-12,40.0,1.0,63.0,46.0,60.0,46.0,62.0,54.0,62.0,64.0,14.0
2017-07-13,39.0,1.0,65.0,21.0,45.0,47.0,67.0,58.0,60.0,61.0,19.0
2017-07-14,41.0,1.0,65.0,29.0,48.0,46.0,64.0,50.0,58.0,63.0,29.0
2017-07-15,19.0,1.0,15.0,30.0,46.0,42.0,20.0,54.0,54.0,56.0,0.0
2017-07-16,18.0,1.0,11.0,24.0,16.0,39.0,16.0,44.0,49.0,49.0,14.0
2017-07-17,55.0,1.0,62.0,31.0,56.0,46.0,62.0,53.0,65.0,65.0,16.0
2017-07-18,49.0,1.0,64.0,23.0,41.0,46.0,62.0,61.0,63.0,62.0,18.0
2017-07-19,39.0,1.0,66.0,38.0,52.0,48.0,66.0,49.0,59.0,59.0,37.0
2017-07-20,46.0,1.0,61.0,24.0,54.0,42.0,62.0,58.0,62.0,61.0,0.0
2017-07-21,39.0,1.0,67.0,29.0,47.0,49.0,68.0,49.0,63.0,57.0,4.0
2017-07-22,28.0,1.0,15.0,26.0,37.0,40.0,21.0,42.0,56.0,58.0,21.0
2017-07-23,21.0,1.0,11.0,17.0,27.0,35.0,15.0,36.0,45.0,44.0,17.0
2017-07-24,38.0,1.0,62.0,20.0,43.0,51.0,66.0,58.0,62.0,62.0,21.0
2017-07-25,42.0,1.0,65.0,19.0,58.0,48.0,64.0,73.0,62.0,62.0,17.0
2017-07-26,43.0,1.0,62.0,29.0,37.0,45.0,64.0,75.0,62.0,57.0,29.0
2017-07-27,40.0,1.0,65.0,26.0,36.0,46.0,64.0,50.0,62.0,58.0,15.0
2017-07-28,41.0,1.0,61.0,27.0,34.0,46.0,61.0,59.0,60.0,59.0,14.0
2017-07-29,22.0,1.0,16.0,35.0,50.0,35.0,20.0,58.0,53.0,59.0,11.0
2017-07-30,21.0,1.0,12.0,16.0,23.0,35.0,16.0,45.0,50.0,51.0,7.0
2017-07-31,41.0,1.0,61.0,37.0,47.0,42.0,59.0,64.0,61.0,63.0,10.0
2017-08-01,43.0,1.0,61.0,19.0,44.0,42.0,61.0,57.0,62.0,63.0,15.0
2017-08-02,35.0,1.0,63.0,17.0,52.0,51.0,63.0,65.0,65.0,64.0,15.0
2017-08-03,40.0,1.0,57.0,24.0,47.0,45.0,60.0,68.0,70.0,62.0,10.0
2017-08-04,44.0,1.0,58.0,18.0,45.0,45.0,59.0,63.0,58.0,59.0,39.0
2017-08-05,22.0,1.0,18.0,21.0,40.0,37.0,21.0,53.0,51.0,58.0,19.0
2017-08-06,18.0,1.0,11.0,4.0,18.0,32.0,15.0,37.0,40.0,46.0,21.0
2017-08-07,47.0,1.0,59.0,27.0,45.0,40.0,58.0,54.0,54.0,59.0,22.0
2017-08-08,51.0,1.0,65.0,54.0,57.0,45.0,65.0,69.0,65.0,66.0,28.0
2017-08-09,46.0,1.0,65.0,31.0,67.0,46.0,63.0,59.0,62.0,67.0,18.0
2017-08-10,48.0,1.0,62.0,39.0,57.0,48.0,63.0,55.0,61.0,59.0,27.0
2017-08-11,39.0,1.0,64.0,22.0,55.0,43.0,66.0,45.0,61.0,62.0,6.0
2017-08-12,20.0,1.0,14.0,21.0,33.0,33.0,20.0,56.0,49.0,63.0,0.0
2017-08-13,18.0,1.0,11.0,15.0,26.0,35.0,17.0,52.0,45.0,56.0,20.0
2017-08-14,26.0,1.0,56.0,19.0,32.0,39.0,57.0,58.0,56.0,65.0,10.0
2017-08-15,13.0,1.0,16.0,15.0,28.0,34.0,20.0,38.0,41.0,52.0,5.0
2017-08-16,39.0,1.0,60.0,27.0,44.0,52.0,60.0,64.0,60.0,69.0,21.0
2017-08-17,44.0,1.0,57.0,25.0,54.0,44.0,58.0,62.0,66.0,65.0,10.0
2017-08-18,48.0,1.0,68.0,34.0,61.0,49.0,67.0,51.0,63.0,62.0,50.0
2017-08-19,24.0,1.0,18.0,33.0,47.0,37.0,22.0,56.0,51.0,63.0,29.0
2017-08-20,20.0,1.0,12.0,13.0,25.0,34.0,16.0,34.0,52.0,52.0,16.0
2017-08-21,41.0,1.0,64.0,25.0,64.0,50.0,64.0,62.0,62.0,65.0,36.0
2017-08-22,58.0,1.0,61.0,21.0,38.0,48.0,60.0,68.0,68.0,68.0,14.0
2017-08-23,57.0,1.0,61.0,46.0,68.0,49.0,61.0,73.0,62.0,63.0,14.0
2017-08-24,50.0,1.0,61.0,11.0,37.0,41.0,60.0,60.0,62.0,60.0,22.0
2017-08-25,29.0,1.0,25.0,17.0,38.0,39.0,27.0,60.0,51.0,61.0,12.0
2017-08-26,32.0,1.0,14.0,31.0,26.0,39.0,18.0,59.0,56.0,64.0,7.0
2017-08-27,23.0,1.0,11.0,14.0,29.0,41.0,15.0,56.0,48.0,52.0,32.0
2017-08-28,35.0,1.0,66.0,38.0,66.0,48.0,64.0,51.0,60.0,68.0,0.0
2017-08-29,44.0,1.0,61.0,44.0,65.0,47.0,61.0,64.0,61.0,66.0,20.0
2017-08-30,45.0,1.0,62.0,38.0,39.0,48.0,65.0,67.0,63.0,62.0,28.0
2017-08-31,41.0,1.0,60.0,21.0,49.0,49.0,61.0,47.0,61.0,62.0,21.0
2017-09-01,40.0,1.0,65.0,30.0,51.0,47.0,65.0,69.0,59.0,68.0,5.0
2017-09-02,28.0,1.0,17.0,19.0,43.0,35.0,21.0,56.0,53.0,65.0,42.0
2017-09-03,17.0,1.0,12.0,15.0,36.0,34.0,18.0,61.0,47.0,53.0,7.0
2017-09-04,40.0,1.0,65.0,40.0,40.0,45.0,65.0,65.0,63.0,68.0,27.0
2017-09-05,40.0,1.0,64.0,35.0,46.0,43.0,66.0,69.0,59.0,60.0,31.0
2017-09-06,49.0,1.0,63.0,38.0,58.0,47.0,64.0,51.0,63.0,69.0,18.0
2017-09-07,54.0,1.0,67.0,36.0,48.0,52.0,66.0,69.0,67.0,74.0,6.0
2017-09-08,39.0,,65.0,45.0,51.0,49.0,63.0,63.0,67.0,71.0,26.0
2017-09-09,26.0,,19.0,39.0,32.0,42.0,21.0,76.0,57.0,70.0,0.0
2017-09-10,18.0,,15.0,27.0,46.0,41.0,21.0,42.0,52.0,58.0,0.0
2017-09-11,39.0,,73.0,45.0,42.0,46.0,72.0,88.0,68.0,77.0,26.0
2017-09-12,43.0,,75.0,16.0,66.0,55.0,73.0,76.0,65.0,77.0,12.0
2017-09-13,45.0,,72.0,28.0,52.0,47.0,72.0,64.0,68.0,73.0,12.0
2017-09-14,60.0,,70.0,33.0,68.0,52.0,74.0,75.0,92.0,71.0,12.0
2017-09-15,37.0,,73.0,41.0,40.0,49.0,69.0,64.0,68.0,69.0,38.0
2017-09-16,44.0,,20.0,17.0,53.0,45.0,23.0,66.0,60.0,76.0,13.0
2017-09-17,25.0,,12.0,4.0,35.0,38.0,18.0,41.0,54.0,60.0,13.0
2017-09-18,35.0,,75.0,58.0,66.0,52.0,77.0,52.0,71.0,75.0,12.0
2017-09-19,52.0,,75.0,40.0,52.0,49.0,75.0,77.0,74.0,68.0,37.0
2017-09-20,54.0,,76.0,28.0,42.0,47.0,75.0,62.0,63.0,65.0,37.0
2017-09-21,44.0,,70.0,39.0,65.0,45.0,69.0,49.0,65.0,60.0,24.0
2017-09-22,42.0,,72.0,20.0,43.0,39.0,73.0,51.0,60.0,64.0,0.0
2017-09-23,41.0,,19.0,42.0,29.0,38.0,23.0,63.0,55.0,60.0,26.0
2017-09-24,25.0,,12.0,18.0,33.0,34.0,18.0,67.0,50.0,53.0,55.0
2017-09-25,50.0,,73.0,16.0,62.0,46.0,75.0,73.0,55.0,66.0,25.0
2017-09-26,38.0,,69.0,28.0,50.0,52.0,68.0,65.0,62.0,67.0,12.0
2017-09-27,33.0,,73.0,41.0,73.0,43.0,75.0,69.0,62.0,64.0,38.0
2017-09-28,39.0,,67.0,25.0,32.0,41.0,69.0,60.0,57.0,67.0,0.0
2017-09-29,31.0,,66.0,27.0,26.0,37.0,67.0,55.0,49.0,68.0,56.0
2017-09-30,17.0,,18.0,19.0,39.0,34.0,24.0,60.0,47.0,56.0,15.0
2017-10-01,20.0,,12.0,23.0,23.0,31.0,17.0,50.0,43.0,58.0,0.0
2017-10-02,20.0,,19.0,22.0,38.0,38.0,23.0,39.0,46.0,65.0,0.0
2017-10-03,46.0,,71.0,25.0,76.0,45.0,77.0,55.0,63.0,69.0,0.0
2017-10-04,37.0,,72.0,50.0,45.0,48.0,73.0,73.0,65.0,70.0,0.0
2017-10-05,50.0,,71.0,28.0,59.0,41.0,72.0,48.0,64.0,66.0,38.0
2017-10-06,34.0,,71.0,45.0,49.0,41.0,68.0,60.0,59.0,65.0,51.0
2017-10-07,23.0,,18.0,33.0,38.0,38.0,22.0,56.0,51.0,65.0,26.0
2017-10-08,11.0,,14.0,22.0,24.0,39.0,18.0,36.0,51.0,53.0,55.0
2017-10-09,32.0,,77.0,16.0,42.0,53.0,75.0,66.0,68.0,76.0,26.0
2017-10-10,54.0,,73.0,48.0,71.0,58.0,78.0,46.0,71.0,68.0,37.0
2017-10-11,39.0,,73.0,37.0,62.0,46.0,75.0,57.0,66.0,71.0,38.0
2017-10-12,43.0,,76.0,39.0,62.0,47.0,73.0,47.0,61.0,67.0,0.0
2017-10-13,36.0,,74.0,28.0,24.0,47.0,76.0,58.0,59.0,64.0,51.0
2017-10-14,35.0,,19.0,17.0,41.0,37.0,25.0,36.0,55.0,63.0,0.0
2017-10-15,18.0,,13.0,9.0,15.0,33.0,20.0,43.0,47.0,55.0,29.0
2017-10-16,41.0,,76.0,29.0,59.0,42.0,76.0,51.0,59.0,67.0,13.0
2017-10-17,30.0,,76.0,29.0,39.0,38.0,72.0,64.0,53.0,58.0,0.0
2017-10-18,24.0,,71.0,9.0,38.0,33.0,75.0,54.0,43.0,52.0,0.0
2017-10-19,17.0,,44.0,19.0,32.0,28.0,44.0,44.0,38.0,55.0,45.0
2017-10-20,26.0,,29.0,13.0,24.0,40.0,35.0,37.0,47.0,65.0,0.0
2017-10-21,23.0,,18.0,9.0,40.0,35.0,24.0,62.0,46.0,69.0,41.0
2017-10-22,24.0,,13.0,9.0,52.0,39.0,17.0,47.0,43.0,56.0,13.0
2017-10-23,47.0,,74.0,24.0,50.0,46.0,81.0,81.0,60.0,78.0,0.0
2017-10-24,39.0,,79.0,44.0,58.0,49.0,82.0,71.0,61.0,78.0,37.0
2017-10-25,50.0,,100.0,35.0,61.0,55.0,97.0,53.0,58.0,71.0,24.0
2017-10-26,47.0,,97.0,39.0,69.0,49.0,93.0,66.0,68.0,66.0,12.0
2017-10-27,29.0,,90.0,33.0,55.0,47.0,87.0,56.0,57.0,70.0,12.0
2017-10-28,26.0,,24.0,25.0,32.0,49.0,26.0,62.0,51.0,73.0,26.0
2017-10-29,14.0,,14.0,34.0,23.0,39.0,22.0,72.0,43.0,56.0,13.0
2017-10-30,44.0,,85.0,60.0,39.0,44.0,86.0,59.0,64.0,72.0,37.0
2017-10-31,45.0,,88.0,39.0,59.0,42.0,84.0,60.0,59.0,68.0,12.0
2017-11-01,34.0,,90.0,60.0,60.0,45.0,87.0,69.0,59.0,71.0,0.0
2017-11-02,49.0,,90.0,31.0,77.0,46.0,87.0,55.0,69.0,68.0,0.0
2017-11-03,38.0,,94.0,44.0,49.0,41.0,87.0,40.0,63.0,66.0,62.0
2017-11-04,19.0,,21.0,24.0,48.0,38.0,26.0,59.0,48.0,67.0,12.0
2017-11-05,27.0,,16.0,13.0,25.0,41.0,22.0,42.0,52.0,56.0,13.0
2017-11-06,54.0,,93.0,28.0,59.0,48.0,91.0,84.0,66.0,73.0,12.0
2017-11-07,54.0,,91.0,38.0,56.0,49.0,89.0,64.0,62.0,71.0,96.0
2017-11-08,36.0,,88.0,32.0,60.0,51.0,87.0,81.0,66.0,69.0,37.0
2017-11-09,44.0,,83.0,39.0,57.0,51.0,86.0,59.0,65.0,63.0,24.0
2017-11-10,46.0,,88.0,63.0,57.0,48.0,88.0,56.0,65.0,70.0,36.0
2017-11-11,32.0,,24.0,16.0,38.0,40.0,29.0,61.0,54.0,67.0,0.0
2017-11-12,25.0,,17.0,18.0,44.0,35.0,22.0,47.0,42.0,53.0,0.0
2017-11-13,51.0,,87.0,48.0,47.0,49.0,87.0,62.0,61.0,71.0,25.0
2017-11-14,47.0,,88.0,27.0,44.0,49.0,86.0,47.0,62.0,64.0,60.0
2017-11-15,42.0,1.0,80.0,26.0,64.0,46.0,81.0,57.0,59.0,71.0,40.0
2017-11-16,47.0,1.0,80.0,32.0,47.0,47.0,83.0,62.0,64.0,67.0,40.0
2017-11-17,55.0,1.0,82.0,49.0,59.0,47.0,84.0,55.0,56.0,71.0,26.0
2017-11-18,28.0,1.0,23.0,19.0,43.0,41.0,27.0,54.0,51.0,63.0,21.0
2017-11-19,22.0,1.0,16.0,25.0,39.0,42.0,22.0,48.0,45.0,48.0,23.0
2017-11-20,46.0,1.0,83.0,25.0,33.0,46.0,81.0,69.0,54.0,72.0,19.0
2017-11-21,46.0,1.0,88.0,35.0,56.0,51.0,87.0,65.0,61.0,71.0,14.0
2017-11-22,44.0,1.0,85.0,27.0,59.0,51.0,85.0,50.0,58.0,69.0,47.0
2017-11-23,49.0,1.0,80.0,42.0,56.0,46.0,83.0,59.0,62.0,67.0,14.0
2017-11-24,44.0,1.0,83.0,45.0,56.0,43.0,81.0,53.0,59.0,68.0,40.0
2017-11-25,25.0,1.0,20.0,13.0,34.0,39.0,26.0,42.0,52.0,62.0,0.0
2017-11-26,17.0,1.0,16.0,18.0,28.0,36.0,22.0,42.0,42.0,55.0,7.0
2017-11-27,34.0,1.0,81.0,35.0,58.0,44.0,82.0,72.0,60.0,69.0,15.0
2017-11-28,44.0,1.0,89.0,27.0,52.0,50.0,84.0,43.0,66.0,67.0,40.0
2017-11-29,51.0,1.0,85.0,29.0,40.0,42.0,87.0,58.0,59.0,66.0,0.0
2017-11-30,36.0,1.0,78.0,37.0,39.0,45.0,78.0,52.0,61.0,66.0,19.0
2017-12-01,44.0,1.0,77.0,20.0,41.0,44.0,77.0,50.0,54.0,61.0,7.0
2017-12-02,31.0,1.0,20.0,34.0,38.0,36.0,24.0,49.0,50.0,65.0,6.0
2017-12-03,21.0,1.0,15.0,22.0,16.0,34.0,20.0,45.0,45.0,51.0,7.0
2017-12-04,42.0,1.0,77.0,43.0,39.0,47.0,76.0,63.0,55.0,68.0,21.0
2017-12-05,50.0,1.0,73.0,33.0,36.0,44.0,77.0,46.0,57.0,65.0,24.0
2017-12-06,41.0,1.0,71.0,27.0,36.0,45.0,72.0,70.0,56.0,69.0,20.0
2017-12-07,46.0,1.0,80.0,40.0,46.0,48.0,80.0,65.0,59.0,70.0,26.0
2017-12-08,41.0,1.0,78.0,29.0,44.0,44.0,77.0,61.0,61.0,67.0,14.0
2017-12-09,28.0,1.0,21.0,23.0,37.0,36.0,27.0,65.0,48.0,72.0,0.0
2017-12-10,17.0,1.0,16.0,7.0,19.0,37.0,21.0,46.0,42.0,55.0,28.0
2017-12-11,32.0,1.0,79.0,33.0,46.0,46.0,77.0,81.0,59.0,72.0,20.0
2017-12-12,39.0,1.0,74.0,28.0,35.0,46.0,76.0,64.0,59.0,69.0,13.0
2017-12-13,44.0,1.0,71.0,41.0,54.0,45.0,74.0,55.0,56.0,60.0,20.0
2017-12-14,47.0,1.0,69.0,38.0,44.0,48.0,71.0,55.0,59.0,66.0,0.0
2017-12-15,41.0,1.0,79.0,34.0,55.0,43.0,78.0,60.0,61.0,75.0,19.0
2017-12-16,24.0,1.0,20.0,31.0,46.0,39.0,26.0,46.0,50.0,65.0,35.0
2017-12-17,16.0,1.0,15.0,13.0,22.0,36.0,20.0,52.0,44.0,54.0,29.0
2017-12-18,34.0,1.0,75.0,24.0,25.0,36.0,77.0,45.0,50.0,63.0,6.0
2017-12-19,46.0,1.0,80.0,36.0,60.0,47.0,82.0,50.0,57.0,66.0,11.0
2017-12-20,40.0,1.0,82.0,41.0,59.0,42.0,83.0,67.0,55.0,65.0,13.0
2017-12-21,36.0,1.0,87.0,31.0,47.0,43.0,86.0,66.0,59.0,67.0,18.0
2017-12-22,27.0,1.0,81.0,18.0,37.0,38.0,81.0,38.0,56.0,62.0,18.0
2017-12-23,17.0,1.0,22.0,30.0,44.0,33.0,26.0,55.0,47.0,61.0,36.0
2017-12-24,15.0,1.0,15.0,15.0,18.0,27.0,20.0,41.0,35.0,48.0,7.0
2017-12-25,25.0,1.0,22.0,27.0,32.0,35.0,25.0,39.0,42.0,60.0,7.0
2017-12-26,38.0,1.0,87.0,22.0,48.0,41.0,86.0,55.0,50.0,69.0,7.0
2017-12-27,28.0,1.0,88.0,39.0,39.0,46.0,90.0,55.0,56.0,70.0,32.0
2017-12-28,40.0,1.0,89.0,55.0,61.0,39.0,90.0,62.0,53.0,68.0,39.0
2017-12-29,32.0,1.0,95.0,25.0,39.0,41.0,93.0,45.0,50.0,64.0,7.0
2017-12-30,18.0,1.0,25.0,19.0,36.0,37.0,30.0,46.0,46.0,58.0,12.0
2017-12-31,11.0,1.0,15.0,15.0,16.0,28.0,20.0,37.0,32.0,43.0,7.0
2018-01-01,25.0,1.0,89.0,13.0,21.0,28.0,85.0,36.0,38.0,58.0,16.0
2018-01-02,36.0,1.0,90.0,36.0,39.0,42.0,91.0,56.0,53.0,63.0,11.0
2018-01-03,44.0,1.0,91.0,41.0,49.0,47.0,89.0,60.0,57.0,64.0,31.0
2018-01-04,48.0,1.0,98.0,36.0,64.0,45.0,98.0,49.0,56.0,67.0,20.0
2018-01-05,42.0,1.0,96.0,24.0,52.0,42.0,100.0,55.0,57.0,65.0,26.0
2018-01-06,22.0,1.0,25.0,18.0,40.0,39.0,30.0,53.0,50.0,64.0,13.0
2018-01-07,14.0,1.0,18.0,21.0,25.0,34.0,23.0,40.0,41.0,50.0,26.0
2018-01-08,36.0,1.0,99.0,41.0,60.0,45.0,98.0,49.0,55.0,70.0,20.0
2018-01-09,46.0,1.0,100.0,40.0,45.0,46.0,99.0,43.0,60.0,68.0,31.0
2018-01-10,41.0,1.0,98.0,41.0,41.0,47.0,97.0,60.0,55.0,64.0,36.0
2018-01-11,44.0,1.0,100.0,26.0,57.0,46.0,98.0,52.0,57.0,60.0,19.0
2018-01-12,35.0,1.0,96.0,42.0,42.0,43.0,95.0,52.0,54.0,62.0,13.0
2018-01-13,26.0,1.0,25.0,28.0,34.0,31.0,30.0,47.0,46.0,57.0,25.0
2018-01-14,14.0,1.0,18.0,17.0,20.0,29.0,22.0,32.0,38.0,49.0,27.0
2018-01-15,40.0,1.0,86.0,25.0,33.0,39.0,85.0,47.0,51.0,65.0,25.0
2018-01-16,36.0,1.0,89.0,51.0,44.0,45.0,91.0,61.0,54.0,65.0,6.0
2018-01-17,46.0,1.0,93.0,26.0,50.0,48.0,93.0,68.0,56.0,66.0,37.0
2018-01-18,30.0,1.0,94.0,51.0,58.0,45.0,95.0,60.0,62.0,69.0,19.0
2018-01-19,45.0,1.0,89.0,38.0,48.0,43.0,90.0,47.0,58.0,65.0,6.0
2018-01-20,18.0,1.0,22.0,20.0,34.0,35.0,28.0,61.0,49.0,64.0,20.0
2018-01-21,15.0,1.0,17.0,16.0,32.0,37.0,23.0,44.0,44.0,49.0,41.0
2018-01-22,48.0,1.0,90.0,32.0,45.0,48.0,89.0,53.0,58.0,67.0,18.0
2018-01-23,36.0,1.0,95.0,26.0,40.0,47.0,95.0,60.0,53.0,70.0,12.0
2018-01-24,41.0,1.0,88.0,30.0,48.0,45.0,91.0,46.0,57.0,62.0,5.0
2018-01-25,35.0,1.0,81.0,27.0,35.0,37.0,79.0,53.0,47.0,63.0,18.0
2018-01-26,18.0,1.0,21.0,28.0,20.0,32.0,26.0,40.0,42.0,56.0,6.0
2018-01-27,23.0,1.0,18.0,10.0,20.0,35.0,21.0,40.0,44.0,63.0,0.0
2018-01-28,23.0,1.0,16.0,10.0,25.0,35.0,20.0,36.0,41.0,48.0,38.0
2018-01-29,42.0,1.0,85.0,42.0,43.0,47.0,88.0,61.0,58.0,73.0,56.0
2018-01-30,44.0,1.0,84.0,33.0,57.0,45.0,84.0,69.0,59.0,66.0,25.0
2018-01-31,32.0,1.0,83.0,34.0,41.0,45.0,82.0,40.0,56.0,60.0,17.0
2018-02-01,47.0,1.0,89.0,47.0,44.0,47.0,89.0,51.0,57.0,62.0,12.0
2018-02-02,51.0,1.0,90.0,24.0,37.0,48.0,97.0,50.0,55.0,65.0,13.0
2018-02-03,30.0,1.0,23.0,36.0,40.0,40.0,28.0,64.0,46.0,61.0,28.0
2018-02-04,22.0,1.0,17.0,29.0,20.0,37.0,21.0,38.0,42.0,51.0,46.0
2018-02-05,47.0,1.0,88.0,30.0,53.0,53.0,88.0,60.0,59.0,69.0,47.0
2018-02-06,59.0,1.0,96.0,26.0,44.0,53.0,99.0,74.0,61.0,66.0,50.0
2018-02-07,44.0,1.0,86.0,36.0,37.0,43.0,85.0,59.0,54.0,64.0,12.0
2018-02-08,42.0,1.0,90.0,36.0,45.0,47.0,91.0,57.0,54.0,67.0,29.0
2018-02-09,61.0,1.0,88.0,11.0,30.0,47.0,85.0,44.0,55.0,64.0,5.0
2018-02-10,34.0,1.0,21.0,33.0,33.0,40.0,27.0,42.0,46.0,64.0,18.0
2018-02-11,37.0,1.0,17.0,31.0,27.0,40.0,22.0,40.0,42.0,55.0,32.0
2018-02-12,100.0,1.0,85.0,26.0,50.0,41.0,85.0,57.0,54.0,70.0,41.0
2018-02-13,55.0,1.0,35.0,31.0,45.0,43.0,40.0,53.0,48.0,60.0,5.0
2018-02-14,90.0,1.0,84.0,25.0,43.0,43.0,84.0,43.0,51.0,61.0,12.0
2018-02-15,81.0,1.0,92.0,38.0,34.0,44.0,90.0,39.0,59.0,66.0,18.0
2018-02-16,43.0,1.0,85.0,28.0,41.0,43.0,84.0,49.0,49.0,65.0,6.0
2018-02-17,29.0,1.0,24.0,29.0,30.0,39.0,27.0,55.0,47.0,69.0,11.0
2018-02-18,29.0,1.0,16.0,12.0,23.0,33.0,22.0,52.0,40.0,54.0,20.0
2018-02-19,54.0,1.0,82.0,28.0,38.0,48.0,82.0,47.0,55.0,75.0,0.0
2018-02-20,46.0,1.0,80.0,39.0,49.0,45.0,78.0,57.0,53.0,68.0,18.0
2018-02-21,50.0,1.0,75.0,32.0,53.0,49.0,75.0,52.0,58.0,67.0,52.0
2018-02-22,66.0,1.0,73.0,28.0,46.0,45.0,71.0,60.0,62.0,70.0,17.0
2018-02-23,58.0,1.0,73.0,28.0,41.0,40.0,71.0,51.0,54.0,67.0,18.0
2018-02-24,24.0,,18.0,23.0,32.0,35.0,24.0,75.0,52.0,69.0,13.0
2018-02-25,18.0,,12.0,8.0,19.0,35.0,21.0,49.0,43.0,56.0,0.0
2018-02-26,88.0,,75.0,30.0,52.0,45.0,79.0,50.0,54.0,75.0,26.0
2018-02-27,59.0,,73.0,30.0,48.0,49.0,76.0,68.0,60.0,68.0,26.0
2018-02-28,45.0,,70.0,19.0,32.0,43.0,72.0,65.0,53.0,65.0,0.0
2018-03-01,45.0,,67.0,42.0,27.0,44.0,68.0,53.0,52.0,60.0,53.0
2018-03-02,24.0,,22.0,30.0,26.0,41.0,26.0,53.0,41.0,60.0,0.0
2018-03-03,25.0,,15.0,35.0,15.0,37.0,20.0,57.0,43.0,68.0,27.0
2018-03-04,15.0,,12.0,12.0,25.0,31.0,18.0,24.0,40.0,56.0,0.0
2018-03-05,50.0,,66.0,56.0,44.0,46.0,66.0,58.0,58.0,72.0,13.0
2018-03-06,45.0,,64.0,51.0,32.0,45.0,67.0,56.0,55.0,70.0,38.0
2018-03-07,47.0,,70.0,15.0,32.0,50.0,74.0,47.0,53.0,65.0,13.0
2018-03-08,42.0,,69.0,58.0,49.0,40.0,69.0,37.0,60.0,67.0,25.0
2018-03-09,51.0,,66.0,26.0,52.0,47.0,67.0,52.0,55.0,72.0,13.0
2018-03-10,28.0,,17.0,34.0,32.0,44.0,22.0,53.0,45.0,74.0,40.0
2018-03-11,16.0,,11.0,20.0,11.0,43.0,16.0,51.0,47.0,55.0,28.0
2018-03-12,45.0,,66.0,37.0,47.0,48.0,68.0,49.0,56.0,78.0,13.0
2018-03-13,66.0,,72.0,43.0,43.0,55.0,71.0,66.0,57.0,82.0,37.0
2018-03-14,45.0,,70.0,31.0,34.0,51.0,68.0,48.0,56.0,69.0,24.0
2018-03-15,44.0,,69.0,40.0,46.0,47.0,70.0,53.0,57.0,66.0,50.0
2018-03-16,41.0,,68.0,18.0,35.0,47.0,70.0,54.0,55.0,67.0,13.0
2018-03-17,16.0,,19.0,11.0,15.0,42.0,24.0,49.0,49.0,65.0,39.0
2018-03-18,16.0,,12.0,12.0,24.0,43.0,18.0,47.0,40.0,52.0,13.0
2018-03-19,44.0,,68.0,44.0,37.0,46.0,67.0,58.0,58.0,74.0,25.0
2018-03-20,39.0,,68.0,22.0,47.0,53.0,66.0,48.0,56.0,67.0,12.0
2018-03-21,50.0,,66.0,18.0,38.0,49.0,69.0,47.0,59.0,72.0,50.0
2018-03-22,38.0,,66.0,36.0,34.0,47.0,68.0,56.0,58.0,70.0,12.0
2018-03-23,51.0,,65.0,33.0,34.0,51.0,67.0,45.0,51.0,68.0,25.0
2018-03-24,23.0,,18.0,38.0,32.0,41.0,23.0,50.0,49.0,65.0,13.0
2018-03-25,20.0,,13.0,20.0,21.0,43.0,18.0,39.0,44.0,54.0,14.0
2018-03-26,35.0,,63.0,22.0,34.0,43.0,69.0,56.0,55.0,68.0,0.0
2018-03-27,42.0,,70.0,14.0,34.0,48.0,71.0,47.0,56.0,66.0,12.0
2018-03-28,46.0,,65.0,36.0,42.0,52.0,66.0,57.0,56.0,67.0,25.0
2018-03-29,46.0,,29.0,47.0,48.0,59.0,32.0,60.0,50.0,73.0,50.0
2018-03-30,31.0,,19.0,22.0,27.0,47.0,25.0,48.0,47.0,72.0,51.0
2018-03-31,24.0,,13.0,16.0,42.0,45.0,18.0,63.0,49.0,62.0,13.0
2018-04-01,19.0,,12.0,16.0,22.0,42.0,17.0,38.0,38.0,54.0,43.0
2018-04-02,43.0,,67.0,23.0,35.0,53.0,67.0,54.0,56.0,72.0,26.0
2018-04-03,46.0,,69.0,45.0,41.0,52.0,72.0,65.0,61.0,70.0,13.0
2018-04-04,47.0,,70.0,25.0,29.0,55.0,73.0,50.0,51.0,70.0,13.0
2018-04-05,27.0,,69.0,29.0,51.0,56.0,74.0,48.0,56.0,71.0,100.0
2018-04-06,44.0,,69.0,43.0,40.0,56.0,73.0,54.0,56.0,67.0,38.0
2018-04-07,19.0,,17.0,33.0,34.0,58.0,22.0,48.0,45.0,66.0,0.0
2018-04-08,15.0,,12.0,7.0,13.0,44.0,18.0,41.0,38.0,56.0,27.0
2018-04-09,47.0,,68.0,32.0,38.0,50.0,68.0,53.0,55.0,74.0,25.0
2018-04-10,40.0,,70.0,25.0,40.0,52.0,70.0,43.0,55.0,69.0,13.0
2018-04-11,56.0,,73.0,22.0,44.0,50.0,71.0,50.0,56.0,65.0,37.0
2018-04-12,45.0,,66.0,39.0,44.0,48.0,69.0,47.0,56.0,63.0,37.0
2018-04-13,34.0,,64.0,28.0,42.0,41.0,69.0,44.0,54.0,68.0,37.0
2018-04-14,27.0,,17.0,27.0,28.0,42.0,21.0,46.0,43.0,68.0,66.0
2018-04-15,21.0,,12.0,20.0,14.0,31.0,16.0,33.0,39.0,56.0,28.0
2018-04-16,36.0,,67.0,37.0,39.0,42.0,68.0,53.0,51.0,73.0,51.0
2018-04-17,45.0,,66.0,25.0,38.0,43.0,68.0,44.0,56.0,62.0,25.0
2018-04-18,35.0,,65.0,51.0,51.0,38.0,70.0,53.0,56.0,61.0,25.0
2018-04-19,53.0,,72.0,33.0,34.0,44.0,75.0,73.0,53.0,66.0,13.0
2018-04-20,44.0,,73.0,41.0,33.0,36.0,74.0,52.0,51.0,62.0,26.0
2018-04-21,27.0,,17.0,22.0,38.0,36.0,24.0,43.0,43.0,66.0,0.0
2018-04-22,20.0,,14.0,24.0,23.0,32.0,18.0,43.0,38.0,53.0,28.0
2018-04-23,38.0,,69.0,32.0,30.0,38.0,78.0,48.0,56.0,65.0,12.0
2018-04-24,45.0,,73.0,40.0,38.0,34.0,75.0,42.0,54.0,74.0,50.0
2018-04-25,45.0,,67.0,32.0,28.0,40.0,72.0,62.0,53.0,69.0,12.0
2018-04-26,31.0,,70.0,29.0,42.0,38.0,73.0,66.0,54.0,65.0,25.0
2018-04-27,23.0,,68.0,25.0,40.0,38.0,72.0,43.0,51.0,67.0,0.0
2018-04-28,19.0,,17.0,15.0,23.0,37.0,20.0,48.0,47.0,61.0,25.0
2018-04-29,14.0,,12.0,18.0,14.0,28.0,18.0,36.0,35.0,51.0,0.0
2018-04-30,27.0,,63.0,34.0,30.0,35.0,67.0,55.0,51.0,70.0,12.0
2018-05-01,22.0,,29.0,21.0,34.0,38.0,34.0,37.0,44.0,63.0,24.0
2018-05-02,31.0,,70.0,28.0,34.0,43.0,71.0,60.0,51.0,66.0,24.0
2018-05-03,45.0,1.0,66.0,30.0,38.0,39.0,69.0,51.0,52.0,65.0,12.0
2018-05-04,37.0,1.0,65.0,37.0,39.0,39.0,67.0,42.0,53.0,64.0,45.0
2018-05-05,19.0,1.0,17.0,34.0,29.0,34.0,23.0,41.0,47.0,61.0,6.0
2018-05-06,15.0,1.0,14.0,20.0,15.0,34.0,17.0,38.0,40.0,53.0,28.0
2018-05-07,41.0,1.0,69.0,45.0,32.0,36.0,71.0,57.0,54.0,72.0,6.0
2018-05-08,40.0,1.0,69.0,40.0,43.0,40.0,71.0,43.0,53.0,66.0,19.0
2018-05-09,39.0,1.0,67.0,31.0,40.0,40.0,73.0,52.0,52.0,66.0,38.0
2018-05-10,42.0,1.0,67.0,38.0,46.0,39.0,71.0,50.0,56.0,63.0,12.0
2018-05-11,35.0,1.0,69.0,22.0,45.0,36.0,72.0,44.0,50.0,66.0,18.0
2018-05-12,20.0,1.0,17.0,27.0,24.0,31.0,23.0,55.0,42.0,66.0,45.0
2018-05-13,17.0,1.0,13.0,17.0,20.0,30.0,18.0,33.0,39.0,52.0,34.0
2018-05-14,38.0,1.0,65.0,44.0,31.0,39.0,68.0,43.0,49.0,68.0,43.0
2018-05-15,40.0,1.0,59.0,30.0,36.0,39.0,65.0,47.0,43.0,61.0,17.0
2018-05-16,41.0,1.0,61.0,40.0,37.0,39.0,65.0,61.0,51.0,69.0,24.0
2018-05-17,49.0,1.0,67.0,56.0,33.0,36.0,70.0,55.0,51.0,65.0,37.0
2018-05-18,41.0,1.0,63.0,34.0,39.0,38.0,67.0,53.0,52.0,67.0,31.0
2018-05-19,20.0,1.0,17.0,33.0,32.0,30.0,22.0,51.0,45.0,65.0,19.0
2018-05-20,24.0,1.0,13.0,20.0,17.0,31.0,17.0,40.0,42.0,50.0,34.0
2018-05-21,37.0,1.0,68.0,34.0,36.0,42.0,68.0,64.0,55.0,72.0,6.0
2018-05-22,33.0,1.0,64.0,32.0,41.0,39.0,69.0,63.0,53.0,67.0,25.0
2018-05-23,40.0,1.0,62.0,34.0,45.0,42.0,68.0,57.0,55.0,65.0,18.0
2018-05-24,38.0,1.0,64.0,35.0,30.0,38.0,67.0,53.0,57.0,63.0,24.0
2018-05-25,31.0,1.0,64.0,15.0,40.0,40.0,67.0,60.0,50.0,68.0,6.0
2018-05-26,22.0,1.0,17.0,24.0,30.0,36.0,22.0,47.0,48.0,61.0,30.0
2018-05-27,23.0,1.0,12.0,16.0,22.0,30.0,16.0,47.0,39.0,54.0,6.0
2018-05-28,42.0,1.0,65.0,72.0,41.0,39.0,66.0,63.0,57.0,68.0,17.0
2018-05-29,38.0,1.0,64.0,33.0,40.0,42.0,68.0,48.0,55.0,68.0,17.0
2018-05-30,34.0,1.0,64.0,42.0,33.0,40.0,67.0,45.0,54.0,64.0,16.0
2018-05-31,40.0,1.0,65.0,56.0,47.0,44.0,68.0,45.0,52.0,63.0,16.0
2018-06-01,34.0,1.0,63.0,48.0,43.0,39.0,68.0,53.0,54.0,63.0,42.0
2018-06-02,23.0,1.0,19.0,32.0,29.0,32.0,23.0,52.0,48.0,66.0,12.0
2018-06-03,19.0,1.0,12.0,27.0,33.0,32.0,18.0,45.0,41.0,54.0,13.0
2018-06-04,35.0,1.0,62.0,38.0,39.0,38.0,65.0,58.0,54.0,72.0,24.0
2018-06-05,45.0,1.0,59.0,32.0,34.0,40.0,62.0,45.0,59.0,68.0,18.0
2018-06-06,31.0,1.0,59.0,49.0,50.0,40.0,62.0,60.0,54.0,61.0,23.0
2018-06-07,35.0,1.0,63.0,42.0,35.0,42.0,64.0,64.0,52.0,67.0,35.0
2018-06-08,34.0,1.0,61.0,44.0,43.0,40.0,64.0,50.0,54.0,64.0,35.0
2018-06-09,19.0,1.0,16.0,29.0,28.0,35.0,21.0,39.0,49.0,65.0,55.0
2018-06-10,17.0,1.0,10.0,21.0,25.0,36.0,17.0,43.0,41.0,56.0,6.0
2018-06-11,44.0,1.0,61.0,29.0,41.0,41.0,64.0,54.0,55.0,70.0,52.0
2018-06-12,39.0,1.0,69.0,42.0,39.0,48.0,74.0,50.0,61.0,67.0,48.0
2018-06-13,39.0,1.0,71.0,39.0,46.0,45.0,73.0,58.0,59.0,68.0,22.0
2018-06-14,36.0,1.0,62.0,26.0,36.0,44.0,65.0,62.0,54.0,68.0,28.0
2018-06-15,30.0,1.0,57.0,22.0,24.0,36.0,61.0,48.0,47.0,64.0,23.0
2018-06-16,13.0,1.0,15.0,25.0,28.0,28.0,21.0,52.0,43.0,64.0,0.0
2018-06-17,21.0,1.0,9.0,15.0,22.0,30.0,18.0,32.0,39.0,51.0,26.0
2018-06-18,48.0,1.0,58.0,38.0,39.0,43.0,61.0,51.0,57.0,71.0,18.0
2018-06-19,44.0,1.0,57.0,45.0,37.0,45.0,60.0,60.0,56.0,68.0,6.0
2018-06-20,36.0,1.0,60.0,31.0,43.0,43.0,63.0,56.0,55.0,67.0,35.0
2018-06-21,29.0,1.0,57.0,58.0,38.0,42.0,58.0,45.0,58.0,70.0,6.0
2018-06-22,38.0,1.0,55.0,46.0,40.0,42.0,58.0,52.0,57.0,70.0,18.0
2018-06-23,21.0,1.0,15.0,32.0,22.0,36.0,21.0,45.0,47.0,66.0,12.0
2018-06-24,24.0,1.0,11.0,28.0,30.0,34.0,16.0,35.0,41.0,54.0,13.0
2018-06-25,38.0,1.0,56.0,27.0,57.0,45.0,60.0,54.0,56.0,68.0,17.0
2018-06-26,40.0,1.0,52.0,19.0,31.0,37.0,56.0,43.0,50.0,65.0,27.0
2018-06-27,32.0,1.0,55.0,37.0,44.0,40.0,57.0,43.0,53.0,63.0,45.0
2018-06-28,40.0,1.0,56.0,51.0,39.0,42.0,59.0,62.0,53.0,63.0,28.0
2018-06-29,33.0,1.0,57.0,39.0,52.0,42.0,59.0,55.0,57.0,65.0,35.0
2018-06-30,22.0,1.0,15.0,31.0,34.0,36.0,21.0,48.0,48.0,61.0,17.0
2018-07-01,23.0,1.0,9.0,11.0,12.0,33.0,17.0,46.0,42.0,55.0,30.0
2018-07-02,31.0,1.0,55.0,37.0,35.0,41.0,59.0,49.0,55.0,70.0,22.0
2018-07-03,39.0,1.0,56.0,27.0,36.0,42.0,59.0,57.0,55.0,67.0,28.0
2018-07-04,45.0,1.0,56.0,28.0,36.0,45.0,60.0,47.0,54.0,74.0,40.0
2018-07-05,41.0,1.0,57.0,46.0,41.0,42.0,60.0,52.0,57.0,70.0,28.0
2018-07-06,34.0,1.0,58.0,42.0,44.0,41.0,63.0,50.0,55.0,71.0,40.0
2018-07-07,34.0,1.0,15.0,24.0,23.0,37.0,20.0,43.0,48.0,69.0,52.0
2018-07-08,15.0,1.0,11.0,17.0,27.0,33.0,17.0,49.0,45.0,57.0,18.0
2018-07-09,37.0,1.0,64.0,39.0,41.0,40.0,67.0,57.0,58.0,74.0,24.0
2018-07-10,48.0,1.0,61.0,31.0,50.0,40.0,65.0,52.0,57.0,69.0,23.0
2018-07-11,33.0,1.0,65.0,60.0,40.0,45.0,65.0,52.0,62.0,74.0,16.0
2018-07-12,35.0,1.0,58.0,36.0,39.0,39.0,64.0,56.0,55.0,65.0,6.0
2018-07-13,44.0,1.0,58.0,41.0,39.0,41.0,65.0,51.0,60.0,67.0,17.0
2018-07-14,26.0,1.0,16.0,33.0,30.0,34.0,23.0,52.0,50.0,63.0,19.0
2018-07-15,15.0,1.0,10.0,24.0,24.0,32.0,17.0,38.0,45.0,58.0,19.0
2018-07-16,39.0,1.0,61.0,48.0,40.0,40.0,65.0,49.0,58.0,70.0,17.0
2018-07-17,35.0,1.0,57.0,26.0,34.0,47.0,62.0,56.0,58.0,69.0,57.0
2018-07-18,37.0,1.0,60.0,36.0,35.0,45.0,64.0,46.0,59.0,73.0,46.0
2018-07-19,44.0,1.0,57.0,30.0,51.0,40.0,63.0,55.0,58.0,70.0,47.0
2018-07-20,39.0,1.0,58.0,51.0,56.0,42.0,64.0,46.0,60.0,72.0,12.0
2018-07-21,29.0,1.0,16.0,39.0,43.0,38.0,23.0,57.0,54.0,71.0,24.0
2018-07-22,18.0,1.0,11.0,36.0,31.0,31.0,18.0,44.0,46.0,62.0,38.0
2018-07-23,36.0,1.0,59.0,46.0,41.0,45.0,65.0,62.0,60.0,79.0,29.0
2018-07-24,41.0,1.0,59.0,31.0,41.0,42.0,66.0,45.0,62.0,73.0,52.0
2018-07-25,46.0,1.0,59.0,34.0,45.0,44.0,63.0,56.0,62.0,71.0,34.0
2018-07-26,45.0,1.0,63.0,55.0,35.0,44.0,69.0,49.0,59.0,68.0,16.0
2018-07-27,35.0,1.0,65.0,54.0,48.0,61.0,68.0,48.0,55.0,63.0,38.0
2018-07-28,28.0,1.0,17.0,23.0,33.0,54.0,24.0,53.0,50.0,76.0,11.0
2018-07-29,19.0,1.0,12.0,19.0,26.0,64.0,20.0,40.0,46.0,64.0,36.0
2018-07-30,35.0,1.0,64.0,33.0,38.0,72.0,70.0,52.0,61.0,78.0,28.0
2018-07-31,44.0,1.0,67.0,25.0,42.0,55.0,72.0,57.0,58.0,72.0,27.0
2018-08-01,36.0,1.0,66.0,41.0,34.0,44.0,73.0,54.0,59.0,67.0,28.0
2018-08-02,42.0,1.0,73.0,39.0,50.0,42.0,77.0,54.0,65.0,72.0,41.0
2018-08-03,46.0,1.0,64.0,28.0,32.0,44.0,70.0,53.0,63.0,71.0,39.0
2018-08-04,26.0,1.0,17.0,37.0,33.0,37.0,23.0,45.0,53.0,68.0,28.0
2018-08-05,21.0,1.0,11.0,21.0,26.0,34.0,21.0,50.0,49.0,55.0,0.0
2018-08-06,37.0,1.0,77.0,45.0,36.0,75.0,80.0,54.0,63.0,78.0,39.0
2018-08-07,40.0,1.0,67.0,33.0,48.0,100.0,73.0,56.0,61.0,80.0,11.0
2018-08-08,43.0,1.0,66.0,39.0,29.0,44.0,73.0,48.0,57.0,72.0,32.0
2018-08-09,38.0,1.0,67.0,44.0,47.0,40.0,75.0,52.0,58.0,65.0,16.0
2018-08-10,37.0,1.0,64.0,24.0,35.0,42.0,70.0,53.0,61.0,68.0,26.0
2018-08-11,32.0,1.0,16.0,26.0,31.0,34.0,22.0,29.0,49.0,65.0,27.0
2018-08-12,19.0,,12.0,31.0,21.0,35.0,19.0,43.0,44.0,54.0,35.0
2018-08-13,43.0,,61.0,73.0,44.0,41.0,70.0,50.0,62.0,71.0,34.0
2018-08-14,48.0,,60.0,46.0,48.0,35.0,66.0,61.0,52.0,61.0,11.0
2018-08-15,24.0,,17.0,18.0,23.0,35.0,24.0,31.0,46.0,56.0,35.0
2018-08-16,37.0,,62.0,13.0,30.0,48.0,64.0,48.0,54.0,72.0,44.0
2018-08-17,33.0,,61.0,28.0,30.0,37.0,65.0,64.0,55.0,67.0,32.0
2018-08-18,18.0,,16.0,40.0,16.0,34.0,23.0,34.0,45.0,67.0,12.0
2018-08-19,25.0,,12.0,19.0,18.0,32.0,19.0,29.0,44.0,55.0,36.0
2018-08-20,43.0,,59.0,52.0,29.0,41.0,67.0,53.0,53.0,67.0,22.0
2018-08-21,41.0,,62.0,38.0,46.0,39.0,68.0,69.0,55.0,64.0,22.0
2018-08-22,44.0,,23.0,34.0,35.0,41.0,33.0,54.0,52.0,67.0,12.0
2018-08-23,52.0,,66.0,63.0,33.0,42.0,74.0,47.0,59.0,69.0,35.0
2018-08-24,41.0,,61.0,36.0,40.0,39.0,68.0,51.0,55.0,67.0,12.0
2018-08-25,28.0,,16.0,27.0,23.0,35.0,24.0,42.0,47.0,65.0,12.0
2018-08-26,27.0,,11.0,34.0,19.0,31.0,19.0,28.0,39.0,53.0,12.0
2018-08-27,40.0,,67.0,31.0,37.0,37.0,71.0,33.0,57.0,72.0,23.0
2018-08-28,44.0,,59.0,59.0,34.0,46.0,68.0,46.0,59.0,69.0,33.0
2018-08-29,43.0,,63.0,43.0,43.0,42.0,68.0,56.0,61.0,66.0,11.0
2018-08-30,41.0,,61.0,29.0,32.0,47.0,66.0,54.0,56.0,68.0,11.0
2018-08-31,39.0,,57.0,54.0,33.0,41.0,62.0,50.0,56.0,64.0,33.0
2018-09-01,27.0,,17.0,25.0,27.0,37.0,23.0,52.0,51.0,63.0,33.0
2018-09-02,26.0,,11.0,13.0,19.0,32.0,19.0,30.0,47.0,58.0,22.0
2018-09-03,31.0,,58.0,29.0,38.0,39.0,64.0,43.0,54.0,69.0,55.0
2018-09-04,50.0,,62.0,51.0,29.0,42.0,72.0,55.0,62.0,69.0,22.0
2018-09-05,43.0,,58.0,25.0,32.0,42.0,66.0,58.0,59.0,69.0,54.0
2018-09-06,43.0,,64.0,37.0,38.0,43.0,70.0,66.0,56.0,73.0,65.0
2018-09-07,39.0,,59.0,42.0,30.0,38.0,66.0,63.0,56.0,70.0,21.0
2018-09-08,24.0,,15.0,37.0,30.0,31.0,22.0,42.0,50.0,68.0,11.0
2018-09-09,11.0,,13.0,13.0,35.0,30.0,19.0,47.0,41.0,51.0,11.0
2018-09-10,46.0,,56.0,47.0,48.0,39.0,61.0,51.0,54.0,67.0,20.0
2018-09-11,39.0,,54.0,37.0,57.0,40.0,62.0,45.0,54.0,61.0,0.0
2018-09-12,28.0,,56.0,46.0,56.0,41.0,65.0,45.0,56.0,65.0,43.0
2018-09-13,27.0,,22.0,34.0,41.0,36.0,31.0,34.0,49.0,57.0,22.0
2018-09-14,43.0,,56.0,25.0,31.0,37.0,57.0,31.0,53.0,67.0,21.0
2018-09-15,22.0,,13.0,46.0,37.0,35.0,20.0,55.0,47.0,63.0,21.0
2018-09-16,30.0,,11.0,13.0,16.0,37.0,19.0,31.0,47.0,55.0,11.0
2018-09-17,46.0,,55.0,41.0,46.0,45.0,59.0,51.0,56.0,70.0,21.0
2018-09-18,39.0,,54.0,37.0,42.0,41.0,65.0,50.0,60.0,67.0,52.0
2018-09-19,35.0,,53.0,44.0,40.0,37.0,63.0,47.0,63.0,61.0,21.0
2018-09-20,35.0,,27.0,48.0,37.0,42.0,36.0,47.0,57.0,62.0,41.0
2018-09-21,41.0,,57.0,52.0,50.0,41.0,70.0,36.0,54.0,67.0,32.0
2018-09-22,22.0,,18.0,34.0,36.0,36.0,26.0,58.0,49.0,67.0,0.0
2018-09-23,20.0,,11.0,52.0,20.0,37.0,19.0,50.0,42.0,54.0,0.0
2018-09-24,55.0,,62.0,61.0,38.0,42.0,70.0,47.0,55.0,70.0,42.0
2018-09-25,40.0,,62.0,65.0,50.0,43.0,71.0,45.0,56.0,67.0,0.0
2018-09-26,40.0,,57.0,40.0,49.0,44.0,65.0,52.0,57.0,66.0,41.0
2018-09-27,35.0,,56.0,40.0,27.0,44.0,66.0,57.0,58.0,65.0,11.0
2018-09-28,43.0,,63.0,43.0,47.0,42.0,68.0,50.0,54.0,62.0,11.0
2018-09-29,30.0,,17.0,33.0,33.0,34.0,25.0,47.0,50.0,63.0,11.0
2018-09-30,22.0,,12.0,49.0,20.0,35.0,19.0,39.0,46.0,55.0,12.0
2018-10-01,42.0,,62.0,41.0,35.0,43.0,71.0,65.0,56.0,77.0,75.0
2018-10-02,25.0,,19.0,28.0,21.0,41.0,29.0,42.0,52.0,71.0,11.0
2018-10-03,38.0,,64.0,42.0,21.0,44.0,72.0,68.0,56.0,72.0,0.0
2018-10-04,38.0,,64.0,24.0,40.0,43.0,73.0,46.0,53.0,64.0,31.0
2018-10-05,37.0,,63.0,49.0,38.0,41.0,71.0,50.0,100.0,63.0,11.0
2018-10-06,24.0,,17.0,51.0,35.0,38.0,25.0,42.0,52.0,67.0,33.0
2018-10-07,13.0,,12.0,52.0,30.0,33.0,19.0,41.0,46.0,55.0,0.0
2018-10-08,31.0,,61.0,58.0,29.0,41.0,72.0,46.0,56.0,67.0,0.0
2018-10-09,30.0,,88.0,60.0,35.0,44.0,88.0,47.0,55.0,66.0,17.0
2018-10-10,37.0,,58.0,32.0,37.0,45.0,69.0,38.0,53.0,61.0,11.0
2018-10-11,40.0,,69.0,41.0,24.0,38.0,73.0,40.0,57.0,64.0,32.0
2018-10-12,22.0,,65.0,33.0,24.0,38.0,70.0,58.0,54.0,61.0,11.0
2018-10-13,25.0,,14.0,37.0,24.0,38.0,23.0,45.0,49.0,63.0,33.0
2018-10-14,30.0,,11.0,17.0,14.0,28.0,20.0,48.0,43.0,49.0,12.0
2018-10-15,30.0,,62.0,50.0,38.0,36.0,65.0,42.0,56.0,65.0,11.0
2018-10-16,32.0,,61.0,8.0,28.0,41.0,68.0,61.0,83.0,62.0,11.0
2018-10-17,30.0,,62.0,26.0,33.0,31.0,68.0,39.0,51.0,56.0,22.0
2018-10-18,17.0,,22.0,26.0,34.0,33.0,29.0,34.0,42.0,56.0,23.0
2018-10-19,32.0,1.0,54.0,18.0,13.0,31.0,57.0,42.0,39.0,61.0,21.0
2018-10-20,27.0,1.0,16.0,41.0,25.0,30.0,22.0,47.0,44.0,68.0,26.0
2018-10-21,22.0,1.0,12.0,13.0,28.0,31.0,18.0,38.0,38.0,53.0,4.0
2018-10-22,38.0,1.0,55.0,53.0,45.0,37.0,64.0,60.0,53.0,70.0,10.0
2018-10-23,24.0,1.0,57.0,54.0,38.0,38.0,62.0,56.0,55.0,63.0,53.0
2018-10-24,36.0,1.0,52.0,51.0,33.0,37.0,59.0,53.0,49.0,62.0,0.0
2018-10-25,38.0,1.0,56.0,43.0,36.0,39.0,64.0,56.0,54.0,65.0,58.0
2018-10-26,41.0,1.0,58.0,24.0,26.0,37.0,63.0,53.0,50.0,85.0,5.0
2018-10-27,26.0,1.0,15.0,29.0,20.0,27.0,22.0,45.0,43.0,57.0,12.0
2018-10-28,22.0,1.0,10.0,10.0,17.0,29.0,18.0,26.0,43.0,53.0,15.0
2018-10-29,40.0,1.0,72.0,27.0,28.0,34.0,76.0,52.0,50.0,59.0,96.0
2018-10-30,46.0,1.0,62.0,28.0,35.0,36.0,68.0,51.0,53.0,63.0,31.0
2018-10-31,30.0,1.0,63.0,32.0,34.0,36.0,72.0,44.0,54.0,61.0,18.0
2018-11-01,35.0,1.0,58.0,34.0,28.0,34.0,65.0,55.0,46.0,57.0,4.0
2018-11-02,39.0,1.0,67.0,30.0,30.0,33.0,72.0,42.0,48.0,62.0,18.0
2018-11-03,24.0,1.0,16.0,30.0,27.0,31.0,25.0,34.0,46.0,59.0,5.0
2018-11-04,22.0,1.0,12.0,35.0,13.0,26.0,19.0,40.0,38.0,50.0,10.0
2018-11-05,33.0,1.0,68.0,33.0,23.0,29.0,74.0,43.0,45.0,58.0,24.0
2018-11-06,24.0,1.0,51.0,27.0,22.0,29.0,58.0,35.0,47.0,50.0,15.0
2018-11-07,14.0,1.0,34.0,16.0,20.0,28.0,40.0,34.0,39.0,49.0,18.0
2018-11-08,30.0,1.0,25.0,10.0,27.0,29.0,33.0,50.0,43.0,62.0,4.0
2018-11-09,29.0,1.0,51.0,29.0,22.0,26.0,58.0,37.0,40.0,59.0,0.0
2018-11-10,22.0,1.0,16.0,40.0,22.0,28.0,22.0,48.0,44.0,65.0,5.0
2018-11-11,19.0,1.0,12.0,19.0,18.0,30.0,18.0,25.0,37.0,51.0,26.0
2018-11-12,38.0,1.0,55.0,39.0,34.0,42.0,63.0,50.0,50.0,74.0,17.0
2018-11-13,29.0,1.0,59.0,40.0,28.0,36.0,65.0,56.0,51.0,67.0,24.0
2018-11-14,43.0,1.0,59.0,28.0,32.0,37.0,67.0,45.0,53.0,62.0,39.0
2018-11-15,37.0,1.0,60.0,30.0,41.0,38.0,65.0,53.0,50.0,63.0,4.0
2018-11-16,35.0,1.0,54.0,27.0,21.0,42.0,64.0,47.0,48.0,62.0,18.0
2018-11-17,29.0,1.0,16.0,21.0,28.0,35.0,23.0,50.0,44.0,58.0,27.0
2018-11-18,26.0,1.0,11.0,28.0,24.0,33.0,20.0,40.0,42.0,55.0,35.0
2018-11-19,47.0,1.0,56.0,27.0,38.0,39.0,66.0,47.0,55.0,69.0,48.0
2018-11-20,39.0,1.0,52.0,38.0,20.0,40.0,63.0,57.0,51.0,66.0,5.0
2018-11-21,45.0,1.0,50.0,35.0,45.0,39.0,58.0,64.0,52.0,63.0,22.0
2018-11-22,37.0,1.0,51.0,38.0,28.0,38.0,58.0,49.0,52.0,62.0,5.0
2018-11-23,30.0,1.0,23.0,31.0,32.0,34.0,32.0,42.0,50.0,62.0,30.0
2018-11-24,22.0,1.0,12.0,35.0,25.0,33.0,19.0,43.0,46.0,63.0,10.0
2018-11-25,24.0,1.0,9.0,29.0,25.0,32.0,17.0,32.0,39.0,53.0,25.0
2018-11-26,44.0,1.0,51.0,61.0,38.0,38.0,60.0,50.0,54.0,70.0,24.0
2018-11-27,37.0,1.0,52.0,63.0,42.0,41.0,61.0,56.0,53.0,68.0,24.0
2018-11-28,48.0,1.0,55.0,29.0,34.0,42.0,66.0,34.0,56.0,65.0,20.0
2018-11-29,44.0,1.0,60.0,60.0,30.0,40.0,69.0,36.0,52.0,62.0,18.0
2018-11-30,39.0,1.0,55.0,52.0,38.0,41.0,63.0,46.0,51.0,58.0,24.0
2018-12-01,28.0,1.0,15.0,27.0,32.0,34.0,23.0,32.0,45.0,59.0,22.0
2018-12-02,20.0,1.0,11.0,20.0,22.0,31.0,19.0,33.0,41.0,50.0,26.0
2018-12-03,46.0,1.0,57.0,36.0,34.0,38.0,65.0,56.0,54.0,69.0,30.0
2018-12-04,38.0,1.0,55.0,48.0,51.0,40.0,65.0,50.0,54.0,65.0,20.0
2018-12-05,34.0,1.0,53.0,31.0,31.0,41.0,62.0,37.0,53.0,65.0,54.0
2018-12-06,40.0,1.0,52.0,54.0,38.0,37.0,61.0,46.0,52.0,62.0,36.0
2018-12-07,33.0,1.0,51.0,54.0,35.0,35.0,58.0,53.0,51.0,62.0,11.0
2018-12-08,30.0,1.0,12.0,44.0,30.0,33.0,19.0,50.0,43.0,66.0,15.0
2018-12-09,28.0,1.0,10.0,27.0,22.0,31.0,18.0,37.0,36.0,53.0,0.0
2018-12-10,32.0,1.0,52.0,46.0,38.0,37.0,60.0,43.0,48.0,63.0,30.0
2018-12-11,37.0,1.0,46.0,26.0,30.0,32.0,54.0,38.0,42.0,52.0,16.0
2018-12-12,36.0,1.0,56.0,46.0,45.0,39.0,65.0,41.0,50.0,62.0,11.0
2018-12-13,38.0,1.0,58.0,46.0,37.0,37.0,68.0,50.0,49.0,60.0,41.0
2018-12-14,46.0,1.0,64.0,27.0,32.0,38.0,68.0,52.0,50.0,66.0,22.0
2018-12-15,30.0,1.0,13.0,24.0,20.0,32.0,22.0,45.0,45.0,62.0,6.0
2018-12-16,21.0,1.0,9.0,25.0,22.0,32.0,19.0,42.0,38.0,50.0,11.0
2018-12-17,42.0,1.0,62.0,46.0,32.0,42.0,71.0,46.0,52.0,72.0,18.0
2018-12-18,42.0,1.0,61.0,36.0,38.0,42.0,69.0,49.0,56.0,72.0,13.0
2018-12-19,42.0,1.0,57.0,58.0,34.0,39.0,67.0,49.0,51.0,65.0,31.0
2018-12-20,47.0,1.0,55.0,43.0,44.0,37.0,65.0,50.0,51.0,65.0,14.0
2018-12-21,30.0,1.0,54.0,39.0,36.0,37.0,62.0,41.0,46.0,62.0,28.0
2018-12-22,22.0,1.0,14.0,35.0,26.0,32.0,21.0,45.0,42.0,61.0,0.0
2018-12-23,20.0,1.0,10.0,32.0,30.0,27.0,17.0,34.0,38.0,53.0,5.0
2018-12-24,23.0,1.0,50.0,54.0,43.0,35.0,58.0,40.0,46.0,66.0,25.0
2018-12-25,30.0,1.0,16.0,38.0,29.0,28.0,26.0,43.0,41.0,63.0,16.0
2018-12-26,39.0,1.0,48.0,32.0,37.0,39.0,58.0,49.0,45.0,64.0,18.0
2018-12-27,40.0,1.0,49.0,46.0,24.0,38.0,59.0,52.0,48.0,64.0,20.0
2018-12-28,39.0,1.0,48.0,39.0,29.0,38.0,58.0,49.0,47.0,65.0,15.0
2018-12-29,23.0,1.0,14.0,43.0,36.0,30.0,21.0,37.0,41.0,59.0,37.0
2018-12-30,13.0,1.0,8.0,26.0,19.0,27.0,18.0,37.0,38.0,53.0,10.0
2018-12-31,23.0,1.0,44.0,25.0,22.0,33.0,54.0,37.0,41.0,58.0,29.0
2019-01-01,27.0,1.0,44.0,21.0,22.0,33.0,52.0,41.0,39.0,53.0,14.0
2019-01-02,32.0,1.0,52.0,26.0,29.0,41.0,61.0,48.0,51.0,65.0,23.0
2019-01-03,35.0,1.0,51.0,25.0,38.0,40.0,59.0,47.0,56.0,62.0,23.0
2019-01-04,41.0,1.0,48.0,31.0,42.0,36.0,58.0,48.0,49.0,63.0,4.0
2019-01-05,32.0,1.0,13.0,32.0,26.0,35.0,23.0,52.0,44.0,65.0,15.0
2019-01-06,27.0,1.0,10.0,31.0,16.0,31.0,18.0,36.0,39.0,48.0,16.0
2019-01-07,42.0,1.0,48.0,58.0,39.0,40.0,58.0,54.0,50.0,68.0,29.0
2019-01-08,37.0,1.0,49.0,44.0,32.0,41.0,59.0,46.0,54.0,67.0,25.0
2019-01-09,37.0,1.0,51.0,46.0,44.0,43.0,62.0,60.0,52.0,65.0,47.0
2019-01-10,27.0,1.0,52.0,45.0,36.0,40.0,62.0,65.0,52.0,68.0,25.0
2019-01-11,34.0,1.0,49.0,44.0,46.0,37.0,58.0,46.0,53.0,65.0,35.0
2019-01-12,25.0,1.0,12.0,32.0,27.0,32.0,21.0,45.0,43.0,61.0,25.0
2019-01-13,16.0,1.0,9.0,23.0,20.0,30.0,20.0,32.0,40.0,51.0,22.0
2019-01-14,27.0,1.0,48.0,43.0,27.0,39.0,58.0,48.0,43.0,65.0,36.0
2019-01-15,28.0,1.0,49.0,40.0,35.0,37.0,59.0,37.0,47.0,59.0,0.0
2019-01-16,34.0,1.0,53.0,28.0,37.0,37.0,63.0,56.0,50.0,68.0,24.0
2019-01-17,43.0,1.0,53.0,41.0,34.0,42.0,64.0,65.0,50.0,76.0,40.0
2019-01-18,42.0,1.0,51.0,42.0,43.0,40.0,60.0,54.0,50.0,67.0,30.0
2019-01-19,25.0,1.0,12.0,64.0,31.0,39.0,23.0,53.0,44.0,65.0,30.0
2019-01-20,17.0,1.0,10.0,18.0,26.0,36.0,20.0,48.0,40.0,57.0,4.0
2019-01-21,41.0,1.0,49.0,61.0,36.0,45.0,62.0,60.0,53.0,74.0,14.0
2019-01-22,33.0,1.0,49.0,45.0,35.0,41.0,63.0,52.0,51.0,69.0,24.0
2019-01-23,44.0,1.0,47.0,28.0,40.0,44.0,58.0,45.0,50.0,66.0,37.0
2019-01-24,33.0,1.0,53.0,54.0,41.0,41.0,63.0,67.0,54.0,67.0,18.0
2019-01-25,28.0,1.0,50.0,35.0,30.0,37.0,65.0,40.0,46.0,65.0,16.0
2019-01-26,14.0,1.0,12.0,29.0,22.0,27.0,22.0,34.0,37.0,56.0,12.0
2019-01-27,23.0,1.0,11.0,27.0,21.0,33.0,22.0,40.0,40.0,59.0,6.0
2019-01-28,54.0,,53.0,50.0,43.0,41.0,64.0,69.0,45.0,79.0,26.0
2019-01-29,45.0,,55.0,51.0,25.0,44.0,69.0,57.0,55.0,71.0,9.0
2019-01-30,46.0,,56.0,50.0,35.0,44.0,69.0,46.0,54.0,70.0,35.0
2019-01-31,57.0,,54.0,45.0,49.0,42.0,65.0,55.0,52.0,71.0,25.0
2019-02-01,45.0,,61.0,46.0,36.0,37.0,72.0,50.0,49.0,65.0,17.0
2019-02-02,35.0,,15.0,44.0,38.0,37.0,26.0,52.0,47.0,70.0,9.0
2019-02-03,22.0,,12.0,35.0,22.0,32.0,22.0,38.0,39.0,62.0,18.0
2019-02-04,41.0,,55.0,46.0,45.0,38.0,72.0,71.0,50.0,77.0,17.0
2019-02-05,54.0,,57.0,41.0,40.0,43.0,68.0,72.0,50.0,74.0,42.0
2019-02-06,36.0,,58.0,45.0,48.0,47.0,70.0,65.0,50.0,73.0,0.0
2019-02-07,39.0,,53.0,40.0,38.0,42.0,69.0,67.0,48.0,70.0,9.0
2019-02-08,37.0,,55.0,38.0,33.0,36.0,71.0,60.0,49.0,70.0,35.0
2019-02-09,27.0,,12.0,48.0,35.0,34.0,27.0,41.0,43.0,71.0,0.0
2019-02-10,21.0,,11.0,23.0,16.0,35.0,22.0,42.0,38.0,57.0,19.0
2019-02-11,34.0,,54.0,25.0,35.0,43.0,66.0,80.0,50.0,78.0,9.0
2019-02-12,44.0,,50.0,49.0,41.0,45.0,63.0,56.0,50.0,75.0,9.0
2019-02-13,43.0,,51.0,20.0,38.0,44.0,65.0,58.0,50.0,67.0,25.0
2019-02-14,34.0,,56.0,33.0,43.0,41.0,71.0,62.0,45.0,66.0,16.0
2019-02-15,34.0,,54.0,66.0,22.0,42.0,65.0,51.0,46.0,71.0,17.0
2019-02-16,22.0,,14.0,33.0,27.0,40.0,24.0,58.0,38.0,69.0,9.0
2019-02-17,21.0,,9.0,32.0,21.0,30.0,21.0,28.0,35.0,64.0,0.0
2019-02-18,41.0,,53.0,49.0,34.0,38.0,61.0,51.0,48.0,73.0,34.0
2019-02-19,39.0,,50.0,62.0,36.0,45.0,64.0,58.0,46.0,75.0,25.0
2019-02-20,37.0,,53.0,33.0,26.0,49.0,65.0,49.0,49.0,71.0,42.0
2019-02-21,45.0,,53.0,49.0,47.0,42.0,65.0,56.0,50.0,71.0,0.0
2019-02-22,50.0,,51.0,42.0,30.0,41.0,64.0,52.0,51.0,74.0,17.0
2019-02-23,25.0,,12.0,53.0,21.0,39.0,24.0,42.0,44.0,78.0,18.0
2019-02-24,23.0,,10.0,4.0,12.0,39.0,20.0,34.0,37.0,61.0,9.0
2019-02-25,53.0,,53.0,25.0,52.0,43.0,68.0,76.0,48.0,77.0,17.0
2019-02-26,37.0,,49.0,49.0,42.0,44.0,59.0,44.0,44.0,66.0,9.0
2019-02-27,39.0,,48.0,36.0,32.0,43.0,60.0,56.0,42.0,65.0,0.0
2019-02-28,32.0,,45.0,46.0,32.0,40.0,61.0,33.0,49.0,64.0,9.0
2019-03-01,31.0,,51.0,38.0,30.0,42.0,62.0,45.0,46.0,65.0,17.0
2019-03-02,17.0,,14.0,29.0,30.0,36.0,23.0,49.0,42.0,71.0,17.0
2019-03-03,19.0,,10.0,32.0,18.0,35.0,20.0,50.0,34.0,56.0,10.0
2019-03-04,45.0,,20.0,29.0,34.0,40.0,33.0,42.0,41.0,70.0,17.0
2019-03-05,41.0,,58.0,20.0,25.0,42.0,69.0,56.0,47.0,68.0,0.0
2019-03-06,45.0,,59.0,37.0,33.0,39.0,73.0,39.0,50.0,72.0,16.0
2019-03-07,36.0,,55.0,46.0,30.0,43.0,68.0,67.0,46.0,73.0,17.0
2019-03-08,43.0,,51.0,25.0,34.0,42.0,65.0,57.0,44.0,65.0,16.0
2019-03-09,27.0,,13.0,39.0,23.0,36.0,24.0,49.0,46.0,67.0,36.0
2019-03-10,24.0,,8.0,18.0,12.0,34.0,18.0,42.0,35.0,54.0,18.0
2019-03-11,34.0,,58.0,25.0,27.0,40.0,71.0,40.0,48.0,77.0,17.0
2019-03-12,41.0,,59.0,41.0,35.0,42.0,73.0,53.0,50.0,69.0,35.0
2019-03-13,40.0,,61.0,36.0,29.0,37.0,72.0,69.0,45.0,70.0,34.0
2019-03-14,43.0,,56.0,54.0,32.0,40.0,72.0,51.0,50.0,74.0,9.0
2019-03-15,33.0,,58.0,37.0,37.0,40.0,72.0,61.0,49.0,68.0,17.0
2019-03-16,30.0,,17.0,26.0,27.0,39.0,28.0,63.0,41.0,69.0,36.0
2019-03-17,21.0,,10.0,18.0,16.0,38.0,21.0,54.0,38.0,62.0,36.0
2019-03-18,56.0,,53.0,62.0,34.0,43.0,71.0,59.0,49.0,70.0,9.0
2019-03-19,39.0,,57.0,39.0,43.0,40.0,75.0,47.0,49.0,69.0,15.0
2019-03-20,27.0,,54.0,25.0,49.0,45.0,72.0,49.0,44.0,66.0,17.0
2019-03-21,27.0,,18.0,18.0,26.0,34.0,31.0,47.0,37.0,59.0,0.0
2019-03-22,37.0,,55.0,38.0,24.0,39.0,66.0,63.0,47.0,74.0,9.0
2019-03-23,24.0,,14.0,38.0,31.0,36.0,24.0,55.0,38.0,70.0,9.0
2019-03-24,25.0,,13.0,31.0,23.0,33.0,23.0,49.0,38.0,59.0,8.0
2019-03-25,41.0,,50.0,33.0,34.0,39.0,62.0,45.0,45.0,73.0,0.0
2019-03-26,48.0,,53.0,38.0,23.0,42.0,69.0,46.0,48.0,74.0,26.0
2019-03-27,37.0,,55.0,41.0,27.0,38.0,68.0,56.0,51.0,66.0,17.0
2019-03-28,39.0,,57.0,40.0,51.0,42.0,69.0,45.0,49.0,69.0,9.0
2019-03-29,39.0,,54.0,55.0,46.0,36.0,73.0,47.0,48.0,67.0,17.0
2019-03-30,27.0,,15.0,37.0,26.0,33.0,27.0,34.0,41.0,64.0,17.0
2019-03-31,21.0,,10.0,18.0,11.0,28.0,23.0,36.0,35.0,59.0,0.0
2019-04-01,34.0,,58.0,51.0,40.0,34.0,77.0,55.0,49.0,77.0,44.0
2019-04-02,43.0,,58.0,54.0,31.0,43.0,73.0,63.0,48.0,70.0,17.0
2019-04-03,50.0,,56.0,33.0,34.0,41.0,72.0,48.0,48.0,69.0,0.0
2019-04-04,54.0,,58.0,37.0,26.0,38.0,73.0,47.0,50.0,70.0,25.0
2019-04-05,43.0,,53.0,50.0,35.0,42.0,67.0,48.0,49.0,67.0,17.0
2019-04-06,33.0,1.0,14.0,29.0,21.0,31.0,24.0,58.0,40.0,62.0,9.0
2019-04-07,28.0,1.0,11.0,16.0,28.0,55.0,20.0,39.0,38.0,60.0,15.0
2019-04-08,38.0,1.0,52.0,56.0,35.0,45.0,65.0,59.0,50.0,75.0,9.0
2019-04-09,43.0,1.0,54.0,49.0,42.0,37.0,62.0,51.0,48.0,70.0,22.0
2019-04-10,35.0,1.0,54.0,21.0,32.0,37.0,66.0,51.0,48.0,70.0,56.0
2019-04-11,48.0,1.0,52.0,31.0,39.0,34.0,64.0,54.0,45.0,69.0,9.0
2019-04-12,33.0,1.0,53.0,62.0,31.0,37.0,65.0,44.0,47.0,73.0,32.0
2019-04-13,27.0,1.0,14.0,56.0,21.0,28.0,25.0,44.0,38.0,64.0,5.0
2019-04-14,19.0,1.0,10.0,21.0,18.0,29.0,22.0,52.0,35.0,54.0,19.0
2019-04-15,46.0,1.0,54.0,43.0,35.0,33.0,70.0,42.0,45.0,70.0,9.0
2019-04-16,51.0,1.0,61.0,52.0,33.0,36.0,77.0,52.0,48.0,75.0,33.0
2019-04-17,36.0,1.0,28.0,59.0,25.0,37.0,43.0,65.0,45.0,71.0,24.0
2019-04-18,28.0,1.0,54.0,43.0,32.0,36.0,71.0,36.0,43.0,70.0,9.0
2019-04-19,33.0,1.0,20.0,20.0,27.0,33.0,32.0,36.0,41.0,68.0,9.0
2019-04-20,26.0,1.0,12.0,36.0,34.0,34.0,23.0,56.0,40.0,67.0,24.0
2019-04-21,17.0,1.0,10.0,16.0,9.0,28.0,20.0,41.0,37.0,56.0,15.0
2019-04-22,31.0,1.0,51.0,34.0,27.0,40.0,68.0,56.0,47.0,75.0,23.0
2019-04-23,34.0,1.0,47.0,43.0,33.0,35.0,63.0,55.0,45.0,71.0,18.0
2019-04-24,42.0,1.0,55.0,28.0,34.0,35.0,70.0,55.0,46.0,75.0,33.0
2019-04-25,39.0,1.0,53.0,42.0,35.0,40.0,71.0,70.0,46.0,71.0,22.0
2019-04-26,41.0,1.0,50.0,34.0,35.0,34.0,63.0,46.0,44.0,67.0,13.0
2019-04-27,25.0,1.0,13.0,21.0,22.0,30.0,24.0,63.0,36.0,68.0,27.0
2019-04-28,23.0,1.0,9.0,16.0,25.0,28.0,19.0,41.0,38.0,55.0,5.0
2019-04-29,36.0,1.0,25.0,69.0,43.0,33.0,38.0,50.0,42.0,71.0,4.0
2019-04-30,43.0,1.0,50.0,26.0,32.0,33.0,65.0,55.0,46.0,69.0,4.0
2019-05-01,27.0,1.0,23.0,25.0,31.0,37.0,35.0,56.0,42.0,71.0,5.0
2019-05-02,35.0,1.0,50.0,47.0,33.0,37.0,65.0,51.0,44.0,72.0,56.0
2019-05-03,46.0,1.0,48.0,40.0,37.0,35.0,62.0,49.0,43.0,71.0,36.0
2019-05-04,24.0,1.0,13.0,45.0,34.0,33.0,25.0,62.0,41.0,70.0,32.0
2019-05-05,22.0,1.0,9.0,13.0,21.0,27.0,19.0,55.0,34.0,55.0,9.0
2019-05-06,39.0,1.0,48.0,39.0,31.0,34.0,62.0,61.0,46.0,72.0,27.0
2019-05-07,45.0,1.0,48.0,33.0,33.0,40.0,64.0,55.0,48.0,71.0,27.0
2019-05-08,40.0,1.0,50.0,34.0,31.0,40.0,64.0,60.0,50.0,70.0,18.0
2019-05-09,45.0,1.0,52.0,52.0,37.0,38.0,65.0,50.0,51.0,74.0,27.0
2019-05-10,45.0,1.0,52.0,52.0,49.0,35.0,64.0,59.0,48.0,68.0,18.0
2019-05-11,29.0,1.0,13.0,33.0,31.0,32.0,24.0,43.0,42.0,73.0,4.0
2019-05-12,19.0,1.0,8.0,32.0,21.0,29.0,19.0,37.0,35.0,54.0,10.0
2019-05-13,46.0,1.0,50.0,61.0,42.0,38.0,66.0,71.0,48.0,76.0,56.0
2019-05-14,39.0,1.0,49.0,46.0,33.0,42.0,65.0,60.0,50.0,77.0,9.0
2019-05-15,49.0,1.0,49.0,59.0,38.0,37.0,61.0,54.0,51.0,73.0,18.0
2019-05-16,42.0,1.0,50.0,49.0,36.0,43.0,66.0,61.0,51.0,75.0,18.0
2019-05-17,40.0,1.0,49.0,49.0,34.0,39.0,67.0,46.0,49.0,73.0,36.0
2019-05-18,26.0,1.0,14.0,49.0,32.0,37.0,23.0,68.0,43.0,71.0,15.0
2019-05-19,25.0,1.0,9.0,32.0,25.0,31.0,20.0,35.0,38.0,57.0,15.0
2019-05-20,36.0,1.0,73.0,23.0,31.0,36.0,87.0,62.0,47.0,79.0,23.0
2019-05-21,35.0,1.0,60.0,24.0,41.0,41.0,73.0,54.0,49.0,74.0,34.0
2019-05-22,40.0,1.0,59.0,37.0,32.0,37.0,73.0,48.0,52.0,72.0,22.0
2019-05-23,27.0,1.0,53.0,30.0,23.0,25.0,69.0,29.0,31.0,45.0,16.0
2019-05-24,29.0,1.0,56.0,32.0,34.0,34.0,74.0,53.0,42.0,67.0,9.0
2019-05-25,32.0,1.0,15.0,42.0,31.0,37.0,27.0,49.0,43.0,71.0,26.0
2019-05-26,19.0,1.0,11.0,38.0,22.0,33.0,22.0,40.0,38.0,63.0,49.0
2019-05-27,39.0,1.0,61.0,23.0,38.0,37.0,72.0,55.0,44.0,76.0,35.0
2019-05-28,40.0,1.0,58.0,29.0,49.0,42.0,72.0,56.0,47.0,70.0,33.0
2019-05-29,42.0,1.0,61.0,32.0,38.0,45.0,73.0,53.0,48.0,73.0,4.0
2019-05-30,46.0,1.0,56.0,40.0,39.0,41.0,67.0,59.0,47.0,69.0,8.0
2019-05-31,48.0,1.0,54.0,48.0,37.0,44.0,67.0,52.0,46.0,69.0,13.0
2019-06-01,31.0,1.0,15.0,36.0,27.0,38.0,25.0,50.0,44.0,72.0,13.0
2019-06-02,27.0,1.0,9.0,26.0,22.0,31.0,19.0,42.0,39.0,59.0,23.0
2019-06-03,45.0,1.0,54.0,53.0,39.0,41.0,65.0,62.0,46.0,75.0,25.0
2019-06-04,33.0,1.0,51.0,41.0,35.0,39.0,64.0,45.0,47.0,72.0,17.0
2019-06-05,32.0,1.0,18.0,41.0,38.0,31.0,28.0,42.0,41.0,65.0,24.0
2019-06-06,35.0,1.0,50.0,57.0,44.0,43.0,61.0,53.0,47.0,78.0,20.0
2019-06-07,49.0,1.0,48.0,58.0,34.0,38.0,61.0,54.0,48.0,76.0,9.0
2019-06-08,24.0,1.0,12.0,35.0,27.0,34.0,23.0,51.0,42.0,72.0,5.0
2019-06-09,16.0,1.0,9.0,23.0,19.0,33.0,18.0,44.0,36.0,56.0,9.0
2019-06-10,33.0,1.0,50.0,43.0,37.0,41.0,62.0,66.0,49.0,80.0,13.0
2019-06-11,46.0,1.0,52.0,32.0,32.0,42.0,65.0,51.0,52.0,80.0,38.0
2019-06-12,38.0,1.0,48.0,53.0,49.0,44.0,60.0,65.0,48.0,75.0,22.0
2019-06-13,32.0,1.0,48.0,29.0,38.0,39.0,63.0,49.0,49.0,72.0,29.0
2019-06-14,43.0,1.0,48.0,51.0,45.0,39.0,60.0,48.0,49.0,80.0,38.0
2019-06-15,31.0,1.0,12.0,43.0,42.0,36.0,23.0,60.0,42.0,78.0,18.0
2019-06-16,15.0,1.0,7.0,20.0,14.0,25.0,16.0,33.0,31.0,53.0,13.0
2019-06-17,39.0,1.0,47.0,53.0,38.0,43.0,58.0,60.0,47.0,79.0,30.0
2019-06-18,40.0,1.0,49.0,65.0,43.0,44.0,62.0,67.0,53.0,81.0,34.0
2019-06-19,47.0,1.0,48.0,78.0,61.0,45.0,63.0,76.0,53.0,80.0,34.0
2019-06-20,38.0,1.0,52.0,52.0,43.0,47.0,68.0,65.0,52.0,77.0,25.0
2019-06-21,53.0,1.0,47.0,42.0,33.0,44.0,62.0,48.0,48.0,74.0,35.0
2019-06-22,29.0,1.0,12.0,26.0,29.0,35.0,22.0,36.0,40.0,75.0,26.0
2019-06-23,21.0,1.0,10.0,30.0,25.0,39.0,20.0,48.0,37.0,61.0,46.0
2019-06-24,46.0,1.0,48.0,48.0,46.0,44.0,61.0,72.0,50.0,81.0,25.0
2019-06-25,40.0,1.0,44.0,49.0,48.0,47.0,55.0,58.0,51.0,77.0,21.0
2019-06-26,46.0,1.0,49.0,55.0,42.0,43.0,62.0,67.0,51.0,81.0,8.0
2019-06-27,48.0,1.0,52.0,66.0,47.0,41.0,64.0,62.0,49.0,76.0,27.0
2019-06-28,41.0,1.0,46.0,54.0,45.0,40.0,57.0,57.0,49.0,80.0,29.0
2019-06-29,29.0,1.0,12.0,33.0,28.0,34.0,22.0,49.0,43.0,74.0,9.0
2019-06-30,26.0,1.0,8.0,23.0,16.0,30.0,18.0,39.0,38.0,57.0,27.0
2019-07-01,41.0,1.0,46.0,40.0,41.0,44.0,60.0,61.0,51.0,79.0,13.0
2019-07-02,28.0,1.0,41.0,39.0,47.0,40.0,54.0,49.0,46.0,70.0,16.0
2019-07-03,40.0,1.0,45.0,40.0,38.0,44.0,57.0,54.0,50.0,76.0,34.0
2019-07-04,38.0,1.0,49.0,58.0,49.0,41.0,61.0,54.0,49.0,79.0,30.0
2019-07-05,40.0,1.0,53.0,36.0,36.0,45.0,68.0,72.0,48.0,77.0,13.0
2019-07-06,29.0,1.0,13.0,28.0,20.0,34.0,25.0,48.0,42.0,69.0,26.0
2019-07-07,21.0,1.0,10.0,36.0,22.0,34.0,21.0,52.0,41.0,67.0,24.0
2019-07-08,55.0,1.0,53.0,61.0,48.0,47.0,66.0,59.0,52.0,85.0,35.0
2019-07-09,43.0,1.0,47.0,55.0,37.0,40.0,63.0,47.0,48.0,75.0,28.0
2019-07-10,42.0,1.0,45.0,45.0,40.0,41.0,56.0,64.0,46.0,71.0,25.0
2019-07-11,38.0,1.0,47.0,40.0,42.0,47.0,59.0,72.0,51.0,80.0,26.0
2019-07-12,51.0,1.0,47.0,33.0,39.0,44.0,59.0,62.0,55.0,83.0,36.0
2019-07-13,33.0,1.0,13.0,46.0,38.0,38.0,24.0,74.0,46.0,82.0,33.0
2019-07-14,20.0,1.0,8.0,30.0,29.0,32.0,22.0,42.0,42.0,63.0,14.0
2019-07-15,52.0,1.0,50.0,52.0,41.0,42.0,62.0,55.0,53.0,86.0,35.0
2019-07-16,43.0,,50.0,45.0,34.0,46.0,61.0,53.0,55.0,83.0,18.0
2019-07-17,34.0,,50.0,92.0,45.0,49.0,67.0,61.0,57.0,88.0,18.0
2019-07-18,34.0,,50.0,25.0,40.0,47.0,67.0,78.0,54.0,83.0,9.0
2019-07-19,42.0,,49.0,71.0,51.0,46.0,64.0,53.0,53.0,88.0,19.0
2019-07-20,30.0,,13.0,35.0,37.0,40.0,26.0,57.0,46.0,92.0,0.0
2019-07-21,17.0,,9.0,22.0,33.0,37.0,19.0,50.0,41.0,70.0,20.0
2019-07-22,37.0,,48.0,29.0,44.0,45.0,63.0,61.0,52.0,87.0,28.0
2019-07-23,48.0,,49.0,61.0,47.0,48.0,59.0,58.0,54.0,94.0,9.0
2019-07-24,44.0,,49.0,21.0,31.0,52.0,62.0,44.0,50.0,87.0,28.0
2019-07-25,42.0,,49.0,71.0,44.0,47.0,62.0,66.0,53.0,84.0,18.0
2019-07-26,52.0,,48.0,34.0,47.0,42.0,62.0,61.0,49.0,93.0,19.0
2019-07-27,38.0,,13.0,35.0,29.0,39.0,25.0,61.0,46.0,86.0,0.0
2019-07-28,25.0,,10.0,40.0,21.0,36.0,20.0,54.0,41.0,70.0,19.0
2019-07-29,40.0,,46.0,55.0,39.0,47.0,64.0,68.0,57.0,86.0,28.0
2019-07-30,52.0,,56.0,41.0,61.0,44.0,67.0,60.0,55.0,86.0,9.0
2019-07-31,38.0,,56.0,50.0,37.0,49.0,70.0,60.0,51.0,84.0,37.0
2019-08-01,41.0,,53.0,55.0,43.0,46.0,69.0,61.0,57.0,86.0,28.0
2019-08-02,44.0,,52.0,68.0,53.0,43.0,66.0,45.0,51.0,88.0,56.0
2019-08-03,29.0,,14.0,25.0,27.0,36.0,26.0,46.0,42.0,79.0,28.0
2019-08-04,18.0,,10.0,36.0,17.0,32.0,23.0,45.0,37.0,68.0,40.0
2019-08-05,52.0,,52.0,30.0,41.0,44.0,65.0,58.0,50.0,85.0,19.0
2019-08-06,42.0,,53.0,51.0,39.0,60.0,64.0,52.0,50.0,89.0,28.0
2019-08-07,51.0,,54.0,42.0,46.0,53.0,67.0,64.0,50.0,83.0,28.0
2019-08-08,47.0,,52.0,34.0,28.0,42.0,67.0,37.0,48.0,79.0,46.0
2019-08-09,42.0,,51.0,30.0,43.0,45.0,64.0,50.0,50.0,83.0,9.0
2019-08-10,27.0,,12.0,49.0,45.0,40.0,20.0,55.0,43.0,84.0,30.0
2019-08-11,24.0,,10.0,22.0,24.0,30.0,19.0,50.0,39.0,70.0,30.0
2019-08-12,41.0,,20.0,52.0,35.0,40.0,33.0,49.0,50.0,85.0,9.0
2019-08-13,44.0,,53.0,42.0,48.0,43.0,65.0,65.0,52.0,85.0,9.0
2019-08-14,41.0,,49.0,27.0,28.0,37.0,64.0,48.0,48.0,77.0,17.0
2019-08-15,22.0,,14.0,14.0,21.0,30.0,25.0,42.0,34.0,67.0,11.0
2019-08-16,38.0,,48.0,39.0,52.0,46.0,62.0,73.0,50.0,90.0,38.0
2019-08-17,24.0,,14.0,17.0,24.0,44.0,24.0,43.0,43.0,93.0,0.0
2019-08-18,29.0,,9.0,9.0,24.0,44.0,19.0,52.0,43.0,73.0,60.0
2019-08-19,53.0,,49.0,46.0,53.0,55.0,61.0,57.0,59.0,94.0,9.0
2019-08-20,44.0,,46.0,50.0,39.0,55.0,59.0,58.0,57.0,95.0,28.0
2019-08-21,52.0,,50.0,50.0,52.0,51.0,64.0,79.0,60.0,88.0,19.0
2019-08-22,40.0,,50.0,54.0,55.0,50.0,66.0,78.0,61.0,89.0,36.0
2019-08-23,44.0,,44.0,41.0,29.0,47.0,63.0,74.0,51.0,86.0,18.0
2019-08-24,29.0,,13.0,57.0,18.0,53.0,24.0,57.0,46.0,86.0,38.0
2019-08-25,19.0,,10.0,36.0,17.0,34.0,19.0,60.0,44.0,68.0,10.0
2019-08-26,38.0,,53.0,78.0,49.0,53.0,64.0,74.0,54.0,97.0,18.0
2019-08-27,43.0,,53.0,63.0,55.0,49.0,68.0,60.0,59.0,85.0,9.0
2019-08-28,51.0,,49.0,38.0,47.0,55.0,63.0,62.0,61.0,92.0,37.0
2019-08-29,49.0,,47.0,65.0,43.0,48.0,61.0,41.0,58.0,91.0,36.0
2019-08-30,37.0,,49.0,41.0,51.0,47.0,63.0,54.0,56.0,83.0,27.0
2019-08-31,29.0,,14.0,43.0,23.0,44.0,26.0,56.0,48.0,86.0,0.0
2019-09-01,19.0,,10.0,37.0,31.0,36.0,21.0,35.0,44.0,69.0,30.0
2019-09-02,31.0,,17.0,40.0,34.0,38.0,29.0,45.0,46.0,85.0,19.0
2019-09-03,43.0,,50.0,34.0,42.0,48.0,64.0,55.0,54.0,93.0,38.0
2019-09-04,43.0,,48.0,71.0,40.0,48.0,61.0,56.0,51.0,85.0,28.0
2019-09-05,42.0,,47.0,49.0,37.0,46.0,61.0,63.0,52.0,86.0,18.0
2019-09-06,43.0,,48.0,46.0,56.0,48.0,62.0,56.0,69.0,87.0,9.0
2019-09-07,34.0,,14.0,30.0,33.0,42.0,24.0,43.0,46.0,85.0,19.0
2019-09-08,32.0,,9.0,36.0,23.0,42.0,19.0,45.0,46.0,70.0,20.0
2019-09-09,43.0,,45.0,42.0,43.0,45.0,60.0,67.0,55.0,89.0,9.0
2019-09-10,40.0,,22.0,54.0,48.0,53.0,35.0,67.0,54.0,92.0,9.0
2019-09-11,39.0,,50.0,55.0,51.0,46.0,66.0,70.0,58.0,87.0,38.0
2019-09-12,41.0,,50.0,50.0,46.0,52.0,63.0,66.0,55.0,90.0,55.0
2019-09-13,58.0,,51.0,67.0,52.0,48.0,63.0,62.0,56.0,92.0,28.0
2019-09-14,36.0,,13.0,17.0,26.0,44.0,23.0,72.0,47.0,92.0,0.0
2019-09-15,32.0,,11.0,44.0,38.0,38.0,20.0,38.0,47.0,79.0,29.0
2019-09-16,51.0,,52.0,54.0,66.0,51.0,63.0,73.0,60.0,99.0,28.0
2019-09-17,55.0,,51.0,37.0,34.0,53.0,66.0,61.0,60.0,86.0,45.0
2019-09-18,51.0,,48.0,37.0,42.0,53.0,60.0,45.0,58.0,91.0,36.0
2019-09-19,50.0,,51.0,65.0,41.0,57.0,63.0,61.0,60.0,88.0,27.0
2019-09-20,44.0,,68.0,41.0,50.0,51.0,86.0,55.0,57.0,86.0,18.0
2019-09-21,31.0,,18.0,29.0,25.0,51.0,31.0,62.0,50.0,89.0,0.0
2019-09-22,24.0,,12.0,40.0,27.0,37.0,20.0,54.0,47.0,72.0,39.0
2019-09-23,52.0,,67.0,62.0,54.0,47.0,84.0,73.0,57.0,91.0,18.0
2019-09-24,44.0,,61.0,68.0,42.0,53.0,74.0,60.0,60.0,90.0,17.0
2019-09-25,37.0,,52.0,63.0,44.0,53.0,70.0,66.0,60.0,91.0,26.0
2019-09-26,52.0,,54.0,60.0,44.0,48.0,68.0,61.0,69.0,87.0,27.0
2019-09-27,37.0,,53.0,50.0,52.0,45.0,70.0,58.0,56.0,91.0,18.0
2019-09-28,21.0,,13.0,38.0,46.0,43.0,24.0,50.0,48.0,80.0,9.0
2019-09-29,19.0,,10.0,31.0,41.0,40.0,21.0,57.0,43.0,66.0,19.0
2019-09-30,43.0,,50.0,70.0,48.0,49.0,66.0,43.0,59.0,90.0,28.0
2019-10-01,38.0,,55.0,62.0,38.0,40.0,71.0,59.0,52.0,80.0,55.0
2019-10-02,43.0,,18.0,50.0,28.0,39.0,29.0,40.0,50.0,82.0,28.0
2019-10-03,43.0,,51.0,37.0,55.0,46.0,69.0,45.0,52.0,78.0,18.0
2019-10-04,36.0,,51.0,30.0,52.0,44.0,66.0,53.0,52.0,81.0,19.0
2019-10-05,23.0,,15.0,48.0,46.0,37.0,27.0,54.0,42.0,82.0,9.0
2019-10-06,22.0,,12.0,24.0,20.0,32.0,22.0,44.0,38.0,68.0,11.0
2019-10-07,38.0,,50.0,27.0,37.0,44.0,64.0,62.0,49.0,84.0,19.0
2019-10-08,16.0,,18.0,14.0,29.0,41.0,28.0,40.0,42.0,80.0,30.0
2019-10-09,45.0,,52.0,38.0,40.0,48.0,69.0,57.0,53.0,92.0,19.0
2019-10-10,42.0,,53.0,68.0,51.0,66.0,66.0,52.0,52.0,85.0,17.0
2019-10-11,41.0,,56.0,59.0,41.0,43.0,67.0,66.0,51.0,85.0,26.0
2019-10-12,34.0,,15.0,58.0,39.0,38.0,23.0,52.0,48.0,85.0,9.0
2019-10-13,26.0,,10.0,44.0,29.0,36.0,19.0,36.0,39.0,68.0,19.0
2019-10-14,47.0,,71.0,33.0,32.0,39.0,82.0,73.0,56.0,91.0,36.0
2019-10-15,37.0,,58.0,61.0,52.0,46.0,71.0,61.0,59.0,86.0,36.0
2019-10-16,48.0,,51.0,65.0,58.0,46.0,67.0,39.0,57.0,83.0,9.0
2019-10-17,48.0,,55.0,28.0,52.0,42.0,68.0,34.0,47.0,79.0,9.0
2019-10-18,37.0,,64.0,38.0,58.0,47.0,81.0,65.0,57.0,86.0,9.0
2019-10-19,29.0,,16.0,82.0,27.0,42.0,28.0,41.0,49.0,82.0,9.0
2019-10-20,15.0,,10.0,21.0,14.0,33.0,21.0,38.0,39.0,66.0,19.0
2019-10-21,23.0,,26.0,44.0,33.0,46.0,39.0,44.0,48.0,86.0,9.0
2019-10-22,44.0,,62.0,48.0,52.0,46.0,84.0,48.0,48.0,79.0,9.0
2019-10-23,44.0,,67.0,41.0,37.0,44.0,83.0,45.0,52.0,77.0,36.0
2019-10-24,36.0,,55.0,38.0,29.0,32.0,70.0,32.0,45.0,67.0,8.0
2019-10-25,40.0,,57.0,34.0,22.0,35.0,71.0,32.0,40.0,67.0,19.0
2019-10-26,24.0,,15.0,40.0,30.0,31.0,27.0,46.0,37.0,60.0,10.0
2019-10-27,10.0,,23.0,24.0,23.0,24.0,34.0,39.0,29.0,49.0,0.0
2019-10-28,17.0,,24.0,22.0,22.0,34.0,37.0,49.0,37.0,78.0,19.0
2019-10-29,27.0,,60.0,39.0,37.0,38.0,79.0,51.0,44.0,86.0,9.0
2019-10-30,36.0,,64.0,36.0,37.0,45.0,79.0,52.0,48.0,84.0,27.0
2019-10-31,43.0,,69.0,40.0,45.0,45.0,88.0,56.0,51.0,86.0,27.0
2019-11-01,33.0,,65.0,49.0,34.0,44.0,83.0,73.0,48.0,85.0,36.0
2019-11-02,32.0,,19.0,33.0,25.0,38.0,32.0,52.0,46.0,84.0,18.0
2019-11-03,25.0,,13.0,29.0,25.0,33.0,23.0,39.0,37.0,70.0,19.0
2019-11-04,48.0,,67.0,53.0,47.0,43.0,84.0,62.0,52.0,96.0,27.0
2019-11-05,58.0,,59.0,52.0,38.0,47.0,79.0,67.0,54.0,88.0,26.0
2019-11-06,42.0,,66.0,36.0,47.0,48.0,80.0,50.0,50.0,85.0,9.0
2019-11-07,58.0,,63.0,50.0,47.0,47.0,77.0,59.0,51.0,81.0,0.0
2019-11-08,47.0,,60.0,44.0,29.0,47.0,73.0,74.0,48.0,82.0,17.0
2019-11-09,28.0,,15.0,8.0,25.0,36.0,23.0,45.0,41.0,76.0,0.0
2019-11-10,16.0,,13.0,36.0,22.0,34.0,22.0,37.0,37.0,64.0,20.0
2019-11-11,47.0,,60.0,98.0,68.0,44.0,77.0,66.0,53.0,100.0,27.0
2019-11-12,56.0,,29.0,45.0,40.0,47.0,43.0,56.0,55.0,86.0,0.0
2019-11-13,48.0,,58.0,45.0,77.0,51.0,75.0,58.0,57.0,86.0,9.0
2019-11-14,56.0,,58.0,44.0,39.0,51.0,74.0,48.0,50.0,84.0,17.0
2019-11-15,43.0,,54.0,52.0,37.0,48.0,69.0,69.0,50.0,81.0,9.0
2019-11-16,26.0,,18.0,45.0,28.0,43.0,26.0,50.0,47.0,82.0,18.0
2019-11-17,20.0,,12.0,18.0,12.0,40.0,24.0,49.0,40.0,76.0,10.0
2019-11-18,57.0,,62.0,66.0,61.0,51.0,79.0,83.0,57.0,90.0,18.0
2019-11-19,45.0,,61.0,67.0,100.0,53.0,77.0,68.0,61.0,88.0,28.0
2019-11-20,44.0,,66.0,50.0,53.0,52.0,83.0,85.0,57.0,86.0,64.0
2019-11-21,47.0,,64.0,68.0,65.0,53.0,81.0,46.0,58.0,88.0,9.0
2019-11-22,40.0,,58.0,37.0,42.0,43.0,72.0,49.0,50.0,81.0,36.0
2019-11-23,23.0,,15.0,42.0,30.0,43.0,25.0,57.0,41.0,81.0,9.0
2019-11-24,29.0,,11.0,37.0,28.0,37.0,22.0,34.0,40.0,63.0,10.0
2019-11-25,47.0,,59.0,55.0,49.0,46.0,74.0,55.0,59.0,91.0,28.0
2019-11-26,55.0,,60.0,61.0,37.0,49.0,74.0,67.0,50.0,85.0,54.0
2019-11-27,42.0,,58.0,38.0,40.0,49.0,73.0,48.0,56.0,89.0,19.0
2019-11-28,35.0,,58.0,54.0,32.0,41.0,75.0,54.0,52.0,85.0,37.0
2019-11-29,43.0,,56.0,56.0,51.0,46.0,74.0,53.0,52.0,88.0,29.0
2019-11-30,30.0,,17.0,53.0,55.0,40.0,28.0,52.0,44.0,87.0,0.0
2019-12-01,20.0,,12.0,32.0,34.0,32.0,25.0,66.0,43.0,66.0,10.0
2019-12-02,46.0,,61.0,43.0,36.0,49.0,75.0,57.0,58.0,86.0,38.0
2019-12-03,45.0,,53.0,51.0,45.0,53.0,74.0,58.0,55.0,87.0,9.0
2019-12-04,45.0,,60.0,100.0,44.0,51.0,82.0,57.0,55.0,85.0,9.0
2019-12-05,52.0,,59.0,35.0,49.0,51.0,79.0,59.0,54.0,85.0,0.0
2019-12-06,44.0,,54.0,60.0,29.0,46.0,68.0,51.0,50.0,78.0,38.0
2019-12-07,26.0,,15.0,23.0,34.0,40.0,29.0,57.0,46.0,80.0,10.0
2019-12-08,19.0,,10.0,24.0,17.0,36.0,22.0,32.0,37.0,65.0,21.0
2019-12-09,30.0,,62.0,56.0,55.0,42.0,77.0,66.0,52.0,90.0,9.0
2019-12-10,45.0,,51.0,62.0,53.0,45.0,70.0,50.0,52.0,75.0,0.0
2019-12-11,51.0,,52.0,42.0,44.0,45.0,71.0,55.0,54.0,78.0,19.0
2019-12-12,41.0,,58.0,39.0,28.0,51.0,75.0,48.0,52.0,84.0,38.0
2019-12-13,45.0,,61.0,62.0,35.0,45.0,78.0,50.0,50.0,86.0,19.0
2019-12-14,20.0,,15.0,46.0,38.0,43.0,28.0,58.0,47.0,84.0,31.0
2019-12-15,15.0,,10.0,18.0,24.0,35.0,21.0,35.0,39.0,61.0,10.0
2019-12-16,44.0,,56.0,31.0,43.0,46.0,72.0,65.0,51.0,92.0,10.0
2019-12-17,46.0,,57.0,50.0,52.0,46.0,75.0,52.0,57.0,82.0,10.0
2019-12-18,51.0,,55.0,38.0,40.0,42.0,70.0,44.0,51.0,74.0,28.0
2019-12-19,34.0,,59.0,58.0,40.0,45.0,71.0,64.0,55.0,75.0,0.0
2019-12-20,44.0,,56.0,28.0,50.0,43.0,72.0,51.0,49.0,76.0,10.0
2019-12-21,27.0,,15.0,38.0,32.0,36.0,27.0,41.0,46.0,79.0,11.0
2019-12-22,31.0,,9.0,14.0,20.0,33.0,20.0,43.0,36.0,62.0,20.0
2019-12-23,37.0,,50.0,56.0,49.0,44.0,65.0,58.0,47.0,80.0,38.0
2019-12-24,32.0,,50.0,69.0,32.0,40.0,67.0,61.0,46.0,78.0,29.0
2019-12-25,24.0,,19.0,32.0,30.0,33.0,31.0,37.0,42.0,74.0,0.0
2019-12-26,29.0,,48.0,30.0,28.0,42.0,64.0,56.0,46.0,74.0,9.0
2019-12-27,43.0,,53.0,50.0,42.0,47.0,70.0,56.0,48.0,78.0,20.0
2019-12-28,29.0,,14.0,46.0,33.0,40.0,27.0,63.0,46.0,80.0,40.0
2019-12-29,27.0,,10.0,15.0,22.0,39.0,21.0,55.0,43.0,67.0,11.0
2019-12-30,30.0,,51.0,56.0,33.0,48.0,68.0,72.0,48.0,85.0,19.0
2019-12-31,28.0,,45.0,46.0,46.0,36.0,64.0,46.0,40.0,68.0,9.0
