date,healthcare,overlap,Pharmaceutical industry,convention,consumer,pacificare,pharmacy,OT&P,influenza,influenza vaccine,internet of things,health facilities
2017-01-17,47.0,1.0,43.0,70.0,80.0,38.0,71.0,0.0,36.0,7.0,48.0,45.0
2017-01-18,50.0,1.0,46.0,74.0,84.0,23.0,70.0,0.0,38.0,9.0,57.0,39.0
2017-01-19,51.0,1.0,38.0,73.0,80.0,38.0,72.0,0.0,35.0,10.0,57.0,52.0
2017-01-20,42.0,1.0,41.0,69.0,72.0,39.0,68.0,0.0,37.0,10.0,52.0,35.0
2017-01-21,29.0,1.0,28.0,61.0,52.0,0.0,58.0,0.0,27.0,6.0,32.0,17.0
2017-01-22,26.0,1.0,25.0,54.0,51.0,0.0,57.0,0.0,32.0,14.0,30.0,27.0
2017-01-23,48.0,1.0,28.0,70.0,83.0,52.0,69.0,0.0,39.0,17.0,50.0,57.0
2017-01-24,50.0,1.0,51.0,72.0,86.0,0.0,68.0,0.0,36.0,17.0,41.0,69.0
2017-01-25,44.0,1.0,49.0,73.0,83.0,38.0,67.0,0.0,39.0,10.0,42.0,60.0
2017-01-26,45.0,1.0,20.0,71.0,73.0,0.0,70.0,0.0,43.0,17.0,64.0,75.0
2017-01-27,44.0,1.0,24.0,71.0,70.0,0.0,68.0,0.0,35.0,13.0,69.0,34.0
2017-01-28,23.0,1.0,31.0,65.0,55.0,0.0,59.0,0.0,32.0,5.0,30.0,11.0
2017-01-29,23.0,1.0,40.0,65.0,51.0,0.0,56.0,0.0,37.0,4.0,39.0,42.0
2017-01-30,46.0,1.0,19.0,73.0,75.0,0.0,70.0,0.0,44.0,11.0,54.0,24.0
2017-01-31,48.0,1.0,33.0,76.0,78.0,0.0,67.0,0.0,45.0,22.0,71.0,50.0
2017-02-01,48.0,1.0,42.0,74.0,81.0,0.0,70.0,0.0,45.0,6.0,51.0,49.0
2017-02-02,43.0,1.0,22.0,78.0,86.0,38.0,69.0,0.0,45.0,10.0,45.0,59.0
2017-02-03,39.0,1.0,30.0,74.0,80.0,16.0,66.0,25.0,42.0,11.0,42.0,44.0
2017-02-04,22.0,1.0,14.0,58.0,53.0,0.0,61.0,0.0,39.0,7.0,28.0,30.0
2017-02-05,22.0,1.0,21.0,56.0,56.0,0.0,55.0,0.0,37.0,8.0,36.0,17.0
2017-02-06,42.0,1.0,36.0,69.0,77.0,0.0,66.0,0.0,43.0,12.0,51.0,14.0
2017-02-07,46.0,1.0,34.0,68.0,85.0,14.0,72.0,0.0,45.0,19.0,46.0,53.0
2017-02-08,47.0,1.0,30.0,73.0,87.0,38.0,69.0,0.0,51.0,6.0,49.0,64.0
2017-02-09,41.0,1.0,20.0,74.0,83.0,0.0,66.0,0.0,53.0,15.0,66.0,39.0
2017-02-10,38.0,1.0,29.0,67.0,72.0,31.0,71.0,0.0,46.0,13.0,65.0,53.0
2017-02-11,23.0,1.0,17.0,73.0,50.0,18.0,62.0,0.0,44.0,1.0,30.0,51.0
2017-02-12,22.0,1.0,17.0,52.0,51.0,0.0,54.0,0.0,41.0,7.0,50.0,34.0
2017-02-13,44.0,1.0,31.0,65.0,90.0,0.0,67.0,23.0,47.0,9.0,49.0,47.0
2017-02-14,40.0,1.0,22.0,65.0,77.0,0.0,63.0,0.0,46.0,4.0,48.0,47.0
2017-02-15,43.0,1.0,17.0,68.0,86.0,0.0,68.0,13.0,46.0,9.0,68.0,27.0
2017-02-16,41.0,1.0,32.0,74.0,75.0,0.0,68.0,0.0,45.0,18.0,75.0,47.0
2017-02-17,39.0,1.0,22.0,64.0,68.0,0.0,68.0,0.0,38.0,7.0,47.0,47.0
2017-02-18,22.0,1.0,18.0,63.0,54.0,0.0,59.0,0.0,33.0,7.0,27.0,10.0
2017-02-19,22.0,1.0,25.0,58.0,53.0,16.0,62.0,0.0,30.0,6.0,44.0,27.0
2017-02-20,42.0,1.0,31.0,65.0,77.0,0.0,65.0,0.0,42.0,4.0,72.0,36.0
2017-02-21,44.0,1.0,26.0,69.0,81.0,0.0,68.0,12.0,46.0,22.0,50.0,42.0
2017-02-22,46.0,1.0,28.0,65.0,77.0,0.0,65.0,0.0,49.0,22.0,46.0,36.0
2017-02-23,42.0,1.0,19.0,70.0,77.0,0.0,64.0,12.0,42.0,13.0,62.0,42.0
2017-02-24,40.0,1.0,34.0,67.0,74.0,0.0,66.0,0.0,41.0,18.0,38.0,31.0
2017-02-25,22.0,1.0,49.0,58.0,60.0,59.0,60.0,0.0,32.0,5.0,40.0,24.0
2017-02-26,23.0,1.0,52.0,52.0,59.0,0.0,59.0,13.0,27.0,14.0,28.0,37.0
2017-02-27,46.0,1.0,21.0,67.0,82.0,21.0,67.0,0.0,33.0,13.0,48.0,43.0
2017-02-28,51.0,1.0,25.0,73.0,89.0,51.0,72.0,0.0,45.0,13.0,55.0,48.0
2017-03-01,45.0,1.0,37.0,70.0,83.0,14.0,69.0,0.0,36.0,10.0,65.0,40.0
2017-03-02,46.0,1.0,23.0,72.0,88.0,21.0,67.0,0.0,36.0,6.0,53.0,20.0
2017-03-03,37.0,1.0,21.0,70.0,75.0,0.0,66.0,0.0,37.0,9.0,49.0,21.0
2017-03-04,22.0,1.0,27.0,68.0,61.0,0.0,58.0,0.0,27.0,9.0,24.0,30.0
2017-03-05,20.0,1.0,24.0,59.0,52.0,0.0,59.0,0.0,29.0,7.0,27.0,37.0
2017-03-06,45.0,1.0,33.0,74.0,82.0,14.0,69.0,0.0,38.0,17.0,51.0,53.0
2017-03-07,59.0,1.0,28.0,68.0,85.0,0.0,68.0,0.0,36.0,10.0,71.0,58.0
2017-03-08,60.0,1.0,34.0,69.0,87.0,0.0,65.0,0.0,37.0,12.0,60.0,30.0
2017-03-09,59.0,1.0,25.0,76.0,84.0,36.0,70.0,0.0,30.0,8.0,59.0,55.0
2017-03-10,45.0,1.0,32.0,68.0,79.0,0.0,68.0,0.0,33.0,5.0,45.0,36.0
2017-03-11,30.0,1.0,15.0,63.0,54.0,0.0,59.0,0.0,28.0,1.0,32.0,21.0
2017-03-12,28.0,1.0,19.0,61.0,61.0,0.0,58.0,0.0,22.0,7.0,25.0,10.0
2017-03-13,49.0,1.0,31.0,69.0,76.0,20.0,70.0,0.0,29.0,15.0,46.0,33.0
2017-03-14,52.0,1.0,27.0,72.0,74.0,73.0,65.0,0.0,37.0,11.0,58.0,50.0
2017-03-15,49.0,1.0,37.0,70.0,87.0,0.0,66.0,0.0,34.0,8.0,48.0,50.0
2017-03-16,45.0,1.0,14.0,67.0,80.0,29.0,70.0,0.0,31.0,9.0,50.0,45.0
2017-03-17,40.0,1.0,39.0,71.0,72.0,0.0,66.0,0.0,30.0,8.0,38.0,44.0
2017-03-18,22.0,1.0,19.0,65.0,43.0,0.0,58.0,0.0,25.0,10.0,34.0,20.0
2017-03-19,24.0,1.0,12.0,57.0,62.0,0.0,56.0,0.0,24.0,6.0,34.0,20.0
2017-03-20,48.0,1.0,12.0,73.0,80.0,0.0,70.0,0.0,31.0,12.0,50.0,51.0
2017-03-21,49.0,1.0,26.0,67.0,86.0,66.0,66.0,12.0,34.0,14.0,43.0,15.0
2017-03-22,50.0,1.0,21.0,70.0,83.0,0.0,66.0,24.0,31.0,14.0,43.0,53.0
2017-03-23,67.0,,48.0,64.0,74.0,59.0,65.0,0.0,30.0,13.0,52.0,74.0
2017-03-24,95.0,,27.0,63.0,75.0,0.0,67.0,0.0,34.0,12.0,40.0,65.0
2017-03-25,45.0,,25.0,55.0,61.0,0.0,59.0,0.0,28.0,3.0,34.0,15.0
2017-03-26,32.0,,34.0,55.0,58.0,0.0,58.0,0.0,27.0,13.0,23.0,21.0
2017-03-27,51.0,,56.0,71.0,80.0,0.0,66.0,0.0,32.0,9.0,63.0,43.0
2017-03-28,46.0,,43.0,71.0,81.0,0.0,64.0,0.0,31.0,9.0,54.0,43.0
2017-03-29,44.0,,34.0,70.0,82.0,0.0,67.0,0.0,34.0,16.0,74.0,62.0
2017-03-30,42.0,,44.0,72.0,83.0,0.0,65.0,25.0,31.0,11.0,62.0,57.0
2017-03-31,42.0,,22.0,70.0,70.0,0.0,67.0,0.0,28.0,18.0,56.0,26.0
2017-04-01,21.0,,30.0,63.0,49.0,0.0,57.0,0.0,22.0,5.0,29.0,21.0
2017-04-02,21.0,,30.0,52.0,47.0,0.0,55.0,0.0,22.0,8.0,31.0,86.0
2017-04-03,42.0,,34.0,59.0,75.0,0.0,72.0,0.0,28.0,4.0,38.0,74.0
2017-04-04,45.0,,56.0,60.0,79.0,0.0,70.0,0.0,30.0,15.0,43.0,55.0
2017-04-05,39.0,,34.0,78.0,88.0,0.0,64.0,0.0,29.0,9.0,53.0,86.0
2017-04-06,40.0,,44.0,61.0,84.0,0.0,69.0,0.0,27.0,16.0,43.0,50.0
2017-04-07,37.0,,63.0,69.0,77.0,0.0,65.0,0.0,22.0,9.0,52.0,32.0
2017-04-08,21.0,,35.0,62.0,48.0,0.0,58.0,0.0,20.0,0.0,16.0,21.0
2017-04-09,20.0,,15.0,55.0,56.0,0.0,57.0,29.0,12.0,0.0,21.0,29.0
2017-04-10,43.0,,43.0,61.0,79.0,0.0,69.0,0.0,26.0,2.0,52.0,87.0
2017-04-11,42.0,,13.0,62.0,76.0,0.0,71.0,50.0,25.0,13.0,56.0,31.0
2017-04-12,41.0,,44.0,65.0,72.0,0.0,69.0,0.0,27.0,9.0,47.0,70.0
2017-04-13,39.0,,46.0,67.0,69.0,0.0,70.0,26.0,22.0,5.0,38.0,46.0
2017-04-14,30.0,,39.0,57.0,52.0,100.0,70.0,0.0,19.0,0.0,46.0,0.0
2017-04-15,18.0,,31.0,45.0,48.0,0.0,62.0,0.0,17.0,3.0,35.0,37.0
2017-04-16,18.0,,21.0,35.0,49.0,0.0,55.0,0.0,15.0,5.0,40.0,7.0
2017-04-17,42.0,,40.0,55.0,72.0,0.0,71.0,0.0,24.0,7.0,61.0,32.0
2017-04-18,45.0,,47.0,67.0,79.0,0.0,68.0,0.0,25.0,9.0,56.0,42.0
2017-04-19,40.0,,55.0,62.0,71.0,0.0,65.0,0.0,24.0,11.0,40.0,42.0
2017-04-20,41.0,,44.0,68.0,82.0,30.0,65.0,25.0,24.0,2.0,32.0,56.0
2017-04-21,40.0,,31.0,63.0,72.0,62.0,69.0,0.0,25.0,7.0,40.0,84.0
2017-04-22,21.0,,5.0,60.0,54.0,0.0,58.0,0.0,15.0,10.0,34.0,15.0
2017-04-23,22.0,,43.0,48.0,52.0,0.0,57.0,0.0,15.0,5.0,30.0,20.0
2017-04-24,45.0,,17.0,67.0,84.0,0.0,69.0,0.0,18.0,11.0,48.0,36.0
2017-04-25,46.0,,34.0,70.0,82.0,58.0,68.0,0.0,20.0,4.0,62.0,42.0
2017-04-26,42.0,,30.0,62.0,75.0,0.0,66.0,0.0,24.0,7.0,82.0,54.0
2017-04-27,44.0,,21.0,68.0,79.0,29.0,66.0,0.0,20.0,13.0,70.0,55.0
2017-04-28,35.0,,22.0,74.0,66.0,31.0,69.0,0.0,14.0,9.0,54.0,45.0
2017-04-29,18.0,,10.0,59.0,53.0,0.0,63.0,0.0,15.0,10.0,13.0,36.0
2017-04-30,20.0,,20.0,58.0,50.0,0.0,60.0,0.0,14.0,8.0,32.0,43.0
2017-05-01,42.0,,55.0,58.0,71.0,0.0,73.0,0.0,20.0,17.0,34.0,27.0
2017-05-02,45.0,,60.0,66.0,88.0,0.0,68.0,0.0,23.0,2.0,44.0,30.0
2017-05-03,47.0,,30.0,69.0,85.0,0.0,65.0,0.0,21.0,13.0,52.0,92.0
2017-05-04,94.0,,48.0,63.0,75.0,29.0,69.0,0.0,21.0,7.0,45.0,55.0
2017-05-05,100.0,,54.0,63.0,70.0,0.0,69.0,0.0,20.0,5.0,43.0,59.0
2017-05-06,46.0,,15.0,56.0,50.0,0.0,61.0,0.0,13.0,3.0,31.0,36.0
2017-05-07,35.0,,40.0,45.0,48.0,0.0,54.0,0.0,12.0,3.0,47.0,29.0
2017-05-08,53.0,,34.0,63.0,83.0,0.0,68.0,0.0,20.0,11.0,43.0,80.0
2017-05-09,48.0,,25.0,66.0,83.0,0.0,68.0,0.0,17.0,7.0,47.0,42.0
2017-05-10,46.0,,38.0,68.0,78.0,0.0,72.0,0.0,19.0,7.0,49.0,30.0
2017-05-11,44.0,,43.0,67.0,75.0,0.0,66.0,0.0,20.0,7.0,38.0,62.0
2017-05-12,39.0,,28.0,65.0,69.0,0.0,72.0,0.0,20.0,2.0,40.0,26.0
2017-05-13,22.0,,15.0,50.0,56.0,0.0,63.0,0.0,12.0,5.0,37.0,43.0
2017-05-14,18.0,,15.0,46.0,55.0,0.0,55.0,0.0,8.0,3.0,29.0,14.0
2017-05-15,41.0,,31.0,63.0,72.0,0.0,74.0,0.0,18.0,7.0,52.0,13.0
2017-05-16,47.0,,37.0,61.0,82.0,0.0,73.0,0.0,17.0,7.0,53.0,33.0
2017-05-17,40.0,,51.0,62.0,66.0,0.0,71.0,0.0,18.0,2.0,43.0,46.0
2017-05-18,43.0,,33.0,63.0,83.0,0.0,66.0,0.0,20.0,3.0,58.0,33.0
2017-05-19,34.0,,29.0,62.0,64.0,0.0,71.0,0.0,17.0,3.0,38.0,28.0
2017-05-20,22.0,,16.0,47.0,50.0,0.0,65.0,0.0,10.0,0.0,31.0,53.0
2017-05-21,20.0,,21.0,48.0,48.0,0.0,61.0,0.0,14.0,8.0,47.0,15.0
2017-05-22,38.0,,41.0,64.0,72.0,0.0,69.0,0.0,20.0,10.0,51.0,80.0
2017-05-23,42.0,,41.0,56.0,69.0,0.0,74.0,0.0,17.0,0.0,55.0,39.0
2017-05-24,41.0,,28.0,52.0,67.0,0.0,74.0,0.0,19.0,3.0,65.0,68.0
2017-05-25,41.0,,24.0,60.0,65.0,0.0,71.0,0.0,17.0,10.0,42.0,54.0
2017-05-26,37.0,,25.0,58.0,63.0,0.0,75.0,0.0,18.0,8.0,26.0,29.0
2017-05-27,20.0,,11.0,50.0,46.0,0.0,62.0,0.0,14.0,6.0,34.0,24.0
2017-05-28,17.0,,33.0,44.0,50.0,0.0,63.0,0.0,11.0,0.0,32.0,0.0
2017-05-29,24.0,,38.0,56.0,63.0,33.0,60.0,28.0,18.0,5.0,28.0,21.0
2017-05-30,40.0,1.0,52.0,62.0,73.0,9.0,75.0,0.0,19.0,14.0,46.0,39.0
2017-05-31,41.0,1.0,31.0,60.0,73.0,15.0,76.0,0.0,21.0,6.0,49.0,51.0
2017-06-01,39.0,1.0,36.0,61.0,68.0,0.0,69.0,0.0,19.0,11.0,30.0,50.0
2017-06-02,32.0,1.0,31.0,64.0,62.0,0.0,71.0,0.0,19.0,7.0,30.0,24.0
2017-06-03,19.0,1.0,31.0,51.0,50.0,0.0,61.0,0.0,13.0,9.0,35.0,27.0
2017-06-04,18.0,1.0,28.0,44.0,41.0,0.0,57.0,0.0,13.0,2.0,38.0,26.0
2017-06-05,41.0,1.0,38.0,56.0,66.0,0.0,72.0,15.0,18.0,9.0,36.0,49.0
2017-06-06,40.0,1.0,23.0,59.0,74.0,16.0,68.0,0.0,16.0,12.0,58.0,19.0
2017-06-07,39.0,1.0,28.0,54.0,77.0,23.0,70.0,0.0,18.0,5.0,43.0,83.0
2017-06-08,39.0,1.0,17.0,60.0,67.0,16.0,70.0,0.0,17.0,13.0,33.0,13.0
2017-06-09,35.0,1.0,17.0,62.0,62.0,0.0,72.0,0.0,18.0,6.0,40.0,51.0
2017-06-10,20.0,1.0,11.0,51.0,43.0,0.0,63.0,0.0,13.0,8.0,30.0,31.0
2017-06-11,20.0,1.0,23.0,51.0,44.0,18.0,55.0,0.0,12.0,11.0,38.0,19.0
2017-06-12,39.0,1.0,28.0,65.0,65.0,0.0,74.0,0.0,17.0,4.0,46.0,23.0
2017-06-13,43.0,1.0,26.0,67.0,70.0,0.0,70.0,0.0,19.0,6.0,35.0,64.0
2017-06-14,40.0,1.0,19.0,64.0,65.0,0.0,72.0,0.0,15.0,9.0,44.0,52.0
2017-06-15,41.0,1.0,20.0,65.0,66.0,16.0,69.0,0.0,13.0,1.0,57.0,78.0
2017-06-16,35.0,1.0,28.0,63.0,63.0,0.0,74.0,0.0,15.0,4.0,53.0,31.0
2017-06-17,18.0,1.0,24.0,51.0,49.0,0.0,64.0,0.0,14.0,5.0,36.0,39.0
2017-06-18,16.0,1.0,34.0,47.0,45.0,0.0,58.0,0.0,14.0,9.0,27.0,27.0
2017-06-19,40.0,1.0,41.0,59.0,66.0,0.0,73.0,0.0,15.0,11.0,67.0,59.0
2017-06-20,44.0,1.0,28.0,64.0,67.0,0.0,74.0,12.0,18.0,12.0,53.0,31.0
2017-06-21,40.0,1.0,14.0,58.0,68.0,23.0,70.0,0.0,14.0,5.0,31.0,47.0
2017-06-22,56.0,1.0,28.0,55.0,73.0,0.0,67.0,0.0,15.0,4.0,46.0,57.0
2017-06-23,49.0,1.0,46.0,55.0,71.0,0.0,74.0,0.0,14.0,6.0,39.0,37.0
2017-06-24,25.0,1.0,11.0,48.0,52.0,0.0,65.0,0.0,11.0,6.0,32.0,26.0
2017-06-25,25.0,1.0,3.0,48.0,44.0,0.0,60.0,0.0,11.0,1.0,16.0,12.0
2017-06-26,48.0,1.0,26.0,61.0,64.0,9.0,72.0,0.0,13.0,11.0,48.0,63.0
2017-06-27,50.0,1.0,37.0,57.0,71.0,25.0,73.0,0.0,16.0,4.0,45.0,53.0
2017-06-28,49.0,1.0,27.0,57.0,61.0,0.0,72.0,0.0,17.0,7.0,41.0,44.0
2017-06-29,43.0,1.0,28.0,61.0,66.0,0.0,70.0,0.0,15.0,9.0,54.0,37.0
2017-06-30,41.0,1.0,29.0,65.0,62.0,0.0,76.0,0.0,12.0,4.0,41.0,52.0
2017-07-01,20.0,1.0,29.0,48.0,49.0,0.0,66.0,0.0,8.0,5.0,33.0,12.0
2017-07-02,21.0,1.0,8.0,53.0,45.0,0.0,60.0,0.0,12.0,8.0,29.0,35.0
2017-07-03,32.0,1.0,21.0,52.0,60.0,9.0,71.0,0.0,14.0,9.0,42.0,61.0
2017-07-04,24.0,1.0,18.0,45.0,59.0,0.0,59.0,0.0,13.0,5.0,47.0,45.0
2017-07-05,43.0,1.0,45.0,53.0,63.0,16.0,72.0,0.0,16.0,9.0,52.0,41.0
2017-07-06,41.0,1.0,21.0,63.0,65.0,0.0,76.0,0.0,14.0,7.0,60.0,38.0
2017-07-07,38.0,1.0,42.0,57.0,63.0,0.0,74.0,0.0,13.0,9.0,49.0,28.0
2017-07-08,23.0,1.0,56.0,48.0,48.0,0.0,68.0,0.0,8.0,3.0,13.0,31.0
2017-07-09,24.0,1.0,23.0,50.0,50.0,0.0,64.0,0.0,11.0,6.0,38.0,38.0
2017-07-10,44.0,1.0,39.0,67.0,67.0,0.0,81.0,0.0,13.0,9.0,51.0,43.0
2017-07-11,43.0,1.0,34.0,59.0,79.0,0.0,78.0,0.0,10.0,6.0,45.0,50.0
2017-07-12,42.0,1.0,19.0,62.0,67.0,0.0,72.0,0.0,13.0,4.0,34.0,16.0
2017-07-13,45.0,1.0,38.0,57.0,66.0,0.0,72.0,0.0,12.0,4.0,62.0,7.0
2017-07-14,39.0,1.0,31.0,55.0,57.0,0.0,76.0,0.0,14.0,6.0,35.0,42.0
2017-07-15,23.0,1.0,18.0,50.0,47.0,0.0,66.0,0.0,10.0,9.0,14.0,31.0
2017-07-16,22.0,1.0,31.0,45.0,55.0,0.0,62.0,0.0,13.0,3.0,16.0,19.0
2017-07-17,43.0,1.0,17.0,57.0,69.0,0.0,74.0,0.0,14.0,9.0,44.0,30.0
2017-07-18,47.0,1.0,42.0,58.0,65.0,0.0,77.0,0.0,12.0,12.0,39.0,60.0
2017-07-19,50.0,1.0,40.0,60.0,70.0,0.0,74.0,0.0,14.0,9.0,43.0,48.0
2017-07-20,43.0,1.0,27.0,60.0,61.0,0.0,73.0,0.0,14.0,9.0,44.0,69.0
2017-07-21,38.0,1.0,56.0,57.0,62.0,35.0,74.0,0.0,14.0,9.0,45.0,21.0
2017-07-22,22.0,1.0,21.0,50.0,46.0,0.0,67.0,0.0,7.0,6.0,32.0,8.0
2017-07-23,22.0,1.0,25.0,48.0,40.0,0.0,60.0,0.0,9.0,4.0,28.0,26.0
2017-07-24,44.0,1.0,19.0,55.0,65.0,0.0,74.0,15.0,11.0,5.0,43.0,59.0
2017-07-25,67.0,1.0,39.0,60.0,69.0,0.0,71.0,0.0,13.0,3.0,32.0,36.0
2017-07-26,59.0,1.0,38.0,58.0,69.0,0.0,72.0,13.0,12.0,5.0,48.0,45.0
2017-07-27,49.0,1.0,42.0,61.0,67.0,0.0,71.0,0.0,12.0,5.0,44.0,45.0
2017-07-28,61.0,1.0,34.0,56.0,61.0,26.0,72.0,0.0,13.0,10.0,43.0,45.0
2017-07-29,25.0,1.0,8.0,47.0,48.0,0.0,63.0,0.0,11.0,2.0,29.0,23.0
2017-07-30,22.0,1.0,36.0,49.0,42.0,0.0,62.0,0.0,7.0,4.0,23.0,15.0
2017-07-31,46.0,1.0,31.0,57.0,66.0,0.0,76.0,0.0,17.0,5.0,62.0,40.0
2017-08-01,44.0,1.0,46.0,55.0,72.0,0.0,72.0,0.0,15.0,14.0,58.0,50.0
2017-08-02,45.0,1.0,29.0,55.0,64.0,0.0,70.0,0.0,15.0,11.0,38.0,64.0
2017-08-03,43.0,1.0,28.0,59.0,64.0,0.0,72.0,0.0,13.0,10.0,48.0,51.0
2017-08-04,36.0,1.0,32.0,58.0,63.0,9.0,72.0,0.0,12.0,2.0,49.0,24.0
2017-08-05,20.0,1.0,19.0,47.0,45.0,0.0,62.0,0.0,11.0,5.0,25.0,11.0
2017-08-06,18.0,1.0,17.0,45.0,47.0,28.0,61.0,0.0,9.0,5.0,32.0,7.0
2017-08-07,41.0,1.0,23.0,56.0,65.0,0.0,73.0,0.0,15.0,10.0,53.0,65.0
2017-08-08,43.0,1.0,51.0,57.0,70.0,0.0,73.0,0.0,16.0,7.0,53.0,40.0
2017-08-09,40.0,1.0,16.0,60.0,69.0,16.0,75.0,0.0,19.0,13.0,50.0,51.0
2017-08-10,41.0,1.0,58.0,56.0,74.0,33.0,72.0,0.0,14.0,13.0,46.0,65.0
2017-08-11,36.0,1.0,18.0,55.0,62.0,0.0,71.0,0.0,14.0,8.0,53.0,24.0
2017-08-12,19.0,1.0,14.0,51.0,51.0,0.0,61.0,0.0,13.0,11.0,25.0,19.0
2017-08-13,17.0,1.0,14.0,42.0,47.0,0.0,60.0,0.0,12.0,3.0,24.0,22.0
2017-08-14,38.0,1.0,39.0,50.0,67.0,16.0,74.0,0.0,15.0,11.0,30.0,30.0
2017-08-15,38.0,1.0,17.0,48.0,64.0,0.0,72.0,0.0,20.0,18.0,37.0,49.0
2017-08-16,39.0,1.0,12.0,54.0,72.0,0.0,68.0,0.0,19.0,14.0,41.0,58.0
2017-08-17,40.0,1.0,26.0,58.0,63.0,0.0,67.0,0.0,17.0,10.0,35.0,35.0
2017-08-18,35.0,1.0,30.0,53.0,59.0,0.0,74.0,0.0,17.0,18.0,44.0,46.0
2017-08-19,20.0,1.0,28.0,52.0,47.0,0.0,63.0,0.0,14.0,4.0,21.0,15.0
2017-08-20,17.0,1.0,11.0,45.0,46.0,0.0,58.0,0.0,11.0,4.0,16.0,22.0
2017-08-21,37.0,1.0,25.0,50.0,63.0,0.0,70.0,0.0,13.0,11.0,41.0,37.0
2017-08-22,43.0,1.0,44.0,55.0,75.0,0.0,70.0,0.0,14.0,16.0,57.0,35.0
2017-08-23,39.0,1.0,31.0,59.0,68.0,0.0,72.0,0.0,21.0,13.0,34.0,42.0
2017-08-24,39.0,1.0,31.0,53.0,75.0,0.0,69.0,0.0,19.0,9.0,46.0,61.0
2017-08-25,33.0,1.0,18.0,58.0,60.0,0.0,71.0,0.0,15.0,8.0,39.0,37.0
2017-08-26,19.0,1.0,16.0,48.0,45.0,18.0,58.0,0.0,10.0,4.0,20.0,30.0
2017-08-27,18.0,1.0,13.0,42.0,49.0,0.0,56.0,0.0,12.0,17.0,29.0,29.0
2017-08-28,36.0,1.0,26.0,61.0,71.0,17.0,74.0,0.0,18.0,17.0,53.0,52.0
2017-08-29,39.0,1.0,26.0,68.0,75.0,15.0,72.0,0.0,17.0,11.0,56.0,39.0
2017-08-30,42.0,1.0,42.0,65.0,77.0,0.0,66.0,0.0,18.0,22.0,47.0,35.0
2017-08-31,38.0,1.0,22.0,62.0,70.0,9.0,67.0,0.0,17.0,12.0,57.0,38.0
2017-09-01,34.0,1.0,28.0,61.0,65.0,0.0,73.0,0.0,16.0,8.0,47.0,55.0
2017-09-02,20.0,1.0,23.0,46.0,50.0,0.0,63.0,15.0,13.0,9.0,21.0,7.0
2017-09-03,19.0,1.0,38.0,47.0,56.0,18.0,57.0,0.0,15.0,4.0,36.0,15.0
2017-09-04,25.0,1.0,17.0,50.0,67.0,0.0,58.0,0.0,16.0,12.0,45.0,27.0
2017-09-05,43.0,1.0,32.0,55.0,73.0,0.0,75.0,14.0,18.0,12.0,53.0,56.0
2017-09-06,42.0,1.0,18.0,57.0,71.0,0.0,75.0,14.0,19.0,13.0,46.0,41.0
2017-09-07,42.0,1.0,54.0,65.0,76.0,15.0,72.0,0.0,20.0,15.0,61.0,25.0
2017-09-08,34.0,,25.0,65.0,74.0,17.0,73.0,0.0,18.0,11.0,34.0,39.0
2017-09-09,19.0,,28.0,48.0,55.0,0.0,57.0,0.0,11.0,16.0,28.0,50.0
2017-09-10,19.0,,22.0,43.0,54.0,0.0,55.0,0.0,12.0,25.0,22.0,21.0
2017-09-11,36.0,,29.0,64.0,80.0,0.0,64.0,0.0,21.0,13.0,46.0,25.0
2017-09-12,42.0,,34.0,65.0,81.0,0.0,69.0,0.0,21.0,13.0,62.0,43.0
2017-09-13,42.0,,38.0,62.0,82.0,0.0,67.0,0.0,22.0,18.0,72.0,42.0
2017-09-14,44.0,,64.0,64.0,80.0,17.0,67.0,0.0,23.0,22.0,60.0,75.0
2017-09-15,36.0,,20.0,63.0,81.0,0.0,73.0,0.0,23.0,8.0,63.0,52.0
2017-09-16,21.0,,22.0,48.0,53.0,19.0,65.0,0.0,18.0,6.0,32.0,43.0
2017-09-17,22.0,,33.0,52.0,51.0,0.0,57.0,0.0,10.0,9.0,31.0,28.0
2017-09-18,41.0,,25.0,63.0,82.0,16.0,72.0,0.0,27.0,48.0,54.0,56.0
2017-09-19,46.0,,43.0,65.0,90.0,16.0,69.0,0.0,23.0,13.0,65.0,62.0
2017-09-20,44.0,,19.0,73.0,83.0,0.0,66.0,0.0,24.0,13.0,62.0,25.0
2017-09-21,46.0,,64.0,72.0,81.0,0.0,65.0,0.0,24.0,30.0,61.0,32.0
2017-09-22,45.0,,25.0,67.0,82.0,17.0,72.0,0.0,21.0,14.0,32.0,46.0
2017-09-23,27.0,,22.0,54.0,48.0,0.0,65.0,0.0,15.0,19.0,28.0,36.0
2017-09-24,24.0,,28.0,54.0,62.0,0.0,59.0,0.0,16.0,9.0,46.0,0.0
2017-09-25,46.0,,34.0,68.0,83.0,0.0,73.0,0.0,29.0,22.0,65.0,50.0
2017-09-26,48.0,,34.0,73.0,87.0,0.0,70.0,0.0,33.0,13.0,54.0,31.0
2017-09-27,41.0,,43.0,70.0,87.0,0.0,67.0,0.0,28.0,21.0,64.0,62.0
2017-09-28,42.0,,40.0,73.0,82.0,17.0,71.0,29.0,24.0,25.0,58.0,19.0
2017-09-29,38.0,,36.0,68.0,70.0,0.0,69.0,0.0,21.0,14.0,46.0,39.0
2017-09-30,17.0,,11.0,51.0,48.0,0.0,61.0,0.0,12.0,13.0,26.0,22.0
2017-10-01,18.0,,33.0,49.0,56.0,0.0,58.0,0.0,22.0,22.0,19.0,14.0
2017-10-02,39.0,,48.0,76.0,73.0,0.0,69.0,0.0,34.0,35.0,48.0,62.0
2017-10-03,40.0,,19.0,80.0,87.0,17.0,71.0,0.0,29.0,32.0,49.0,56.0
2017-10-04,43.0,,44.0,70.0,87.0,0.0,67.0,0.0,26.0,21.0,46.0,87.0
2017-10-05,42.0,,44.0,75.0,87.0,0.0,68.0,0.0,21.0,19.0,38.0,56.0
2017-10-06,36.0,,25.0,70.0,76.0,0.0,71.0,0.0,22.0,27.0,47.0,38.0
2017-10-07,22.0,,28.0,58.0,56.0,0.0,60.0,0.0,18.0,25.0,65.0,21.0
2017-10-08,21.0,,33.0,60.0,56.0,0.0,56.0,0.0,21.0,18.0,36.0,49.0
2017-10-09,39.0,,24.0,72.0,78.0,0.0,76.0,0.0,25.0,19.0,70.0,43.0
2017-10-10,46.0,,38.0,69.0,74.0,0.0,74.0,0.0,29.0,29.0,64.0,25.0
2017-10-11,43.0,,34.0,69.0,87.0,33.0,74.0,0.0,27.0,27.0,100.0,31.0
2017-10-12,48.0,,25.0,76.0,91.0,0.0,75.0,0.0,31.0,46.0,60.0,44.0
2017-10-13,42.0,,35.0,78.0,76.0,17.0,71.0,0.0,23.0,36.0,39.0,26.0
2017-10-14,24.0,,5.0,62.0,53.0,0.0,61.0,0.0,17.0,18.0,34.0,35.0
2017-10-15,21.0,,50.0,59.0,63.0,0.0,55.0,0.0,18.0,9.0,37.0,14.0
2017-10-16,45.0,,57.0,76.0,92.0,0.0,75.0,0.0,29.0,31.0,58.0,24.0
2017-10-17,45.0,,10.0,73.0,81.0,33.0,72.0,0.0,26.0,19.0,59.0,68.0
2017-10-18,42.0,,29.0,72.0,83.0,16.0,70.0,0.0,25.0,22.0,71.0,50.0
2017-10-19,42.0,,30.0,72.0,77.0,0.0,70.0,0.0,29.0,27.0,47.0,63.0
2017-10-20,35.0,,30.0,68.0,79.0,34.0,65.0,0.0,21.0,25.0,42.0,71.0
2017-10-21,20.0,,22.0,54.0,53.0,0.0,63.0,0.0,15.0,18.0,22.0,28.0
2017-10-22,23.0,,16.0,53.0,58.0,0.0,56.0,0.0,17.0,9.0,42.0,7.0
2017-10-23,42.0,,52.0,74.0,81.0,0.0,70.0,0.0,69.0,37.0,58.0,55.0
2017-10-24,45.0,,52.0,73.0,92.0,32.0,71.0,0.0,30.0,24.0,45.0,19.0
2017-10-25,46.0,,38.0,71.0,87.0,16.0,68.0,0.0,29.0,21.0,62.0,61.0
2017-10-26,42.0,,34.0,77.0,80.0,0.0,69.0,0.0,28.0,22.0,70.0,81.0
2017-10-27,37.0,,15.0,69.0,90.0,0.0,69.0,30.0,29.0,17.0,67.0,39.0
2017-10-28,21.0,,28.0,52.0,53.0,0.0,57.0,0.0,17.0,15.0,37.0,14.0
2017-10-29,18.0,,27.0,50.0,58.0,0.0,53.0,0.0,21.0,15.0,39.0,35.0
2017-10-30,42.0,,19.0,69.0,91.0,0.0,73.0,0.0,29.0,40.0,75.0,49.0
2017-10-31,42.0,,49.0,59.0,80.0,0.0,66.0,0.0,26.0,13.0,30.0,63.0
2017-11-01,48.0,,34.0,67.0,87.0,17.0,66.0,0.0,29.0,22.0,61.0,26.0
2017-11-02,50.0,,39.0,73.0,93.0,0.0,66.0,0.0,24.0,22.0,46.0,50.0
2017-11-03,40.0,,44.0,78.0,84.0,17.0,65.0,0.0,25.0,30.0,39.0,26.0
2017-11-04,21.0,,38.0,63.0,59.0,0.0,57.0,0.0,20.0,24.0,51.0,27.0
2017-11-05,22.0,,5.0,54.0,64.0,0.0,53.0,0.0,21.0,17.0,35.0,13.0
2017-11-06,48.0,,19.0,79.0,86.0,0.0,69.0,0.0,28.0,16.0,69.0,24.0
2017-11-07,44.0,,51.0,96.0,87.0,0.0,69.0,0.0,30.0,21.0,47.0,24.0
2017-11-08,43.0,,57.0,100.0,88.0,0.0,68.0,0.0,34.0,32.0,75.0,73.0
2017-11-09,47.0,,33.0,77.0,83.0,16.0,71.0,0.0,27.0,29.0,43.0,30.0
2017-11-10,37.0,,39.0,73.0,77.0,0.0,66.0,0.0,27.0,16.0,52.0,26.0
2017-11-11,20.0,,11.0,59.0,63.0,0.0,59.0,0.0,16.0,15.0,42.0,20.0
2017-11-12,21.0,,31.0,50.0,60.0,0.0,54.0,0.0,20.0,9.0,24.0,27.0
2017-11-13,46.0,,28.0,68.0,89.0,0.0,69.0,0.0,30.0,28.0,52.0,54.0
2017-11-14,49.0,,51.0,69.0,94.0,16.0,71.0,0.0,34.0,33.0,62.0,72.0
2017-11-15,46.0,1.0,26.0,67.0,87.0,0.0,70.0,0.0,25.0,12.0,55.0,41.0
2017-11-16,45.0,1.0,40.0,76.0,81.0,0.0,68.0,0.0,24.0,18.0,64.0,38.0
2017-11-17,41.0,1.0,48.0,69.0,77.0,17.0,69.0,0.0,24.0,31.0,51.0,25.0
2017-11-18,22.0,1.0,38.0,51.0,52.0,0.0,60.0,0.0,14.0,6.0,31.0,24.0
2017-11-19,20.0,1.0,13.0,53.0,55.0,9.0,58.0,0.0,17.0,8.0,46.0,43.0
2017-11-20,41.0,1.0,50.0,61.0,89.0,8.0,70.0,0.0,27.0,11.0,73.0,54.0
2017-11-21,45.0,1.0,24.0,60.0,85.0,0.0,68.0,0.0,26.0,25.0,72.0,30.0
2017-11-22,35.0,1.0,39.0,51.0,78.0,0.0,71.0,0.0,24.0,21.0,50.0,51.0
2017-11-23,21.0,1.0,30.0,53.0,67.0,8.0,54.0,0.0,24.0,14.0,48.0,16.0
2017-11-24,21.0,1.0,23.0,50.0,65.0,0.0,56.0,0.0,20.0,9.0,42.0,25.0
2017-11-25,18.0,1.0,14.0,43.0,59.0,0.0,55.0,16.0,17.0,4.0,22.0,20.0
2017-11-26,20.0,1.0,30.0,46.0,60.0,0.0,55.0,0.0,20.0,8.0,38.0,23.0
2017-11-27,44.0,1.0,51.0,59.0,100.0,0.0,67.0,0.0,25.0,6.0,71.0,55.0
2017-11-28,48.0,1.0,31.0,65.0,100.0,0.0,71.0,0.0,30.0,7.0,67.0,32.0
2017-11-29,44.0,1.0,43.0,72.0,87.0,32.0,68.0,0.0,27.0,25.0,47.0,50.0
2017-11-30,44.0,1.0,34.0,62.0,92.0,25.0,68.0,0.0,33.0,23.0,39.0,45.0
2017-12-01,40.0,1.0,22.0,63.0,74.0,9.0,72.0,0.0,28.0,19.0,50.0,44.0
2017-12-02,21.0,1.0,14.0,50.0,54.0,0.0,61.0,0.0,21.0,8.0,31.0,34.0
2017-12-03,20.0,1.0,30.0,50.0,58.0,0.0,54.0,0.0,23.0,11.0,42.0,13.0
2017-12-04,44.0,1.0,37.0,67.0,83.0,16.0,72.0,0.0,27.0,17.0,95.0,36.0
2017-12-05,47.0,1.0,29.0,66.0,84.0,0.0,70.0,26.0,31.0,17.0,59.0,53.0
2017-12-06,46.0,1.0,41.0,64.0,89.0,0.0,66.0,0.0,28.0,13.0,63.0,47.0
2017-12-07,45.0,1.0,31.0,62.0,84.0,32.0,65.0,0.0,27.0,12.0,77.0,57.0
2017-12-08,39.0,1.0,30.0,64.0,78.0,0.0,65.0,0.0,28.0,14.0,69.0,41.0
2017-12-09,21.0,1.0,11.0,64.0,56.0,0.0,59.0,0.0,21.0,8.0,51.0,14.0
2017-12-10,18.0,1.0,22.0,57.0,56.0,9.0,53.0,0.0,22.0,8.0,37.0,27.0
2017-12-11,44.0,1.0,14.0,65.0,86.0,8.0,72.0,0.0,29.0,17.0,76.0,38.0
2017-12-12,46.0,1.0,43.0,61.0,82.0,8.0,69.0,0.0,33.0,19.0,58.0,38.0
2017-12-13,44.0,1.0,19.0,60.0,81.0,8.0,68.0,0.0,28.0,12.0,60.0,35.0
2017-12-14,44.0,1.0,27.0,60.0,77.0,16.0,69.0,14.0,34.0,13.0,76.0,55.0
2017-12-15,42.0,1.0,31.0,53.0,75.0,9.0,67.0,0.0,33.0,9.0,56.0,51.0
2017-12-16,22.0,1.0,22.0,39.0,45.0,0.0,64.0,0.0,28.0,10.0,37.0,31.0
2017-12-17,18.0,1.0,22.0,39.0,43.0,0.0,62.0,0.0,29.0,8.0,32.0,4.0
2017-12-18,36.0,1.0,32.0,51.0,72.0,8.0,73.0,26.0,34.0,21.0,55.0,27.0
2017-12-19,39.0,1.0,30.0,56.0,77.0,8.0,75.0,0.0,36.0,23.0,55.0,46.0
2017-12-20,37.0,1.0,30.0,52.0,76.0,17.0,75.0,0.0,40.0,10.0,48.0,47.0
2017-12-21,36.0,1.0,32.0,48.0,70.0,0.0,76.0,0.0,37.0,6.0,44.0,26.0
2017-12-22,27.0,1.0,22.0,40.0,57.0,0.0,79.0,0.0,42.0,17.0,36.0,30.0
2017-12-23,15.0,1.0,18.0,30.0,46.0,0.0,74.0,0.0,33.0,12.0,25.0,22.0
2017-12-24,13.0,1.0,46.0,30.0,35.0,0.0,74.0,0.0,37.0,11.0,31.0,19.0
2017-12-25,11.0,1.0,18.0,28.0,37.0,0.0,49.0,0.0,34.0,6.0,31.0,26.0
2017-12-26,25.0,1.0,27.0,39.0,59.0,0.0,72.0,0.0,49.0,12.0,33.0,17.0
2017-12-27,32.0,1.0,26.0,40.0,71.0,17.0,75.0,0.0,62.0,8.0,44.0,44.0
2017-12-28,33.0,1.0,23.0,42.0,64.0,9.0,74.0,0.0,64.0,11.0,45.0,25.0
2017-12-29,29.0,1.0,21.0,45.0,59.0,18.0,75.0,0.0,61.0,25.0,40.0,33.0
2017-12-30,18.0,1.0,28.0,36.0,47.0,0.0,69.0,0.0,63.0,7.0,24.0,39.0
2017-12-31,17.0,1.0,24.0,37.0,41.0,0.0,70.0,0.0,51.0,17.0,18.0,26.0
2018-01-01,17.0,1.0,21.0,41.0,45.0,0.0,59.0,0.0,52.0,6.0,28.0,25.0
2018-01-02,42.0,1.0,43.0,54.0,70.0,8.0,80.0,0.0,64.0,12.0,54.0,34.0
2018-01-03,43.0,1.0,31.0,68.0,73.0,16.0,78.0,0.0,72.0,18.0,36.0,51.0
2018-01-04,41.0,1.0,31.0,69.0,69.0,8.0,73.0,0.0,76.0,12.0,51.0,26.0
2018-01-05,42.0,1.0,30.0,68.0,72.0,0.0,78.0,0.0,76.0,17.0,39.0,21.0
2018-01-06,21.0,1.0,22.0,55.0,56.0,9.0,68.0,0.0,68.0,15.0,33.0,29.0
2018-01-07,20.0,1.0,21.0,57.0,51.0,0.0,61.0,0.0,73.0,14.0,34.0,17.0
2018-01-08,42.0,1.0,48.0,78.0,84.0,0.0,77.0,26.0,77.0,22.0,58.0,41.0
2018-01-09,45.0,1.0,28.0,79.0,88.0,16.0,75.0,0.0,79.0,17.0,76.0,38.0
2018-01-10,45.0,1.0,36.0,75.0,78.0,16.0,73.0,0.0,80.0,20.0,67.0,58.0
2018-01-11,42.0,1.0,62.0,78.0,80.0,24.0,75.0,0.0,82.0,37.0,49.0,53.0
2018-01-12,38.0,1.0,25.0,74.0,75.0,8.0,73.0,0.0,77.0,11.0,50.0,40.0
2018-01-13,22.0,1.0,11.0,70.0,52.0,0.0,63.0,0.0,82.0,22.0,34.0,37.0
2018-01-14,20.0,1.0,10.0,57.0,56.0,0.0,59.0,0.0,65.0,13.0,25.0,16.0
2018-01-15,37.0,1.0,47.0,65.0,71.0,0.0,70.0,0.0,75.0,17.0,51.0,9.0
2018-01-16,42.0,1.0,44.0,72.0,74.0,15.0,68.0,0.0,83.0,12.0,52.0,42.0
2018-01-17,45.0,1.0,30.0,71.0,81.0,15.0,66.0,0.0,90.0,12.0,66.0,45.0
2018-01-18,42.0,1.0,42.0,75.0,77.0,0.0,72.0,0.0,84.0,22.0,56.0,46.0
2018-01-19,41.0,1.0,20.0,76.0,79.0,0.0,73.0,0.0,92.0,16.0,46.0,30.0
2018-01-20,22.0,1.0,40.0,61.0,52.0,9.0,62.0,0.0,82.0,18.0,30.0,66.0
2018-01-21,21.0,1.0,16.0,57.0,54.0,0.0,57.0,0.0,72.0,9.0,35.0,26.0
2018-01-22,46.0,1.0,27.0,73.0,78.0,0.0,72.0,25.0,95.0,13.0,54.0,57.0
2018-01-23,45.0,1.0,57.0,75.0,82.0,0.0,74.0,0.0,93.0,21.0,77.0,48.0
2018-01-24,45.0,1.0,53.0,76.0,76.0,8.0,71.0,0.0,98.0,26.0,61.0,55.0
2018-01-25,42.0,1.0,33.0,76.0,75.0,0.0,72.0,0.0,91.0,23.0,60.0,23.0
2018-01-26,39.0,1.0,22.0,78.0,68.0,8.0,71.0,41.0,91.0,17.0,46.0,40.0
2018-01-27,22.0,1.0,48.0,68.0,50.0,0.0,62.0,0.0,80.0,11.0,36.0,34.0
2018-01-28,22.0,1.0,24.0,57.0,52.0,0.0,58.0,0.0,80.0,19.0,30.0,56.0
2018-01-29,43.0,1.0,55.0,76.0,86.0,23.0,73.0,0.0,93.0,26.0,67.0,52.0
2018-01-30,49.0,1.0,37.0,78.0,82.0,8.0,74.0,0.0,97.0,22.0,60.0,48.0
2018-01-31,47.0,1.0,23.0,72.0,78.0,8.0,70.0,0.0,100.0,22.0,72.0,63.0
2018-02-01,47.0,1.0,33.0,69.0,81.0,0.0,72.0,0.0,98.0,25.0,79.0,17.0
2018-02-02,39.0,1.0,27.0,72.0,71.0,8.0,68.0,0.0,96.0,17.0,50.0,36.0
2018-02-03,24.0,1.0,18.0,63.0,57.0,9.0,67.0,0.0,81.0,12.0,33.0,20.0
2018-02-04,20.0,1.0,29.0,58.0,55.0,0.0,57.0,0.0,79.0,7.0,28.0,23.0
2018-02-05,48.0,1.0,30.0,68.0,83.0,0.0,72.0,27.0,91.0,18.0,47.0,63.0
2018-02-06,47.0,1.0,23.0,81.0,85.0,0.0,73.0,0.0,94.0,15.0,57.0,44.0
2018-02-07,44.0,1.0,41.0,72.0,86.0,0.0,69.0,0.0,87.0,21.0,62.0,49.0
2018-02-08,46.0,1.0,24.0,73.0,86.0,8.0,71.0,0.0,88.0,25.0,49.0,47.0
2018-02-09,38.0,1.0,44.0,73.0,79.0,0.0,70.0,0.0,84.0,19.0,45.0,27.0
2018-02-10,22.0,1.0,43.0,72.0,54.0,9.0,67.0,0.0,76.0,21.0,40.0,13.0
2018-02-11,21.0,1.0,32.0,58.0,59.0,0.0,60.0,0.0,65.0,5.0,28.0,23.0
2018-02-12,50.0,1.0,40.0,73.0,85.0,16.0,76.0,0.0,81.0,10.0,55.0,43.0
2018-02-13,45.0,1.0,33.0,68.0,75.0,0.0,72.0,0.0,80.0,16.0,51.0,38.0
2018-02-14,40.0,1.0,63.0,63.0,81.0,23.0,64.0,0.0,80.0,13.0,48.0,48.0
2018-02-15,43.0,1.0,38.0,70.0,78.0,0.0,68.0,0.0,84.0,22.0,56.0,70.0
2018-02-16,37.0,1.0,39.0,66.0,72.0,0.0,72.0,0.0,83.0,9.0,35.0,57.0
2018-02-17,22.0,1.0,11.0,68.0,53.0,0.0,64.0,0.0,64.0,8.0,38.0,40.0
2018-02-18,21.0,1.0,29.0,57.0,58.0,0.0,60.0,0.0,64.0,11.0,48.0,26.0
2018-02-19,41.0,1.0,24.0,61.0,75.0,0.0,70.0,0.0,73.0,20.0,52.0,58.0
2018-02-20,42.0,1.0,41.0,72.0,85.0,0.0,70.0,0.0,78.0,15.0,47.0,48.0
2018-02-21,43.0,1.0,26.0,66.0,80.0,0.0,70.0,0.0,78.0,14.0,59.0,57.0
2018-02-22,43.0,1.0,42.0,77.0,85.0,0.0,71.0,0.0,78.0,12.0,42.0,58.0
2018-02-23,41.0,1.0,32.0,72.0,78.0,0.0,69.0,0.0,78.0,8.0,49.0,71.0
2018-02-24,21.0,,49.0,70.0,55.0,0.0,60.0,0.0,58.0,5.0,41.0,45.0
2018-02-25,22.0,,37.0,65.0,57.0,0.0,58.0,0.0,51.0,5.0,29.0,51.0
2018-02-26,46.0,,19.0,75.0,79.0,0.0,66.0,50.0,62.0,9.0,67.0,45.0
2018-02-27,43.0,,60.0,81.0,81.0,0.0,70.0,0.0,66.0,20.0,43.0,45.0
2018-02-28,44.0,,19.0,71.0,82.0,0.0,70.0,0.0,65.0,13.0,66.0,33.0
2018-03-01,41.0,,42.0,72.0,76.0,15.0,68.0,0.0,59.0,13.0,38.0,50.0
2018-03-02,37.0,,20.0,82.0,63.0,0.0,68.0,53.0,57.0,16.0,40.0,11.0
2018-03-03,20.0,,38.0,61.0,53.0,18.0,62.0,0.0,46.0,13.0,32.0,19.0
2018-03-04,19.0,,37.0,60.0,52.0,0.0,56.0,0.0,47.0,12.0,35.0,38.0
2018-03-05,45.0,,33.0,83.0,78.0,15.0,67.0,0.0,58.0,5.0,78.0,17.0
2018-03-06,43.0,,41.0,71.0,84.0,31.0,70.0,0.0,60.0,15.0,57.0,44.0
2018-03-07,43.0,,28.0,70.0,79.0,15.0,66.0,0.0,59.0,7.0,43.0,50.0
2018-03-08,45.0,,28.0,72.0,81.0,0.0,66.0,0.0,64.0,9.0,53.0,74.0
2018-03-09,42.0,,40.0,70.0,64.0,0.0,67.0,0.0,51.0,9.0,55.0,30.0
2018-03-10,19.0,,22.0,63.0,48.0,18.0,63.0,0.0,39.0,0.0,41.0,25.0
2018-03-11,20.0,,11.0,63.0,55.0,0.0,58.0,0.0,46.0,0.0,33.0,39.0
2018-03-12,46.0,,47.0,64.0,85.0,0.0,72.0,0.0,54.0,13.0,33.0,44.0
2018-03-13,41.0,,28.0,71.0,83.0,0.0,66.0,0.0,54.0,11.0,62.0,61.0
2018-03-14,39.0,,37.0,75.0,80.0,0.0,66.0,0.0,50.0,13.0,47.0,45.0
2018-03-15,41.0,,67.0,70.0,81.0,0.0,66.0,0.0,60.0,7.0,48.0,57.0
2018-03-16,34.0,,20.0,67.0,65.0,0.0,65.0,0.0,55.0,7.0,45.0,29.0
2018-03-17,17.0,,22.0,59.0,56.0,0.0,56.0,0.0,31.0,2.0,22.0,32.0
2018-03-18,20.0,,26.0,55.0,54.0,0.0,54.0,0.0,34.0,7.0,32.0,32.0
2018-03-19,45.0,,28.0,74.0,78.0,0.0,72.0,50.0,44.0,11.0,67.0,62.0
2018-03-20,42.0,,33.0,72.0,85.0,0.0,70.0,0.0,53.0,11.0,57.0,55.0
2018-03-21,43.0,,61.0,71.0,83.0,15.0,62.0,0.0,40.0,11.0,38.0,51.0
2018-03-22,43.0,,57.0,75.0,85.0,0.0,70.0,51.0,49.0,5.0,46.0,79.0
2018-03-23,35.0,,30.0,73.0,76.0,0.0,66.0,0.0,38.0,11.0,52.0,47.0
2018-03-24,21.0,,17.0,67.0,52.0,0.0,59.0,0.0,26.0,0.0,28.0,39.0
2018-03-25,18.0,,39.0,60.0,52.0,0.0,54.0,0.0,23.0,5.0,39.0,46.0
2018-03-26,44.0,,38.0,67.0,80.0,15.0,70.0,0.0,38.0,9.0,63.0,84.0
2018-03-27,44.0,,52.0,66.0,75.0,0.0,68.0,0.0,35.0,14.0,55.0,62.0
2018-03-28,42.0,,39.0,75.0,73.0,0.0,69.0,0.0,41.0,16.0,45.0,41.0
2018-03-29,40.0,,25.0,64.0,71.0,0.0,77.0,0.0,38.0,9.0,46.0,48.0
2018-03-30,30.0,,21.0,60.0,60.0,18.0,70.0,0.0,28.0,5.0,29.0,25.0
2018-03-31,19.0,,28.0,60.0,44.0,0.0,62.0,0.0,27.0,11.0,28.0,33.0
2018-04-01,17.0,,17.0,49.0,40.0,0.0,54.0,0.0,22.0,14.0,23.0,40.0
2018-04-02,39.0,,60.0,62.0,68.0,0.0,73.0,0.0,32.0,14.0,44.0,48.0
2018-04-03,41.0,,42.0,65.0,72.0,15.0,70.0,0.0,34.0,16.0,57.0,33.0
2018-04-04,44.0,,24.0,70.0,80.0,0.0,70.0,0.0,33.0,11.0,44.0,68.0
2018-04-05,41.0,,34.0,79.0,71.0,0.0,67.0,0.0,33.0,11.0,69.0,52.0
2018-04-06,39.0,,10.0,75.0,69.0,0.0,70.0,0.0,30.0,23.0,46.0,47.0
2018-04-07,22.0,,22.0,67.0,54.0,0.0,62.0,0.0,23.0,10.0,9.0,0.0
2018-04-08,20.0,,6.0,64.0,52.0,18.0,56.0,0.0,23.0,10.0,42.0,26.0
2018-04-09,44.0,,38.0,70.0,85.0,0.0,72.0,0.0,35.0,5.0,31.0,51.0
2018-04-10,43.0,,61.0,72.0,75.0,0.0,66.0,100.0,28.0,16.0,38.0,50.0
2018-04-11,40.0,,43.0,65.0,78.0,0.0,69.0,0.0,31.0,14.0,50.0,28.0
2018-04-12,43.0,,24.0,75.0,78.0,16.0,69.0,0.0,30.0,11.0,31.0,51.0
2018-04-13,37.0,,50.0,75.0,76.0,0.0,68.0,53.0,30.0,14.0,48.0,36.0
2018-04-14,21.0,,17.0,62.0,54.0,0.0,59.0,0.0,23.0,2.0,20.0,32.0
2018-04-15,22.0,,32.0,59.0,52.0,0.0,53.0,0.0,23.0,10.0,41.0,51.0
2018-04-16,41.0,,33.0,78.0,73.0,15.0,69.0,0.0,25.0,7.0,36.0,39.0
2018-04-17,49.0,,33.0,67.0,82.0,0.0,71.0,0.0,27.0,0.0,64.0,28.0
2018-04-18,42.0,,15.0,63.0,79.0,0.0,66.0,0.0,29.0,14.0,42.0,34.0
2018-04-19,40.0,,44.0,80.0,84.0,0.0,69.0,0.0,29.0,14.0,52.0,46.0
2018-04-20,40.0,,31.0,72.0,79.0,0.0,66.0,0.0,25.0,9.0,44.0,54.0
2018-04-21,21.0,,23.0,61.0,46.0,0.0,62.0,0.0,19.0,2.0,28.0,20.0
2018-04-22,21.0,,28.0,60.0,54.0,18.0,55.0,0.0,20.0,8.0,46.0,33.0
2018-04-23,45.0,,43.0,72.0,85.0,0.0,75.0,0.0,24.0,7.0,58.0,45.0
2018-04-24,43.0,,47.0,67.0,85.0,0.0,71.0,0.0,29.0,11.0,38.0,67.0
2018-04-25,40.0,,43.0,68.0,79.0,15.0,67.0,0.0,27.0,7.0,55.0,17.0
2018-04-26,42.0,,29.0,74.0,81.0,0.0,64.0,0.0,26.0,11.0,37.0,29.0
2018-04-27,35.0,,20.0,71.0,70.0,0.0,68.0,0.0,20.0,19.0,48.0,25.0
2018-04-28,21.0,,6.0,61.0,53.0,0.0,61.0,0.0,19.0,11.0,31.0,46.0
2018-04-29,19.0,,39.0,56.0,52.0,0.0,56.0,0.0,9.0,10.0,30.0,32.0
2018-04-30,42.0,,34.0,70.0,79.0,16.0,69.0,0.0,22.0,11.0,50.0,35.0
2018-05-01,40.0,,35.0,74.0,76.0,16.0,69.0,0.0,18.0,5.0,32.0,24.0
2018-05-02,40.0,,43.0,71.0,74.0,0.0,68.0,0.0,26.0,14.0,50.0,34.0
2018-05-03,40.0,1.0,38.0,73.0,79.0,7.0,66.0,0.0,22.0,18.0,48.0,47.0
2018-05-04,34.0,1.0,38.0,81.0,74.0,0.0,67.0,0.0,21.0,8.0,38.0,45.0
2018-05-05,19.0,1.0,19.0,68.0,51.0,0.0,57.0,0.0,15.0,0.0,18.0,31.0
2018-05-06,21.0,1.0,36.0,55.0,47.0,0.0,58.0,0.0,15.0,3.0,35.0,13.0
2018-05-07,42.0,1.0,25.0,68.0,82.0,8.0,65.0,0.0,22.0,13.0,50.0,38.0
2018-05-08,44.0,1.0,43.0,62.0,81.0,0.0,70.0,0.0,25.0,9.0,37.0,29.0
2018-05-09,43.0,1.0,37.0,67.0,81.0,8.0,69.0,0.0,23.0,27.0,52.0,50.0
2018-05-10,38.0,1.0,39.0,62.0,84.0,7.0,67.0,0.0,21.0,15.0,58.0,84.0
2018-05-11,34.0,1.0,36.0,59.0,71.0,0.0,69.0,52.0,23.0,17.0,59.0,27.0
2018-05-12,19.0,1.0,31.0,47.0,46.0,0.0,62.0,0.0,17.0,7.0,33.0,24.0
2018-05-13,19.0,1.0,39.0,46.0,50.0,16.0,52.0,0.0,16.0,0.0,43.0,40.0
2018-05-14,42.0,1.0,29.0,61.0,78.0,15.0,70.0,0.0,25.0,9.0,51.0,50.0
2018-05-15,41.0,1.0,32.0,64.0,76.0,0.0,64.0,25.0,22.0,15.0,42.0,80.0
2018-05-16,38.0,1.0,37.0,61.0,70.0,0.0,67.0,0.0,22.0,12.0,37.0,28.0
2018-05-17,40.0,1.0,32.0,66.0,70.0,7.0,65.0,0.0,22.0,15.0,48.0,53.0
2018-05-18,37.0,1.0,24.0,62.0,70.0,0.0,65.0,0.0,19.0,8.0,17.0,52.0
2018-05-19,17.0,1.0,28.0,51.0,43.0,0.0,58.0,0.0,15.0,7.0,34.0,30.0
2018-05-20,21.0,1.0,19.0,52.0,43.0,0.0,57.0,0.0,13.0,7.0,30.0,31.0
2018-05-21,39.0,1.0,32.0,57.0,79.0,0.0,68.0,0.0,17.0,16.0,38.0,57.0
2018-05-22,40.0,1.0,38.0,60.0,74.0,8.0,68.0,0.0,23.0,10.0,45.0,51.0
2018-05-23,41.0,1.0,50.0,59.0,84.0,7.0,68.0,0.0,19.0,19.0,40.0,52.0
2018-05-24,38.0,1.0,37.0,62.0,71.0,15.0,67.0,0.0,16.0,9.0,37.0,20.0
2018-05-25,35.0,1.0,38.0,62.0,67.0,0.0,70.0,0.0,15.0,7.0,23.0,44.0
2018-05-26,18.0,1.0,46.0,52.0,54.0,0.0,61.0,0.0,11.0,0.0,27.0,17.0
2018-05-27,18.0,1.0,24.0,48.0,52.0,0.0,55.0,0.0,15.0,10.0,42.0,24.0
2018-05-28,23.0,1.0,46.0,53.0,59.0,0.0,56.0,0.0,15.0,9.0,39.0,42.0
2018-05-29,40.0,1.0,44.0,59.0,76.0,0.0,69.0,0.0,18.0,19.0,46.0,44.0
2018-05-30,40.0,1.0,34.0,68.0,66.0,0.0,74.0,0.0,17.0,12.0,42.0,44.0
2018-05-31,42.0,1.0,42.0,64.0,82.0,0.0,75.0,0.0,16.0,15.0,39.0,51.0
2018-06-01,38.0,1.0,31.0,64.0,68.0,0.0,72.0,54.0,17.0,19.0,35.0,53.0
2018-06-02,20.0,1.0,34.0,54.0,53.0,0.0,63.0,0.0,14.0,16.0,20.0,28.0
2018-06-03,21.0,1.0,29.0,58.0,46.0,0.0,61.0,0.0,12.0,9.0,61.0,17.0
2018-06-04,39.0,1.0,18.0,64.0,73.0,7.0,73.0,0.0,16.0,8.0,50.0,49.0
2018-06-05,42.0,1.0,44.0,64.0,71.0,14.0,73.0,26.0,20.0,10.0,48.0,59.0
2018-06-06,42.0,1.0,36.0,68.0,68.0,0.0,74.0,0.0,22.0,13.0,31.0,50.0
2018-06-07,41.0,1.0,66.0,62.0,70.0,0.0,71.0,0.0,18.0,19.0,30.0,62.0
2018-06-08,35.0,1.0,31.0,65.0,65.0,7.0,71.0,0.0,18.0,15.0,42.0,46.0
2018-06-09,19.0,1.0,32.0,50.0,45.0,18.0,63.0,0.0,12.0,7.0,13.0,38.0
2018-06-10,21.0,1.0,32.0,49.0,49.0,17.0,61.0,0.0,13.0,7.0,25.0,13.0
2018-06-11,41.0,1.0,24.0,68.0,69.0,0.0,73.0,0.0,19.0,10.0,41.0,57.0
2018-06-12,43.0,1.0,40.0,68.0,71.0,0.0,69.0,0.0,20.0,12.0,43.0,56.0
2018-06-13,41.0,1.0,36.0,65.0,63.0,0.0,72.0,0.0,15.0,8.0,33.0,79.0
2018-06-14,37.0,1.0,33.0,67.0,62.0,7.0,68.0,0.0,17.0,5.0,37.0,31.0
2018-06-15,32.0,1.0,29.0,66.0,57.0,0.0,69.0,0.0,13.0,1.0,9.0,34.0
2018-06-16,16.0,1.0,12.0,44.0,38.0,0.0,62.0,0.0,9.0,8.0,22.0,27.0
2018-06-17,16.0,1.0,28.0,48.0,44.0,0.0,54.0,0.0,10.0,7.0,18.0,16.0
2018-06-18,39.0,1.0,22.0,57.0,60.0,0.0,72.0,25.0,17.0,9.0,37.0,26.0
2018-06-19,40.0,1.0,43.0,65.0,71.0,0.0,72.0,0.0,12.0,14.0,41.0,48.0
2018-06-20,39.0,1.0,21.0,66.0,64.0,8.0,72.0,25.0,15.0,11.0,23.0,43.0
2018-06-21,37.0,1.0,33.0,58.0,64.0,0.0,70.0,25.0,16.0,6.0,38.0,46.0
2018-06-22,33.0,1.0,11.0,63.0,59.0,0.0,68.0,0.0,12.0,16.0,33.0,30.0
2018-06-23,19.0,1.0,33.0,55.0,40.0,9.0,63.0,0.0,10.0,1.0,28.0,20.0
2018-06-24,19.0,1.0,16.0,49.0,48.0,0.0,57.0,0.0,12.0,5.0,25.0,30.0
2018-06-25,39.0,1.0,37.0,64.0,65.0,0.0,72.0,0.0,15.0,2.0,44.0,20.0
2018-06-26,41.0,1.0,27.0,59.0,69.0,0.0,69.0,0.0,15.0,13.0,39.0,37.0
2018-06-27,36.0,1.0,12.0,60.0,65.0,0.0,68.0,0.0,16.0,17.0,36.0,51.0
2018-06-28,39.0,1.0,34.0,62.0,65.0,0.0,71.0,0.0,16.0,8.0,43.0,38.0
2018-06-29,38.0,1.0,31.0,59.0,63.0,0.0,79.0,0.0,13.0,13.0,40.0,62.0
2018-06-30,19.0,1.0,31.0,52.0,49.0,0.0,67.0,0.0,11.0,11.0,25.0,33.0
2018-07-01,21.0,1.0,27.0,45.0,42.0,17.0,56.0,0.0,11.0,7.0,27.0,30.0
2018-07-02,36.0,1.0,17.0,54.0,61.0,0.0,72.0,0.0,16.0,8.0,35.0,57.0
2018-07-03,38.0,1.0,48.0,57.0,65.0,15.0,73.0,0.0,17.0,4.0,47.0,64.0
2018-07-04,24.0,1.0,49.0,54.0,57.0,0.0,59.0,0.0,14.0,5.0,38.0,24.0
2018-07-05,37.0,1.0,38.0,64.0,62.0,0.0,71.0,26.0,15.0,7.0,26.0,48.0
2018-07-06,32.0,1.0,21.0,64.0,60.0,0.0,70.0,0.0,11.0,10.0,20.0,29.0
2018-07-07,18.0,1.0,12.0,52.0,46.0,0.0,61.0,0.0,10.0,14.0,27.0,23.0
2018-07-08,20.0,1.0,19.0,50.0,42.0,17.0,61.0,0.0,11.0,7.0,51.0,40.0
2018-07-09,42.0,1.0,49.0,64.0,69.0,8.0,77.0,0.0,15.0,10.0,33.0,49.0
2018-07-10,40.0,1.0,19.0,62.0,61.0,0.0,72.0,0.0,18.0,9.0,49.0,44.0
2018-07-11,40.0,1.0,32.0,58.0,60.0,0.0,70.0,0.0,19.0,6.0,39.0,43.0
2018-07-12,40.0,1.0,28.0,57.0,62.0,0.0,73.0,0.0,14.0,6.0,42.0,30.0
2018-07-13,40.0,1.0,41.0,59.0,61.0,0.0,73.0,0.0,16.0,8.0,32.0,40.0
2018-07-14,21.0,1.0,26.0,54.0,42.0,8.0,65.0,0.0,15.0,5.0,30.0,7.0
2018-07-15,18.0,1.0,9.0,47.0,45.0,9.0,61.0,0.0,12.0,7.0,24.0,27.0
2018-07-16,43.0,1.0,65.0,59.0,64.0,0.0,75.0,26.0,13.0,20.0,39.0,30.0
2018-07-17,40.0,1.0,28.0,57.0,71.0,8.0,72.0,0.0,14.0,5.0,43.0,45.0
2018-07-18,41.0,1.0,60.0,64.0,65.0,0.0,74.0,26.0,16.0,15.0,32.0,33.0
2018-07-19,42.0,1.0,39.0,68.0,65.0,7.0,72.0,0.0,12.0,6.0,45.0,36.0
2018-07-20,36.0,1.0,14.0,62.0,57.0,8.0,74.0,0.0,15.0,7.0,38.0,37.0
2018-07-21,19.0,1.0,23.0,48.0,51.0,0.0,66.0,0.0,7.0,6.0,13.0,34.0
2018-07-22,22.0,1.0,27.0,61.0,42.0,9.0,59.0,0.0,11.0,8.0,25.0,24.0
2018-07-23,40.0,1.0,32.0,61.0,64.0,23.0,77.0,0.0,14.0,12.0,29.0,24.0
2018-07-24,43.0,1.0,25.0,57.0,64.0,15.0,75.0,0.0,14.0,3.0,32.0,66.0
2018-07-25,40.0,1.0,53.0,61.0,69.0,22.0,72.0,0.0,11.0,3.0,28.0,50.0
2018-07-26,39.0,1.0,37.0,56.0,64.0,22.0,70.0,51.0,13.0,4.0,45.0,32.0
2018-07-27,35.0,1.0,47.0,56.0,66.0,0.0,72.0,0.0,11.0,8.0,35.0,37.0
2018-07-28,21.0,1.0,34.0,54.0,50.0,0.0,62.0,0.0,10.0,5.0,23.0,10.0
2018-07-29,19.0,1.0,32.0,49.0,46.0,0.0,60.0,0.0,9.0,9.0,35.0,24.0
2018-07-30,44.0,1.0,46.0,60.0,66.0,8.0,74.0,0.0,13.0,9.0,40.0,29.0
2018-07-31,45.0,1.0,56.0,64.0,63.0,0.0,72.0,0.0,16.0,8.0,44.0,34.0
2018-08-01,43.0,1.0,16.0,59.0,70.0,0.0,71.0,0.0,12.0,14.0,57.0,32.0
2018-08-02,41.0,1.0,44.0,63.0,66.0,0.0,72.0,0.0,14.0,11.0,40.0,37.0
2018-08-03,38.0,1.0,28.0,61.0,62.0,7.0,72.0,0.0,14.0,4.0,33.0,28.0
2018-08-04,21.0,1.0,42.0,58.0,52.0,17.0,62.0,0.0,12.0,12.0,35.0,27.0
2018-08-05,21.0,1.0,27.0,48.0,47.0,0.0,56.0,0.0,14.0,4.0,46.0,33.0
2018-08-06,41.0,1.0,28.0,55.0,73.0,0.0,71.0,0.0,13.0,8.0,46.0,63.0
2018-08-07,46.0,1.0,15.0,57.0,70.0,14.0,71.0,0.0,14.0,14.0,64.0,28.0
2018-08-08,43.0,1.0,41.0,57.0,71.0,0.0,74.0,25.0,15.0,10.0,47.0,53.0
2018-08-09,39.0,1.0,30.0,58.0,69.0,16.0,73.0,26.0,13.0,12.0,27.0,62.0
2018-08-10,33.0,1.0,30.0,57.0,60.0,0.0,67.0,0.0,14.0,13.0,33.0,62.0
2018-08-11,22.0,1.0,19.0,62.0,45.0,0.0,62.0,0.0,10.0,8.0,22.0,21.0
2018-08-12,22.0,,71.0,50.0,43.0,16.0,57.0,57.0,9.0,0.0,45.0,53.0
2018-08-13,42.0,,29.0,53.0,71.0,0.0,74.0,0.0,15.0,11.0,43.0,48.0
2018-08-14,40.0,,52.0,49.0,73.0,14.0,73.0,0.0,15.0,17.0,43.0,48.0
2018-08-15,43.0,,6.0,54.0,58.0,0.0,69.0,52.0,14.0,21.0,61.0,49.0
2018-08-16,39.0,,41.0,53.0,69.0,0.0,72.0,0.0,13.0,7.0,31.0,42.0
2018-08-17,35.0,,83.0,49.0,64.0,0.0,73.0,0.0,16.0,11.0,37.0,24.0
2018-08-18,20.0,,55.0,45.0,52.0,0.0,61.0,0.0,13.0,4.0,23.0,35.0
2018-08-19,19.0,,47.0,45.0,46.0,0.0,59.0,0.0,12.0,4.0,25.0,90.0
2018-08-20,40.0,,54.0,63.0,71.0,0.0,76.0,0.0,16.0,28.0,39.0,18.0
2018-08-21,42.0,,23.0,56.0,69.0,0.0,68.0,0.0,17.0,18.0,46.0,42.0
2018-08-22,42.0,,72.0,65.0,67.0,14.0,67.0,0.0,17.0,18.0,39.0,43.0
2018-08-23,40.0,,24.0,63.0,69.0,0.0,68.0,0.0,15.0,11.0,39.0,42.0
2018-08-24,36.0,,12.0,63.0,64.0,15.0,68.0,0.0,11.0,11.0,58.0,63.0
2018-08-25,19.0,,14.0,51.0,47.0,0.0,62.0,0.0,9.0,4.0,25.0,34.0
2018-08-26,19.0,,27.0,53.0,47.0,0.0,58.0,0.0,13.0,12.0,33.0,34.0
2018-08-27,39.0,,46.0,58.0,64.0,0.0,68.0,0.0,16.0,14.0,27.0,30.0
2018-08-28,40.0,,93.0,67.0,76.0,14.0,69.0,0.0,15.0,24.0,48.0,30.0
2018-08-29,38.0,,69.0,65.0,81.0,0.0,67.0,0.0,22.0,17.0,45.0,47.0
2018-08-30,37.0,,86.0,63.0,79.0,0.0,68.0,0.0,17.0,20.0,48.0,48.0
2018-08-31,36.0,,54.0,60.0,73.0,0.0,72.0,0.0,11.0,11.0,39.0,18.0
2018-09-01,17.0,,39.0,54.0,48.0,0.0,61.0,0.0,9.0,4.0,27.0,27.0
2018-09-02,17.0,,46.0,49.0,44.0,0.0,56.0,0.0,13.0,4.0,43.0,27.0
2018-09-03,23.0,,23.0,47.0,64.0,0.0,55.0,0.0,16.0,21.0,49.0,18.0
2018-09-04,42.0,,40.0,64.0,81.0,0.0,69.0,0.0,23.0,41.0,49.0,47.0
2018-09-05,43.0,,39.0,63.0,79.0,13.0,71.0,0.0,22.0,17.0,64.0,51.0
2018-09-06,42.0,,40.0,66.0,82.0,0.0,68.0,0.0,22.0,34.0,47.0,29.0
2018-09-07,38.0,,42.0,66.0,73.0,0.0,70.0,0.0,14.0,18.0,42.0,50.0
2018-09-08,21.0,,26.0,52.0,53.0,0.0,61.0,0.0,11.0,15.0,27.0,14.0
2018-09-09,21.0,,45.0,50.0,49.0,0.0,56.0,0.0,14.0,11.0,45.0,33.0
2018-09-10,42.0,,91.0,65.0,77.0,0.0,71.0,0.0,16.0,13.0,35.0,41.0
2018-09-11,42.0,,62.0,66.0,77.0,0.0,70.0,0.0,24.0,24.0,33.0,59.0
2018-09-12,38.0,,62.0,63.0,81.0,0.0,68.0,0.0,16.0,13.0,28.0,87.0
2018-09-13,39.0,,57.0,67.0,76.0,14.0,66.0,0.0,17.0,17.0,45.0,71.0
2018-09-14,34.0,,53.0,67.0,73.0,0.0,68.0,0.0,19.0,24.0,24.0,24.0
2018-09-15,18.0,,39.0,58.0,45.0,0.0,56.0,0.0,11.0,8.0,35.0,33.0
2018-09-16,20.0,,45.0,51.0,51.0,0.0,54.0,0.0,16.0,27.0,24.0,33.0
2018-09-17,44.0,,23.0,73.0,73.0,0.0,68.0,0.0,22.0,20.0,47.0,82.0
2018-09-18,39.0,,79.0,70.0,84.0,13.0,70.0,0.0,23.0,34.0,51.0,58.0
2018-09-19,42.0,,40.0,63.0,79.0,0.0,68.0,0.0,25.0,34.0,12.0,53.0
2018-09-20,41.0,,69.0,75.0,81.0,0.0,67.0,0.0,21.0,27.0,42.0,41.0
2018-09-21,36.0,,35.0,66.0,72.0,0.0,67.0,0.0,19.0,14.0,44.0,36.0
2018-09-22,21.0,,19.0,54.0,49.0,0.0,57.0,0.0,16.0,23.0,27.0,33.0
2018-09-23,21.0,,19.0,48.0,53.0,0.0,58.0,0.0,14.0,15.0,55.0,46.0
2018-09-24,43.0,,28.0,68.0,79.0,13.0,70.0,0.0,27.0,24.0,42.0,29.0
2018-09-25,43.0,,62.0,70.0,74.0,0.0,71.0,0.0,23.0,44.0,63.0,52.0
2018-09-26,42.0,,51.0,79.0,82.0,0.0,67.0,0.0,22.0,47.0,53.0,29.0
2018-09-27,41.0,,74.0,73.0,82.0,0.0,68.0,0.0,23.0,44.0,61.0,47.0
2018-09-28,36.0,,59.0,71.0,75.0,0.0,66.0,0.0,24.0,39.0,42.0,43.0
2018-09-29,20.0,,59.0,50.0,50.0,16.0,60.0,0.0,19.0,4.0,27.0,33.0
2018-09-30,20.0,,64.0,49.0,47.0,0.0,53.0,0.0,15.0,30.0,37.0,40.0
2018-10-01,42.0,,29.0,69.0,81.0,0.0,76.0,0.0,24.0,44.0,49.0,23.0
2018-10-02,46.0,,51.0,73.0,82.0,13.0,69.0,49.0,24.0,50.0,33.0,76.0
2018-10-03,44.0,,62.0,71.0,81.0,0.0,70.0,0.0,29.0,58.0,23.0,70.0
2018-10-04,40.0,,74.0,74.0,80.0,0.0,68.0,0.0,26.0,61.0,47.0,53.0
2018-10-05,40.0,,54.0,75.0,67.0,0.0,71.0,0.0,22.0,21.0,42.0,87.0
2018-10-06,21.0,,13.0,58.0,52.0,0.0,57.0,0.0,17.0,15.0,14.0,40.0
2018-10-07,20.0,,32.0,62.0,52.0,0.0,55.0,0.0,14.0,19.0,31.0,39.0
2018-10-08,40.0,,62.0,67.0,73.0,0.0,69.0,0.0,20.0,54.0,63.0,59.0
2018-10-09,43.0,,67.0,73.0,81.0,0.0,71.0,49.0,27.0,46.0,76.0,46.0
2018-10-10,43.0,,69.0,67.0,77.0,0.0,70.0,0.0,24.0,48.0,36.0,77.0
2018-10-11,42.0,,23.0,68.0,76.0,0.0,69.0,0.0,26.0,46.0,51.0,24.0
2018-10-12,39.0,,49.0,68.0,69.0,0.0,69.0,0.0,20.0,66.0,28.0,32.0
2018-10-13,21.0,,33.0,50.0,58.0,0.0,63.0,0.0,15.0,48.0,39.0,7.0
2018-10-14,20.0,,40.0,47.0,48.0,0.0,59.0,0.0,15.0,20.0,41.0,21.0
2018-10-15,44.0,,64.0,69.0,73.0,0.0,74.0,0.0,21.0,45.0,39.0,71.0
2018-10-16,43.0,,57.0,73.0,87.0,0.0,76.0,0.0,29.0,31.0,40.0,60.0
2018-10-17,43.0,,46.0,68.0,77.0,0.0,68.0,51.0,29.0,58.0,59.0,48.0
2018-10-18,44.0,,59.0,67.0,73.0,14.0,69.0,52.0,24.0,60.0,39.0,37.0
2018-10-19,38.0,1.0,26.0,69.0,61.0,7.0,68.0,0.0,26.0,50.0,49.0,38.0
2018-10-20,21.0,1.0,19.0,52.0,50.0,0.0,59.0,0.0,18.0,40.0,43.0,30.0
2018-10-21,23.0,1.0,54.0,53.0,50.0,0.0,54.0,0.0,19.0,17.0,45.0,21.0
2018-10-22,47.0,1.0,52.0,71.0,75.0,0.0,71.0,0.0,24.0,34.0,48.0,47.0
2018-10-23,43.0,1.0,43.0,72.0,73.0,0.0,68.0,0.0,29.0,46.0,61.0,60.0
2018-10-24,46.0,1.0,56.0,74.0,79.0,0.0,67.0,26.0,28.0,40.0,46.0,26.0
2018-10-25,40.0,1.0,46.0,74.0,79.0,0.0,65.0,0.0,29.0,39.0,58.0,52.0
2018-10-26,42.0,1.0,25.0,67.0,75.0,0.0,66.0,0.0,24.0,32.0,49.0,40.0
2018-10-27,21.0,1.0,31.0,55.0,50.0,0.0,58.0,0.0,19.0,15.0,17.0,63.0
2018-10-28,22.0,1.0,21.0,52.0,47.0,0.0,53.0,0.0,20.0,17.0,23.0,19.0
2018-10-29,43.0,1.0,46.0,68.0,74.0,0.0,66.0,0.0,28.0,33.0,47.0,65.0
2018-10-30,47.0,1.0,58.0,69.0,74.0,0.0,66.0,0.0,25.0,30.0,45.0,50.0
2018-10-31,40.0,1.0,54.0,64.0,75.0,0.0,59.0,0.0,24.0,40.0,26.0,26.0
2018-11-01,45.0,1.0,70.0,63.0,72.0,0.0,66.0,0.0,27.0,30.0,33.0,58.0
2018-11-02,43.0,1.0,48.0,74.0,68.0,0.0,70.0,0.0,26.0,48.0,32.0,30.0
2018-11-03,23.0,1.0,36.0,51.0,55.0,0.0,58.0,0.0,16.0,30.0,30.0,38.0
2018-11-04,26.0,1.0,56.0,54.0,55.0,0.0,57.0,0.0,19.0,30.0,31.0,21.0
2018-11-05,45.0,1.0,48.0,71.0,79.0,0.0,67.0,25.0,26.0,34.0,44.0,35.0
2018-11-06,45.0,1.0,51.0,62.0,67.0,0.0,67.0,0.0,26.0,35.0,39.0,33.0
2018-11-07,43.0,1.0,40.0,69.0,70.0,0.0,63.0,0.0,25.0,21.0,55.0,33.0
2018-11-08,46.0,1.0,59.0,72.0,71.0,0.0,68.0,0.0,35.0,55.0,54.0,41.0
2018-11-09,37.0,1.0,46.0,72.0,68.0,0.0,64.0,26.0,25.0,34.0,35.0,53.0
2018-11-10,21.0,1.0,27.0,52.0,49.0,0.0,61.0,0.0,19.0,29.0,12.0,55.0
2018-11-11,20.0,1.0,18.0,55.0,49.0,0.0,56.0,0.0,20.0,38.0,30.0,29.0
2018-11-12,38.0,1.0,57.0,60.0,73.0,0.0,67.0,0.0,26.0,36.0,54.0,50.0
2018-11-13,45.0,1.0,68.0,65.0,79.0,13.0,70.0,0.0,31.0,32.0,50.0,49.0
2018-11-14,46.0,1.0,49.0,73.0,75.0,7.0,70.0,0.0,27.0,33.0,41.0,43.0
2018-11-15,46.0,1.0,66.0,65.0,78.0,0.0,68.0,0.0,29.0,35.0,49.0,38.0
2018-11-16,38.0,1.0,47.0,65.0,73.0,0.0,66.0,53.0,30.0,30.0,56.0,47.0
2018-11-17,21.0,1.0,55.0,55.0,52.0,0.0,63.0,0.0,26.0,8.0,33.0,16.0
2018-11-18,23.0,1.0,51.0,49.0,51.0,0.0,58.0,0.0,23.0,17.0,34.0,29.0
2018-11-19,44.0,1.0,39.0,58.0,74.0,7.0,70.0,25.0,24.0,24.0,53.0,26.0
2018-11-20,40.0,1.0,42.0,53.0,71.0,0.0,71.0,26.0,29.0,53.0,47.0,53.0
2018-11-21,36.0,1.0,41.0,55.0,75.0,14.0,71.0,26.0,29.0,28.0,48.0,46.0
2018-11-22,24.0,1.0,38.0,48.0,63.0,14.0,49.0,0.0,27.0,26.0,44.0,11.0
2018-11-23,22.0,1.0,44.0,47.0,71.0,0.0,51.0,0.0,24.0,25.0,31.0,11.0
2018-11-24,19.0,1.0,33.0,40.0,54.0,0.0,56.0,0.0,18.0,6.0,23.0,29.0
2018-11-25,22.0,1.0,21.0,42.0,51.0,0.0,53.0,0.0,18.0,15.0,36.0,14.0
2018-11-26,44.0,1.0,57.0,60.0,80.0,13.0,71.0,0.0,29.0,39.0,50.0,39.0
2018-11-27,45.0,1.0,54.0,64.0,91.0,0.0,69.0,0.0,31.0,28.0,53.0,49.0
2018-11-28,45.0,1.0,60.0,64.0,84.0,7.0,70.0,0.0,32.0,36.0,43.0,65.0
2018-11-29,45.0,1.0,74.0,70.0,75.0,0.0,66.0,0.0,30.0,42.0,38.0,27.0
2018-11-30,39.0,1.0,46.0,63.0,74.0,0.0,69.0,0.0,28.0,46.0,41.0,29.0
2018-12-01,26.0,1.0,39.0,56.0,57.0,0.0,61.0,0.0,19.0,20.0,34.0,20.0
2018-12-02,21.0,1.0,50.0,52.0,53.0,0.0,57.0,0.0,23.0,16.0,49.0,33.0
2018-12-03,45.0,1.0,47.0,65.0,79.0,0.0,71.0,26.0,33.0,31.0,57.0,52.0
2018-12-04,45.0,1.0,57.0,65.0,82.0,13.0,69.0,0.0,34.0,29.0,55.0,38.0
2018-12-05,42.0,1.0,54.0,64.0,84.0,0.0,67.0,0.0,28.0,26.0,48.0,55.0
2018-12-06,43.0,1.0,43.0,64.0,86.0,14.0,67.0,0.0,30.0,24.0,45.0,37.0
2018-12-07,38.0,1.0,40.0,63.0,75.0,0.0,67.0,26.0,24.0,19.0,45.0,63.0
2018-12-08,20.0,1.0,41.0,55.0,53.0,0.0,61.0,0.0,21.0,17.0,13.0,22.0
2018-12-09,24.0,1.0,28.0,46.0,45.0,0.0,55.0,0.0,26.0,16.0,35.0,49.0
2018-12-10,43.0,1.0,35.0,65.0,76.0,0.0,68.0,0.0,31.0,31.0,36.0,41.0
2018-12-11,43.0,1.0,40.0,60.0,76.0,0.0,68.0,0.0,31.0,22.0,38.0,42.0
2018-12-12,43.0,1.0,27.0,63.0,78.0,0.0,68.0,0.0,31.0,28.0,42.0,24.0
2018-12-13,41.0,1.0,31.0,61.0,72.0,7.0,68.0,0.0,30.0,13.0,53.0,56.0
2018-12-14,36.0,1.0,33.0,59.0,71.0,0.0,71.0,0.0,27.0,22.0,43.0,45.0
2018-12-15,28.0,1.0,14.0,48.0,54.0,0.0,67.0,0.0,26.0,13.0,19.0,22.0
2018-12-16,21.0,1.0,31.0,40.0,50.0,0.0,61.0,0.0,22.0,4.0,35.0,24.0
2018-12-17,39.0,1.0,63.0,58.0,71.0,0.0,71.0,0.0,33.0,17.0,50.0,25.0
2018-12-18,40.0,1.0,39.0,59.0,69.0,7.0,73.0,0.0,36.0,26.0,61.0,24.0
2018-12-19,38.0,1.0,35.0,50.0,74.0,0.0,71.0,0.0,30.0,19.0,37.0,34.0
2018-12-20,38.0,1.0,31.0,53.0,71.0,0.0,76.0,0.0,27.0,22.0,36.0,48.0
2018-12-21,31.0,1.0,21.0,44.0,63.0,0.0,74.0,0.0,31.0,22.0,56.0,38.0
2018-12-22,17.0,1.0,26.0,32.0,43.0,0.0,73.0,0.0,28.0,11.0,28.0,23.0
2018-12-23,15.0,1.0,20.0,30.0,37.0,0.0,71.0,0.0,27.0,7.0,20.0,30.0
2018-12-24,19.0,1.0,20.0,31.0,47.0,0.0,90.0,0.0,27.0,11.0,21.0,28.0
2018-12-25,12.0,1.0,14.0,29.0,33.0,0.0,49.0,0.0,23.0,12.0,28.0,25.0
2018-12-26,27.0,1.0,18.0,34.0,56.0,0.0,70.0,0.0,30.0,8.0,23.0,51.0
2018-12-27,32.0,1.0,29.0,39.0,62.0,0.0,73.0,27.0,40.0,21.0,12.0,34.0
2018-12-28,35.0,1.0,24.0,48.0,63.0,0.0,77.0,0.0,45.0,14.0,32.0,29.0
2018-12-29,19.0,1.0,32.0,39.0,51.0,0.0,67.0,0.0,37.0,9.0,13.0,20.0
2018-12-30,17.0,1.0,16.0,38.0,46.0,0.0,65.0,0.0,35.0,9.0,15.0,23.0
2018-12-31,29.0,1.0,16.0,38.0,50.0,0.0,87.0,0.0,31.0,2.0,22.0,50.0
2019-01-01,21.0,1.0,10.0,33.0,44.0,0.0,63.0,0.0,30.0,22.0,32.0,25.0
2019-01-02,41.0,1.0,23.0,56.0,65.0,0.0,79.0,0.0,36.0,19.0,24.0,22.0
2019-01-03,41.0,1.0,35.0,60.0,67.0,0.0,75.0,0.0,40.0,13.0,26.0,36.0
2019-01-04,42.0,1.0,37.0,62.0,66.0,0.0,79.0,0.0,42.0,20.0,32.0,17.0
2019-01-05,24.0,1.0,21.0,53.0,49.0,0.0,67.0,0.0,36.0,6.0,14.0,37.0
2019-01-06,23.0,1.0,18.0,49.0,49.0,0.0,58.0,0.0,38.0,20.0,21.0,23.0
2019-01-07,44.0,1.0,42.0,65.0,71.0,0.0,75.0,0.0,41.0,18.0,42.0,50.0
2019-01-08,48.0,1.0,51.0,68.0,73.0,7.0,76.0,0.0,45.0,23.0,52.0,60.0
2019-01-09,49.0,1.0,29.0,73.0,77.0,7.0,74.0,26.0,46.0,32.0,37.0,45.0
2019-01-10,47.0,1.0,37.0,73.0,73.0,13.0,72.0,0.0,48.0,23.0,59.0,43.0
2019-01-11,42.0,1.0,43.0,73.0,66.0,7.0,74.0,0.0,44.0,18.0,42.0,47.0
2019-01-12,21.0,1.0,26.0,60.0,46.0,0.0,63.0,0.0,41.0,6.0,31.0,33.0
2019-01-13,21.0,1.0,8.0,51.0,45.0,0.0,57.0,0.0,41.0,12.0,29.0,21.0
2019-01-14,42.0,1.0,42.0,68.0,67.0,0.0,71.0,0.0,50.0,12.0,36.0,54.0
2019-01-15,44.0,1.0,37.0,71.0,78.0,0.0,71.0,0.0,55.0,28.0,29.0,40.0
2019-01-16,45.0,1.0,40.0,70.0,69.0,7.0,69.0,0.0,50.0,38.0,50.0,44.0
2019-01-17,44.0,1.0,35.0,72.0,77.0,0.0,70.0,0.0,53.0,14.0,55.0,43.0
2019-01-18,42.0,1.0,28.0,74.0,74.0,7.0,74.0,0.0,51.0,20.0,33.0,59.0
2019-01-19,24.0,1.0,33.0,63.0,53.0,0.0,64.0,0.0,46.0,10.0,36.0,5.0
2019-01-20,21.0,1.0,35.0,53.0,44.0,0.0,57.0,0.0,42.0,13.0,28.0,34.0
2019-01-21,38.0,1.0,32.0,62.0,67.0,0.0,66.0,0.0,46.0,14.0,41.0,63.0
2019-01-22,44.0,1.0,36.0,72.0,73.0,0.0,69.0,0.0,60.0,21.0,37.0,42.0
2019-01-23,49.0,1.0,33.0,70.0,79.0,6.0,72.0,24.0,60.0,28.0,33.0,20.0
2019-01-24,49.0,1.0,23.0,75.0,73.0,13.0,73.0,0.0,58.0,32.0,39.0,47.0
2019-01-25,41.0,1.0,27.0,70.0,64.0,0.0,73.0,0.0,57.0,25.0,27.0,30.0
2019-01-26,23.0,1.0,18.0,65.0,47.0,0.0,63.0,0.0,48.0,14.0,32.0,17.0
2019-01-27,24.0,1.0,20.0,59.0,53.0,7.0,63.0,0.0,43.0,26.0,23.0,29.0
2019-01-28,47.0,,54.0,68.0,79.0,0.0,75.0,0.0,58.0,19.0,40.0,19.0
2019-01-29,47.0,,34.0,74.0,79.0,13.0,70.0,0.0,62.0,4.0,59.0,52.0
2019-01-30,49.0,,35.0,72.0,78.0,0.0,68.0,0.0,66.0,19.0,36.0,52.0
2019-01-31,47.0,,35.0,72.0,80.0,0.0,71.0,0.0,54.0,26.0,31.0,29.0
2019-02-01,42.0,,41.0,71.0,66.0,0.0,73.0,0.0,63.0,35.0,79.0,49.0
2019-02-02,23.0,,39.0,66.0,55.0,15.0,67.0,0.0,56.0,0.0,32.0,16.0
2019-02-03,23.0,,17.0,47.0,52.0,0.0,61.0,0.0,50.0,21.0,25.0,37.0
2019-02-04,46.0,,75.0,70.0,71.0,0.0,77.0,53.0,62.0,22.0,49.0,43.0
2019-02-05,50.0,,69.0,72.0,85.0,0.0,76.0,0.0,68.0,26.0,59.0,34.0
2019-02-06,47.0,,24.0,80.0,83.0,0.0,77.0,0.0,66.0,26.0,71.0,33.0
2019-02-07,44.0,,54.0,69.0,84.0,13.0,71.0,0.0,68.0,22.0,51.0,24.0
2019-02-08,48.0,,21.0,73.0,71.0,14.0,78.0,0.0,70.0,35.0,43.0,54.0
2019-02-09,27.0,,22.0,65.0,51.0,0.0,69.0,0.0,55.0,43.0,14.0,38.0
2019-02-10,27.0,,38.0,65.0,54.0,0.0,62.0,0.0,55.0,16.0,40.0,58.0
2019-02-11,49.0,,43.0,68.0,81.0,0.0,75.0,50.0,66.0,18.0,42.0,32.0
2019-02-12,44.0,,29.0,67.0,77.0,0.0,68.0,0.0,70.0,15.0,55.0,37.0
2019-02-13,42.0,,58.0,76.0,74.0,0.0,70.0,51.0,68.0,15.0,52.0,56.0
2019-02-14,45.0,,30.0,74.0,74.0,0.0,69.0,0.0,59.0,27.0,44.0,38.0
2019-02-15,36.0,,42.0,74.0,69.0,14.0,76.0,0.0,63.0,35.0,29.0,34.0
2019-02-16,26.0,,34.0,69.0,50.0,15.0,69.0,0.0,49.0,21.0,23.0,27.0
2019-02-17,23.0,,28.0,60.0,48.0,0.0,61.0,0.0,60.0,13.0,29.0,21.0
2019-02-18,38.0,,49.0,63.0,68.0,0.0,72.0,0.0,58.0,12.0,41.0,29.0
2019-02-19,45.0,,49.0,68.0,71.0,0.0,73.0,0.0,60.0,26.0,40.0,28.0
2019-02-20,44.0,,44.0,69.0,71.0,0.0,70.0,0.0,58.0,22.0,38.0,38.0
2019-02-21,46.0,,20.0,75.0,80.0,0.0,69.0,0.0,55.0,22.0,44.0,29.0
2019-02-22,43.0,,51.0,81.0,77.0,0.0,74.0,0.0,55.0,19.0,53.0,34.0
2019-02-23,26.0,,46.0,72.0,52.0,0.0,67.0,60.0,42.0,9.0,53.0,22.0
2019-02-24,22.0,,33.0,60.0,55.0,0.0,62.0,0.0,48.0,9.0,29.0,11.0
2019-02-25,45.0,,67.0,68.0,80.0,13.0,70.0,0.0,55.0,22.0,50.0,46.0
2019-02-26,47.0,,58.0,68.0,85.0,13.0,76.0,0.0,61.0,18.0,43.0,47.0
2019-02-27,48.0,,33.0,98.0,79.0,13.0,67.0,0.0,72.0,36.0,48.0,65.0
2019-02-28,41.0,,45.0,94.0,80.0,0.0,67.0,0.0,53.0,15.0,33.0,62.0
2019-03-01,41.0,,67.0,95.0,78.0,0.0,71.0,0.0,53.0,24.0,51.0,29.0
2019-03-02,24.0,,40.0,76.0,56.0,0.0,65.0,0.0,45.0,9.0,26.0,16.0
2019-03-03,24.0,,39.0,61.0,53.0,0.0,60.0,0.0,43.0,13.0,21.0,16.0
2019-03-04,44.0,,51.0,72.0,79.0,0.0,73.0,0.0,54.0,19.0,71.0,58.0
2019-03-05,49.0,,56.0,77.0,78.0,0.0,77.0,0.0,59.0,27.0,57.0,43.0
2019-03-06,45.0,,63.0,76.0,73.0,0.0,74.0,0.0,56.0,26.0,58.0,79.0
2019-03-07,46.0,,56.0,78.0,77.0,0.0,75.0,0.0,50.0,15.0,60.0,73.0
2019-03-08,37.0,,26.0,77.0,65.0,14.0,75.0,0.0,53.0,24.0,40.0,25.0
2019-03-09,24.0,,58.0,76.0,47.0,0.0,71.0,0.0,46.0,35.0,18.0,16.0
2019-03-10,21.0,,44.0,62.0,45.0,0.0,64.0,0.0,31.0,4.0,25.0,32.0
2019-03-11,47.0,,25.0,77.0,74.0,0.0,74.0,0.0,49.0,15.0,59.0,48.0
2019-03-12,47.0,,45.0,70.0,78.0,0.0,77.0,0.0,53.0,22.0,33.0,24.0
2019-03-13,42.0,,64.0,67.0,72.0,0.0,70.0,52.0,48.0,22.0,38.0,43.0
2019-03-14,42.0,,50.0,72.0,74.0,13.0,70.0,0.0,51.0,7.0,31.0,34.0
2019-03-15,39.0,,36.0,75.0,74.0,0.0,76.0,0.0,41.0,12.0,48.0,59.0
2019-03-16,24.0,,22.0,65.0,54.0,0.0,64.0,0.0,35.0,13.0,26.0,11.0
2019-03-17,21.0,,22.0,55.0,48.0,0.0,63.0,0.0,37.0,21.0,50.0,27.0
2019-03-18,43.0,,30.0,69.0,72.0,27.0,77.0,0.0,48.0,12.0,49.0,53.0
2019-03-19,47.0,,48.0,61.0,76.0,13.0,76.0,0.0,50.0,22.0,40.0,56.0
2019-03-20,45.0,,41.0,70.0,71.0,0.0,75.0,0.0,54.0,31.0,77.0,34.0
2019-03-21,42.0,,56.0,69.0,70.0,0.0,68.0,0.0,50.0,23.0,45.0,29.0
2019-03-22,41.0,,27.0,66.0,71.0,0.0,76.0,0.0,42.0,32.0,55.0,20.0
2019-03-23,21.0,,40.0,68.0,50.0,0.0,69.0,0.0,33.0,4.0,24.0,38.0
2019-03-24,23.0,,31.0,59.0,48.0,0.0,62.0,0.0,28.0,8.0,32.0,25.0
2019-03-25,40.0,,30.0,72.0,82.0,0.0,78.0,0.0,48.0,27.0,41.0,52.0
2019-03-26,46.0,,71.0,71.0,80.0,0.0,72.0,0.0,42.0,23.0,63.0,82.0
2019-03-27,43.0,,40.0,68.0,83.0,0.0,75.0,0.0,45.0,23.0,33.0,62.0
2019-03-28,49.0,,71.0,72.0,78.0,14.0,70.0,0.0,47.0,39.0,32.0,34.0
2019-03-29,40.0,,22.0,73.0,69.0,0.0,78.0,0.0,33.0,29.0,22.0,25.0
2019-03-30,23.0,,6.0,65.0,47.0,0.0,68.0,0.0,27.0,9.0,42.0,11.0
2019-03-31,24.0,,34.0,58.0,48.0,0.0,63.0,0.0,24.0,4.0,26.0,16.0
2019-04-01,41.0,,35.0,67.0,71.0,0.0,73.0,0.0,39.0,22.0,51.0,33.0
2019-04-02,51.0,,29.0,69.0,71.0,0.0,71.0,0.0,32.0,19.0,33.0,43.0
2019-04-03,46.0,,40.0,68.0,65.0,0.0,70.0,0.0,35.0,19.0,41.0,52.0
2019-04-04,46.0,,70.0,72.0,69.0,13.0,70.0,0.0,38.0,19.0,39.0,57.0
2019-04-05,41.0,,36.0,67.0,71.0,0.0,72.0,0.0,37.0,16.0,45.0,59.0
2019-04-06,24.0,1.0,21.0,59.0,46.0,0.0,62.0,0.0,27.0,9.0,18.0,13.0
2019-04-07,22.0,1.0,45.0,52.0,45.0,0.0,62.0,0.0,24.0,9.0,32.0,50.0
2019-04-08,44.0,1.0,53.0,66.0,72.0,7.0,72.0,0.0,32.0,23.0,65.0,19.0
2019-04-09,47.0,1.0,59.0,62.0,74.0,0.0,71.0,0.0,37.0,23.0,65.0,53.0
2019-04-10,43.0,1.0,56.0,64.0,71.0,6.0,71.0,0.0,40.0,13.0,43.0,50.0
2019-04-11,46.0,1.0,47.0,64.0,73.0,0.0,70.0,26.0,34.0,29.0,56.0,62.0
2019-04-12,39.0,1.0,29.0,65.0,66.0,7.0,72.0,0.0,31.0,24.0,38.0,21.0
2019-04-13,23.0,1.0,35.0,61.0,48.0,0.0,65.0,0.0,20.0,16.0,25.0,23.0
2019-04-14,22.0,1.0,51.0,52.0,44.0,0.0,59.0,30.0,20.0,22.0,21.0,37.0
2019-04-15,44.0,1.0,60.0,56.0,68.0,7.0,72.0,0.0,31.0,20.0,25.0,55.0
2019-04-16,46.0,1.0,46.0,59.0,72.0,7.0,74.0,0.0,33.0,25.0,43.0,43.0
2019-04-17,45.0,1.0,51.0,59.0,67.0,0.0,71.0,0.0,28.0,12.0,47.0,48.0
2019-04-18,43.0,1.0,34.0,61.0,67.0,0.0,75.0,0.0,26.0,17.0,55.0,18.0
2019-04-19,34.0,1.0,21.0,57.0,56.0,15.0,78.0,0.0,20.0,11.0,34.0,25.0
2019-04-20,20.0,1.0,64.0,46.0,50.0,0.0,68.0,0.0,22.0,26.0,10.0,21.0
2019-04-21,21.0,1.0,31.0,44.0,45.0,0.0,61.0,0.0,20.0,21.0,26.0,36.0
2019-04-22,39.0,1.0,29.0,55.0,68.0,0.0,72.0,0.0,25.0,16.0,52.0,49.0
2019-04-23,42.0,1.0,64.0,67.0,75.0,7.0,71.0,0.0,27.0,8.0,38.0,47.0
2019-04-24,43.0,1.0,43.0,69.0,70.0,13.0,72.0,26.0,26.0,41.0,53.0,37.0
2019-04-25,39.0,1.0,31.0,70.0,71.0,0.0,66.0,30.0,28.0,13.0,42.0,62.0
2019-04-26,40.0,1.0,40.0,73.0,66.0,0.0,70.0,15.0,23.0,28.0,37.0,38.0
2019-04-27,21.0,1.0,43.0,61.0,48.0,0.0,62.0,0.0,19.0,11.0,31.0,14.0
2019-04-28,22.0,1.0,35.0,53.0,52.0,0.0,59.0,0.0,17.0,5.0,47.0,27.0
2019-04-29,43.0,1.0,40.0,62.0,79.0,0.0,69.0,0.0,27.0,23.0,41.0,63.0
2019-04-30,47.0,1.0,46.0,61.0,75.0,7.0,70.0,0.0,29.0,31.0,39.0,34.0
2019-05-01,45.0,1.0,53.0,60.0,75.0,7.0,74.0,16.0,24.0,11.0,40.0,54.0
2019-05-02,46.0,1.0,68.0,67.0,74.0,7.0,68.0,0.0,26.0,40.0,39.0,52.0
2019-05-03,40.0,1.0,41.0,63.0,69.0,0.0,69.0,0.0,20.0,20.0,28.0,23.0
2019-05-04,23.0,1.0,45.0,54.0,47.0,0.0,63.0,0.0,22.0,16.0,32.0,17.0
2019-05-05,21.0,1.0,50.0,48.0,46.0,0.0,60.0,0.0,19.0,13.0,44.0,48.0
2019-05-06,42.0,1.0,24.0,64.0,66.0,6.0,70.0,0.0,21.0,15.0,40.0,37.0
2019-05-07,42.0,1.0,51.0,61.0,71.0,19.0,69.0,0.0,27.0,23.0,42.0,24.0
2019-05-08,41.0,1.0,37.0,56.0,73.0,13.0,65.0,26.0,26.0,25.0,38.0,44.0
2019-05-09,39.0,1.0,38.0,63.0,71.0,0.0,68.0,0.0,29.0,17.0,53.0,47.0
2019-05-10,35.0,1.0,17.0,57.0,67.0,0.0,72.0,0.0,23.0,28.0,39.0,41.0
2019-05-11,22.0,1.0,26.0,47.0,42.0,0.0,65.0,0.0,19.0,11.0,31.0,28.0
2019-05-12,21.0,1.0,30.0,40.0,46.0,0.0,54.0,0.0,15.0,16.0,32.0,20.0
2019-05-13,40.0,1.0,38.0,58.0,73.0,0.0,72.0,0.0,25.0,29.0,37.0,30.0
2019-05-14,42.0,1.0,49.0,63.0,82.0,0.0,69.0,0.0,26.0,21.0,46.0,29.0
2019-05-15,40.0,1.0,40.0,60.0,72.0,0.0,68.0,0.0,26.0,27.0,46.0,49.0
2019-05-16,41.0,1.0,54.0,67.0,78.0,13.0,70.0,0.0,25.0,14.0,59.0,34.0
2019-05-17,36.0,1.0,23.0,61.0,63.0,14.0,72.0,0.0,30.0,12.0,38.0,26.0
2019-05-18,22.0,1.0,18.0,57.0,49.0,0.0,59.0,0.0,22.0,2.0,10.0,31.0
2019-05-19,21.0,1.0,37.0,53.0,44.0,15.0,58.0,0.0,20.0,11.0,30.0,14.0
2019-05-20,38.0,1.0,43.0,64.0,73.0,0.0,68.0,0.0,32.0,25.0,39.0,38.0
2019-05-21,41.0,1.0,54.0,61.0,72.0,0.0,71.0,0.0,30.0,23.0,42.0,36.0
2019-05-22,40.0,1.0,50.0,59.0,66.0,0.0,68.0,15.0,30.0,22.0,31.0,36.0
2019-05-23,37.0,1.0,37.0,61.0,68.0,6.0,64.0,0.0,31.0,38.0,41.0,21.0
2019-05-24,33.0,1.0,45.0,59.0,65.0,0.0,73.0,0.0,25.0,16.0,37.0,36.0
2019-05-25,20.0,1.0,22.0,53.0,39.0,0.0,65.0,0.0,18.0,15.0,27.0,11.0
2019-05-26,19.0,1.0,38.0,48.0,45.0,0.0,60.0,0.0,21.0,6.0,33.0,32.0
2019-05-27,22.0,1.0,31.0,54.0,61.0,0.0,59.0,0.0,29.0,16.0,36.0,27.0
2019-05-28,39.0,1.0,53.0,58.0,75.0,0.0,74.0,0.0,28.0,13.0,32.0,29.0
2019-05-29,42.0,1.0,42.0,61.0,71.0,0.0,73.0,0.0,26.0,26.0,42.0,43.0
2019-05-30,40.0,1.0,37.0,55.0,71.0,0.0,71.0,0.0,24.0,27.0,42.0,29.0
2019-05-31,38.0,1.0,28.0,61.0,67.0,0.0,73.0,0.0,24.0,20.0,42.0,45.0
2019-06-01,20.0,1.0,28.0,56.0,53.0,0.0,70.0,0.0,18.0,5.0,25.0,25.0
2019-06-02,20.0,1.0,30.0,51.0,49.0,0.0,62.0,0.0,21.0,25.0,42.0,21.0
2019-06-03,38.0,1.0,70.0,61.0,73.0,0.0,75.0,0.0,26.0,15.0,24.0,38.0
2019-06-04,43.0,1.0,49.0,63.0,71.0,6.0,73.0,0.0,31.0,16.0,48.0,36.0
2019-06-05,42.0,1.0,50.0,59.0,65.0,0.0,73.0,0.0,32.0,19.0,27.0,43.0
2019-06-06,41.0,1.0,51.0,65.0,67.0,0.0,75.0,0.0,39.0,22.0,44.0,37.0
2019-06-07,35.0,1.0,27.0,55.0,65.0,0.0,75.0,0.0,43.0,14.0,57.0,62.0
2019-06-08,21.0,1.0,32.0,50.0,52.0,0.0,68.0,0.0,33.0,5.0,30.0,25.0
2019-06-09,20.0,1.0,24.0,49.0,51.0,0.0,62.0,0.0,29.0,8.0,26.0,52.0
2019-06-10,40.0,1.0,40.0,58.0,69.0,6.0,76.0,0.0,55.0,25.0,43.0,42.0
2019-06-11,42.0,1.0,48.0,65.0,77.0,0.0,72.0,0.0,66.0,28.0,39.0,41.0
2019-06-12,43.0,1.0,42.0,61.0,79.0,0.0,73.0,40.0,63.0,11.0,46.0,34.0
2019-06-13,39.0,1.0,37.0,61.0,76.0,0.0,72.0,0.0,47.0,15.0,53.0,27.0
2019-06-14,39.0,1.0,59.0,59.0,71.0,0.0,74.0,0.0,37.0,6.0,36.0,41.0
2019-06-15,22.0,1.0,37.0,50.0,51.0,0.0,66.0,0.0,34.0,22.0,37.0,38.0
2019-06-16,19.0,1.0,25.0,41.0,50.0,0.0,59.0,0.0,24.0,19.0,27.0,33.0
2019-06-17,42.0,1.0,56.0,63.0,75.0,0.0,78.0,0.0,37.0,17.0,40.0,51.0
2019-06-18,45.0,1.0,73.0,58.0,76.0,0.0,77.0,0.0,37.0,19.0,36.0,58.0
2019-06-19,42.0,1.0,65.0,59.0,79.0,13.0,73.0,0.0,40.0,30.0,28.0,67.0
2019-06-20,43.0,1.0,47.0,58.0,70.0,0.0,76.0,0.0,30.0,14.0,44.0,57.0
2019-06-21,37.0,1.0,63.0,62.0,70.0,7.0,73.0,0.0,26.0,14.0,44.0,25.0
2019-06-22,18.0,1.0,30.0,50.0,50.0,0.0,70.0,0.0,25.0,20.0,28.0,19.0
2019-06-23,22.0,1.0,41.0,50.0,56.0,0.0,62.0,17.0,24.0,2.0,38.0,23.0
2019-06-24,41.0,1.0,51.0,58.0,68.0,0.0,76.0,0.0,36.0,17.0,49.0,31.0
2019-06-25,42.0,1.0,68.0,64.0,75.0,0.0,75.0,0.0,36.0,11.0,43.0,34.0
2019-06-26,38.0,1.0,42.0,60.0,71.0,0.0,73.0,0.0,33.0,22.0,45.0,64.0
2019-06-27,45.0,1.0,46.0,65.0,71.0,0.0,72.0,14.0,31.0,22.0,64.0,55.0
2019-06-28,39.0,1.0,32.0,58.0,74.0,0.0,76.0,0.0,30.0,14.0,43.0,27.0
2019-06-29,23.0,1.0,35.0,48.0,54.0,0.0,71.0,0.0,22.0,7.0,28.0,28.0
2019-06-30,22.0,1.0,7.0,47.0,52.0,0.0,63.0,0.0,22.0,11.0,39.0,25.0
2019-07-01,40.0,1.0,46.0,55.0,65.0,0.0,79.0,0.0,27.0,21.0,39.0,56.0
2019-07-02,38.0,1.0,71.0,60.0,69.0,0.0,76.0,0.0,31.0,21.0,46.0,46.0
2019-07-03,35.0,1.0,55.0,56.0,73.0,0.0,79.0,0.0,25.0,22.0,40.0,53.0
2019-07-04,26.0,1.0,28.0,59.0,59.0,0.0,69.0,0.0,25.0,2.0,44.0,25.0
2019-07-05,31.0,1.0,37.0,53.0,63.0,0.0,71.0,0.0,23.0,12.0,23.0,39.0
2019-07-06,19.0,1.0,51.0,55.0,56.0,0.0,68.0,0.0,21.0,18.0,16.0,19.0
2019-07-07,22.0,1.0,47.0,47.0,52.0,0.0,63.0,0.0,19.0,13.0,25.0,22.0
2019-07-08,46.0,1.0,63.0,61.0,73.0,0.0,81.0,0.0,24.0,19.0,40.0,61.0
2019-07-09,42.0,1.0,52.0,58.0,66.0,0.0,77.0,0.0,25.0,21.0,36.0,45.0
2019-07-10,42.0,1.0,57.0,63.0,70.0,7.0,74.0,0.0,23.0,21.0,48.0,31.0
2019-07-11,42.0,1.0,22.0,63.0,68.0,7.0,77.0,0.0,25.0,31.0,59.0,49.0
2019-07-12,37.0,1.0,52.0,63.0,67.0,0.0,79.0,0.0,22.0,20.0,19.0,30.0
2019-07-13,20.0,1.0,19.0,55.0,49.0,0.0,70.0,0.0,16.0,2.0,27.0,25.0
2019-07-14,20.0,1.0,15.0,49.0,52.0,0.0,67.0,0.0,17.0,13.0,22.0,27.0
2019-07-15,44.0,1.0,44.0,62.0,71.0,0.0,79.0,40.0,20.0,9.0,36.0,22.0
2019-07-16,44.0,,54.0,58.0,69.0,0.0,75.0,0.0,22.0,12.0,47.0,25.0
2019-07-17,46.0,,67.0,58.0,74.0,0.0,77.0,0.0,24.0,36.0,24.0,51.0
2019-07-18,42.0,,100.0,69.0,66.0,0.0,76.0,0.0,19.0,29.0,51.0,42.0
2019-07-19,38.0,,46.0,55.0,61.0,0.0,77.0,0.0,19.0,17.0,38.0,66.0
2019-07-20,22.0,,50.0,53.0,49.0,0.0,66.0,0.0,12.0,14.0,36.0,18.0
2019-07-21,21.0,,64.0,49.0,51.0,0.0,64.0,0.0,18.0,5.0,19.0,48.0
2019-07-22,42.0,,50.0,56.0,66.0,0.0,80.0,0.0,20.0,37.0,37.0,42.0
2019-07-23,42.0,,49.0,54.0,68.0,0.0,77.0,0.0,22.0,20.0,31.0,26.0
2019-07-24,38.0,,51.0,56.0,66.0,14.0,71.0,0.0,18.0,29.0,30.0,32.0
2019-07-25,39.0,,51.0,52.0,65.0,0.0,73.0,0.0,19.0,25.0,45.0,32.0
2019-07-26,34.0,,25.0,56.0,57.0,0.0,74.0,0.0,14.0,4.0,37.0,48.0
2019-07-27,19.0,,35.0,51.0,43.0,0.0,73.0,0.0,16.0,32.0,11.0,29.0
2019-07-28,23.0,,69.0,48.0,41.0,0.0,61.0,0.0,14.0,5.0,36.0,29.0
2019-07-29,39.0,,31.0,52.0,64.0,0.0,82.0,0.0,16.0,32.0,41.0,57.0
2019-07-30,44.0,,49.0,52.0,71.0,0.0,74.0,0.0,16.0,16.0,41.0,47.0
2019-07-31,41.0,,50.0,62.0,66.0,0.0,74.0,0.0,16.0,33.0,27.0,42.0
2019-08-01,43.0,,56.0,62.0,63.0,41.0,78.0,0.0,14.0,12.0,61.0,47.0
2019-08-02,37.0,,52.0,61.0,61.0,0.0,76.0,0.0,11.0,9.0,18.0,38.0
2019-08-03,20.0,,28.0,57.0,45.0,0.0,67.0,0.0,13.0,9.0,14.0,18.0
2019-08-04,20.0,,49.0,48.0,43.0,0.0,62.0,0.0,14.0,9.0,28.0,41.0
2019-08-05,39.0,,43.0,52.0,64.0,0.0,75.0,0.0,17.0,4.0,24.0,57.0
2019-08-06,41.0,,31.0,59.0,63.0,0.0,75.0,0.0,18.0,37.0,32.0,21.0
2019-08-07,40.0,,62.0,65.0,59.0,0.0,76.0,0.0,18.0,8.0,41.0,52.0
2019-08-08,38.0,,55.0,57.0,59.0,0.0,71.0,0.0,16.0,20.0,22.0,10.0
2019-08-09,38.0,,25.0,58.0,59.0,0.0,70.0,0.0,19.0,25.0,28.0,43.0
2019-08-10,23.0,,7.0,51.0,41.0,0.0,67.0,0.0,12.0,9.0,32.0,6.0
2019-08-11,18.0,,21.0,47.0,41.0,0.0,65.0,0.0,14.0,9.0,35.0,29.0
2019-08-12,39.0,,37.0,56.0,68.0,0.0,72.0,0.0,16.0,8.0,58.0,41.0
2019-08-13,43.0,,48.0,49.0,71.0,0.0,78.0,0.0,20.0,28.0,36.0,35.0
2019-08-14,40.0,,35.0,52.0,69.0,0.0,71.0,0.0,15.0,19.0,29.0,53.0
2019-08-15,40.0,,62.0,46.0,66.0,0.0,77.0,0.0,16.0,16.0,29.0,58.0
2019-08-16,36.0,,44.0,54.0,72.0,0.0,74.0,0.0,18.0,12.0,29.0,42.0
2019-08-17,22.0,,54.0,48.0,55.0,0.0,64.0,0.0,15.0,22.0,50.0,34.0
2019-08-18,23.0,,35.0,46.0,53.0,0.0,63.0,0.0,18.0,14.0,19.0,29.0
2019-08-19,41.0,,77.0,52.0,69.0,13.0,78.0,0.0,20.0,16.0,39.0,64.0
2019-08-20,43.0,,48.0,55.0,75.0,0.0,77.0,0.0,22.0,16.0,31.0,45.0
2019-08-21,42.0,,59.0,52.0,75.0,0.0,73.0,0.0,22.0,12.0,32.0,35.0
2019-08-22,41.0,,30.0,55.0,73.0,0.0,73.0,0.0,22.0,28.0,31.0,61.0
2019-08-23,36.0,,31.0,59.0,71.0,0.0,72.0,0.0,15.0,25.0,29.0,37.0
2019-08-24,19.0,,41.0,42.0,51.0,0.0,65.0,0.0,12.0,9.0,16.0,17.0
2019-08-25,20.0,,14.0,42.0,50.0,0.0,60.0,0.0,11.0,5.0,27.0,35.0
2019-08-26,40.0,,18.0,63.0,72.0,0.0,70.0,0.0,20.0,16.0,37.0,50.0
2019-08-27,42.0,,75.0,59.0,73.0,0.0,75.0,0.0,20.0,8.0,57.0,29.0
2019-08-28,44.0,,24.0,53.0,71.0,0.0,76.0,0.0,25.0,4.0,25.0,40.0
2019-08-29,42.0,,35.0,58.0,80.0,0.0,73.0,0.0,17.0,8.0,55.0,45.0
2019-08-30,37.0,,36.0,58.0,66.0,0.0,76.0,0.0,20.0,32.0,52.0,55.0
2019-08-31,20.0,,20.0,50.0,50.0,0.0,66.0,0.0,15.0,9.0,18.0,39.0
2019-09-01,19.0,,33.0,47.0,48.0,14.0,62.0,0.0,11.0,22.0,46.0,11.0
2019-09-02,25.0,,35.0,45.0,63.0,0.0,63.0,0.0,18.0,16.0,35.0,35.0
2019-09-03,39.0,,68.0,52.0,81.0,0.0,76.0,0.0,22.0,19.0,33.0,38.0
2019-09-04,44.0,,68.0,60.0,73.0,0.0,75.0,27.0,25.0,34.0,28.0,28.0
2019-09-05,42.0,,69.0,63.0,67.0,0.0,73.0,0.0,24.0,27.0,81.0,48.0
2019-09-06,41.0,,71.0,62.0,72.0,13.0,78.0,0.0,21.0,47.0,44.0,79.0
2019-09-07,24.0,,13.0,50.0,53.0,0.0,67.0,0.0,13.0,9.0,33.0,11.0
2019-09-08,24.0,,52.0,49.0,48.0,0.0,62.0,0.0,19.0,4.0,33.0,72.0
2019-09-09,42.0,,52.0,65.0,81.0,0.0,77.0,28.0,18.0,19.0,33.0,58.0
2019-09-10,42.0,,40.0,62.0,85.0,0.0,76.0,27.0,23.0,26.0,42.0,33.0
2019-09-11,45.0,,57.0,60.0,68.0,0.0,74.0,0.0,22.0,41.0,55.0,67.0
2019-09-12,44.0,,52.0,65.0,81.0,0.0,74.0,28.0,24.0,34.0,43.0,29.0
2019-09-13,41.0,,30.0,72.0,68.0,0.0,73.0,0.0,21.0,27.0,46.0,20.0
2019-09-14,22.0,,26.0,49.0,49.0,0.0,70.0,0.0,14.0,26.0,46.0,33.0
2019-09-15,26.0,,39.0,50.0,52.0,0.0,65.0,0.0,18.0,13.0,54.0,33.0
2019-09-16,45.0,,22.0,65.0,87.0,0.0,74.0,0.0,22.0,19.0,53.0,28.0
2019-09-17,45.0,,39.0,66.0,80.0,0.0,73.0,0.0,22.0,48.0,41.0,47.0
2019-09-18,46.0,,62.0,66.0,77.0,0.0,72.0,0.0,24.0,38.0,42.0,43.0
2019-09-19,42.0,,23.0,59.0,80.0,0.0,70.0,0.0,21.0,30.0,58.0,34.0
2019-09-20,40.0,,59.0,62.0,72.0,0.0,74.0,0.0,26.0,35.0,79.0,50.0
2019-09-21,22.0,,46.0,52.0,56.0,0.0,62.0,0.0,18.0,13.0,33.0,22.0
2019-09-22,23.0,,38.0,48.0,54.0,0.0,60.0,0.0,16.0,25.0,28.0,38.0
2019-09-23,44.0,,45.0,62.0,82.0,0.0,76.0,0.0,29.0,48.0,41.0,47.0
2019-09-24,45.0,,57.0,66.0,82.0,0.0,77.0,0.0,26.0,37.0,42.0,100.0
2019-09-25,44.0,,39.0,66.0,86.0,0.0,76.0,0.0,24.0,48.0,52.0,37.0
2019-09-26,43.0,,75.0,62.0,82.0,0.0,71.0,0.0,24.0,30.0,47.0,29.0
2019-09-27,40.0,,36.0,67.0,70.0,0.0,73.0,0.0,24.0,47.0,49.0,75.0
2019-09-28,21.0,,39.0,54.0,53.0,0.0,63.0,0.0,16.0,30.0,20.0,28.0
2019-09-29,23.0,,44.0,50.0,56.0,0.0,63.0,0.0,17.0,25.0,35.0,21.0
2019-09-30,44.0,,28.0,65.0,87.0,0.0,75.0,0.0,23.0,26.0,49.0,67.0
2019-10-01,46.0,,51.0,68.0,78.0,0.0,76.0,0.0,22.0,64.0,37.0,43.0
2019-10-02,42.0,,50.0,69.0,82.0,0.0,75.0,0.0,23.0,52.0,37.0,42.0
2019-10-03,46.0,,40.0,67.0,83.0,0.0,73.0,0.0,24.0,49.0,56.0,53.0
2019-10-04,38.0,,18.0,66.0,74.0,13.0,78.0,0.0,24.0,51.0,44.0,35.0
2019-10-05,23.0,,32.0,53.0,58.0,0.0,64.0,0.0,16.0,17.0,23.0,44.0
2019-10-06,24.0,,32.0,44.0,52.0,14.0,63.0,0.0,16.0,9.0,48.0,33.0
2019-10-07,47.0,,57.0,63.0,75.0,0.0,73.0,0.0,24.0,38.0,49.0,48.0
2019-10-08,43.0,,51.0,60.0,78.0,13.0,77.0,0.0,30.0,49.0,54.0,48.0
2019-10-09,44.0,,57.0,64.0,80.0,0.0,74.0,0.0,27.0,72.0,62.0,53.0
2019-10-10,44.0,,34.0,68.0,80.0,0.0,70.0,0.0,26.0,56.0,40.0,43.0
2019-10-11,39.0,,69.0,60.0,68.0,0.0,74.0,0.0,19.0,34.0,36.0,53.0
2019-10-12,22.0,,58.0,52.0,51.0,14.0,66.0,0.0,20.0,47.0,33.0,33.0
2019-10-13,23.0,,32.0,49.0,50.0,0.0,60.0,0.0,16.0,34.0,41.0,22.0
2019-10-14,43.0,,34.0,60.0,78.0,0.0,78.0,0.0,30.0,61.0,56.0,63.0
2019-10-15,45.0,,62.0,61.0,86.0,0.0,73.0,0.0,28.0,30.0,53.0,24.0
2019-10-16,43.0,,51.0,66.0,82.0,0.0,77.0,0.0,29.0,37.0,50.0,24.0
2019-10-17,43.0,,58.0,71.0,85.0,0.0,73.0,0.0,31.0,38.0,36.0,58.0
2019-10-18,40.0,,30.0,65.0,75.0,0.0,79.0,0.0,24.0,71.0,40.0,60.0
2019-10-19,21.0,,45.0,54.0,52.0,0.0,66.0,0.0,16.0,13.0,18.0,22.0
2019-10-20,20.0,,13.0,45.0,57.0,0.0,60.0,0.0,20.0,13.0,42.0,27.0
2019-10-21,44.0,,55.0,66.0,78.0,0.0,77.0,0.0,29.0,47.0,43.0,60.0
2019-10-22,44.0,,65.0,77.0,79.0,0.0,74.0,0.0,33.0,54.0,38.0,50.0
2019-10-23,45.0,,73.0,69.0,73.0,12.0,77.0,0.0,29.0,56.0,37.0,28.0
2019-10-24,42.0,,72.0,60.0,71.0,12.0,71.0,0.0,23.0,41.0,44.0,37.0
2019-10-25,38.0,,18.0,59.0,64.0,0.0,75.0,0.0,26.0,47.0,41.0,20.0
2019-10-26,22.0,,59.0,45.0,45.0,14.0,65.0,0.0,16.0,26.0,23.0,5.0
2019-10-27,19.0,,6.0,45.0,48.0,0.0,58.0,0.0,24.0,17.0,28.0,11.0
2019-10-28,40.0,,49.0,66.0,71.0,12.0,75.0,0.0,26.0,29.0,37.0,32.0
2019-10-29,42.0,,62.0,61.0,77.0,0.0,73.0,0.0,38.0,56.0,37.0,85.0
2019-10-30,41.0,,56.0,60.0,75.0,0.0,72.0,0.0,26.0,52.0,32.0,75.0
2019-10-31,38.0,,23.0,61.0,76.0,0.0,68.0,0.0,24.0,31.0,23.0,34.0
2019-11-01,40.0,,48.0,63.0,68.0,13.0,73.0,0.0,22.0,24.0,19.0,50.0
2019-11-02,23.0,,19.0,57.0,54.0,0.0,70.0,0.0,22.0,21.0,24.0,48.0
2019-11-03,24.0,,13.0,50.0,54.0,0.0,63.0,0.0,22.0,50.0,29.0,26.0
2019-11-04,43.0,,78.0,71.0,87.0,0.0,78.0,0.0,35.0,48.0,46.0,42.0
2019-11-05,48.0,,73.0,69.0,79.0,0.0,73.0,0.0,33.0,100.0,44.0,61.0
2019-11-06,46.0,,39.0,69.0,87.0,0.0,72.0,27.0,30.0,77.0,35.0,19.0
2019-11-07,44.0,,56.0,77.0,76.0,12.0,70.0,0.0,32.0,52.0,41.0,14.0
2019-11-08,42.0,,40.0,66.0,67.0,13.0,75.0,0.0,31.0,42.0,32.0,48.0
2019-11-09,25.0,,63.0,52.0,53.0,0.0,65.0,0.0,26.0,29.0,22.0,21.0
2019-11-10,24.0,,25.0,49.0,49.0,0.0,66.0,0.0,22.0,41.0,46.0,42.0
2019-11-11,42.0,,61.0,55.0,80.0,0.0,75.0,0.0,35.0,33.0,31.0,70.0
2019-11-12,47.0,,66.0,60.0,81.0,0.0,73.0,0.0,39.0,55.0,39.0,70.0
2019-11-13,47.0,,89.0,59.0,81.0,0.0,71.0,0.0,31.0,48.0,30.0,70.0
2019-11-14,41.0,,44.0,62.0,77.0,0.0,72.0,0.0,37.0,58.0,56.0,55.0
2019-11-15,40.0,,52.0,65.0,78.0,13.0,73.0,0.0,35.0,39.0,50.0,59.0
2019-11-16,26.0,,26.0,58.0,59.0,0.0,70.0,0.0,22.0,17.0,18.0,32.0
2019-11-17,25.0,,57.0,54.0,65.0,0.0,63.0,31.0,26.0,17.0,40.0,16.0
2019-11-18,46.0,,50.0,62.0,74.0,12.0,74.0,0.0,32.0,40.0,44.0,47.0
2019-11-19,48.0,,39.0,64.0,87.0,0.0,76.0,0.0,31.0,41.0,50.0,47.0
2019-11-20,46.0,,68.0,63.0,76.0,0.0,76.0,0.0,34.0,45.0,27.0,57.0
2019-11-21,46.0,,34.0,66.0,77.0,0.0,74.0,0.0,36.0,45.0,45.0,58.0
2019-11-22,34.0,,65.0,62.0,63.0,13.0,77.0,28.0,29.0,27.0,37.0,35.0
2019-11-23,22.0,,25.0,53.0,57.0,0.0,67.0,0.0,26.0,29.0,22.0,16.0
2019-11-24,25.0,,12.0,52.0,58.0,0.0,65.0,0.0,23.0,21.0,24.0,5.0
2019-11-25,40.0,,72.0,60.0,80.0,0.0,78.0,0.0,38.0,7.0,39.0,47.0
2019-11-26,38.0,,83.0,58.0,73.0,0.0,77.0,0.0,35.0,37.0,37.0,37.0
2019-11-27,38.0,,74.0,52.0,67.0,0.0,82.0,0.0,35.0,34.0,32.0,43.0
2019-11-28,23.0,,52.0,47.0,56.0,0.0,58.0,0.0,27.0,11.0,47.0,24.0
2019-11-29,25.0,,29.0,42.0,71.0,0.0,62.0,0.0,24.0,23.0,28.0,5.0
2019-11-30,18.0,,82.0,42.0,54.0,0.0,65.0,0.0,25.0,34.0,23.0,37.0
2019-12-01,22.0,,61.0,42.0,56.0,0.0,58.0,0.0,28.0,8.0,48.0,41.0
2019-12-02,41.0,,81.0,59.0,77.0,0.0,73.0,0.0,34.0,22.0,38.0,46.0
2019-12-03,40.0,,56.0,62.0,82.0,0.0,76.0,0.0,30.0,26.0,52.0,37.0
2019-12-04,49.0,,22.0,61.0,77.0,0.0,73.0,0.0,34.0,41.0,46.0,9.0
2019-12-05,43.0,,79.0,62.0,84.0,25.0,72.0,0.0,39.0,19.0,36.0,38.0
2019-12-06,40.0,,71.0,62.0,75.0,0.0,75.0,0.0,43.0,47.0,37.0,20.0
2019-12-07,26.0,,46.0,54.0,50.0,0.0,66.0,0.0,30.0,26.0,26.0,22.0
2019-12-08,23.0,,65.0,49.0,46.0,0.0,60.0,0.0,32.0,21.0,30.0,33.0
2019-12-09,41.0,,57.0,55.0,72.0,0.0,72.0,0.0,34.0,60.0,33.0,29.0
2019-12-10,42.0,,99.0,61.0,81.0,13.0,74.0,0.0,39.0,31.0,39.0,59.0
2019-12-11,43.0,,50.0,57.0,79.0,0.0,73.0,0.0,43.0,30.0,57.0,47.0
2019-12-12,42.0,,40.0,59.0,85.0,0.0,75.0,0.0,48.0,30.0,49.0,19.0
2019-12-13,41.0,,35.0,52.0,68.0,13.0,77.0,0.0,42.0,19.0,41.0,44.0
2019-12-14,26.0,,45.0,43.0,48.0,0.0,70.0,0.0,33.0,26.0,32.0,32.0
2019-12-15,27.0,,44.0,41.0,44.0,0.0,66.0,0.0,32.0,4.0,49.0,11.0
2019-12-16,43.0,,67.0,53.0,72.0,0.0,75.0,0.0,39.0,18.0,37.0,38.0
2019-12-17,40.0,,68.0,53.0,69.0,0.0,80.0,0.0,50.0,34.0,64.0,67.0
2019-12-18,38.0,,56.0,50.0,67.0,12.0,77.0,0.0,50.0,48.0,44.0,24.0
2019-12-19,36.0,,29.0,47.0,68.0,0.0,72.0,0.0,52.0,19.0,25.0,39.0
2019-12-20,35.0,,55.0,44.0,69.0,0.0,87.0,0.0,46.0,32.0,33.0,46.0
2019-12-21,18.0,,20.0,36.0,40.0,0.0,73.0,0.0,43.0,30.0,31.0,11.0
2019-12-22,16.0,,39.0,30.0,40.0,0.0,69.0,0.0,38.0,21.0,23.0,5.0
2019-12-23,34.0,,48.0,37.0,60.0,13.0,91.0,0.0,52.0,40.0,33.0,20.0
2019-12-24,24.0,,39.0,30.0,49.0,0.0,100.0,0.0,52.0,39.0,28.0,55.0
2019-12-25,18.0,,28.0,25.0,40.0,0.0,59.0,0.0,43.0,18.0,16.0,18.0
2019-12-26,28.0,,19.0,33.0,57.0,0.0,79.0,0.0,57.0,33.0,17.0,21.0
2019-12-27,33.0,,43.0,44.0,62.0,0.0,81.0,0.0,59.0,41.0,55.0,41.0
2019-12-28,19.0,,39.0,36.0,48.0,0.0,71.0,31.0,47.0,13.0,35.0,32.0
2019-12-29,21.0,,39.0,39.0,44.0,0.0,70.0,0.0,60.0,30.0,31.0,27.0
2019-12-30,33.0,,12.0,47.0,65.0,0.0,85.0,0.0,54.0,28.0,14.0,30.0
2019-12-31,30.0,,38.0,40.0,57.0,0.0,91.0,0.0,58.0,30.0,15.0,43.0
