date,technology,overlap,information,computers and information technology,computer,engineering,communication,science,"information technology act, 2000",Management,Course
2017-01-17,74.0,1.0,90.0,0.0,78.0,58.0,87.0,37.0,0.0,87.0,47.0
2017-01-18,81.0,1.0,84.0,0.0,81.0,56.0,81.0,45.0,0.0,88.0,52.0
2017-01-19,71.0,1.0,79.0,0.0,71.0,47.0,76.0,41.0,0.0,87.0,43.0
2017-01-20,77.0,1.0,70.0,0.0,72.0,53.0,74.0,40.0,0.0,77.0,45.0
2017-01-21,57.0,1.0,59.0,0.0,69.0,45.0,61.0,40.0,0.0,59.0,42.0
2017-01-22,51.0,1.0,71.0,0.0,64.0,42.0,59.0,42.0,0.0,57.0,41.0
2017-01-23,72.0,1.0,81.0,0.0,79.0,58.0,70.0,41.0,0.0,78.0,50.0
2017-01-24,72.0,1.0,80.0,0.0,78.0,50.0,75.0,46.0,0.0,83.0,54.0
2017-01-25,64.0,1.0,61.0,0.0,68.0,45.0,65.0,32.0,0.0,71.0,50.0
2017-01-26,51.0,1.0,64.0,0.0,64.0,42.0,46.0,34.0,0.0,52.0,45.0
2017-01-27,74.0,1.0,73.0,0.0,79.0,51.0,67.0,41.0,0.0,73.0,49.0
2017-01-28,55.0,1.0,64.0,0.0,72.0,44.0,57.0,40.0,0.0,65.0,48.0
2017-01-29,47.0,1.0,69.0,0.0,69.0,42.0,68.0,40.0,0.0,63.0,44.0
2017-01-30,76.0,1.0,75.0,0.0,80.0,55.0,76.0,42.0,0.0,87.0,50.0
2017-01-31,68.0,1.0,73.0,0.0,71.0,61.0,75.0,43.0,0.0,80.0,46.0
2017-02-01,73.0,1.0,79.0,0.0,78.0,50.0,72.0,42.0,0.0,83.0,48.0
2017-02-02,74.0,1.0,80.0,0.0,83.0,59.0,81.0,44.0,0.0,83.0,51.0
2017-02-03,65.0,1.0,73.0,0.0,68.0,51.0,71.0,42.0,0.0,75.0,45.0
2017-02-04,57.0,1.0,61.0,52.0,72.0,57.0,55.0,37.0,0.0,60.0,49.0
2017-02-05,53.0,1.0,78.0,0.0,71.0,53.0,77.0,44.0,0.0,56.0,47.0
2017-02-06,72.0,1.0,81.0,0.0,77.0,53.0,75.0,41.0,0.0,88.0,55.0
2017-02-07,72.0,1.0,83.0,0.0,85.0,57.0,68.0,43.0,0.0,85.0,50.0
2017-02-08,76.0,1.0,78.0,0.0,81.0,54.0,62.0,47.0,0.0,83.0,47.0
2017-02-09,71.0,1.0,78.0,0.0,76.0,53.0,86.0,42.0,0.0,79.0,49.0
2017-02-10,60.0,1.0,67.0,44.0,73.0,47.0,71.0,41.0,0.0,76.0,45.0
2017-02-11,54.0,1.0,64.0,0.0,68.0,48.0,59.0,41.0,0.0,57.0,45.0
2017-02-12,50.0,1.0,73.0,0.0,71.0,43.0,64.0,43.0,0.0,54.0,43.0
2017-02-13,67.0,1.0,72.0,0.0,72.0,51.0,87.0,42.0,0.0,82.0,49.0
2017-02-14,66.0,1.0,79.0,0.0,78.0,51.0,76.0,44.0,0.0,86.0,44.0
2017-02-15,76.0,1.0,78.0,0.0,75.0,52.0,78.0,45.0,0.0,85.0,51.0
2017-02-16,82.0,1.0,77.0,0.0,83.0,54.0,78.0,48.0,0.0,83.0,51.0
2017-02-17,75.0,1.0,78.0,0.0,79.0,59.0,73.0,48.0,0.0,76.0,49.0
2017-02-18,56.0,1.0,64.0,0.0,74.0,49.0,57.0,44.0,0.0,63.0,52.0
2017-02-19,55.0,1.0,73.0,0.0,63.0,47.0,54.0,45.0,0.0,56.0,46.0
2017-02-20,71.0,1.0,79.0,0.0,75.0,57.0,83.0,42.0,0.0,86.0,58.0
2017-02-21,81.0,1.0,80.0,0.0,84.0,54.0,81.0,48.0,0.0,83.0,52.0
2017-02-22,76.0,1.0,82.0,0.0,84.0,59.0,88.0,53.0,0.0,85.0,53.0
2017-02-23,68.0,1.0,69.0,0.0,72.0,48.0,68.0,47.0,0.0,78.0,45.0
2017-02-24,60.0,1.0,70.0,0.0,74.0,49.0,51.0,45.0,0.0,71.0,46.0
2017-02-25,57.0,1.0,65.0,0.0,72.0,48.0,43.0,44.0,0.0,61.0,50.0
2017-02-26,64.0,1.0,72.0,0.0,75.0,47.0,48.0,54.0,0.0,65.0,52.0
2017-02-27,80.0,1.0,83.0,0.0,85.0,57.0,82.0,60.0,0.0,100.0,60.0
2017-02-28,86.0,1.0,73.0,51.0,82.0,57.0,79.0,58.0,0.0,89.0,65.0
2017-03-01,74.0,1.0,83.0,0.0,84.0,55.0,86.0,50.0,0.0,87.0,59.0
2017-03-02,70.0,1.0,82.0,0.0,81.0,54.0,79.0,49.0,0.0,92.0,57.0
2017-03-03,71.0,1.0,69.0,0.0,80.0,51.0,67.0,48.0,71.0,91.0,56.0
2017-03-04,58.0,1.0,54.0,0.0,71.0,47.0,57.0,43.0,0.0,63.0,50.0
2017-03-05,52.0,1.0,72.0,0.0,67.0,48.0,55.0,47.0,0.0,59.0,45.0
2017-03-06,67.0,1.0,71.0,44.0,75.0,55.0,79.0,46.0,0.0,85.0,58.0
2017-03-07,75.0,1.0,78.0,0.0,85.0,51.0,83.0,47.0,0.0,89.0,55.0
2017-03-08,70.0,1.0,68.0,0.0,83.0,49.0,68.0,47.0,0.0,90.0,54.0
2017-03-09,69.0,1.0,77.0,44.0,80.0,49.0,68.0,42.0,0.0,82.0,58.0
2017-03-10,71.0,1.0,66.0,0.0,72.0,46.0,65.0,45.0,0.0,82.0,47.0
2017-03-11,41.0,1.0,46.0,0.0,59.0,38.0,46.0,38.0,0.0,51.0,45.0
2017-03-12,51.0,1.0,47.0,0.0,54.0,38.0,50.0,39.0,0.0,54.0,41.0
2017-03-13,61.0,1.0,63.0,0.0,69.0,46.0,60.0,45.0,0.0,76.0,55.0
2017-03-14,79.0,1.0,74.0,51.0,74.0,57.0,73.0,50.0,0.0,78.0,53.0
2017-03-15,72.0,1.0,75.0,49.0,76.0,57.0,68.0,51.0,0.0,94.0,65.0
2017-03-16,69.0,1.0,67.0,0.0,78.0,52.0,70.0,52.0,0.0,89.0,62.0
2017-03-17,76.0,1.0,61.0,0.0,80.0,53.0,66.0,52.0,0.0,76.0,56.0
2017-03-18,60.0,1.0,53.0,0.0,73.0,45.0,48.0,42.0,0.0,65.0,57.0
2017-03-19,52.0,1.0,63.0,0.0,65.0,46.0,48.0,51.0,0.0,68.0,53.0
2017-03-20,77.0,1.0,66.0,0.0,78.0,55.0,69.0,58.0,0.0,85.0,67.0
2017-03-21,81.0,1.0,70.0,0.0,81.0,57.0,66.0,56.0,0.0,95.0,62.0
2017-03-22,76.0,1.0,63.0,0.0,75.0,53.0,78.0,52.0,0.0,93.0,57.0
2017-03-23,70.0,,63.0,0.0,75.0,55.0,68.0,44.0,0.0,84.0,60.0
2017-03-24,70.0,,59.0,0.0,79.0,53.0,58.0,42.0,0.0,82.0,53.0
2017-03-25,65.0,,50.0,0.0,80.0,44.0,66.0,41.0,70.0,66.0,49.0
2017-03-26,50.0,,52.0,0.0,78.0,53.0,60.0,41.0,0.0,64.0,60.0
2017-03-27,70.0,,57.0,0.0,80.0,59.0,61.0,45.0,0.0,98.0,64.0
2017-03-28,69.0,,55.0,0.0,77.0,51.0,57.0,36.0,0.0,74.0,55.0
2017-03-29,64.0,,55.0,0.0,74.0,53.0,61.0,36.0,0.0,84.0,55.0
2017-03-30,76.0,,60.0,0.0,82.0,58.0,80.0,36.0,0.0,86.0,67.0
2017-03-31,68.0,,57.0,0.0,69.0,45.0,51.0,36.0,0.0,79.0,54.0
2017-04-01,52.0,,51.0,0.0,69.0,48.0,45.0,30.0,0.0,61.0,57.0
2017-04-02,49.0,,47.0,0.0,66.0,50.0,55.0,37.0,0.0,69.0,61.0
2017-04-03,77.0,,58.0,0.0,80.0,65.0,68.0,41.0,0.0,92.0,64.0
2017-04-04,79.0,,60.0,0.0,79.0,66.0,64.0,41.0,0.0,80.0,66.0
2017-04-05,80.0,,61.0,0.0,75.0,56.0,69.0,46.0,0.0,85.0,58.0
2017-04-06,70.0,,54.0,0.0,90.0,62.0,71.0,43.0,67.0,79.0,68.0
2017-04-07,68.0,,58.0,99.0,82.0,56.0,70.0,43.0,0.0,85.0,59.0
2017-04-08,60.0,,47.0,0.0,72.0,52.0,48.0,36.0,0.0,66.0,57.0
2017-04-09,48.0,,47.0,0.0,67.0,52.0,47.0,37.0,77.0,68.0,52.0
2017-04-10,76.0,,59.0,0.0,82.0,57.0,59.0,41.0,0.0,92.0,61.0
2017-04-11,80.0,,63.0,0.0,82.0,52.0,74.0,40.0,0.0,94.0,59.0
2017-04-12,72.0,,52.0,0.0,72.0,60.0,70.0,43.0,0.0,73.0,63.0
2017-04-13,64.0,,54.0,97.0,65.0,52.0,68.0,34.0,0.0,71.0,60.0
2017-04-14,56.0,,47.0,0.0,68.0,46.0,57.0,34.0,0.0,63.0,57.0
2017-04-15,52.0,,52.0,0.0,70.0,52.0,59.0,35.0,0.0,53.0,54.0
2017-04-16,51.0,,41.0,0.0,67.0,48.0,63.0,35.0,0.0,56.0,51.0
2017-04-17,73.0,,50.0,100.0,84.0,60.0,77.0,45.0,0.0,93.0,62.0
2017-04-18,74.0,,57.0,0.0,86.0,56.0,66.0,40.0,0.0,92.0,57.0
2017-04-19,66.0,,52.0,0.0,73.0,61.0,77.0,44.0,0.0,97.0,64.0
2017-04-20,68.0,,52.0,0.0,85.0,54.0,65.0,40.0,0.0,87.0,67.0
2017-04-21,75.0,,51.0,0.0,82.0,62.0,62.0,39.0,0.0,86.0,64.0
2017-04-22,65.0,,52.0,0.0,69.0,53.0,55.0,36.0,0.0,65.0,56.0
2017-04-23,53.0,,47.0,0.0,71.0,48.0,54.0,44.0,0.0,79.0,61.0
2017-04-24,76.0,,48.0,0.0,77.0,63.0,71.0,37.0,0.0,79.0,62.0
2017-04-25,76.0,,55.0,0.0,76.0,54.0,63.0,43.0,0.0,91.0,60.0
2017-04-26,68.0,,51.0,0.0,80.0,53.0,69.0,40.0,0.0,84.0,61.0
2017-04-27,74.0,,59.0,0.0,78.0,60.0,72.0,41.0,0.0,83.0,61.0
2017-04-28,79.0,,63.0,0.0,69.0,65.0,60.0,34.0,0.0,78.0,54.0
2017-04-29,61.0,,46.0,0.0,66.0,55.0,44.0,33.0,0.0,65.0,69.0
2017-04-30,46.0,,48.0,0.0,64.0,51.0,63.0,38.0,0.0,61.0,57.0
2017-05-01,62.0,,50.0,0.0,73.0,61.0,76.0,38.0,0.0,65.0,62.0
2017-05-02,79.0,,51.0,0.0,90.0,66.0,68.0,41.0,0.0,90.0,68.0
2017-05-03,69.0,,51.0,0.0,77.0,63.0,76.0,39.0,0.0,95.0,63.0
2017-05-04,69.0,,52.0,0.0,80.0,64.0,61.0,43.0,0.0,89.0,63.0
2017-05-05,62.0,,52.0,0.0,85.0,70.0,71.0,42.0,0.0,82.0,66.0
2017-05-06,57.0,,56.0,0.0,65.0,65.0,56.0,38.0,0.0,67.0,51.0
2017-05-07,56.0,,46.0,0.0,68.0,53.0,54.0,35.0,0.0,63.0,56.0
2017-05-08,73.0,,51.0,0.0,73.0,60.0,78.0,46.0,0.0,85.0,67.0
2017-05-09,82.0,,60.0,0.0,84.0,64.0,57.0,41.0,0.0,89.0,67.0
2017-05-10,73.0,,54.0,0.0,83.0,67.0,73.0,44.0,0.0,76.0,66.0
2017-05-11,87.0,,52.0,0.0,85.0,69.0,56.0,59.0,0.0,83.0,69.0
2017-05-12,80.0,,48.0,0.0,70.0,86.0,65.0,54.0,0.0,83.0,81.0
2017-05-13,69.0,,45.0,0.0,73.0,83.0,58.0,52.0,0.0,61.0,72.0
2017-05-14,55.0,,45.0,0.0,77.0,67.0,67.0,46.0,0.0,61.0,58.0
2017-05-15,88.0,,54.0,0.0,86.0,87.0,59.0,97.0,0.0,87.0,76.0
2017-05-16,93.0,,63.0,0.0,85.0,77.0,78.0,55.0,0.0,84.0,81.0
2017-05-17,79.0,,60.0,0.0,83.0,78.0,77.0,51.0,0.0,82.0,73.0
2017-05-18,69.0,,62.0,0.0,93.0,78.0,78.0,46.0,0.0,89.0,77.0
2017-05-19,79.0,,50.0,0.0,81.0,64.0,63.0,43.0,0.0,72.0,73.0
2017-05-20,62.0,,49.0,0.0,71.0,67.0,62.0,40.0,72.0,64.0,67.0
2017-05-21,58.0,,50.0,0.0,74.0,59.0,51.0,45.0,0.0,63.0,68.0
2017-05-22,85.0,,69.0,0.0,84.0,74.0,65.0,46.0,0.0,84.0,82.0
2017-05-23,79.0,,59.0,0.0,87.0,83.0,65.0,51.0,0.0,89.0,78.0
2017-05-24,82.0,,52.0,97.0,86.0,81.0,59.0,49.0,0.0,93.0,78.0
2017-05-25,73.0,,60.0,0.0,84.0,73.0,66.0,52.0,0.0,84.0,78.0
2017-05-26,74.0,,52.0,0.0,85.0,75.0,68.0,43.0,0.0,77.0,69.0
2017-05-27,61.0,,46.0,0.0,69.0,65.0,51.0,48.0,0.0,63.0,67.0
2017-05-28,67.0,,50.0,0.0,67.0,70.0,50.0,60.0,0.0,60.0,77.0
2017-05-29,85.0,,65.0,0.0,88.0,79.0,70.0,55.0,67.0,91.0,87.0
2017-05-30,79.0,1.0,57.0,0.0,80.0,93.0,60.0,96.0,0.0,88.0,92.0
2017-05-31,92.0,1.0,59.0,0.0,77.0,88.0,70.0,61.0,0.0,87.0,99.0
2017-06-01,80.0,1.0,63.0,0.0,82.0,76.0,60.0,53.0,0.0,91.0,99.0
2017-06-02,82.0,1.0,54.0,0.0,86.0,82.0,60.0,51.0,0.0,83.0,93.0
2017-06-03,69.0,1.0,59.0,0.0,80.0,75.0,53.0,43.0,0.0,68.0,70.0
2017-06-04,56.0,1.0,50.0,0.0,65.0,68.0,39.0,43.0,0.0,57.0,68.0
2017-06-05,91.0,1.0,63.0,0.0,77.0,96.0,67.0,51.0,0.0,91.0,88.0
2017-06-06,93.0,1.0,68.0,0.0,86.0,96.0,66.0,53.0,0.0,90.0,85.0
2017-06-07,89.0,1.0,65.0,0.0,86.0,84.0,64.0,51.0,0.0,87.0,88.0
2017-06-08,79.0,1.0,57.0,0.0,82.0,78.0,63.0,48.0,0.0,77.0,80.0
2017-06-09,83.0,1.0,61.0,0.0,75.0,78.0,57.0,45.0,0.0,72.0,69.0
2017-06-10,70.0,1.0,53.0,0.0,78.0,75.0,48.0,46.0,0.0,63.0,79.0
2017-06-11,60.0,1.0,57.0,0.0,74.0,78.0,49.0,42.0,0.0,65.0,71.0
2017-06-12,89.0,1.0,65.0,0.0,84.0,91.0,76.0,47.0,0.0,86.0,87.0
2017-06-13,93.0,1.0,65.0,44.0,84.0,92.0,62.0,55.0,0.0,89.0,92.0
2017-06-14,86.0,1.0,66.0,0.0,81.0,92.0,57.0,58.0,0.0,85.0,78.0
2017-06-15,79.0,1.0,60.0,0.0,77.0,84.0,53.0,50.0,0.0,77.0,74.0
2017-06-16,93.0,1.0,65.0,0.0,79.0,88.0,60.0,51.0,0.0,80.0,86.0
2017-06-17,79.0,1.0,53.0,0.0,75.0,86.0,51.0,43.0,0.0,70.0,78.0
2017-06-18,63.0,1.0,59.0,0.0,64.0,61.0,38.0,38.0,0.0,52.0,57.0
2017-06-19,96.0,1.0,67.0,0.0,88.0,88.0,58.0,52.0,0.0,95.0,78.0
2017-06-20,91.0,1.0,74.0,0.0,92.0,100.0,63.0,53.0,0.0,87.0,86.0
2017-06-21,90.0,1.0,77.0,0.0,89.0,92.0,64.0,54.0,0.0,92.0,88.0
2017-06-22,85.0,1.0,76.0,0.0,88.0,92.0,64.0,55.0,0.0,84.0,74.0
2017-06-23,100.0,1.0,69.0,0.0,84.0,94.0,60.0,51.0,0.0,82.0,84.0
2017-06-24,81.0,1.0,57.0,0.0,81.0,89.0,56.0,48.0,0.0,59.0,72.0
2017-06-25,63.0,1.0,60.0,0.0,69.0,80.0,38.0,42.0,0.0,50.0,63.0
2017-06-26,75.0,1.0,75.0,0.0,81.0,72.0,46.0,49.0,0.0,72.0,73.0
2017-06-27,85.0,1.0,71.0,0.0,87.0,81.0,51.0,46.0,0.0,84.0,70.0
2017-06-28,94.0,1.0,81.0,0.0,80.0,92.0,56.0,48.0,0.0,82.0,70.0
2017-06-29,91.0,1.0,68.0,0.0,91.0,97.0,57.0,48.0,0.0,84.0,80.0
2017-06-30,84.0,1.0,69.0,0.0,83.0,80.0,48.0,48.0,0.0,80.0,70.0
2017-07-01,67.0,1.0,66.0,0.0,82.0,70.0,53.0,44.0,0.0,59.0,72.0
2017-07-02,61.0,1.0,88.0,0.0,87.0,72.0,40.0,51.0,0.0,60.0,68.0
2017-07-03,88.0,1.0,72.0,0.0,95.0,77.0,61.0,51.0,0.0,78.0,80.0
2017-07-04,87.0,1.0,72.0,0.0,87.0,84.0,62.0,54.0,0.0,85.0,83.0
2017-07-05,82.0,1.0,69.0,0.0,88.0,82.0,61.0,54.0,0.0,81.0,82.0
2017-07-06,95.0,1.0,75.0,0.0,95.0,82.0,50.0,52.0,0.0,76.0,79.0
2017-07-07,85.0,1.0,65.0,0.0,81.0,75.0,51.0,45.0,0.0,76.0,69.0
2017-07-08,64.0,1.0,63.0,0.0,86.0,68.0,45.0,47.0,0.0,63.0,70.0
2017-07-09,60.0,1.0,70.0,0.0,75.0,59.0,40.0,46.0,0.0,59.0,60.0
2017-07-10,93.0,1.0,77.0,0.0,81.0,68.0,58.0,48.0,0.0,79.0,74.0
2017-07-11,93.0,1.0,73.0,0.0,83.0,92.0,62.0,49.0,0.0,75.0,74.0
2017-07-12,90.0,1.0,80.0,0.0,87.0,86.0,59.0,52.0,0.0,81.0,77.0
2017-07-13,92.0,1.0,70.0,0.0,94.0,83.0,65.0,53.0,0.0,80.0,76.0
2017-07-14,79.0,1.0,77.0,0.0,94.0,75.0,74.0,50.0,0.0,82.0,72.0
2017-07-15,70.0,1.0,56.0,0.0,79.0,70.0,49.0,43.0,0.0,62.0,68.0
2017-07-16,64.0,1.0,67.0,0.0,75.0,65.0,35.0,46.0,0.0,51.0,61.0
2017-07-17,96.0,1.0,72.0,0.0,82.0,80.0,55.0,50.0,0.0,88.0,74.0
2017-07-18,85.0,1.0,77.0,0.0,89.0,80.0,68.0,50.0,0.0,74.0,74.0
2017-07-19,89.0,1.0,73.0,0.0,87.0,80.0,73.0,52.0,0.0,83.0,73.0
2017-07-20,79.0,1.0,73.0,0.0,87.0,77.0,63.0,47.0,0.0,82.0,68.0
2017-07-21,76.0,1.0,68.0,0.0,84.0,70.0,57.0,44.0,0.0,77.0,63.0
2017-07-22,79.0,1.0,63.0,45.0,76.0,64.0,45.0,43.0,0.0,58.0,65.0
2017-07-23,64.0,1.0,71.0,0.0,78.0,58.0,42.0,45.0,0.0,50.0,60.0
2017-07-24,87.0,1.0,73.0,0.0,84.0,90.0,71.0,47.0,0.0,77.0,68.0
2017-07-25,99.0,1.0,77.0,45.0,86.0,96.0,67.0,49.0,0.0,74.0,72.0
2017-07-26,85.0,1.0,74.0,0.0,86.0,86.0,68.0,44.0,0.0,76.0,68.0
2017-07-27,87.0,1.0,72.0,0.0,85.0,77.0,57.0,48.0,0.0,76.0,68.0
2017-07-28,87.0,1.0,71.0,0.0,81.0,79.0,56.0,41.0,0.0,74.0,68.0
2017-07-29,72.0,1.0,59.0,0.0,79.0,78.0,54.0,40.0,0.0,57.0,56.0
2017-07-30,72.0,1.0,72.0,0.0,78.0,72.0,47.0,43.0,0.0,58.0,66.0
2017-07-31,87.0,1.0,69.0,0.0,78.0,77.0,60.0,43.0,0.0,72.0,72.0
2017-08-01,81.0,1.0,76.0,0.0,89.0,75.0,64.0,44.0,0.0,74.0,67.0
2017-08-02,87.0,1.0,71.0,0.0,96.0,78.0,66.0,51.0,0.0,80.0,68.0
2017-08-03,90.0,1.0,68.0,0.0,88.0,68.0,62.0,45.0,0.0,76.0,68.0
2017-08-04,83.0,1.0,70.0,0.0,79.0,64.0,56.0,42.0,0.0,71.0,64.0
2017-08-05,56.0,1.0,48.0,0.0,67.0,60.0,45.0,34.0,0.0,55.0,52.0
2017-08-06,45.0,1.0,54.0,0.0,68.0,50.0,37.0,34.0,0.0,49.0,44.0
2017-08-07,68.0,1.0,71.0,0.0,71.0,68.0,48.0,36.0,0.0,68.0,52.0
2017-08-08,75.0,1.0,76.0,0.0,82.0,64.0,59.0,44.0,0.0,78.0,65.0
2017-08-09,77.0,1.0,70.0,0.0,84.0,68.0,61.0,42.0,0.0,77.0,66.0
2017-08-10,80.0,1.0,70.0,0.0,90.0,62.0,73.0,45.0,0.0,76.0,58.0
2017-08-11,72.0,1.0,64.0,0.0,83.0,54.0,50.0,37.0,0.0,64.0,58.0
2017-08-12,56.0,1.0,59.0,0.0,67.0,52.0,37.0,38.0,0.0,51.0,54.0
2017-08-13,48.0,1.0,68.0,0.0,64.0,48.0,33.0,37.0,0.0,50.0,54.0
2017-08-14,51.0,1.0,61.0,0.0,70.0,52.0,47.0,32.0,0.0,57.0,49.0
2017-08-15,45.0,1.0,65.0,0.0,69.0,50.0,46.0,31.0,0.0,51.0,46.0
2017-08-16,68.0,1.0,76.0,0.0,82.0,65.0,64.0,43.0,0.0,83.0,56.0
2017-08-17,80.0,1.0,82.0,0.0,91.0,57.0,61.0,43.0,0.0,80.0,54.0
2017-08-18,76.0,1.0,73.0,0.0,82.0,57.0,68.0,40.0,0.0,70.0,61.0
2017-08-19,55.0,1.0,57.0,0.0,78.0,50.0,59.0,39.0,0.0,58.0,56.0
2017-08-20,56.0,1.0,82.0,0.0,80.0,46.0,59.0,44.0,0.0,60.0,52.0
2017-08-21,72.0,1.0,70.0,0.0,82.0,59.0,71.0,43.0,0.0,76.0,59.0
2017-08-22,73.0,1.0,77.0,0.0,87.0,57.0,76.0,44.0,0.0,85.0,61.0
2017-08-23,73.0,1.0,71.0,0.0,81.0,59.0,65.0,46.0,0.0,78.0,54.0
2017-08-24,74.0,1.0,64.0,0.0,79.0,50.0,72.0,38.0,0.0,72.0,54.0
2017-08-25,64.0,1.0,68.0,0.0,77.0,53.0,52.0,40.0,0.0,58.0,53.0
2017-08-26,64.0,1.0,67.0,0.0,81.0,50.0,57.0,41.0,0.0,58.0,50.0
2017-08-27,53.0,1.0,88.0,0.0,76.0,48.0,48.0,45.0,0.0,54.0,52.0
2017-08-28,90.0,1.0,86.0,0.0,85.0,60.0,76.0,45.0,70.0,80.0,58.0
2017-08-29,83.0,1.0,87.0,0.0,91.0,57.0,64.0,44.0,0.0,79.0,58.0
2017-08-30,81.0,1.0,85.0,0.0,81.0,52.0,78.0,43.0,0.0,77.0,64.0
2017-08-31,73.0,1.0,80.0,0.0,80.0,54.0,61.0,40.0,0.0,76.0,57.0
2017-09-01,63.0,1.0,63.0,0.0,83.0,52.0,67.0,40.0,0.0,69.0,53.0
2017-09-02,53.0,1.0,72.0,0.0,78.0,46.0,50.0,40.0,0.0,59.0,56.0
2017-09-03,46.0,1.0,84.0,0.0,81.0,42.0,63.0,39.0,0.0,56.0,54.0
2017-09-04,65.0,1.0,72.0,0.0,77.0,58.0,68.0,37.0,0.0,82.0,58.0
2017-09-05,69.0,1.0,82.0,0.0,83.0,54.0,63.0,36.0,0.0,83.0,58.0
2017-09-06,69.0,1.0,86.0,0.0,90.0,60.0,97.0,46.0,0.0,81.0,60.0
2017-09-07,74.0,1.0,77.0,0.0,96.0,54.0,85.0,44.0,0.0,87.0,66.0
2017-09-08,81.0,,72.0,0.0,93.0,57.0,65.0,43.0,0.0,84.0,56.0
2017-09-09,57.0,,68.0,0.0,88.0,54.0,73.0,44.0,0.0,61.0,64.0
2017-09-10,75.0,,93.0,0.0,82.0,55.0,54.0,51.0,0.0,76.0,56.0
2017-09-11,81.0,,83.0,0.0,99.0,58.0,86.0,52.0,0.0,86.0,69.0
2017-09-12,93.0,,77.0,0.0,98.0,66.0,68.0,46.0,0.0,86.0,66.0
2017-09-13,90.0,,80.0,0.0,94.0,60.0,94.0,47.0,0.0,99.0,60.0
2017-09-14,87.0,,93.0,0.0,96.0,64.0,88.0,49.0,0.0,82.0,61.0
2017-09-15,91.0,,79.0,94.0,89.0,76.0,86.0,43.0,68.0,85.0,61.0
2017-09-16,56.0,,58.0,0.0,82.0,49.0,53.0,40.0,0.0,66.0,58.0
2017-09-17,56.0,,86.0,0.0,74.0,45.0,54.0,44.0,0.0,59.0,51.0
2017-09-18,86.0,,79.0,0.0,100.0,52.0,82.0,41.0,0.0,88.0,59.0
2017-09-19,74.0,,80.0,0.0,91.0,53.0,91.0,45.0,0.0,84.0,60.0
2017-09-20,81.0,,74.0,0.0,81.0,48.0,61.0,40.0,0.0,81.0,50.0
2017-09-21,64.0,,69.0,0.0,88.0,47.0,74.0,39.0,0.0,82.0,47.0
2017-09-22,70.0,,78.0,0.0,79.0,43.0,71.0,38.0,0.0,76.0,46.0
2017-09-23,52.0,,61.0,0.0,67.0,48.0,54.0,36.0,0.0,59.0,52.0
2017-09-24,50.0,,81.0,0.0,76.0,41.0,50.0,38.0,0.0,65.0,39.0
2017-09-25,69.0,,79.0,0.0,86.0,48.0,78.0,38.0,0.0,84.0,50.0
2017-09-26,66.0,,79.0,0.0,83.0,45.0,78.0,35.0,0.0,69.0,49.0
2017-09-27,66.0,,71.0,0.0,77.0,42.0,63.0,32.0,0.0,74.0,44.0
2017-09-28,60.0,,71.0,0.0,68.0,38.0,48.0,32.0,0.0,71.0,37.0
2017-09-29,40.0,,58.0,0.0,59.0,34.0,46.0,29.0,0.0,57.0,41.0
2017-09-30,42.0,,50.0,0.0,58.0,33.0,42.0,27.0,0.0,41.0,44.0
2017-10-01,46.0,,59.0,0.0,65.0,34.0,41.0,36.0,0.0,47.0,39.0
2017-10-02,56.0,,75.0,0.0,75.0,40.0,47.0,33.0,0.0,69.0,45.0
2017-10-03,65.0,,72.0,0.0,77.0,47.0,73.0,38.0,0.0,83.0,53.0
2017-10-04,70.0,,65.0,0.0,83.0,49.0,83.0,39.0,0.0,78.0,54.0
2017-10-05,66.0,,65.0,0.0,80.0,50.0,90.0,39.0,0.0,80.0,50.0
2017-10-06,67.0,,64.0,0.0,85.0,49.0,54.0,43.0,0.0,80.0,49.0
2017-10-07,56.0,,49.0,0.0,64.0,45.0,52.0,34.0,0.0,60.0,45.0
2017-10-08,57.0,,67.0,0.0,61.0,43.0,56.0,42.0,0.0,64.0,44.0
2017-10-09,70.0,,68.0,0.0,88.0,51.0,78.0,38.0,0.0,89.0,56.0
2017-10-10,75.0,,68.0,0.0,84.0,53.0,84.0,40.0,0.0,95.0,48.0
2017-10-11,66.0,,63.0,0.0,81.0,55.0,88.0,38.0,0.0,88.0,53.0
2017-10-12,70.0,,74.0,0.0,88.0,51.0,63.0,42.0,0.0,85.0,53.0
2017-10-13,72.0,,62.0,0.0,73.0,52.0,58.0,33.0,0.0,73.0,51.0
2017-10-14,53.0,,54.0,0.0,73.0,37.0,64.0,37.0,0.0,48.0,41.0
2017-10-15,50.0,,70.0,0.0,65.0,36.0,52.0,35.0,0.0,54.0,49.0
2017-10-16,66.0,,61.0,0.0,76.0,46.0,46.0,32.0,0.0,67.0,48.0
2017-10-17,53.0,,58.0,0.0,62.0,40.0,58.0,28.0,0.0,53.0,48.0
2017-10-18,38.0,,51.0,0.0,58.0,31.0,40.0,24.0,0.0,53.0,38.0
2017-10-19,38.0,,45.0,0.0,57.0,36.0,29.0,25.0,0.0,39.0,31.0
2017-10-20,50.0,,52.0,0.0,64.0,40.0,47.0,34.0,0.0,53.0,47.0
2017-10-21,48.0,,58.0,0.0,67.0,43.0,67.0,34.0,0.0,52.0,45.0
2017-10-22,42.0,,67.0,0.0,69.0,40.0,58.0,36.0,0.0,59.0,51.0
2017-10-23,75.0,,64.0,0.0,83.0,49.0,86.0,38.0,0.0,79.0,62.0
2017-10-24,69.0,,79.0,0.0,93.0,54.0,79.0,37.0,0.0,88.0,49.0
2017-10-25,65.0,,72.0,0.0,80.0,50.0,85.0,37.0,0.0,97.0,49.0
2017-10-26,68.0,,70.0,0.0,83.0,52.0,87.0,38.0,0.0,81.0,57.0
2017-10-27,62.0,,68.0,0.0,82.0,51.0,86.0,34.0,0.0,78.0,63.0
2017-10-28,55.0,,63.0,0.0,73.0,48.0,60.0,38.0,0.0,70.0,47.0
2017-10-29,45.0,,76.0,0.0,79.0,38.0,64.0,37.0,0.0,71.0,47.0
2017-10-30,74.0,,87.0,0.0,83.0,54.0,90.0,40.0,0.0,85.0,56.0
2017-10-31,64.0,,85.0,0.0,85.0,51.0,88.0,42.0,0.0,85.0,54.0
2017-11-01,70.0,,85.0,0.0,89.0,54.0,69.0,40.0,0.0,88.0,50.0
2017-11-02,72.0,,79.0,0.0,90.0,49.0,71.0,42.0,0.0,90.0,56.0
2017-11-03,61.0,,70.0,0.0,76.0,55.0,77.0,38.0,0.0,76.0,50.0
2017-11-04,44.0,,67.0,0.0,75.0,46.0,62.0,40.0,0.0,57.0,52.0
2017-11-05,48.0,,88.0,0.0,72.0,47.0,66.0,42.0,0.0,73.0,48.0
2017-11-06,73.0,,100.0,0.0,89.0,56.0,80.0,47.0,0.0,88.0,60.0
2017-11-07,70.0,,81.0,0.0,84.0,51.0,80.0,44.0,0.0,83.0,56.0
2017-11-08,79.0,,75.0,0.0,87.0,56.0,79.0,45.0,0.0,94.0,51.0
2017-11-09,74.0,,79.0,0.0,91.0,54.0,71.0,42.0,0.0,90.0,56.0
2017-11-10,78.0,,71.0,0.0,82.0,48.0,64.0,47.0,0.0,89.0,52.0
2017-11-11,58.0,,62.0,0.0,72.0,44.0,53.0,38.0,0.0,65.0,55.0
2017-11-12,53.0,,81.0,0.0,75.0,45.0,68.0,45.0,0.0,68.0,47.0
2017-11-13,68.0,,84.0,0.0,79.0,52.0,78.0,40.0,0.0,91.0,59.0
2017-11-14,82.0,,82.0,0.0,83.0,51.0,75.0,41.0,0.0,100.0,50.0
2017-11-15,77.0,1.0,79.0,0.0,83.0,55.0,81.0,41.0,0.0,99.0,61.0
2017-11-16,73.0,1.0,82.0,0.0,80.0,54.0,83.0,47.0,0.0,92.0,61.0
2017-11-17,66.0,1.0,71.0,0.0,83.0,52.0,80.0,43.0,0.0,82.0,56.0
2017-11-18,51.0,1.0,62.0,0.0,71.0,45.0,57.0,38.0,0.0,64.0,51.0
2017-11-19,46.0,1.0,73.0,0.0,67.0,41.0,62.0,41.0,0.0,68.0,50.0
2017-11-20,68.0,1.0,78.0,0.0,82.0,50.0,64.0,42.0,0.0,84.0,57.0
2017-11-21,74.0,1.0,75.0,0.0,87.0,53.0,74.0,41.0,0.0,87.0,57.0
2017-11-22,69.0,1.0,71.0,0.0,73.0,54.0,74.0,43.0,0.0,85.0,56.0
2017-11-23,73.0,1.0,82.0,0.0,81.0,54.0,94.0,39.0,0.0,83.0,57.0
2017-11-24,67.0,1.0,62.0,0.0,74.0,49.0,70.0,36.0,0.0,78.0,53.0
2017-11-25,57.0,1.0,56.0,0.0,73.0,45.0,46.0,36.0,0.0,64.0,53.0
2017-11-26,51.0,1.0,72.0,0.0,65.0,44.0,48.0,40.0,0.0,68.0,50.0
2017-11-27,77.0,1.0,77.0,0.0,85.0,55.0,81.0,39.0,0.0,87.0,63.0
2017-11-28,76.0,1.0,73.0,0.0,76.0,59.0,80.0,41.0,0.0,95.0,65.0
2017-11-29,74.0,1.0,73.0,0.0,80.0,53.0,76.0,41.0,66.0,91.0,60.0
2017-11-30,73.0,1.0,68.0,0.0,70.0,51.0,74.0,41.0,0.0,82.0,61.0
2017-12-01,69.0,1.0,65.0,0.0,73.0,48.0,73.0,38.0,0.0,69.0,49.0
2017-12-02,49.0,1.0,59.0,0.0,63.0,44.0,56.0,38.0,0.0,58.0,51.0
2017-12-03,48.0,1.0,77.0,0.0,64.0,39.0,64.0,40.0,66.0,63.0,50.0
2017-12-04,74.0,1.0,70.0,0.0,71.0,51.0,78.0,41.0,0.0,86.0,58.0
2017-12-05,67.0,1.0,68.0,0.0,80.0,49.0,82.0,45.0,0.0,89.0,55.0
2017-12-06,73.0,1.0,68.0,0.0,82.0,51.0,91.0,41.0,0.0,87.0,57.0
2017-12-07,62.0,1.0,71.0,0.0,82.0,50.0,84.0,42.0,0.0,85.0,46.0
2017-12-08,76.0,1.0,65.0,0.0,77.0,49.0,70.0,40.0,0.0,80.0,51.0
2017-12-09,48.0,1.0,58.0,26.0,73.0,42.0,44.0,37.0,0.0,61.0,58.0
2017-12-10,54.0,1.0,65.0,0.0,76.0,41.0,58.0,40.0,0.0,68.0,48.0
2017-12-11,74.0,1.0,70.0,0.0,81.0,53.0,69.0,41.0,0.0,85.0,58.0
2017-12-12,65.0,1.0,66.0,0.0,85.0,55.0,70.0,44.0,0.0,89.0,54.0
2017-12-13,73.0,1.0,68.0,0.0,81.0,48.0,70.0,45.0,0.0,87.0,53.0
2017-12-14,71.0,1.0,72.0,0.0,77.0,50.0,80.0,43.0,0.0,86.0,60.0
2017-12-15,68.0,1.0,59.0,0.0,80.0,53.0,66.0,43.0,0.0,87.0,60.0
2017-12-16,52.0,1.0,57.0,0.0,80.0,46.0,51.0,42.0,0.0,59.0,52.0
2017-12-17,53.0,1.0,62.0,0.0,69.0,38.0,56.0,39.0,0.0,55.0,46.0
2017-12-18,59.0,1.0,57.0,0.0,68.0,45.0,70.0,37.0,0.0,66.0,54.0
2017-12-19,70.0,1.0,66.0,0.0,79.0,50.0,78.0,43.0,0.0,79.0,56.0
2017-12-20,67.0,1.0,65.0,0.0,76.0,51.0,92.0,44.0,0.0,80.0,56.0
2017-12-21,76.0,1.0,68.0,0.0,79.0,54.0,82.0,44.0,0.0,81.0,57.0
2017-12-22,58.0,1.0,58.0,0.0,70.0,46.0,66.0,36.0,0.0,60.0,45.0
2017-12-23,47.0,1.0,47.0,0.0,57.0,40.0,48.0,34.0,0.0,45.0,48.0
2017-12-24,37.0,1.0,54.0,26.0,51.0,27.0,39.0,33.0,0.0,42.0,44.0
2017-12-25,41.0,1.0,57.0,0.0,56.0,36.0,50.0,32.0,0.0,50.0,44.0
2017-12-26,52.0,1.0,66.0,0.0,68.0,47.0,72.0,37.0,0.0,66.0,54.0
2017-12-27,60.0,1.0,65.0,90.0,68.0,46.0,88.0,35.0,0.0,69.0,54.0
2017-12-28,61.0,1.0,63.0,0.0,70.0,46.0,100.0,37.0,0.0,67.0,56.0
2017-12-29,58.0,1.0,65.0,0.0,64.0,46.0,86.0,36.0,0.0,64.0,55.0
2017-12-30,46.0,1.0,54.0,0.0,59.0,37.0,50.0,31.0,0.0,50.0,46.0
2017-12-31,32.0,1.0,54.0,0.0,44.0,25.0,36.0,27.0,0.0,31.0,37.0
2018-01-01,44.0,1.0,64.0,0.0,56.0,37.0,66.0,31.0,0.0,47.0,43.0
2018-01-02,65.0,1.0,75.0,0.0,72.0,48.0,72.0,41.0,0.0,73.0,56.0
2018-01-03,72.0,1.0,76.0,0.0,74.0,56.0,82.0,40.0,0.0,72.0,56.0
2018-01-04,75.0,1.0,71.0,0.0,72.0,49.0,84.0,42.0,0.0,80.0,56.0
2018-01-05,67.0,1.0,60.0,0.0,74.0,48.0,79.0,41.0,0.0,72.0,54.0
2018-01-06,53.0,1.0,64.0,0.0,61.0,47.0,60.0,40.0,0.0,62.0,51.0
2018-01-07,54.0,1.0,69.0,0.0,65.0,41.0,42.0,44.0,0.0,53.0,48.0
2018-01-08,67.0,1.0,69.0,0.0,76.0,48.0,80.0,41.0,0.0,92.0,58.0
2018-01-09,82.0,1.0,78.0,0.0,79.0,46.0,68.0,44.0,0.0,85.0,58.0
2018-01-10,72.0,1.0,71.0,0.0,87.0,50.0,64.0,46.0,0.0,81.0,53.0
2018-01-11,74.0,1.0,66.0,0.0,81.0,50.0,76.0,45.0,0.0,81.0,59.0
2018-01-12,60.0,1.0,68.0,0.0,69.0,41.0,66.0,37.0,0.0,67.0,53.0
2018-01-13,53.0,1.0,55.0,0.0,62.0,39.0,43.0,35.0,0.0,55.0,48.0
2018-01-14,38.0,1.0,56.0,47.0,55.0,29.0,35.0,35.0,0.0,42.0,44.0
2018-01-15,61.0,1.0,62.0,0.0,64.0,40.0,58.0,37.0,0.0,65.0,60.0
2018-01-16,65.0,1.0,67.0,0.0,76.0,48.0,70.0,39.0,0.0,75.0,54.0
2018-01-17,78.0,1.0,67.0,0.0,79.0,50.0,74.0,42.0,0.0,82.0,58.0
2018-01-18,73.0,1.0,68.0,0.0,79.0,51.0,75.0,45.0,0.0,84.0,57.0
2018-01-19,76.0,1.0,66.0,23.0,70.0,49.0,53.0,42.0,0.0,68.0,58.0
2018-01-20,54.0,1.0,60.0,0.0,63.0,46.0,40.0,40.0,0.0,56.0,54.0
2018-01-21,50.0,1.0,66.0,0.0,61.0,39.0,57.0,39.0,0.0,56.0,54.0
2018-01-22,67.0,1.0,72.0,0.0,71.0,51.0,69.0,42.0,0.0,81.0,53.0
2018-01-23,74.0,1.0,75.0,0.0,77.0,47.0,67.0,39.0,0.0,79.0,56.0
2018-01-24,67.0,1.0,64.0,0.0,69.0,47.0,64.0,38.0,0.0,73.0,56.0
2018-01-25,57.0,1.0,50.0,0.0,66.0,45.0,57.0,33.0,0.0,65.0,48.0
2018-01-26,42.0,1.0,48.0,0.0,53.0,37.0,43.0,34.0,0.0,47.0,39.0
2018-01-27,49.0,1.0,46.0,0.0,57.0,37.0,48.0,38.0,0.0,53.0,50.0
2018-01-28,44.0,1.0,66.0,0.0,62.0,39.0,61.0,38.0,0.0,54.0,53.0
2018-01-29,73.0,1.0,70.0,0.0,79.0,51.0,64.0,43.0,0.0,79.0,58.0
2018-01-30,70.0,1.0,76.0,0.0,83.0,48.0,74.0,44.0,0.0,80.0,64.0
2018-01-31,68.0,1.0,73.0,0.0,69.0,43.0,68.0,46.0,0.0,77.0,56.0
2018-02-01,64.0,1.0,67.0,60.0,78.0,50.0,64.0,46.0,0.0,80.0,50.0
2018-02-02,73.0,1.0,66.0,0.0,75.0,47.0,62.0,44.0,0.0,73.0,54.0
2018-02-03,55.0,1.0,58.0,0.0,69.0,43.0,51.0,45.0,0.0,60.0,56.0
2018-02-04,47.0,1.0,70.0,0.0,65.0,38.0,59.0,44.0,0.0,52.0,58.0
2018-02-05,75.0,1.0,72.0,0.0,82.0,51.0,71.0,45.0,0.0,76.0,61.0
2018-02-06,66.0,1.0,70.0,0.0,80.0,52.0,56.0,48.0,0.0,79.0,59.0
2018-02-07,65.0,1.0,66.0,0.0,71.0,46.0,68.0,45.0,0.0,74.0,54.0
2018-02-08,65.0,1.0,71.0,21.0,69.0,49.0,62.0,43.0,0.0,70.0,57.0
2018-02-09,64.0,1.0,60.0,0.0,70.0,45.0,58.0,41.0,0.0,63.0,50.0
2018-02-10,48.0,1.0,54.0,0.0,63.0,43.0,42.0,39.0,0.0,54.0,49.0
2018-02-11,51.0,1.0,70.0,0.0,68.0,40.0,52.0,46.0,0.0,52.0,53.0
2018-02-12,69.0,1.0,58.0,0.0,67.0,44.0,58.0,42.0,0.0,74.0,54.0
2018-02-13,60.0,1.0,65.0,21.0,63.0,44.0,58.0,41.0,0.0,63.0,48.0
2018-02-14,62.0,1.0,69.0,0.0,62.0,47.0,61.0,45.0,0.0,69.0,49.0
2018-02-15,75.0,1.0,76.0,0.0,70.0,49.0,66.0,48.0,0.0,75.0,55.0
2018-02-16,63.0,1.0,57.0,0.0,71.0,45.0,60.0,49.0,0.0,63.0,53.0
2018-02-17,61.0,1.0,55.0,0.0,60.0,49.0,52.0,44.0,0.0,55.0,53.0
2018-02-18,49.0,1.0,60.0,0.0,58.0,37.0,48.0,45.0,0.0,55.0,54.0
2018-02-19,78.0,1.0,75.0,0.0,77.0,52.0,61.0,50.0,0.0,83.0,58.0
2018-02-20,80.0,1.0,76.0,0.0,73.0,52.0,64.0,52.0,0.0,79.0,65.0
2018-02-21,76.0,1.0,71.0,0.0,76.0,47.0,72.0,45.0,0.0,72.0,60.0
2018-02-22,79.0,1.0,70.0,0.0,76.0,51.0,68.0,53.0,0.0,79.0,58.0
2018-02-23,77.0,1.0,66.0,0.0,69.0,50.0,66.0,54.0,0.0,75.0,56.0
2018-02-24,61.0,,56.0,0.0,65.0,48.0,51.0,49.0,0.0,55.0,54.0
2018-02-25,57.0,,62.0,0.0,61.0,42.0,54.0,49.0,0.0,57.0,47.0
2018-02-26,77.0,,79.0,0.0,62.0,46.0,78.0,56.0,0.0,78.0,58.0
2018-02-27,63.0,,68.0,0.0,69.0,50.0,59.0,57.0,0.0,74.0,59.0
2018-02-28,73.0,,71.0,0.0,58.0,44.0,62.0,55.0,0.0,54.0,53.0
2018-03-01,52.0,,49.0,0.0,58.0,43.0,63.0,40.0,0.0,57.0,50.0
2018-03-02,43.0,,51.0,0.0,51.0,42.0,50.0,35.0,0.0,49.0,55.0
2018-03-03,52.0,,54.0,0.0,63.0,41.0,44.0,43.0,0.0,49.0,58.0
2018-03-04,50.0,,67.0,0.0,64.0,38.0,37.0,48.0,0.0,49.0,61.0
2018-03-05,62.0,,56.0,0.0,58.0,51.0,61.0,48.0,0.0,70.0,68.0
2018-03-06,81.0,,68.0,0.0,73.0,46.0,61.0,51.0,0.0,76.0,58.0
2018-03-07,71.0,,73.0,0.0,81.0,43.0,76.0,49.0,0.0,75.0,63.0
2018-03-08,74.0,,61.0,0.0,69.0,43.0,69.0,38.0,0.0,71.0,58.0
2018-03-09,75.0,,56.0,0.0,68.0,45.0,56.0,50.0,0.0,69.0,64.0
2018-03-10,55.0,,56.0,0.0,63.0,45.0,43.0,38.0,0.0,55.0,66.0
2018-03-11,48.0,,65.0,0.0,62.0,41.0,50.0,47.0,0.0,54.0,61.0
2018-03-12,74.0,,65.0,0.0,65.0,50.0,64.0,53.0,0.0,73.0,68.0
2018-03-13,83.0,,64.0,0.0,78.0,53.0,75.0,63.0,0.0,75.0,59.0
2018-03-14,75.0,,66.0,0.0,71.0,46.0,69.0,65.0,0.0,73.0,56.0
2018-03-15,76.0,,63.0,0.0,75.0,48.0,62.0,69.0,0.0,82.0,62.0
2018-03-16,76.0,,60.0,0.0,68.0,50.0,63.0,61.0,0.0,70.0,59.0
2018-03-17,55.0,,52.0,0.0,66.0,43.0,42.0,47.0,0.0,58.0,57.0
2018-03-18,50.0,,53.0,0.0,56.0,41.0,40.0,42.0,0.0,56.0,53.0
2018-03-19,79.0,,60.0,0.0,68.0,47.0,49.0,44.0,0.0,76.0,60.0
2018-03-20,74.0,,62.0,0.0,75.0,48.0,56.0,45.0,0.0,83.0,67.0
2018-03-21,81.0,,64.0,0.0,72.0,52.0,73.0,50.0,100.0,71.0,62.0
2018-03-22,77.0,,60.0,0.0,86.0,54.0,69.0,51.0,0.0,80.0,59.0
2018-03-23,57.0,,52.0,0.0,81.0,44.0,81.0,42.0,0.0,74.0,64.0
2018-03-24,62.0,,46.0,0.0,66.0,46.0,51.0,37.0,0.0,58.0,64.0
2018-03-25,45.0,,50.0,0.0,52.0,39.0,49.0,37.0,0.0,55.0,65.0
2018-03-26,65.0,,55.0,0.0,70.0,50.0,71.0,37.0,0.0,73.0,69.0
2018-03-27,64.0,,53.0,0.0,71.0,49.0,57.0,36.0,0.0,72.0,64.0
2018-03-28,61.0,,43.0,0.0,65.0,48.0,44.0,36.0,0.0,64.0,69.0
2018-03-29,62.0,,49.0,0.0,61.0,44.0,49.0,38.0,0.0,63.0,60.0
2018-03-30,53.0,,51.0,0.0,60.0,40.0,56.0,37.0,0.0,64.0,63.0
2018-03-31,54.0,,42.0,0.0,58.0,44.0,58.0,35.0,0.0,56.0,63.0
2018-04-01,42.0,,42.0,0.0,55.0,36.0,44.0,38.0,0.0,60.0,66.0
2018-04-02,66.0,,49.0,0.0,70.0,50.0,61.0,43.0,0.0,77.0,70.0
2018-04-03,74.0,,51.0,0.0,75.0,47.0,75.0,43.0,0.0,86.0,65.0
2018-04-04,68.0,,51.0,0.0,82.0,51.0,67.0,47.0,0.0,76.0,71.0
2018-04-05,60.0,,55.0,0.0,69.0,52.0,72.0,46.0,0.0,78.0,68.0
2018-04-06,68.0,,43.0,0.0,78.0,51.0,55.0,40.0,0.0,68.0,67.0
2018-04-07,50.0,,46.0,0.0,69.0,38.0,42.0,39.0,0.0,54.0,58.0
2018-04-08,51.0,,42.0,0.0,62.0,43.0,54.0,40.0,0.0,55.0,57.0
2018-04-09,63.0,,48.0,0.0,72.0,55.0,55.0,43.0,0.0,66.0,62.0
2018-04-10,73.0,,51.0,0.0,72.0,52.0,70.0,45.0,0.0,80.0,73.0
2018-04-11,71.0,,56.0,0.0,74.0,51.0,62.0,48.0,0.0,82.0,63.0
2018-04-12,66.0,,54.0,0.0,75.0,50.0,67.0,43.0,0.0,69.0,69.0
2018-04-13,58.0,,45.0,0.0,62.0,46.0,49.0,36.0,0.0,59.0,64.0
2018-04-14,58.0,,39.0,0.0,60.0,43.0,42.0,34.0,0.0,49.0,54.0
2018-04-15,44.0,,40.0,0.0,56.0,41.0,49.0,41.0,0.0,62.0,55.0
2018-04-16,66.0,,47.0,0.0,72.0,51.0,57.0,44.0,0.0,74.0,69.0
2018-04-17,81.0,,49.0,0.0,69.0,51.0,69.0,49.0,0.0,82.0,71.0
2018-04-18,66.0,,46.0,0.0,67.0,58.0,72.0,44.0,0.0,80.0,69.0
2018-04-19,71.0,,46.0,0.0,69.0,50.0,75.0,44.0,0.0,77.0,64.0
2018-04-20,75.0,,48.0,0.0,68.0,50.0,63.0,40.0,0.0,77.0,61.0
2018-04-21,55.0,,37.0,0.0,67.0,44.0,53.0,35.0,0.0,48.0,63.0
2018-04-22,56.0,,45.0,0.0,62.0,48.0,48.0,36.0,0.0,57.0,58.0
2018-04-23,72.0,,56.0,0.0,68.0,53.0,74.0,40.0,0.0,77.0,63.0
2018-04-24,75.0,,49.0,0.0,64.0,54.0,68.0,42.0,0.0,84.0,70.0
2018-04-25,75.0,,44.0,0.0,65.0,51.0,83.0,39.0,0.0,74.0,68.0
2018-04-26,87.0,,39.0,0.0,73.0,50.0,57.0,41.0,0.0,77.0,67.0
2018-04-27,72.0,,45.0,0.0,63.0,48.0,64.0,37.0,0.0,64.0,65.0
2018-04-28,55.0,,37.0,0.0,60.0,52.0,42.0,31.0,0.0,54.0,55.0
2018-04-29,49.0,,37.0,0.0,58.0,42.0,51.0,36.0,0.0,46.0,59.0
2018-04-30,75.0,,45.0,0.0,63.0,59.0,65.0,40.0,0.0,65.0,67.0
2018-05-01,75.0,,46.0,0.0,64.0,62.0,61.0,42.0,0.0,62.0,77.0
2018-05-02,76.0,,45.0,0.0,76.0,66.0,68.0,43.0,0.0,70.0,74.0
2018-05-03,79.0,1.0,48.0,0.0,71.0,64.0,60.0,41.0,0.0,76.0,70.0
2018-05-04,70.0,1.0,49.0,0.0,69.0,59.0,68.0,40.0,0.0,72.0,72.0
2018-05-05,65.0,1.0,43.0,0.0,59.0,54.0,62.0,40.0,0.0,58.0,67.0
2018-05-06,51.0,1.0,37.0,0.0,57.0,49.0,50.0,39.0,0.0,53.0,65.0
2018-05-07,69.0,1.0,48.0,0.0,71.0,59.0,53.0,40.0,0.0,78.0,74.0
2018-05-08,74.0,1.0,47.0,0.0,76.0,59.0,51.0,44.0,0.0,73.0,76.0
2018-05-09,70.0,1.0,44.0,0.0,67.0,57.0,62.0,44.0,0.0,70.0,74.0
2018-05-10,82.0,1.0,45.0,0.0,68.0,65.0,64.0,64.0,0.0,72.0,74.0
2018-05-11,84.0,1.0,39.0,0.0,67.0,64.0,52.0,45.0,0.0,62.0,73.0
2018-05-12,59.0,1.0,40.0,0.0,63.0,54.0,41.0,43.0,0.0,52.0,67.0
2018-05-13,60.0,1.0,41.0,0.0,59.0,52.0,47.0,43.0,0.0,55.0,61.0
2018-05-14,74.0,1.0,48.0,0.0,72.0,61.0,55.0,48.0,0.0,74.0,80.0
2018-05-15,64.0,1.0,56.0,0.0,60.0,51.0,62.0,49.0,0.0,63.0,68.0
2018-05-16,86.0,1.0,48.0,0.0,72.0,76.0,70.0,59.0,0.0,77.0,84.0
2018-05-17,77.0,1.0,46.0,0.0,66.0,66.0,73.0,50.0,0.0,73.0,84.0
2018-05-18,71.0,1.0,46.0,0.0,67.0,65.0,75.0,47.0,0.0,67.0,83.0
2018-05-19,60.0,1.0,46.0,0.0,69.0,63.0,51.0,55.0,0.0,62.0,78.0
2018-05-20,58.0,1.0,46.0,0.0,61.0,59.0,46.0,49.0,0.0,63.0,76.0
2018-05-21,80.0,1.0,51.0,0.0,68.0,71.0,74.0,51.0,0.0,79.0,82.0
2018-05-22,80.0,1.0,51.0,0.0,75.0,67.0,61.0,48.0,0.0,77.0,82.0
2018-05-23,82.0,1.0,51.0,0.0,67.0,69.0,59.0,98.0,0.0,72.0,80.0
2018-05-24,82.0,1.0,52.0,0.0,71.0,70.0,68.0,57.0,0.0,79.0,74.0
2018-05-25,79.0,1.0,47.0,0.0,69.0,61.0,57.0,45.0,0.0,64.0,79.0
2018-05-26,62.0,1.0,42.0,0.0,66.0,63.0,52.0,57.0,0.0,59.0,81.0
2018-05-27,58.0,1.0,38.0,0.0,65.0,58.0,46.0,47.0,0.0,53.0,74.0
2018-05-28,82.0,1.0,51.0,0.0,70.0,70.0,53.0,50.0,0.0,73.0,82.0
2018-05-29,83.0,1.0,53.0,0.0,67.0,67.0,63.0,52.0,0.0,73.0,89.0
2018-05-30,88.0,1.0,56.0,0.0,68.0,76.0,60.0,53.0,0.0,70.0,90.0
2018-05-31,84.0,1.0,52.0,0.0,76.0,78.0,67.0,53.0,0.0,79.0,95.0
2018-06-01,82.0,1.0,56.0,0.0,77.0,82.0,57.0,52.0,0.0,73.0,88.0
2018-06-02,78.0,1.0,44.0,0.0,70.0,68.0,40.0,49.0,0.0,64.0,93.0
2018-06-03,66.0,1.0,50.0,0.0,63.0,76.0,43.0,45.0,0.0,61.0,82.0
2018-06-04,87.0,1.0,53.0,0.0,74.0,79.0,53.0,52.0,0.0,77.0,100.0
2018-06-05,89.0,1.0,58.0,0.0,77.0,86.0,63.0,57.0,0.0,74.0,94.0
2018-06-06,84.0,1.0,55.0,17.0,75.0,77.0,60.0,100.0,0.0,71.0,87.0
2018-06-07,77.0,1.0,50.0,18.0,70.0,76.0,52.0,72.0,0.0,75.0,90.0
2018-06-08,83.0,1.0,52.0,0.0,72.0,78.0,54.0,56.0,0.0,72.0,82.0
2018-06-09,76.0,1.0,51.0,0.0,71.0,72.0,42.0,53.0,0.0,60.0,84.0
2018-06-10,66.0,1.0,50.0,0.0,68.0,67.0,45.0,53.0,0.0,56.0,83.0
2018-06-11,86.0,1.0,53.0,0.0,75.0,80.0,54.0,53.0,0.0,71.0,92.0
2018-06-12,88.0,1.0,64.0,0.0,77.0,80.0,63.0,58.0,0.0,76.0,96.0
2018-06-13,82.0,1.0,61.0,0.0,74.0,80.0,62.0,60.0,0.0,73.0,93.0
2018-06-14,81.0,1.0,58.0,0.0,69.0,65.0,59.0,51.0,0.0,70.0,78.0
2018-06-15,77.0,1.0,50.0,18.0,58.0,58.0,45.0,44.0,0.0,60.0,75.0
2018-06-16,58.0,1.0,46.0,0.0,61.0,54.0,33.0,41.0,0.0,49.0,73.0
2018-06-17,52.0,1.0,53.0,0.0,59.0,49.0,33.0,41.0,0.0,44.0,61.0
2018-06-18,85.0,1.0,56.0,0.0,69.0,63.0,56.0,50.0,0.0,73.0,90.0
2018-06-19,88.0,1.0,57.0,0.0,77.0,68.0,61.0,51.0,0.0,71.0,83.0
2018-06-20,77.0,1.0,60.0,0.0,79.0,67.0,60.0,51.0,0.0,67.0,82.0
2018-06-21,75.0,1.0,59.0,0.0,71.0,62.0,59.0,48.0,0.0,71.0,81.0
2018-06-22,78.0,1.0,56.0,18.0,75.0,67.0,48.0,45.0,0.0,66.0,74.0
2018-06-23,65.0,1.0,57.0,0.0,68.0,61.0,47.0,46.0,0.0,52.0,75.0
2018-06-24,57.0,1.0,61.0,0.0,65.0,58.0,38.0,48.0,0.0,50.0,72.0
2018-06-25,82.0,1.0,63.0,0.0,82.0,70.0,57.0,52.0,88.0,66.0,83.0
2018-06-26,79.0,1.0,60.0,0.0,71.0,74.0,51.0,48.0,0.0,66.0,80.0
2018-06-27,83.0,1.0,64.0,0.0,75.0,75.0,51.0,51.0,0.0,72.0,78.0
2018-06-28,81.0,1.0,64.0,0.0,73.0,66.0,58.0,51.0,0.0,63.0,78.0
2018-06-29,73.0,1.0,59.0,0.0,71.0,62.0,46.0,48.0,0.0,70.0,76.0
2018-06-30,79.0,1.0,54.0,0.0,69.0,63.0,43.0,44.0,0.0,58.0,67.0
2018-07-01,57.0,1.0,70.0,18.0,66.0,50.0,44.0,45.0,0.0,49.0,66.0
2018-07-02,79.0,1.0,66.0,0.0,82.0,64.0,51.0,48.0,0.0,68.0,73.0
2018-07-03,80.0,1.0,64.0,0.0,78.0,67.0,53.0,45.0,0.0,69.0,80.0
2018-07-04,77.0,1.0,69.0,0.0,79.0,67.0,58.0,51.0,0.0,74.0,78.0
2018-07-05,87.0,1.0,67.0,0.0,75.0,70.0,55.0,55.0,0.0,69.0,75.0
2018-07-06,72.0,1.0,58.0,0.0,69.0,74.0,53.0,48.0,0.0,67.0,72.0
2018-07-07,62.0,1.0,52.0,17.0,69.0,60.0,45.0,45.0,0.0,54.0,69.0
2018-07-08,56.0,1.0,77.0,0.0,71.0,56.0,45.0,49.0,0.0,50.0,62.0
2018-07-09,81.0,1.0,68.0,0.0,78.0,70.0,59.0,50.0,0.0,66.0,82.0
2018-07-10,80.0,1.0,69.0,0.0,70.0,74.0,56.0,49.0,0.0,70.0,78.0
2018-07-11,87.0,1.0,71.0,0.0,79.0,74.0,57.0,52.0,0.0,72.0,89.0
2018-07-12,92.0,1.0,70.0,0.0,79.0,71.0,56.0,51.0,0.0,68.0,80.0
2018-07-13,76.0,1.0,58.0,0.0,70.0,62.0,51.0,48.0,0.0,65.0,72.0
2018-07-14,70.0,1.0,53.0,0.0,61.0,55.0,40.0,43.0,0.0,48.0,67.0
2018-07-15,55.0,1.0,72.0,0.0,59.0,48.0,42.0,47.0,0.0,47.0,69.0
2018-07-16,77.0,1.0,70.0,0.0,72.0,65.0,60.0,47.0,0.0,61.0,78.0
2018-07-17,80.0,1.0,64.0,0.0,75.0,66.0,50.0,47.0,0.0,66.0,72.0
2018-07-18,85.0,1.0,72.0,0.0,73.0,77.0,55.0,48.0,0.0,67.0,80.0
2018-07-19,83.0,1.0,69.0,0.0,77.0,69.0,49.0,50.0,0.0,65.0,80.0
2018-07-20,81.0,1.0,64.0,0.0,69.0,66.0,48.0,46.0,0.0,62.0,68.0
2018-07-21,67.0,1.0,58.0,0.0,62.0,60.0,45.0,41.0,0.0,53.0,67.0
2018-07-22,62.0,1.0,73.0,0.0,60.0,53.0,30.0,47.0,0.0,47.0,63.0
2018-07-23,80.0,1.0,68.0,0.0,74.0,65.0,54.0,49.0,0.0,64.0,79.0
2018-07-24,73.0,1.0,70.0,0.0,75.0,62.0,54.0,47.0,0.0,67.0,74.0
2018-07-25,72.0,1.0,64.0,0.0,69.0,69.0,52.0,48.0,0.0,72.0,75.0
2018-07-26,78.0,1.0,72.0,34.0,79.0,65.0,64.0,49.0,0.0,70.0,72.0
2018-07-27,77.0,1.0,64.0,0.0,66.0,56.0,44.0,44.0,0.0,60.0,64.0
2018-07-28,64.0,1.0,52.0,0.0,66.0,50.0,44.0,42.0,0.0,47.0,63.0
2018-07-29,63.0,1.0,70.0,0.0,64.0,54.0,46.0,42.0,0.0,45.0,66.0
2018-07-30,88.0,1.0,66.0,0.0,73.0,61.0,57.0,48.0,0.0,68.0,70.0
2018-07-31,82.0,1.0,73.0,16.0,73.0,61.0,54.0,50.0,0.0,71.0,77.0
2018-08-01,80.0,1.0,70.0,0.0,79.0,60.0,61.0,48.0,0.0,79.0,70.0
2018-08-02,86.0,1.0,70.0,0.0,78.0,70.0,61.0,51.0,0.0,78.0,70.0
2018-08-03,79.0,1.0,61.0,0.0,75.0,55.0,57.0,45.0,0.0,68.0,62.0
2018-08-04,52.0,1.0,54.0,0.0,61.0,53.0,37.0,41.0,0.0,50.0,62.0
2018-08-05,49.0,1.0,64.0,0.0,62.0,38.0,41.0,41.0,0.0,47.0,58.0
2018-08-06,79.0,1.0,67.0,0.0,72.0,59.0,65.0,41.0,0.0,74.0,68.0
2018-08-07,76.0,1.0,68.0,0.0,66.0,54.0,60.0,47.0,0.0,78.0,64.0
2018-08-08,74.0,1.0,69.0,0.0,72.0,56.0,54.0,43.0,0.0,72.0,66.0
2018-08-09,70.0,1.0,72.0,0.0,71.0,51.0,53.0,45.0,0.0,65.0,67.0
2018-08-10,66.0,1.0,62.0,0.0,65.0,46.0,50.0,43.0,83.0,60.0,60.0
2018-08-11,48.0,1.0,54.0,16.0,60.0,45.0,44.0,39.0,0.0,48.0,57.0
2018-08-12,51.0,,66.0,34.0,59.0,44.0,39.0,41.0,0.0,49.0,57.0
2018-08-13,72.0,,69.0,0.0,61.0,53.0,64.0,42.0,0.0,65.0,64.0
2018-08-14,61.0,,55.0,0.0,61.0,49.0,57.0,32.0,0.0,57.0,54.0
2018-08-15,44.0,,58.0,0.0,54.0,35.0,40.0,35.0,0.0,40.0,48.0
2018-08-16,59.0,,62.0,0.0,64.0,39.0,68.0,38.0,0.0,61.0,61.0
2018-08-17,50.0,,71.0,0.0,59.0,42.0,53.0,42.0,0.0,58.0,57.0
2018-08-18,53.0,,55.0,0.0,55.0,38.0,49.0,35.0,0.0,43.0,50.0
2018-08-19,41.0,,68.0,0.0,59.0,35.0,36.0,39.0,0.0,47.0,46.0
2018-08-20,62.0,,66.0,0.0,67.0,44.0,58.0,42.0,84.0,55.0,56.0
2018-08-21,56.0,,59.0,0.0,63.0,44.0,56.0,42.0,0.0,58.0,59.0
2018-08-22,58.0,,66.0,0.0,59.0,38.0,44.0,41.0,0.0,55.0,54.0
2018-08-23,54.0,,61.0,0.0,66.0,44.0,58.0,40.0,0.0,60.0,51.0
2018-08-24,53.0,,59.0,0.0,64.0,38.0,47.0,39.0,0.0,55.0,52.0
2018-08-25,46.0,,45.0,0.0,51.0,38.0,35.0,35.0,0.0,44.0,50.0
2018-08-26,44.0,,62.0,0.0,49.0,33.0,35.0,34.0,0.0,42.0,41.0
2018-08-27,56.0,,66.0,33.0,59.0,43.0,59.0,42.0,0.0,66.0,57.0
2018-08-28,61.0,,70.0,0.0,66.0,45.0,64.0,43.0,0.0,62.0,59.0
2018-08-29,62.0,,66.0,0.0,70.0,44.0,61.0,47.0,0.0,67.0,59.0
2018-08-30,70.0,,62.0,0.0,71.0,44.0,70.0,54.0,0.0,69.0,54.0
2018-08-31,56.0,,61.0,0.0,57.0,39.0,52.0,44.0,0.0,59.0,51.0
2018-09-01,43.0,,49.0,0.0,53.0,36.0,42.0,37.0,0.0,44.0,47.0
2018-09-02,44.0,,54.0,0.0,59.0,31.0,36.0,37.0,0.0,45.0,46.0
2018-09-03,59.0,,57.0,0.0,62.0,38.0,58.0,40.0,0.0,61.0,47.0
2018-09-04,75.0,,59.0,0.0,64.0,43.0,74.0,40.0,0.0,71.0,56.0
2018-09-05,57.0,,63.0,0.0,64.0,42.0,59.0,35.0,80.0,60.0,56.0
2018-09-06,67.0,,62.0,0.0,79.0,42.0,61.0,42.0,0.0,69.0,58.0
2018-09-07,58.0,,58.0,0.0,64.0,39.0,61.0,44.0,0.0,61.0,55.0
2018-09-08,50.0,,49.0,0.0,55.0,36.0,45.0,37.0,0.0,45.0,47.0
2018-09-09,44.0,,56.0,0.0,57.0,32.0,55.0,40.0,0.0,41.0,45.0
2018-09-10,61.0,,61.0,0.0,68.0,37.0,47.0,39.0,0.0,60.0,51.0
2018-09-11,65.0,,52.0,0.0,74.0,36.0,59.0,40.0,0.0,58.0,49.0
2018-09-12,53.0,,50.0,0.0,63.0,34.0,55.0,39.0,0.0,54.0,46.0
2018-09-13,51.0,,54.0,0.0,59.0,31.0,46.0,37.0,0.0,45.0,49.0
2018-09-14,57.0,,57.0,0.0,64.0,38.0,55.0,40.0,0.0,59.0,50.0
2018-09-15,53.0,,46.0,0.0,63.0,50.0,50.0,38.0,0.0,50.0,43.0
2018-09-16,41.0,,61.0,32.0,56.0,35.0,50.0,43.0,0.0,54.0,43.0
2018-09-17,64.0,,65.0,0.0,69.0,41.0,64.0,40.0,0.0,65.0,47.0
2018-09-18,64.0,,68.0,0.0,79.0,42.0,68.0,42.0,0.0,64.0,48.0
2018-09-19,53.0,,64.0,0.0,62.0,38.0,68.0,43.0,0.0,58.0,49.0
2018-09-20,61.0,,66.0,0.0,62.0,38.0,58.0,39.0,0.0,55.0,51.0
2018-09-21,56.0,,56.0,0.0,54.0,37.0,62.0,40.0,0.0,57.0,46.0
2018-09-22,43.0,,56.0,0.0,58.0,32.0,43.0,36.0,0.0,50.0,45.0
2018-09-23,42.0,,60.0,0.0,52.0,30.0,53.0,38.0,0.0,46.0,45.0
2018-09-24,62.0,,62.0,0.0,57.0,38.0,57.0,39.0,0.0,62.0,51.0
2018-09-25,51.0,,63.0,0.0,69.0,37.0,64.0,39.0,0.0,66.0,49.0
2018-09-26,60.0,,65.0,0.0,71.0,39.0,66.0,40.0,0.0,61.0,50.0
2018-09-27,67.0,,64.0,30.0,72.0,39.0,64.0,40.0,0.0,57.0,48.0
2018-09-28,56.0,,51.0,0.0,67.0,33.0,57.0,35.0,0.0,56.0,47.0
2018-09-29,53.0,,56.0,0.0,57.0,33.0,43.0,31.0,0.0,47.0,43.0
2018-09-30,41.0,,64.0,0.0,58.0,32.0,45.0,38.0,0.0,46.0,47.0
2018-10-01,62.0,,54.0,0.0,57.0,38.0,50.0,34.0,0.0,56.0,49.0
2018-10-02,51.0,,70.0,0.0,65.0,31.0,50.0,42.0,0.0,58.0,40.0
2018-10-03,58.0,,60.0,0.0,65.0,38.0,63.0,40.0,0.0,68.0,48.0
2018-10-04,54.0,,64.0,0.0,69.0,34.0,74.0,40.0,0.0,61.0,56.0
2018-10-05,57.0,,56.0,0.0,64.0,37.0,63.0,38.0,0.0,62.0,50.0
2018-10-06,42.0,,49.0,0.0,55.0,29.0,40.0,32.0,0.0,51.0,44.0
2018-10-07,47.0,,65.0,0.0,59.0,29.0,51.0,39.0,0.0,46.0,45.0
2018-10-08,53.0,,58.0,0.0,55.0,34.0,58.0,39.0,0.0,62.0,45.0
2018-10-09,64.0,,63.0,0.0,64.0,37.0,61.0,38.0,0.0,60.0,45.0
2018-10-10,48.0,,63.0,0.0,55.0,34.0,51.0,32.0,0.0,61.0,41.0
2018-10-11,52.0,,63.0,0.0,61.0,32.0,55.0,34.0,0.0,57.0,45.0
2018-10-12,62.0,,56.0,0.0,63.0,32.0,52.0,35.0,0.0,52.0,46.0
2018-10-13,46.0,,58.0,0.0,61.0,36.0,51.0,32.0,0.0,62.0,41.0
2018-10-14,41.0,,63.0,0.0,52.0,29.0,52.0,31.0,0.0,57.0,44.0
2018-10-15,42.0,,61.0,63.0,54.0,35.0,50.0,30.0,0.0,56.0,41.0
2018-10-16,54.0,,60.0,0.0,52.0,33.0,50.0,31.0,0.0,58.0,43.0
2018-10-17,51.0,,42.0,0.0,47.0,29.0,49.0,29.0,0.0,48.0,40.0
2018-10-18,45.0,,50.0,0.0,45.0,25.0,42.0,25.0,0.0,44.0,34.0
2018-10-19,38.0,1.0,54.0,0.0,43.0,27.0,33.0,28.0,0.0,42.0,39.0
2018-10-20,36.0,1.0,54.0,0.0,47.0,29.0,33.0,28.0,0.0,40.0,37.0
2018-10-21,40.0,1.0,68.0,0.0,48.0,27.0,44.0,30.0,0.0,38.0,37.0
2018-10-22,56.0,1.0,68.0,0.0,60.0,34.0,61.0,36.0,0.0,61.0,46.0
2018-10-23,56.0,1.0,58.0,0.0,57.0,34.0,49.0,35.0,0.0,58.0,46.0
2018-10-24,53.0,1.0,58.0,0.0,54.0,36.0,63.0,35.0,0.0,60.0,43.0
2018-10-25,64.0,1.0,56.0,0.0,64.0,37.0,66.0,37.0,0.0,61.0,47.0
2018-10-26,55.0,1.0,46.0,0.0,55.0,34.0,59.0,33.0,0.0,56.0,40.0
2018-10-27,39.0,1.0,40.0,0.0,49.0,28.0,40.0,30.0,0.0,44.0,41.0
2018-10-28,38.0,1.0,55.0,0.0,50.0,27.0,47.0,36.0,0.0,43.0,43.0
2018-10-29,49.0,1.0,51.0,0.0,53.0,33.0,56.0,39.0,0.0,59.0,45.0
2018-10-30,53.0,1.0,56.0,0.0,67.0,33.0,64.0,43.0,0.0,65.0,45.0
2018-10-31,46.0,1.0,52.0,0.0,60.0,36.0,60.0,37.0,0.0,59.0,46.0
2018-11-01,47.0,1.0,49.0,0.0,62.0,29.0,60.0,34.0,0.0,51.0,40.0
2018-11-02,49.0,1.0,44.0,0.0,52.0,34.0,47.0,31.0,0.0,49.0,43.0
2018-11-03,31.0,1.0,41.0,0.0,46.0,27.0,43.0,28.0,0.0,42.0,32.0
2018-11-04,31.0,1.0,43.0,0.0,46.0,26.0,40.0,29.0,0.0,33.0,39.0
2018-11-05,43.0,1.0,43.0,0.0,43.0,28.0,45.0,26.0,0.0,42.0,35.0
2018-11-06,29.0,1.0,38.0,0.0,36.0,25.0,33.0,23.0,0.0,37.0,33.0
2018-11-07,29.0,1.0,35.0,0.0,34.0,22.0,33.0,21.0,0.0,32.0,26.0
2018-11-08,38.0,1.0,48.0,0.0,43.0,31.0,40.0,28.0,0.0,44.0,38.0
2018-11-09,39.0,1.0,42.0,0.0,44.0,31.0,39.0,27.0,0.0,43.0,36.0
2018-11-10,36.0,1.0,44.0,17.0,45.0,30.0,36.0,27.0,0.0,43.0,39.0
2018-11-11,37.0,1.0,55.0,0.0,44.0,31.0,42.0,33.0,0.0,43.0,40.0
2018-11-12,50.0,1.0,54.0,0.0,55.0,36.0,54.0,35.0,0.0,61.0,50.0
2018-11-13,54.0,1.0,53.0,31.0,58.0,38.0,55.0,34.0,0.0,63.0,49.0
2018-11-14,51.0,1.0,56.0,32.0,60.0,37.0,57.0,32.0,0.0,65.0,46.0
2018-11-15,61.0,1.0,60.0,0.0,61.0,41.0,56.0,38.0,0.0,69.0,44.0
2018-11-16,48.0,1.0,55.0,0.0,59.0,36.0,50.0,34.0,0.0,64.0,44.0
2018-11-17,51.0,1.0,56.0,0.0,51.0,35.0,49.0,32.0,39.0,57.0,46.0
2018-11-18,41.0,1.0,58.0,0.0,52.0,32.0,52.0,37.0,0.0,53.0,43.0
2018-11-19,56.0,1.0,59.0,32.0,59.0,41.0,55.0,36.0,0.0,67.0,49.0
2018-11-20,56.0,1.0,58.0,0.0,56.0,38.0,64.0,35.0,0.0,65.0,47.0
2018-11-21,48.0,1.0,59.0,0.0,53.0,37.0,53.0,37.0,0.0,67.0,47.0
2018-11-22,56.0,1.0,54.0,0.0,54.0,36.0,57.0,33.0,0.0,62.0,45.0
2018-11-23,49.0,1.0,51.0,16.0,53.0,33.0,61.0,35.0,0.0,61.0,45.0
2018-11-24,46.0,1.0,51.0,0.0,54.0,35.0,53.0,36.0,0.0,55.0,47.0
2018-11-25,42.0,1.0,62.0,0.0,51.0,32.0,58.0,38.0,0.0,54.0,47.0
2018-11-26,53.0,1.0,64.0,0.0,56.0,38.0,69.0,40.0,0.0,69.0,51.0
2018-11-27,59.0,1.0,68.0,0.0,68.0,42.0,77.0,41.0,0.0,73.0,52.0
2018-11-28,57.0,1.0,67.0,0.0,67.0,39.0,62.0,41.0,0.0,75.0,49.0
2018-11-29,52.0,1.0,62.0,0.0,62.0,39.0,51.0,37.0,0.0,67.0,51.0
2018-11-30,56.0,1.0,60.0,0.0,65.0,40.0,59.0,40.0,0.0,69.0,51.0
2018-12-01,48.0,1.0,46.0,0.0,51.0,37.0,53.0,34.0,0.0,56.0,49.0
2018-12-02,38.0,1.0,51.0,0.0,63.0,33.0,57.0,41.0,0.0,55.0,43.0
2018-12-03,55.0,1.0,58.0,0.0,57.0,38.0,73.0,42.0,0.0,71.0,56.0
2018-12-04,58.0,1.0,60.0,0.0,68.0,40.0,73.0,40.0,0.0,72.0,56.0
2018-12-05,56.0,1.0,57.0,0.0,56.0,39.0,70.0,38.0,0.0,75.0,52.0
2018-12-06,54.0,1.0,62.0,0.0,66.0,37.0,66.0,41.0,0.0,69.0,49.0
2018-12-07,49.0,1.0,52.0,0.0,57.0,34.0,52.0,35.0,0.0,60.0,47.0
2018-12-08,42.0,1.0,44.0,0.0,53.0,31.0,51.0,34.0,0.0,49.0,46.0
2018-12-09,44.0,1.0,51.0,0.0,51.0,32.0,51.0,36.0,0.0,53.0,41.0
2018-12-10,56.0,1.0,56.0,0.0,62.0,38.0,66.0,38.0,0.0,61.0,47.0
2018-12-11,41.0,1.0,52.0,0.0,52.0,28.0,62.0,35.0,0.0,57.0,42.0
2018-12-12,53.0,1.0,52.0,0.0,61.0,34.0,58.0,38.0,0.0,65.0,46.0
2018-12-13,54.0,1.0,53.0,17.0,61.0,38.0,71.0,41.0,0.0,64.0,48.0
2018-12-14,60.0,1.0,54.0,0.0,63.0,34.0,60.0,43.0,0.0,64.0,51.0
2018-12-15,40.0,1.0,45.0,0.0,57.0,33.0,44.0,35.0,0.0,54.0,46.0
2018-12-16,43.0,1.0,48.0,17.0,47.0,27.0,52.0,37.0,0.0,44.0,47.0
2018-12-17,57.0,1.0,59.0,0.0,62.0,42.0,59.0,41.0,0.0,63.0,56.0
2018-12-18,58.0,1.0,55.0,0.0,73.0,42.0,62.0,46.0,0.0,67.0,53.0
2018-12-19,52.0,1.0,58.0,0.0,65.0,38.0,71.0,42.0,0.0,62.0,51.0
2018-12-20,52.0,1.0,55.0,0.0,65.0,38.0,67.0,44.0,0.0,61.0,49.0
2018-12-21,49.0,1.0,48.0,0.0,62.0,31.0,53.0,39.0,0.0,54.0,47.0
2018-12-22,39.0,1.0,41.0,0.0,53.0,31.0,46.0,35.0,0.0,43.0,43.0
2018-12-23,33.0,1.0,45.0,0.0,50.0,27.0,37.0,37.0,0.0,43.0,44.0
2018-12-24,44.0,1.0,46.0,0.0,55.0,35.0,50.0,34.0,0.0,47.0,47.0
2018-12-25,34.0,1.0,47.0,0.0,52.0,30.0,41.0,33.0,0.0,48.0,44.0
2018-12-26,44.0,1.0,51.0,0.0,52.0,36.0,51.0,34.0,0.0,55.0,48.0
2018-12-27,45.0,1.0,52.0,0.0,55.0,34.0,51.0,37.0,0.0,56.0,47.0
2018-12-28,50.0,1.0,56.0,0.0,55.0,36.0,51.0,36.0,0.0,56.0,50.0
2018-12-29,43.0,1.0,42.0,0.0,56.0,33.0,40.0,33.0,0.0,47.0,45.0
2018-12-30,33.0,1.0,46.0,0.0,51.0,28.0,36.0,33.0,0.0,39.0,39.0
2018-12-31,38.0,1.0,48.0,0.0,45.0,29.0,48.0,28.0,0.0,47.0,38.0
2019-01-01,38.0,1.0,59.0,0.0,48.0,28.0,48.0,32.0,0.0,49.0,46.0
2019-01-02,53.0,1.0,61.0,17.0,56.0,41.0,52.0,39.0,0.0,61.0,55.0
2019-01-03,55.0,1.0,62.0,0.0,60.0,37.0,59.0,41.0,0.0,70.0,52.0
2019-01-04,55.0,1.0,54.0,0.0,58.0,36.0,62.0,39.0,0.0,63.0,51.0
2019-01-05,47.0,1.0,49.0,0.0,55.0,37.0,50.0,36.0,0.0,49.0,48.0
2019-01-06,44.0,1.0,62.0,0.0,55.0,30.0,41.0,41.0,0.0,52.0,48.0
2019-01-07,48.0,1.0,55.0,0.0,62.0,40.0,57.0,40.0,0.0,64.0,58.0
2019-01-08,58.0,1.0,56.0,0.0,59.0,43.0,60.0,43.0,0.0,64.0,54.0
2019-01-09,60.0,1.0,65.0,0.0,63.0,43.0,59.0,43.0,80.0,68.0,61.0
2019-01-10,59.0,1.0,64.0,0.0,62.0,39.0,54.0,45.0,0.0,67.0,55.0
2019-01-11,54.0,1.0,59.0,0.0,58.0,38.0,50.0,36.0,0.0,58.0,49.0
2019-01-12,38.0,1.0,53.0,0.0,49.0,31.0,37.0,35.0,0.0,42.0,47.0
2019-01-13,32.0,1.0,54.0,0.0,44.0,30.0,35.0,34.0,0.0,46.0,45.0
2019-01-14,43.0,1.0,51.0,0.0,52.0,33.0,46.0,33.0,0.0,52.0,42.0
2019-01-15,46.0,1.0,50.0,0.0,51.0,32.0,47.0,37.0,0.0,55.0,47.0
2019-01-16,53.0,1.0,55.0,0.0,58.0,35.0,55.0,41.0,0.0,61.0,53.0
2019-01-17,55.0,1.0,63.0,0.0,58.0,35.0,57.0,43.0,41.0,63.0,53.0
2019-01-18,53.0,1.0,53.0,0.0,57.0,35.0,49.0,39.0,0.0,58.0,53.0
2019-01-19,48.0,1.0,45.0,0.0,53.0,36.0,46.0,39.0,0.0,47.0,53.0
2019-01-20,45.0,1.0,63.0,0.0,55.0,34.0,38.0,43.0,0.0,52.0,48.0
2019-01-21,58.0,1.0,51.0,0.0,64.0,43.0,54.0,40.0,0.0,60.0,56.0
2019-01-22,61.0,1.0,57.0,0.0,57.0,41.0,63.0,40.0,0.0,63.0,57.0
2019-01-23,58.0,1.0,60.0,0.0,59.0,39.0,57.0,40.0,0.0,61.0,52.0
2019-01-24,55.0,1.0,57.0,0.0,60.0,41.0,46.0,43.0,0.0,66.0,57.0
2019-01-25,47.0,1.0,50.0,0.0,49.0,36.0,51.0,34.0,0.0,54.0,52.0
2019-01-26,36.0,1.0,40.0,0.0,44.0,29.0,38.0,29.0,0.0,37.0,41.0
2019-01-27,39.0,1.0,49.0,0.0,45.0,31.0,41.0,39.0,0.0,44.0,49.0
2019-01-28,54.0,,54.0,0.0,61.0,44.0,49.0,41.0,0.0,67.0,48.0
2019-01-29,62.0,,56.0,0.0,71.0,41.0,67.0,44.0,0.0,75.0,61.0
2019-01-30,63.0,,70.0,0.0,72.0,46.0,69.0,45.0,0.0,76.0,58.0
2019-01-31,54.0,,60.0,0.0,57.0,37.0,69.0,43.0,0.0,59.0,55.0
2019-02-01,60.0,,57.0,0.0,58.0,39.0,50.0,43.0,0.0,61.0,53.0
2019-02-02,44.0,,47.0,0.0,56.0,37.0,43.0,41.0,0.0,43.0,50.0
2019-02-03,42.0,,63.0,0.0,51.0,35.0,43.0,47.0,0.0,48.0,55.0
2019-02-04,61.0,,65.0,0.0,63.0,41.0,64.0,42.0,0.0,70.0,56.0
2019-02-05,60.0,,59.0,0.0,69.0,37.0,55.0,45.0,0.0,73.0,56.0
2019-02-06,55.0,,59.0,0.0,60.0,38.0,55.0,43.0,0.0,63.0,55.0
2019-02-07,60.0,,62.0,0.0,66.0,39.0,59.0,45.0,0.0,61.0,54.0
2019-02-08,59.0,,57.0,0.0,56.0,36.0,50.0,43.0,0.0,60.0,55.0
2019-02-09,46.0,,48.0,0.0,49.0,37.0,40.0,41.0,0.0,48.0,50.0
2019-02-10,45.0,,58.0,0.0,46.0,32.0,47.0,38.0,0.0,44.0,46.0
2019-02-11,56.0,,70.0,0.0,62.0,39.0,73.0,41.0,0.0,66.0,60.0
2019-02-12,55.0,,69.0,0.0,63.0,44.0,55.0,45.0,0.0,66.0,58.0
2019-02-13,59.0,,64.0,0.0,60.0,37.0,50.0,41.0,0.0,67.0,57.0
2019-02-14,52.0,,63.0,0.0,60.0,37.0,55.0,45.0,0.0,60.0,52.0
2019-02-15,48.0,,57.0,0.0,60.0,37.0,60.0,46.0,0.0,65.0,47.0
2019-02-16,45.0,,52.0,0.0,57.0,32.0,45.0,41.0,0.0,48.0,53.0
2019-02-17,46.0,,63.0,0.0,64.0,31.0,50.0,43.0,0.0,43.0,51.0
2019-02-18,65.0,,64.0,0.0,63.0,37.0,62.0,45.0,0.0,56.0,58.0
2019-02-19,56.0,,71.0,0.0,64.0,38.0,55.0,51.0,0.0,64.0,58.0
2019-02-20,60.0,,61.0,0.0,60.0,39.0,64.0,46.0,0.0,62.0,52.0
2019-02-21,59.0,,64.0,0.0,62.0,36.0,60.0,49.0,0.0,70.0,57.0
2019-02-22,61.0,,62.0,0.0,60.0,40.0,66.0,53.0,0.0,64.0,50.0
2019-02-23,53.0,,55.0,35.0,59.0,35.0,42.0,50.0,0.0,47.0,52.0
2019-02-24,46.0,,66.0,0.0,56.0,29.0,52.0,51.0,0.0,52.0,52.0
2019-02-25,62.0,,70.0,0.0,63.0,39.0,59.0,49.0,0.0,61.0,66.0
2019-02-26,62.0,,67.0,0.0,62.0,37.0,63.0,48.0,0.0,60.0,51.0
2019-02-27,60.0,,69.0,0.0,57.0,38.0,50.0,53.0,0.0,64.0,49.0
2019-02-28,65.0,,64.0,0.0,60.0,33.0,61.0,59.0,0.0,59.0,53.0
2019-03-01,71.0,,63.0,0.0,62.0,36.0,39.0,37.0,0.0,53.0,54.0
2019-03-02,44.0,,43.0,0.0,55.0,34.0,42.0,41.0,0.0,48.0,44.0
2019-03-03,40.0,,48.0,36.0,50.0,28.0,41.0,39.0,0.0,41.0,47.0
2019-03-04,49.0,,57.0,0.0,52.0,34.0,50.0,40.0,0.0,61.0,50.0
2019-03-05,58.0,,63.0,0.0,57.0,40.0,69.0,39.0,0.0,66.0,53.0
2019-03-06,60.0,,58.0,0.0,66.0,36.0,62.0,42.0,0.0,65.0,55.0
2019-03-07,55.0,,63.0,0.0,59.0,39.0,59.0,51.0,0.0,63.0,55.0
2019-03-08,53.0,,52.0,0.0,56.0,33.0,50.0,56.0,0.0,56.0,51.0
2019-03-09,46.0,,45.0,0.0,55.0,31.0,45.0,58.0,0.0,53.0,50.0
2019-03-10,34.0,,52.0,0.0,52.0,26.0,36.0,53.0,0.0,48.0,48.0
2019-03-11,57.0,,62.0,0.0,65.0,35.0,61.0,58.0,0.0,72.0,60.0
2019-03-12,62.0,,64.0,0.0,66.0,40.0,58.0,65.0,0.0,67.0,61.0
2019-03-13,51.0,,59.0,0.0,63.0,39.0,55.0,52.0,0.0,66.0,67.0
2019-03-14,55.0,,62.0,0.0,63.0,39.0,60.0,51.0,0.0,67.0,65.0
2019-03-15,54.0,,51.0,0.0,60.0,40.0,53.0,47.0,0.0,61.0,64.0
2019-03-16,45.0,,49.0,0.0,58.0,35.0,47.0,41.0,0.0,46.0,66.0
2019-03-17,42.0,,50.0,0.0,55.0,32.0,42.0,41.0,0.0,45.0,62.0
2019-03-18,56.0,,54.0,0.0,66.0,39.0,50.0,40.0,0.0,66.0,75.0
2019-03-19,57.0,,52.0,0.0,62.0,41.0,62.0,39.0,0.0,63.0,63.0
2019-03-20,51.0,,42.0,0.0,52.0,35.0,69.0,31.0,0.0,51.0,58.0
2019-03-21,46.0,,42.0,0.0,48.0,34.0,40.0,29.0,0.0,47.0,53.0
2019-03-22,42.0,,52.0,0.0,54.0,35.0,50.0,33.0,0.0,53.0,66.0
2019-03-23,39.0,,38.0,0.0,52.0,32.0,39.0,35.0,0.0,49.0,58.0
2019-03-24,39.0,,52.0,0.0,60.0,36.0,46.0,41.0,0.0,50.0,60.0
2019-03-25,61.0,,49.0,0.0,65.0,37.0,62.0,47.0,0.0,62.0,67.0
2019-03-26,64.0,,50.0,0.0,78.0,39.0,59.0,44.0,0.0,70.0,77.0
2019-03-27,61.0,,47.0,0.0,67.0,41.0,62.0,46.0,0.0,64.0,64.0
2019-03-28,58.0,,48.0,0.0,63.0,41.0,64.0,46.0,0.0,65.0,60.0
2019-03-29,49.0,,40.0,0.0,60.0,37.0,54.0,37.0,0.0,58.0,55.0
2019-03-30,42.0,,32.0,0.0,54.0,30.0,43.0,67.0,0.0,53.0,57.0
2019-03-31,44.0,,33.0,0.0,56.0,30.0,31.0,41.0,0.0,48.0,59.0
2019-04-01,58.0,,40.0,0.0,69.0,39.0,64.0,44.0,0.0,65.0,67.0
2019-04-02,50.0,,43.0,0.0,63.0,40.0,64.0,42.0,0.0,65.0,61.0
2019-04-03,56.0,,45.0,0.0,61.0,38.0,61.0,41.0,0.0,57.0,71.0
2019-04-04,67.0,,40.0,0.0,63.0,40.0,59.0,40.0,0.0,62.0,70.0
2019-04-05,43.0,,39.0,0.0,53.0,38.0,54.0,35.0,0.0,59.0,67.0
2019-04-06,38.0,1.0,33.0,0.0,55.0,38.0,39.0,34.0,0.0,50.0,61.0
2019-04-07,42.0,1.0,35.0,0.0,53.0,37.0,42.0,38.0,0.0,53.0,60.0
2019-04-08,59.0,1.0,42.0,0.0,61.0,39.0,55.0,45.0,0.0,69.0,64.0
2019-04-09,59.0,1.0,39.0,0.0,65.0,42.0,48.0,38.0,0.0,65.0,65.0
2019-04-10,53.0,1.0,39.0,0.0,55.0,42.0,55.0,38.0,0.0,60.0,66.0
2019-04-11,49.0,1.0,41.0,0.0,59.0,37.0,52.0,38.0,0.0,59.0,64.0
2019-04-12,51.0,1.0,36.0,0.0,58.0,36.0,54.0,33.0,0.0,59.0,61.0
2019-04-13,41.0,1.0,31.0,0.0,44.0,33.0,36.0,30.0,0.0,46.0,50.0
2019-04-14,43.0,1.0,36.0,0.0,44.0,31.0,48.0,33.0,0.0,43.0,53.0
2019-04-15,55.0,1.0,36.0,0.0,52.0,40.0,47.0,35.0,78.0,55.0,65.0
2019-04-16,53.0,1.0,37.0,0.0,57.0,41.0,54.0,37.0,0.0,59.0,61.0
2019-04-17,52.0,1.0,41.0,0.0,55.0,39.0,49.0,35.0,0.0,56.0,60.0
2019-04-18,46.0,1.0,38.0,0.0,50.0,38.0,52.0,32.0,0.0,52.0,56.0
2019-04-19,45.0,1.0,32.0,0.0,49.0,48.0,42.0,41.0,0.0,49.0,66.0
2019-04-20,48.0,1.0,30.0,0.0,50.0,44.0,39.0,38.0,0.0,46.0,69.0
2019-04-21,39.0,1.0,31.0,0.0,45.0,41.0,35.0,40.0,0.0,45.0,59.0
2019-04-22,59.0,1.0,37.0,0.0,57.0,46.0,55.0,41.0,0.0,58.0,67.0
2019-04-23,51.0,1.0,36.0,0.0,56.0,44.0,55.0,39.0,0.0,61.0,59.0
2019-04-24,60.0,1.0,42.0,0.0,57.0,49.0,80.0,42.0,0.0,62.0,68.0
2019-04-25,58.0,1.0,38.0,0.0,58.0,46.0,51.0,39.0,0.0,59.0,63.0
2019-04-26,50.0,1.0,33.0,0.0,51.0,42.0,47.0,33.0,0.0,59.0,59.0
2019-04-27,49.0,1.0,29.0,0.0,56.0,42.0,42.0,31.0,0.0,50.0,60.0
2019-04-28,39.0,1.0,27.0,0.0,51.0,38.0,41.0,36.0,0.0,44.0,60.0
2019-04-29,59.0,1.0,36.0,0.0,60.0,50.0,58.0,38.0,0.0,59.0,65.0
2019-04-30,60.0,1.0,35.0,0.0,58.0,53.0,58.0,39.0,0.0,60.0,67.0
2019-05-01,51.0,1.0,39.0,0.0,60.0,52.0,50.0,39.0,0.0,56.0,70.0
2019-05-02,62.0,1.0,37.0,0.0,54.0,57.0,58.0,47.0,0.0,66.0,78.0
2019-05-03,69.0,1.0,40.0,0.0,60.0,56.0,57.0,44.0,0.0,61.0,74.0
2019-05-04,55.0,1.0,35.0,0.0,58.0,53.0,47.0,37.0,0.0,51.0,72.0
2019-05-05,47.0,1.0,33.0,17.0,52.0,49.0,55.0,38.0,0.0,48.0,62.0
2019-05-06,60.0,1.0,37.0,0.0,55.0,57.0,65.0,43.0,0.0,69.0,67.0
2019-05-07,67.0,1.0,39.0,0.0,63.0,55.0,72.0,49.0,0.0,82.0,73.0
2019-05-08,62.0,1.0,43.0,0.0,66.0,55.0,61.0,50.0,0.0,68.0,72.0
2019-05-09,76.0,1.0,41.0,0.0,67.0,59.0,68.0,65.0,0.0,71.0,83.0
2019-05-10,70.0,1.0,41.0,0.0,65.0,52.0,58.0,42.0,0.0,66.0,77.0
2019-05-11,55.0,1.0,35.0,0.0,58.0,50.0,50.0,38.0,0.0,57.0,74.0
2019-05-12,42.0,1.0,33.0,0.0,47.0,43.0,44.0,34.0,0.0,49.0,64.0
2019-05-13,64.0,1.0,39.0,0.0,62.0,53.0,59.0,41.0,0.0,71.0,77.0
2019-05-14,61.0,1.0,44.0,0.0,69.0,57.0,63.0,51.0,0.0,76.0,79.0
2019-05-15,58.0,1.0,42.0,0.0,60.0,54.0,70.0,85.0,0.0,71.0,79.0
2019-05-16,64.0,1.0,42.0,0.0,63.0,54.0,68.0,55.0,0.0,75.0,84.0
2019-05-17,63.0,1.0,34.0,0.0,58.0,51.0,67.0,42.0,0.0,61.0,75.0
2019-05-18,58.0,1.0,36.0,0.0,59.0,50.0,49.0,41.0,0.0,56.0,75.0
2019-05-19,47.0,1.0,34.0,0.0,54.0,42.0,53.0,37.0,0.0,45.0,60.0
2019-05-20,62.0,1.0,39.0,0.0,63.0,50.0,54.0,45.0,40.0,67.0,75.0
2019-05-21,64.0,1.0,39.0,0.0,62.0,55.0,67.0,44.0,0.0,68.0,84.0
2019-05-22,69.0,1.0,38.0,0.0,60.0,54.0,58.0,47.0,0.0,67.0,74.0
2019-05-23,40.0,1.0,30.0,0.0,44.0,30.0,39.0,27.0,0.0,41.0,46.0
2019-05-24,61.0,1.0,36.0,0.0,64.0,42.0,44.0,39.0,0.0,62.0,67.0
2019-05-25,55.0,1.0,38.0,17.0,61.0,52.0,48.0,41.0,0.0,61.0,73.0
2019-05-26,55.0,1.0,37.0,36.0,57.0,48.0,41.0,42.0,40.0,50.0,70.0
2019-05-27,73.0,1.0,42.0,0.0,67.0,59.0,58.0,44.0,0.0,68.0,78.0
2019-05-28,67.0,1.0,45.0,0.0,63.0,60.0,55.0,46.0,0.0,67.0,76.0
2019-05-29,67.0,1.0,45.0,0.0,65.0,56.0,67.0,43.0,0.0,76.0,91.0
2019-05-30,64.0,1.0,39.0,0.0,68.0,53.0,54.0,43.0,0.0,67.0,81.0
2019-05-31,69.0,1.0,42.0,16.0,61.0,54.0,57.0,41.0,35.0,64.0,81.0
2019-06-01,56.0,1.0,41.0,0.0,59.0,51.0,49.0,38.0,0.0,57.0,79.0
2019-06-02,44.0,1.0,36.0,0.0,55.0,46.0,43.0,36.0,0.0,52.0,72.0
2019-06-03,61.0,1.0,45.0,0.0,61.0,52.0,55.0,58.0,0.0,63.0,85.0
2019-06-04,62.0,1.0,42.0,0.0,63.0,60.0,46.0,41.0,0.0,66.0,80.0
2019-06-05,56.0,1.0,39.0,0.0,52.0,51.0,44.0,38.0,0.0,49.0,69.0
2019-06-06,68.0,1.0,45.0,0.0,67.0,59.0,47.0,44.0,0.0,59.0,92.0
2019-06-07,68.0,1.0,47.0,0.0,63.0,60.0,50.0,46.0,0.0,62.0,91.0
2019-06-08,52.0,1.0,42.0,0.0,58.0,52.0,44.0,41.0,0.0,52.0,79.0
2019-06-09,50.0,1.0,38.0,0.0,52.0,47.0,41.0,40.0,0.0,44.0,71.0
2019-06-10,76.0,1.0,48.0,0.0,71.0,65.0,54.0,49.0,0.0,70.0,90.0
2019-06-11,74.0,1.0,48.0,0.0,65.0,63.0,49.0,48.0,0.0,73.0,84.0
2019-06-12,68.0,1.0,49.0,0.0,65.0,60.0,57.0,44.0,0.0,65.0,91.0
2019-06-13,69.0,1.0,49.0,0.0,63.0,58.0,55.0,44.0,0.0,66.0,84.0
2019-06-14,66.0,1.0,47.0,0.0,67.0,67.0,57.0,44.0,0.0,63.0,83.0
2019-06-15,56.0,1.0,42.0,0.0,63.0,58.0,35.0,42.0,0.0,58.0,86.0
2019-06-16,45.0,1.0,39.0,0.0,48.0,44.0,31.0,33.0,0.0,44.0,62.0
2019-06-17,67.0,1.0,51.0,0.0,69.0,65.0,46.0,46.0,0.0,66.0,86.0
2019-06-18,67.0,1.0,51.0,0.0,77.0,60.0,46.0,46.0,0.0,66.0,86.0
2019-06-19,74.0,1.0,52.0,0.0,73.0,67.0,52.0,47.0,0.0,64.0,80.0
2019-06-20,82.0,1.0,53.0,0.0,77.0,70.0,55.0,49.0,0.0,68.0,79.0
2019-06-21,74.0,1.0,52.0,0.0,74.0,63.0,53.0,45.0,0.0,64.0,79.0
2019-06-22,57.0,1.0,43.0,0.0,65.0,57.0,34.0,41.0,0.0,48.0,73.0
2019-06-23,56.0,1.0,49.0,0.0,64.0,53.0,44.0,44.0,0.0,49.0,69.0
2019-06-24,78.0,1.0,56.0,0.0,75.0,67.0,55.0,47.0,0.0,69.0,82.0
2019-06-25,68.0,1.0,56.0,16.0,75.0,65.0,55.0,46.0,0.0,70.0,79.0
2019-06-26,76.0,1.0,55.0,0.0,71.0,60.0,56.0,44.0,0.0,69.0,78.0
2019-06-27,71.0,1.0,55.0,0.0,71.0,64.0,59.0,47.0,0.0,65.0,75.0
2019-06-28,80.0,1.0,58.0,0.0,68.0,62.0,52.0,46.0,0.0,62.0,79.0
2019-06-29,63.0,1.0,53.0,0.0,70.0,56.0,41.0,43.0,0.0,54.0,81.0
2019-06-30,49.0,1.0,57.0,0.0,64.0,42.0,36.0,38.0,0.0,43.0,60.0
2019-07-01,73.0,1.0,59.0,0.0,70.0,61.0,52.0,45.0,0.0,64.0,72.0
2019-07-02,66.0,1.0,49.0,0.0,67.0,61.0,44.0,44.0,0.0,60.0,67.0
2019-07-03,77.0,1.0,54.0,16.0,69.0,67.0,50.0,48.0,0.0,58.0,74.0
2019-07-04,79.0,1.0,60.0,0.0,73.0,62.0,52.0,47.0,0.0,66.0,74.0
2019-07-05,75.0,1.0,53.0,0.0,67.0,65.0,51.0,49.0,0.0,61.0,75.0
2019-07-06,61.0,1.0,43.0,0.0,59.0,64.0,41.0,37.0,0.0,48.0,70.0
2019-07-07,60.0,1.0,60.0,0.0,67.0,61.0,42.0,47.0,0.0,51.0,72.0
2019-07-08,78.0,1.0,59.0,0.0,69.0,64.0,60.0,48.0,0.0,70.0,78.0
2019-07-09,69.0,1.0,53.0,0.0,63.0,56.0,47.0,43.0,0.0,57.0,71.0
2019-07-10,69.0,1.0,55.0,0.0,66.0,68.0,47.0,41.0,0.0,59.0,68.0
2019-07-11,73.0,1.0,56.0,16.0,69.0,64.0,55.0,47.0,0.0,69.0,74.0
2019-07-12,75.0,1.0,55.0,0.0,71.0,61.0,40.0,46.0,0.0,64.0,72.0
2019-07-13,71.0,1.0,50.0,0.0,66.0,63.0,42.0,47.0,0.0,52.0,76.0
2019-07-14,51.0,1.0,58.0,17.0,52.0,47.0,42.0,44.0,0.0,45.0,64.0
2019-07-15,79.0,1.0,64.0,0.0,64.0,63.0,57.0,45.0,39.0,71.0,75.0
2019-07-16,75.0,,59.0,0.0,75.0,65.0,56.0,51.0,0.0,67.0,75.0
2019-07-17,74.0,,60.0,0.0,78.0,62.0,58.0,49.0,0.0,69.0,83.0
2019-07-18,78.0,,55.0,0.0,76.0,65.0,45.0,47.0,0.0,72.0,76.0
2019-07-19,72.0,,52.0,0.0,74.0,59.0,52.0,49.0,0.0,61.0,73.0
2019-07-20,61.0,,46.0,0.0,62.0,53.0,44.0,46.0,0.0,49.0,69.0
2019-07-21,61.0,,59.0,0.0,62.0,53.0,43.0,47.0,0.0,45.0,73.0
2019-07-22,73.0,,64.0,0.0,68.0,67.0,74.0,47.0,0.0,64.0,80.0
2019-07-23,69.0,,59.0,0.0,71.0,67.0,58.0,47.0,0.0,62.0,76.0
2019-07-24,74.0,,59.0,0.0,73.0,68.0,71.0,52.0,0.0,69.0,79.0
2019-07-25,74.0,,59.0,0.0,77.0,64.0,46.0,44.0,0.0,60.0,66.0
2019-07-26,73.0,,54.0,0.0,73.0,67.0,60.0,45.0,0.0,57.0,72.0
2019-07-27,55.0,,44.0,0.0,58.0,61.0,42.0,40.0,0.0,49.0,78.0
2019-07-28,56.0,,56.0,0.0,67.0,52.0,49.0,46.0,0.0,43.0,72.0
2019-07-29,73.0,,64.0,0.0,72.0,65.0,66.0,49.0,0.0,66.0,79.0
2019-07-30,73.0,,59.0,0.0,70.0,65.0,56.0,47.0,0.0,64.0,79.0
2019-07-31,70.0,,62.0,0.0,69.0,59.0,63.0,49.0,0.0,64.0,69.0
2019-08-01,73.0,,57.0,0.0,72.0,60.0,68.0,49.0,0.0,62.0,74.0
2019-08-02,65.0,,55.0,0.0,71.0,60.0,44.0,41.0,0.0,61.0,71.0
2019-08-03,53.0,,40.0,0.0,58.0,53.0,41.0,37.0,0.0,46.0,67.0
2019-08-04,47.0,,51.0,0.0,50.0,46.0,29.0,37.0,0.0,43.0,59.0
2019-08-05,64.0,,59.0,0.0,67.0,61.0,52.0,40.0,0.0,55.0,66.0
2019-08-06,66.0,,56.0,0.0,70.0,56.0,70.0,44.0,0.0,55.0,65.0
2019-08-07,72.0,,61.0,0.0,76.0,59.0,62.0,43.0,0.0,64.0,69.0
2019-08-08,55.0,,56.0,0.0,69.0,55.0,58.0,43.0,0.0,61.0,67.0
2019-08-09,57.0,,53.0,0.0,60.0,56.0,51.0,36.0,75.0,52.0,63.0
2019-08-10,48.0,,46.0,0.0,57.0,44.0,37.0,34.0,0.0,42.0,63.0
2019-08-11,42.0,,47.0,0.0,45.0,39.0,32.0,34.0,0.0,35.0,51.0
2019-08-12,56.0,,61.0,0.0,57.0,40.0,48.0,39.0,0.0,47.0,62.0
2019-08-13,58.0,,60.0,0.0,57.0,52.0,50.0,38.0,0.0,57.0,71.0
2019-08-14,53.0,,42.0,0.0,52.0,48.0,44.0,32.0,70.0,50.0,55.0
2019-08-15,34.0,,38.0,0.0,42.0,32.0,44.0,26.0,0.0,33.0,48.0
2019-08-16,56.0,,51.0,0.0,63.0,51.0,45.0,37.0,0.0,49.0,55.0
2019-08-17,48.0,,48.0,0.0,57.0,44.0,45.0,39.0,0.0,50.0,61.0
2019-08-18,42.0,,56.0,0.0,59.0,38.0,44.0,43.0,0.0,40.0,58.0
2019-08-19,71.0,,70.0,0.0,77.0,49.0,67.0,47.0,0.0,67.0,67.0
2019-08-20,62.0,,68.0,0.0,72.0,53.0,76.0,43.0,0.0,64.0,73.0
2019-08-21,68.0,,68.0,0.0,77.0,56.0,89.0,48.0,0.0,67.0,67.0
2019-08-22,56.0,,65.0,0.0,72.0,49.0,71.0,45.0,0.0,64.0,67.0
2019-08-23,53.0,,47.0,0.0,62.0,46.0,65.0,39.0,0.0,56.0,58.0
2019-08-24,49.0,,53.0,0.0,57.0,42.0,49.0,36.0,0.0,48.0,65.0
2019-08-25,39.0,,65.0,0.0,58.0,39.0,63.0,45.0,0.0,50.0,59.0
2019-08-26,59.0,,64.0,0.0,76.0,50.0,74.0,43.0,0.0,66.0,67.0
2019-08-27,69.0,,61.0,0.0,79.0,52.0,83.0,48.0,0.0,66.0,71.0
2019-08-28,65.0,,71.0,0.0,74.0,48.0,68.0,38.0,0.0,71.0,68.0
2019-08-29,62.0,,63.0,0.0,72.0,50.0,68.0,44.0,0.0,75.0,67.0
2019-08-30,60.0,,56.0,0.0,72.0,48.0,71.0,39.0,0.0,63.0,55.0
2019-08-31,51.0,,42.0,0.0,62.0,38.0,49.0,35.0,0.0,51.0,59.0
2019-09-01,40.0,,48.0,0.0,63.0,31.0,49.0,38.0,0.0,41.0,56.0
2019-09-02,41.0,,52.0,0.0,56.0,33.0,49.0,36.0,0.0,48.0,55.0
2019-09-03,62.0,,59.0,0.0,72.0,44.0,74.0,40.0,0.0,65.0,68.0
2019-09-04,54.0,,63.0,0.0,72.0,42.0,53.0,37.0,0.0,60.0,63.0
2019-09-05,51.0,,55.0,0.0,66.0,39.0,51.0,36.0,0.0,56.0,55.0
2019-09-06,56.0,,64.0,0.0,70.0,62.0,65.0,40.0,0.0,59.0,62.0
2019-09-07,47.0,,66.0,0.0,62.0,38.0,76.0,39.0,0.0,48.0,64.0
2019-09-08,38.0,,80.0,0.0,61.0,39.0,70.0,44.0,0.0,42.0,57.0
2019-09-09,60.0,,61.0,0.0,68.0,46.0,65.0,39.0,0.0,61.0,67.0
2019-09-10,58.0,,78.0,0.0,73.0,43.0,75.0,46.0,0.0,62.0,64.0
2019-09-11,56.0,,64.0,34.0,69.0,44.0,75.0,43.0,0.0,60.0,59.0
2019-09-12,56.0,,76.0,0.0,76.0,47.0,67.0,43.0,0.0,57.0,58.0
2019-09-13,63.0,,62.0,0.0,74.0,49.0,60.0,49.0,0.0,66.0,67.0
2019-09-14,47.0,,57.0,0.0,64.0,41.0,56.0,42.0,0.0,52.0,59.0
2019-09-15,42.0,,85.0,0.0,68.0,59.0,59.0,47.0,0.0,53.0,54.0
2019-09-16,62.0,,69.0,0.0,82.0,43.0,75.0,41.0,0.0,71.0,64.0
2019-09-17,69.0,,65.0,0.0,76.0,45.0,64.0,44.0,0.0,73.0,66.0
2019-09-18,73.0,,70.0,0.0,82.0,43.0,73.0,47.0,0.0,68.0,70.0
2019-09-19,68.0,,65.0,0.0,83.0,48.0,69.0,50.0,0.0,75.0,55.0
2019-09-20,69.0,,66.0,0.0,72.0,42.0,66.0,50.0,0.0,66.0,56.0
2019-09-21,53.0,,56.0,0.0,60.0,38.0,55.0,41.0,0.0,51.0,55.0
2019-09-22,51.0,,70.0,0.0,62.0,37.0,62.0,46.0,0.0,47.0,50.0
2019-09-23,64.0,,70.0,0.0,73.0,41.0,74.0,45.0,0.0,73.0,56.0
2019-09-24,57.0,,67.0,0.0,77.0,41.0,78.0,44.0,0.0,71.0,56.0
2019-09-25,56.0,,70.0,0.0,79.0,41.0,70.0,47.0,0.0,68.0,64.0
2019-09-26,59.0,,64.0,33.0,75.0,41.0,82.0,46.0,0.0,70.0,55.0
2019-09-27,63.0,,64.0,0.0,73.0,44.0,73.0,39.0,0.0,61.0,56.0
2019-09-28,46.0,,53.0,0.0,66.0,34.0,46.0,36.0,0.0,52.0,54.0
2019-09-29,35.0,,66.0,0.0,60.0,32.0,51.0,36.0,0.0,46.0,52.0
2019-09-30,52.0,,64.0,0.0,65.0,40.0,67.0,37.0,0.0,64.0,50.0
2019-10-01,49.0,,56.0,0.0,62.0,34.0,62.0,36.0,0.0,55.0,53.0
2019-10-02,45.0,,70.0,0.0,63.0,34.0,65.0,37.0,0.0,49.0,45.0
2019-10-03,53.0,,61.0,0.0,57.0,34.0,51.0,35.0,0.0,57.0,50.0
2019-10-04,49.0,,59.0,0.0,57.0,36.0,49.0,34.0,0.0,55.0,52.0
2019-10-05,36.0,,45.0,36.0,51.0,30.0,38.0,29.0,0.0,42.0,47.0
2019-10-06,34.0,,53.0,0.0,51.0,30.0,42.0,28.0,0.0,40.0,44.0
2019-10-07,37.0,,43.0,0.0,48.0,30.0,39.0,25.0,0.0,44.0,50.0
2019-10-08,42.0,,49.0,0.0,51.0,27.0,44.0,30.0,0.0,43.0,40.0
2019-10-09,60.0,,63.0,0.0,57.0,39.0,67.0,69.0,0.0,57.0,45.0
2019-10-10,55.0,,59.0,0.0,60.0,39.0,78.0,39.0,0.0,57.0,53.0
2019-10-11,52.0,,54.0,0.0,57.0,35.0,52.0,36.0,0.0,58.0,53.0
2019-10-12,51.0,,44.0,0.0,55.0,34.0,51.0,36.0,0.0,50.0,46.0
2019-10-13,35.0,,49.0,0.0,61.0,30.0,50.0,37.0,0.0,45.0,44.0
2019-10-14,51.0,,51.0,0.0,67.0,36.0,80.0,38.0,0.0,61.0,58.0
2019-10-15,60.0,,55.0,0.0,64.0,39.0,70.0,43.0,0.0,65.0,49.0
2019-10-16,52.0,,51.0,0.0,63.0,37.0,62.0,39.0,0.0,61.0,49.0
2019-10-17,50.0,,46.0,0.0,69.0,38.0,71.0,40.0,0.0,59.0,50.0
2019-10-18,58.0,,50.0,0.0,57.0,42.0,74.0,37.0,0.0,62.0,47.0
2019-10-19,44.0,,45.0,0.0,57.0,32.0,46.0,33.0,0.0,42.0,46.0
2019-10-20,33.0,,47.0,0.0,50.0,28.0,48.0,32.0,0.0,46.0,47.0
2019-10-21,47.0,,51.0,0.0,59.0,34.0,67.0,35.0,0.0,57.0,45.0
2019-10-22,53.0,,55.0,0.0,57.0,38.0,66.0,41.0,0.0,57.0,49.0
2019-10-23,51.0,,54.0,0.0,67.0,39.0,60.0,36.0,0.0,60.0,53.0
2019-10-24,42.0,,44.0,0.0,56.0,32.0,57.0,29.0,0.0,51.0,39.0
2019-10-25,38.0,,39.0,0.0,45.0,29.0,42.0,27.0,0.0,40.0,40.0
2019-10-26,24.0,,32.0,0.0,38.0,27.0,25.0,23.0,0.0,33.0,34.0
2019-10-27,21.0,,24.0,0.0,31.0,21.0,24.0,15.0,0.0,25.0,28.0
2019-10-28,33.0,,38.0,0.0,43.0,27.0,40.0,30.0,0.0,41.0,39.0
2019-10-29,35.0,,44.0,0.0,49.0,33.0,43.0,32.0,0.0,51.0,44.0
2019-10-30,46.0,,46.0,0.0,53.0,34.0,50.0,35.0,0.0,51.0,48.0
2019-10-31,48.0,,54.0,0.0,57.0,37.0,59.0,31.0,0.0,57.0,47.0
2019-11-01,41.0,,49.0,0.0,57.0,33.0,49.0,36.0,0.0,52.0,46.0
2019-11-02,37.0,,40.0,0.0,53.0,30.0,35.0,33.0,0.0,45.0,48.0
2019-11-03,33.0,,55.0,0.0,47.0,29.0,56.0,32.0,0.0,48.0,45.0
2019-11-04,51.0,,56.0,0.0,62.0,41.0,68.0,40.0,0.0,65.0,55.0
2019-11-05,51.0,,58.0,0.0,62.0,43.0,58.0,43.0,0.0,63.0,58.0
2019-11-06,59.0,,63.0,0.0,61.0,42.0,70.0,39.0,0.0,65.0,52.0
2019-11-07,51.0,,65.0,0.0,66.0,36.0,69.0,41.0,68.0,70.0,51.0
2019-11-08,53.0,,61.0,0.0,63.0,37.0,69.0,38.0,0.0,57.0,55.0
2019-11-09,35.0,,47.0,0.0,50.0,30.0,44.0,36.0,0.0,50.0,47.0
2019-11-10,36.0,,59.0,0.0,52.0,33.0,50.0,38.0,0.0,51.0,51.0
2019-11-11,54.0,,53.0,0.0,61.0,42.0,70.0,37.0,0.0,61.0,53.0
2019-11-12,51.0,,62.0,0.0,58.0,41.0,63.0,42.0,0.0,65.0,63.0
2019-11-13,55.0,,70.0,0.0,65.0,44.0,75.0,41.0,0.0,68.0,55.0
2019-11-14,63.0,,55.0,0.0,60.0,41.0,69.0,40.0,0.0,66.0,55.0
2019-11-15,41.0,,53.0,0.0,64.0,38.0,56.0,35.0,0.0,57.0,55.0
2019-11-16,42.0,,48.0,0.0,58.0,34.0,46.0,35.0,0.0,45.0,55.0
2019-11-17,42.0,,65.0,0.0,62.0,34.0,77.0,42.0,0.0,50.0,56.0
2019-11-18,59.0,,65.0,0.0,68.0,43.0,82.0,41.0,0.0,65.0,62.0
2019-11-19,56.0,,58.0,0.0,71.0,39.0,87.0,44.0,0.0,75.0,65.0
2019-11-20,53.0,,64.0,0.0,68.0,40.0,77.0,47.0,0.0,66.0,60.0
2019-11-21,63.0,,61.0,0.0,68.0,41.0,100.0,45.0,0.0,76.0,60.0
2019-11-22,51.0,,49.0,0.0,72.0,39.0,86.0,37.0,0.0,65.0,54.0
2019-11-23,42.0,,43.0,0.0,54.0,33.0,63.0,37.0,75.0,52.0,50.0
2019-11-24,43.0,,64.0,0.0,57.0,33.0,62.0,47.0,0.0,53.0,52.0
2019-11-25,55.0,,66.0,0.0,72.0,45.0,68.0,46.0,0.0,69.0,66.0
2019-11-26,57.0,,60.0,0.0,67.0,41.0,78.0,40.0,0.0,75.0,62.0
2019-11-27,64.0,,57.0,34.0,73.0,44.0,89.0,49.0,0.0,75.0,60.0
2019-11-28,54.0,,55.0,0.0,67.0,44.0,72.0,41.0,0.0,75.0,61.0
2019-11-29,54.0,,59.0,0.0,67.0,45.0,86.0,37.0,0.0,67.0,55.0
2019-11-30,44.0,,45.0,0.0,55.0,35.0,57.0,39.0,0.0,52.0,58.0
2019-12-01,42.0,,53.0,0.0,57.0,35.0,71.0,41.0,0.0,50.0,48.0
2019-12-02,51.0,,59.0,0.0,71.0,42.0,64.0,39.0,0.0,76.0,58.0
2019-12-03,52.0,,62.0,0.0,74.0,42.0,75.0,41.0,0.0,75.0,61.0
2019-12-04,63.0,,61.0,0.0,74.0,43.0,89.0,44.0,0.0,75.0,55.0
2019-12-05,58.0,,61.0,0.0,68.0,41.0,82.0,39.0,0.0,75.0,61.0
2019-12-06,49.0,,49.0,0.0,72.0,38.0,75.0,40.0,0.0,63.0,53.0
2019-12-07,50.0,,46.0,0.0,65.0,33.0,64.0,41.0,0.0,52.0,49.0
2019-12-08,34.0,,54.0,39.0,53.0,27.0,48.0,45.0,0.0,54.0,48.0
2019-12-09,55.0,,60.0,0.0,65.0,42.0,79.0,45.0,0.0,67.0,58.0
2019-12-10,56.0,,59.0,0.0,66.0,37.0,84.0,47.0,79.0,67.0,53.0
2019-12-11,57.0,,54.0,0.0,67.0,39.0,78.0,41.0,0.0,70.0,55.0
2019-12-12,52.0,,60.0,0.0,71.0,40.0,82.0,41.0,0.0,72.0,62.0
2019-12-13,52.0,,53.0,0.0,61.0,39.0,79.0,40.0,0.0,64.0,61.0
2019-12-14,48.0,,48.0,0.0,64.0,39.0,58.0,41.0,0.0,47.0,55.0
2019-12-15,41.0,,56.0,0.0,52.0,26.0,53.0,38.0,0.0,47.0,49.0
2019-12-16,60.0,,53.0,0.0,71.0,44.0,74.0,46.0,0.0,70.0,57.0
2019-12-17,60.0,,66.0,36.0,67.0,41.0,89.0,49.0,0.0,76.0,59.0
2019-12-18,52.0,,61.0,34.0,71.0,37.0,69.0,42.0,0.0,64.0,53.0
2019-12-19,55.0,,60.0,0.0,71.0,39.0,73.0,47.0,0.0,62.0,58.0
2019-12-20,60.0,,54.0,0.0,66.0,40.0,73.0,43.0,0.0,59.0,55.0
2019-12-21,38.0,,44.0,0.0,56.0,30.0,58.0,37.0,0.0,48.0,49.0
2019-12-22,35.0,,50.0,0.0,49.0,27.0,47.0,34.0,0.0,41.0,41.0
2019-12-23,44.0,,48.0,0.0,57.0,37.0,50.0,36.0,0.0,58.0,57.0
2019-12-24,38.0,,48.0,0.0,52.0,31.0,45.0,37.0,0.0,49.0,48.0
2019-12-25,38.0,,42.0,0.0,44.0,27.0,53.0,31.0,0.0,42.0,47.0
2019-12-26,50.0,,53.0,0.0,52.0,34.0,45.0,37.0,0.0,53.0,53.0
2019-12-27,51.0,,50.0,0.0,53.0,37.0,59.0,40.0,0.0,58.0,61.0
2019-12-28,37.0,,49.0,0.0,54.0,34.0,48.0,36.0,0.0,46.0,50.0
2019-12-29,30.0,,52.0,0.0,52.0,30.0,36.0,39.0,0.0,44.0,56.0
2019-12-30,51.0,,48.0,0.0,55.0,33.0,52.0,36.0,0.0,57.0,54.0
2019-12-31,38.0,,45.0,0.0,47.0,30.0,43.0,31.0,0.0,44.0,47.0
