date,AAPL,overlap,MSFT,NVDA,V,MA,AVGO,CSCO,ACN,CRM,ADBE
2017-01-17,10.0,1.0,9.0,12.0,68.0,68.0,7.0,26.0,52.0,84.0,7.0
2017-01-18,12.0,1.0,8.0,15.0,70.0,68.0,9.0,37.0,53.0,82.0,10.0
2017-01-19,8.0,1.0,11.0,13.0,70.0,66.0,9.0,23.0,58.0,75.0,5.0
2017-01-20,10.0,1.0,10.0,15.0,67.0,66.0,7.0,13.0,32.0,68.0,7.0
2017-01-21,2.0,1.0,5.0,4.0,79.0,66.0,5.0,7.0,39.0,35.0,14.0
2017-01-22,2.0,1.0,4.0,1.0,81.0,67.0,8.0,2.0,33.0,39.0,8.0
2017-01-23,10.0,1.0,5.0,9.0,69.0,68.0,9.0,17.0,52.0,78.0,10.0
2017-01-24,12.0,1.0,11.0,13.0,67.0,69.0,9.0,23.0,50.0,80.0,14.0
2017-01-25,15.0,1.0,12.0,12.0,69.0,66.0,12.0,30.0,61.0,76.0,26.0
2017-01-26,13.0,1.0,34.0,12.0,72.0,66.0,21.0,27.0,41.0,66.0,12.0
2017-01-27,15.0,1.0,35.0,14.0,70.0,68.0,10.0,12.0,44.0,78.0,5.0
2017-01-28,6.0,1.0,7.0,4.0,79.0,67.0,3.0,15.0,41.0,28.0,10.0
2017-01-29,3.0,1.0,6.0,4.0,79.0,66.0,0.0,7.0,45.0,29.0,4.0
2017-01-30,16.0,1.0,15.0,9.0,68.0,67.0,14.0,17.0,64.0,82.0,15.0
2017-01-31,40.0,1.0,18.0,12.0,71.0,66.0,30.0,30.0,63.0,75.0,5.0
2017-02-01,47.0,1.0,13.0,19.0,75.0,69.0,28.0,19.0,50.0,84.0,17.0
2017-02-02,26.0,1.0,12.0,12.0,68.0,68.0,19.0,23.0,47.0,80.0,12.0
2017-02-03,16.0,1.0,13.0,14.0,69.0,66.0,19.0,18.0,41.0,75.0,7.0
2017-02-04,6.0,1.0,4.0,5.0,84.0,66.0,24.0,14.0,35.0,37.0,4.0
2017-02-05,2.0,1.0,3.0,3.0,81.0,62.0,0.0,6.0,45.0,29.0,11.0
2017-02-06,14.0,1.0,8.0,14.0,64.0,62.0,7.0,24.0,48.0,75.0,15.0
2017-02-07,17.0,1.0,10.0,25.0,67.0,66.0,5.0,20.0,49.0,89.0,2.0
2017-02-08,18.0,1.0,9.0,24.0,65.0,69.0,9.0,16.0,42.0,82.0,8.0
2017-02-09,14.0,1.0,10.0,44.0,68.0,67.0,12.0,16.0,60.0,77.0,14.0
2017-02-10,13.0,1.0,9.0,47.0,69.0,69.0,17.0,10.0,43.0,70.0,11.0
2017-02-11,4.0,1.0,5.0,5.0,89.0,66.0,3.0,10.0,23.0,33.0,6.0
2017-02-12,3.0,1.0,3.0,3.0,83.0,70.0,3.0,5.0,36.0,33.0,0.0
2017-02-13,15.0,1.0,17.0,18.0,68.0,69.0,20.0,22.0,65.0,79.0,23.0
2017-02-14,19.0,1.0,11.0,21.0,68.0,65.0,2.0,34.0,35.0,84.0,7.0
2017-02-15,21.0,1.0,11.0,22.0,69.0,65.0,5.0,57.0,48.0,90.0,20.0
2017-02-16,17.0,1.0,9.0,14.0,67.0,66.0,14.0,65.0,68.0,80.0,7.0
2017-02-17,15.0,1.0,10.0,21.0,68.0,65.0,16.0,47.0,70.0,68.0,10.0
2017-02-18,3.0,1.0,4.0,4.0,77.0,67.0,11.0,13.0,33.0,37.0,15.0
2017-02-19,2.0,1.0,4.0,1.0,77.0,68.0,8.0,16.0,34.0,33.0,8.0
2017-02-20,3.0,1.0,4.0,6.0,71.0,66.0,9.0,15.0,55.0,78.0,7.0
2017-02-21,14.0,1.0,8.0,15.0,70.0,66.0,9.0,25.0,62.0,84.0,17.0
2017-02-22,14.0,1.0,10.0,17.0,72.0,68.0,7.0,41.0,60.0,84.0,10.0
2017-02-23,14.0,1.0,7.0,36.0,72.0,68.0,28.0,31.0,65.0,72.0,20.0
2017-02-24,13.0,1.0,11.0,27.0,72.0,70.0,24.0,22.0,42.0,74.0,16.0
2017-02-25,5.0,1.0,3.0,7.0,89.0,78.0,8.0,6.0,35.0,35.0,6.0
2017-02-26,2.0,1.0,3.0,5.0,91.0,100.0,0.0,3.0,35.0,33.0,2.0
2017-02-27,14.0,1.0,6.0,16.0,76.0,81.0,11.0,33.0,53.0,73.0,7.0
2017-02-28,17.0,1.0,15.0,20.0,75.0,80.0,35.0,28.0,55.0,78.0,17.0
2017-03-01,19.0,1.0,12.0,21.0,71.0,75.0,36.0,29.0,50.0,79.0,8.0
2017-03-02,17.0,1.0,8.0,23.0,69.0,72.0,36.0,35.0,53.0,82.0,23.0
2017-03-03,14.0,1.0,13.0,19.0,70.0,78.0,22.0,25.0,52.0,72.0,5.0
2017-03-04,3.0,1.0,3.0,6.0,99.0,74.0,13.0,3.0,44.0,38.0,6.0
2017-03-05,2.0,1.0,3.0,3.0,88.0,72.0,0.0,12.0,49.0,36.0,0.0
2017-03-06,14.0,1.0,8.0,19.0,74.0,72.0,11.0,27.0,64.0,84.0,7.0
2017-03-07,13.0,1.0,8.0,18.0,71.0,66.0,11.0,21.0,48.0,83.0,14.0
2017-03-08,12.0,1.0,15.0,18.0,67.0,70.0,9.0,25.0,66.0,81.0,10.0
2017-03-09,10.0,1.0,12.0,16.0,67.0,70.0,11.0,25.0,59.0,85.0,10.0
2017-03-10,15.0,1.0,8.0,18.0,74.0,77.0,14.0,22.0,53.0,77.0,14.0
2017-03-11,4.0,1.0,3.0,4.0,89.0,74.0,11.0,5.0,41.0,32.0,4.0
2017-03-12,1.0,1.0,4.0,4.0,80.0,74.0,13.0,3.0,35.0,37.0,0.0
2017-03-13,8.0,1.0,10.0,18.0,70.0,72.0,21.0,19.0,60.0,73.0,5.0
2017-03-14,11.0,1.0,8.0,16.0,67.0,70.0,21.0,25.0,48.0,79.0,25.0
2017-03-15,11.0,1.0,8.0,17.0,68.0,71.0,18.0,17.0,56.0,87.0,27.0
2017-03-16,13.0,1.0,8.0,14.0,71.0,70.0,16.0,19.0,45.0,81.0,49.0
2017-03-17,13.0,1.0,9.0,19.0,72.0,71.0,7.0,24.0,45.0,75.0,59.0
2017-03-18,3.0,1.0,3.0,3.0,92.0,70.0,0.0,7.0,31.0,36.0,10.0
2017-03-19,3.0,1.0,3.0,4.0,82.0,70.0,3.0,6.0,39.0,33.0,11.0
2017-03-20,12.0,1.0,11.0,21.0,70.0,70.0,32.0,10.0,58.0,85.0,30.0
2017-03-21,17.0,1.0,11.0,18.0,68.0,70.0,18.0,27.0,56.0,85.0,29.0
2017-03-22,15.0,1.0,9.0,20.0,73.0,68.0,14.0,17.0,42.0,86.0,27.0
2017-03-23,13.0,,12.0,13.0,67.0,68.0,18.0,20.0,69.0,81.0,10.0
2017-03-24,11.0,,8.0,14.0,69.0,69.0,24.0,15.0,86.0,69.0,0.0
2017-03-25,3.0,,3.0,2.0,74.0,68.0,0.0,13.0,53.0,32.0,8.0
2017-03-26,2.0,,1.0,3.0,80.0,65.0,0.0,7.0,33.0,41.0,8.0
2017-03-27,11.0,,10.0,14.0,70.0,68.0,14.0,25.0,63.0,92.0,14.0
2017-03-28,14.0,,9.0,24.0,72.0,72.0,14.0,17.0,53.0,81.0,10.0
2017-03-29,16.0,,8.0,10.0,68.0,71.0,5.0,20.0,63.0,93.0,14.0
2017-03-30,12.0,,13.0,13.0,65.0,69.0,19.0,14.0,54.0,81.0,0.0
2017-03-31,14.0,,5.0,11.0,67.0,69.0,10.0,12.0,55.0,59.0,14.0
2017-04-01,4.0,,3.0,2.0,79.0,67.0,27.0,0.0,39.0,36.0,4.0
2017-04-02,3.0,,2.0,4.0,76.0,69.0,5.0,3.0,61.0,36.0,8.0
2017-04-03,13.0,,9.0,12.0,65.0,69.0,5.0,11.0,60.0,77.0,3.0
2017-04-04,9.0,,10.0,26.0,68.0,70.0,14.0,25.0,74.0,78.0,7.0
2017-04-05,17.0,,13.0,24.0,69.0,69.0,9.0,34.0,60.0,84.0,14.0
2017-04-06,11.0,,12.0,21.0,68.0,70.0,0.0,40.0,75.0,82.0,3.0
2017-04-07,8.0,,9.0,15.0,66.0,67.0,29.0,9.0,75.0,76.0,3.0
2017-04-08,2.0,,3.0,6.0,71.0,70.0,0.0,10.0,33.0,28.0,0.0
2017-04-09,1.0,,2.0,4.0,75.0,69.0,0.0,10.0,37.0,25.0,0.0
2017-04-10,12.0,,12.0,15.0,65.0,69.0,9.0,20.0,63.0,77.0,7.0
2017-04-11,13.0,,5.0,16.0,68.0,68.0,0.0,18.0,35.0,82.0,3.0
2017-04-12,13.0,,9.0,22.0,67.0,70.0,19.0,14.0,60.0,74.0,18.0
2017-04-13,10.0,,4.0,15.0,64.0,68.0,15.0,18.0,51.0,70.0,8.0
2017-04-14,7.0,,6.0,9.0,70.0,69.0,5.0,10.0,30.0,47.0,12.0
2017-04-15,3.0,,2.0,2.0,71.0,65.0,11.0,0.0,50.0,29.0,0.0
2017-04-16,2.0,,5.0,2.0,75.0,64.0,11.0,3.0,38.0,25.0,0.0
2017-04-17,10.0,,11.0,12.0,68.0,69.0,5.0,20.0,38.0,62.0,14.0
2017-04-18,14.0,,9.0,12.0,69.0,68.0,14.0,11.0,27.0,87.0,7.0
2017-04-19,9.0,,12.0,18.0,68.0,66.0,14.0,31.0,45.0,82.0,7.0
2017-04-20,12.0,,10.0,16.0,70.0,69.0,19.0,17.0,40.0,86.0,7.0
2017-04-21,10.0,,10.0,10.0,67.0,68.0,10.0,6.0,42.0,58.0,11.0
2017-04-22,3.0,,5.0,6.0,79.0,69.0,11.0,3.0,37.0,32.0,0.0
2017-04-23,3.0,,2.0,1.0,87.0,67.0,16.0,7.0,12.0,26.0,8.0
2017-04-24,10.0,,14.0,17.0,69.0,69.0,9.0,28.0,50.0,82.0,7.0
2017-04-25,14.0,,16.0,13.0,68.0,68.0,32.0,17.0,50.0,76.0,21.0
2017-04-26,12.0,,19.0,12.0,67.0,68.0,5.0,31.0,68.0,88.0,16.0
2017-04-27,15.0,,27.0,13.0,69.0,67.0,18.0,23.0,47.0,68.0,14.0
2017-04-28,14.0,,19.0,19.0,68.0,70.0,34.0,12.0,58.0,72.0,11.0
2017-04-29,2.0,,5.0,2.0,100.0,68.0,16.0,7.0,38.0,34.0,0.0
2017-04-30,2.0,,2.0,2.0,86.0,69.0,0.0,3.0,34.0,29.0,0.0
2017-05-01,18.0,,9.0,14.0,72.0,74.0,15.0,15.0,54.0,48.0,14.0
2017-05-02,44.0,,13.0,17.0,66.0,68.0,9.0,36.0,42.0,87.0,14.0
2017-05-03,36.0,,15.0,10.0,66.0,68.0,23.0,20.0,69.0,79.0,10.0
2017-05-04,19.0,,9.0,12.0,67.0,65.0,5.0,40.0,61.0,81.0,7.0
2017-05-05,16.0,,13.0,11.0,68.0,67.0,5.0,27.0,66.0,70.0,11.0
2017-05-06,5.0,,5.0,1.0,74.0,67.0,5.0,13.0,27.0,30.0,4.0
2017-05-07,3.0,,5.0,1.0,77.0,67.0,5.0,3.0,49.0,29.0,4.0
2017-05-08,22.0,,9.0,14.0,71.0,68.0,18.0,14.0,37.0,70.0,10.0
2017-05-09,25.0,,7.0,41.0,65.0,68.0,9.0,36.0,44.0,74.0,0.0
2017-05-10,19.0,,13.0,51.0,70.0,69.0,9.0,11.0,57.0,83.0,7.0
2017-05-11,15.0,,20.0,55.0,67.0,68.0,19.0,20.0,51.0,86.0,21.0
2017-05-12,14.0,,13.0,31.0,71.0,69.0,0.0,21.0,63.0,59.0,14.0
2017-05-13,5.0,,5.0,11.0,73.0,70.0,11.0,13.0,34.0,26.0,4.0
2017-05-14,3.0,,1.0,2.0,77.0,69.0,0.0,0.0,43.0,28.0,0.0
2017-05-15,19.0,,10.0,31.0,66.0,70.0,20.0,45.0,42.0,84.0,3.0
2017-05-16,14.0,,21.0,28.0,65.0,70.0,15.0,27.0,43.0,82.0,3.0
2017-05-17,18.0,,17.0,35.0,65.0,68.0,30.0,52.0,69.0,82.0,8.0
2017-05-18,17.0,,11.0,29.0,66.0,68.0,20.0,55.0,54.0,82.0,11.0
2017-05-19,12.0,,9.0,25.0,67.0,69.0,5.0,54.0,53.0,66.0,8.0
2017-05-20,5.0,,4.0,7.0,69.0,69.0,0.0,3.0,30.0,36.0,0.0
2017-05-21,3.0,,2.0,8.0,77.0,67.0,6.0,14.0,29.0,24.0,0.0
2017-05-22,15.0,,11.0,22.0,67.0,70.0,15.0,31.0,40.0,85.0,15.0
2017-05-23,13.0,,14.0,19.0,59.0,68.0,19.0,23.0,36.0,79.0,14.0
2017-05-24,14.0,,7.0,27.0,66.0,69.0,10.0,21.0,60.0,77.0,19.0
2017-05-25,19.0,,10.0,24.0,63.0,70.0,20.0,31.0,76.0,76.0,8.0
2017-05-26,11.0,,13.0,17.0,62.0,68.0,22.0,20.0,52.0,65.0,4.0
2017-05-27,3.0,,5.0,8.0,72.0,68.0,12.0,0.0,38.0,30.0,9.0
2017-05-28,3.0,,5.0,5.0,66.0,68.0,0.0,7.0,30.0,22.0,0.0
2017-05-29,5.0,,6.0,5.0,64.0,68.0,0.0,0.0,35.0,69.0,8.0
2017-05-30,12.0,1.0,13.0,24.0,60.0,67.0,14.0,18.0,48.0,75.0,5.0
2017-05-31,12.0,1.0,12.0,18.0,62.0,69.0,19.0,23.0,56.0,74.0,10.0
2017-06-01,13.0,1.0,9.0,22.0,62.0,69.0,60.0,25.0,37.0,80.0,14.0
2017-06-02,16.0,1.0,17.0,22.0,63.0,70.0,62.0,20.0,43.0,66.0,7.0
2017-06-03,5.0,1.0,5.0,6.0,67.0,71.0,8.0,9.0,43.0,27.0,4.0
2017-06-04,1.0,1.0,2.0,0.0,75.0,69.0,19.0,2.0,37.0,30.0,6.0
2017-06-05,21.0,1.0,15.0,19.0,64.0,68.0,12.0,14.0,36.0,72.0,5.0
2017-06-06,19.0,1.0,13.0,26.0,63.0,70.0,13.0,15.0,56.0,76.0,15.0
2017-06-07,14.0,1.0,10.0,17.0,65.0,67.0,6.0,18.0,45.0,77.0,9.0
2017-06-08,13.0,1.0,23.0,42.0,66.0,65.0,14.0,16.0,43.0,76.0,3.0
2017-06-09,18.0,1.0,15.0,59.0,65.0,67.0,12.0,24.0,42.0,62.0,5.0
2017-06-10,5.0,1.0,5.0,15.0,84.0,68.0,3.0,11.0,30.0,33.0,0.0
2017-06-11,4.0,1.0,4.0,5.0,75.0,66.0,2.0,9.0,27.0,31.0,10.0
2017-06-12,24.0,1.0,20.0,41.0,63.0,69.0,17.0,17.0,44.0,77.0,9.0
2017-06-13,22.0,1.0,14.0,36.0,68.0,67.0,16.0,21.0,50.0,82.0,14.0
2017-06-14,18.0,1.0,18.0,32.0,66.0,68.0,17.0,19.0,74.0,82.0,10.0
2017-06-15,15.0,1.0,12.0,30.0,67.0,67.0,5.0,19.0,70.0,74.0,7.0
2017-06-16,13.0,1.0,15.0,22.0,63.0,71.0,17.0,30.0,48.0,64.0,15.0
2017-06-17,5.0,1.0,4.0,8.0,70.0,68.0,5.0,6.0,30.0,33.0,6.0
2017-06-18,3.0,1.0,3.0,3.0,75.0,66.0,6.0,11.0,19.0,34.0,2.0
2017-06-19,15.0,1.0,14.0,25.0,62.0,71.0,27.0,26.0,45.0,78.0,10.0
2017-06-20,19.0,1.0,14.0,29.0,60.0,70.0,13.0,27.0,52.0,83.0,36.0
2017-06-21,12.0,1.0,15.0,24.0,61.0,69.0,17.0,18.0,45.0,76.0,45.0
2017-06-22,13.0,1.0,9.0,21.0,60.0,69.0,18.0,7.0,65.0,76.0,33.0
2017-06-23,12.0,1.0,9.0,23.0,63.0,72.0,14.0,16.0,58.0,67.0,16.0
2017-06-24,3.0,1.0,3.0,4.0,71.0,72.0,16.0,7.0,23.0,32.0,2.0
2017-06-25,3.0,1.0,2.0,2.0,70.0,69.0,3.0,6.0,58.0,32.0,4.0
2017-06-26,14.0,1.0,9.0,18.0,61.0,72.0,14.0,33.0,49.0,68.0,17.0
2017-06-27,15.0,1.0,9.0,23.0,63.0,73.0,16.0,21.0,63.0,79.0,18.0
2017-06-28,13.0,1.0,11.0,27.0,63.0,70.0,28.0,23.0,40.0,78.0,7.0
2017-06-29,12.0,1.0,13.0,22.0,61.0,72.0,12.0,18.0,50.0,73.0,9.0
2017-06-30,12.0,1.0,15.0,21.0,62.0,72.0,5.0,35.0,58.0,72.0,17.0
2017-07-01,3.0,1.0,1.0,6.0,71.0,70.0,11.0,6.0,29.0,29.0,0.0
2017-07-02,1.0,1.0,2.0,5.0,72.0,70.0,3.0,7.0,47.0,31.0,4.0
2017-07-03,12.0,1.0,14.0,18.0,63.0,67.0,24.0,31.0,51.0,62.0,4.0
2017-07-04,10.0,1.0,15.0,9.0,63.0,63.0,19.0,23.0,52.0,70.0,6.0
2017-07-05,11.0,1.0,16.0,23.0,59.0,72.0,14.0,29.0,63.0,76.0,15.0
2017-07-06,12.0,1.0,17.0,18.0,61.0,70.0,21.0,25.0,57.0,74.0,17.0
2017-07-07,13.0,1.0,15.0,17.0,62.0,73.0,19.0,13.0,55.0,70.0,8.0
2017-07-08,5.0,1.0,7.0,5.0,75.0,70.0,8.0,11.0,21.0,35.0,6.0
2017-07-09,1.0,1.0,4.0,4.0,68.0,68.0,0.0,11.0,52.0,33.0,4.0
2017-07-10,13.0,1.0,11.0,24.0,61.0,70.0,28.0,28.0,81.0,71.0,12.0
2017-07-11,9.0,1.0,14.0,28.0,61.0,70.0,10.0,22.0,54.0,78.0,11.0
2017-07-12,12.0,1.0,14.0,30.0,63.0,72.0,19.0,20.0,52.0,81.0,5.0
2017-07-13,13.0,1.0,11.0,31.0,63.0,71.0,10.0,21.0,45.0,73.0,4.0
2017-07-14,13.0,1.0,15.0,27.0,66.0,69.0,15.0,30.0,41.0,67.0,6.0
2017-07-15,2.0,1.0,4.0,6.0,69.0,68.0,2.0,8.0,48.0,32.0,4.0
2017-07-16,2.0,1.0,2.0,4.0,67.0,67.0,5.0,2.0,38.0,29.0,8.0
2017-07-17,14.0,1.0,13.0,25.0,61.0,69.0,16.0,14.0,66.0,74.0,14.0
2017-07-18,11.0,1.0,22.0,23.0,60.0,72.0,5.0,19.0,61.0,79.0,11.0
2017-07-19,15.0,1.0,23.0,27.0,64.0,70.0,13.0,16.0,78.0,76.0,5.0
2017-07-20,13.0,1.0,58.0,25.0,60.0,70.0,23.0,13.0,53.0,68.0,14.0
2017-07-21,13.0,1.0,49.0,21.0,61.0,72.0,12.0,12.0,55.0,65.0,4.0
2017-07-22,4.0,1.0,5.0,5.0,71.0,68.0,8.0,8.0,44.0,31.0,4.0
2017-07-23,3.0,1.0,3.0,4.0,69.0,68.0,0.0,2.0,52.0,31.0,6.0
2017-07-24,12.0,1.0,16.0,22.0,60.0,72.0,20.0,9.0,53.0,68.0,11.0
2017-07-25,14.0,1.0,16.0,23.0,60.0,68.0,10.0,17.0,36.0,81.0,9.0
2017-07-26,16.0,1.0,17.0,26.0,63.0,68.0,11.0,29.0,51.0,66.0,5.0
2017-07-27,16.0,1.0,20.0,25.0,63.0,69.0,9.0,12.0,53.0,79.0,9.0
2017-07-28,14.0,1.0,14.0,33.0,58.0,69.0,8.0,26.0,59.0,61.0,13.0
2017-07-29,4.0,1.0,8.0,5.0,73.0,68.0,3.0,4.0,51.0,25.0,6.0
2017-07-30,2.0,1.0,1.0,5.0,72.0,68.0,3.0,11.0,61.0,27.0,6.0
2017-07-31,15.0,1.0,10.0,22.0,61.0,70.0,7.0,17.0,52.0,68.0,7.0
2017-08-01,42.0,1.0,16.0,20.0,62.0,66.0,24.0,28.0,59.0,75.0,15.0
2017-08-02,55.0,1.0,17.0,21.0,63.0,69.0,15.0,12.0,58.0,75.0,2.0
2017-08-03,24.0,1.0,12.0,23.0,62.0,70.0,16.0,14.0,69.0,77.0,10.0
2017-08-04,15.0,1.0,9.0,21.0,62.0,70.0,16.0,27.0,49.0,66.0,7.0
2017-08-05,5.0,1.0,6.0,5.0,73.0,68.0,16.0,5.0,26.0,33.0,6.0
2017-08-06,3.0,1.0,2.0,3.0,73.0,64.0,0.0,2.0,31.0,30.0,2.0
2017-08-07,17.0,1.0,10.0,31.0,62.0,67.0,9.0,21.0,41.0,68.0,5.0
2017-08-08,21.0,1.0,12.0,30.0,63.0,69.0,17.0,21.0,45.0,66.0,8.0
2017-08-09,16.0,1.0,14.0,32.0,62.0,67.0,13.0,29.0,59.0,64.0,11.0
2017-08-10,15.0,1.0,13.0,77.0,61.0,68.0,18.0,27.0,53.0,71.0,7.0
2017-08-11,20.0,1.0,18.0,79.0,63.0,67.0,17.0,13.0,53.0,69.0,7.0
2017-08-12,4.0,1.0,5.0,10.0,72.0,67.0,20.0,2.0,25.0,33.0,0.0
2017-08-13,3.0,1.0,6.0,6.0,70.0,65.0,0.0,5.0,40.0,31.0,4.0
2017-08-14,16.0,1.0,12.0,37.0,62.0,69.0,26.0,18.0,49.0,61.0,10.0
2017-08-15,17.0,1.0,17.0,39.0,62.0,67.0,9.0,14.0,60.0,66.0,17.0
2017-08-16,16.0,1.0,10.0,24.0,62.0,65.0,27.0,35.0,44.0,78.0,12.0
2017-08-17,16.0,1.0,12.0,24.0,61.0,67.0,12.0,41.0,53.0,74.0,5.0
2017-08-18,13.0,1.0,12.0,26.0,62.0,69.0,16.0,14.0,60.0,60.0,7.0
2017-08-19,4.0,1.0,5.0,7.0,76.0,65.0,5.0,4.0,37.0,35.0,2.0
2017-08-20,2.0,1.0,3.0,5.0,75.0,66.0,7.0,4.0,29.0,32.0,6.0
2017-08-21,12.0,1.0,12.0,17.0,61.0,67.0,7.0,16.0,53.0,75.0,2.0
2017-08-22,13.0,1.0,10.0,21.0,62.0,67.0,20.0,25.0,53.0,80.0,10.0
2017-08-23,12.0,1.0,10.0,23.0,60.0,66.0,22.0,21.0,78.0,82.0,8.0
2017-08-24,10.0,1.0,13.0,19.0,61.0,66.0,42.0,17.0,44.0,66.0,12.0
2017-08-25,11.0,1.0,14.0,19.0,65.0,67.0,33.0,25.0,60.0,55.0,8.0
2017-08-26,4.0,1.0,4.0,4.0,86.0,62.0,5.0,8.0,25.0,29.0,2.0
2017-08-27,3.0,1.0,3.0,2.0,98.0,59.0,5.0,0.0,33.0,24.0,0.0
2017-08-28,12.0,1.0,12.0,16.0,60.0,64.0,17.0,24.0,60.0,72.0,5.0
2017-08-29,11.0,1.0,11.0,17.0,60.0,65.0,10.0,8.0,60.0,80.0,9.0
2017-08-30,15.0,1.0,10.0,16.0,59.0,63.0,30.0,14.0,45.0,71.0,5.0
2017-08-31,18.0,1.0,13.0,24.0,63.0,62.0,11.0,34.0,55.0,68.0,12.0
2017-09-01,14.0,1.0,13.0,20.0,65.0,65.0,10.0,23.0,58.0,63.0,11.0
2017-09-02,3.0,1.0,4.0,5.0,72.0,63.0,12.0,7.0,27.0,34.0,8.0
2017-09-03,1.0,1.0,3.0,5.0,69.0,64.0,5.0,7.0,47.0,35.0,2.0
2017-09-04,3.0,1.0,6.0,7.0,67.0,60.0,13.0,10.0,42.0,70.0,5.0
2017-09-05,14.0,1.0,8.0,22.0,65.0,62.0,18.0,26.0,48.0,80.0,8.0
2017-09-06,14.0,1.0,16.0,20.0,59.0,63.0,17.0,20.0,68.0,82.0,3.0
2017-09-07,13.0,1.0,13.0,13.0,61.0,65.0,11.0,17.0,51.0,67.0,14.0
2017-09-08,11.0,,10.0,14.0,58.0,62.0,4.0,23.0,62.0,63.0,7.0
2017-09-09,4.0,,5.0,2.0,74.0,61.0,0.0,7.0,43.0,27.0,7.0
2017-09-10,2.0,,3.0,2.0,67.0,59.0,9.0,14.0,32.0,28.0,11.0
2017-09-11,19.0,,8.0,12.0,59.0,62.0,12.0,21.0,49.0,85.0,6.0
2017-09-12,40.0,,18.0,17.0,63.0,61.0,4.0,21.0,68.0,78.0,3.0
2017-09-13,27.0,,12.0,12.0,59.0,61.0,4.0,21.0,37.0,88.0,16.0
2017-09-14,16.0,,14.0,17.0,62.0,61.0,16.0,19.0,72.0,82.0,13.0
2017-09-15,18.0,,14.0,25.0,60.0,64.0,12.0,26.0,39.0,66.0,7.0
2017-09-16,5.0,,7.0,8.0,73.0,62.0,5.0,4.0,54.0,31.0,4.0
2017-09-17,3.0,,4.0,5.0,78.0,61.0,9.0,3.0,49.0,33.0,4.0
2017-09-18,14.0,,9.0,37.0,62.0,61.0,31.0,18.0,43.0,72.0,13.0
2017-09-19,16.0,,15.0,35.0,63.0,66.0,8.0,24.0,71.0,78.0,48.0
2017-09-20,20.0,,18.0,36.0,62.0,65.0,24.0,9.0,56.0,75.0,42.0
2017-09-21,21.0,,12.0,27.0,59.0,62.0,8.0,22.0,100.0,75.0,16.0
2017-09-22,16.0,,11.0,17.0,61.0,64.0,25.0,32.0,49.0,70.0,7.0
2017-09-23,6.0,,3.0,7.0,77.0,63.0,0.0,7.0,25.0,32.0,7.0
2017-09-24,3.0,,2.0,4.0,73.0,64.0,9.0,4.0,21.0,30.0,0.0
2017-09-25,21.0,,20.0,21.0,62.0,61.0,35.0,24.0,68.0,74.0,16.0
2017-09-26,17.0,,18.0,32.0,62.0,63.0,12.0,28.0,59.0,82.0,16.0
2017-09-27,18.0,,14.0,19.0,63.0,61.0,24.0,15.0,25.0,86.0,10.0
2017-09-28,15.0,,11.0,25.0,61.0,63.0,16.0,12.0,76.0,85.0,10.0
2017-09-29,15.0,,13.0,21.0,58.0,64.0,16.0,16.0,69.0,75.0,7.0
2017-09-30,3.0,,3.0,4.0,67.0,61.0,0.0,11.0,44.0,30.0,4.0
2017-10-01,3.0,,3.0,4.0,72.0,58.0,0.0,10.0,42.0,23.0,0.0
2017-10-02,13.0,,11.0,11.0,59.0,59.0,12.0,15.0,59.0,72.0,19.0
2017-10-03,14.0,,15.0,21.0,58.0,61.0,12.0,37.0,71.0,79.0,16.0
2017-10-04,15.0,,13.0,22.0,60.0,61.0,24.0,43.0,47.0,77.0,6.0
2017-10-05,9.0,,15.0,18.0,66.0,61.0,8.0,18.0,56.0,77.0,0.0
2017-10-06,14.0,,11.0,18.0,63.0,61.0,8.0,16.0,48.0,66.0,13.0
2017-10-07,4.0,,4.0,5.0,74.0,61.0,9.0,7.0,58.0,35.0,4.0
2017-10-08,3.0,,3.0,2.0,74.0,61.0,9.0,3.0,18.0,35.0,11.0
2017-10-09,11.0,,13.0,22.0,70.0,58.0,12.0,12.0,74.0,72.0,13.0
2017-10-10,11.0,,18.0,24.0,64.0,60.0,15.0,24.0,58.0,81.0,9.0
2017-10-11,15.0,,13.0,23.0,60.0,61.0,12.0,21.0,71.0,68.0,6.0
2017-10-12,16.0,,18.0,21.0,60.0,62.0,16.0,19.0,69.0,78.0,3.0
2017-10-13,9.0,,18.0,31.0,60.0,59.0,16.0,3.0,58.0,71.0,10.0
2017-10-14,3.0,,6.0,7.0,74.0,62.0,5.0,11.0,57.0,24.0,0.0
2017-10-15,3.0,,4.0,6.0,70.0,58.0,5.0,0.0,63.0,37.0,4.0
2017-10-16,13.0,,13.0,27.0,63.0,64.0,16.0,6.0,83.0,82.0,9.0
2017-10-17,11.0,,10.0,21.0,62.0,61.0,16.0,15.0,74.0,80.0,9.0
2017-10-18,13.0,,16.0,18.0,64.0,60.0,8.0,15.0,83.0,72.0,22.0
2017-10-19,16.0,,13.0,23.0,59.0,61.0,20.0,19.0,47.0,73.0,39.0
2017-10-20,14.0,,18.0,21.0,60.0,60.0,12.0,16.0,49.0,73.0,37.0
2017-10-21,3.0,,5.0,4.0,70.0,61.0,0.0,18.0,36.0,33.0,19.0
2017-10-22,2.0,,4.0,2.0,72.0,61.0,9.0,10.0,38.0,37.0,14.0
2017-10-23,12.0,,12.0,17.0,63.0,64.0,23.0,27.0,57.0,75.0,12.0
2017-10-24,16.0,,22.0,29.0,67.0,63.0,19.0,24.0,70.0,74.0,22.0
2017-10-25,13.0,,16.0,22.0,67.0,66.0,16.0,30.0,89.0,89.0,19.0
2017-10-26,16.0,,45.0,23.0,61.0,62.0,24.0,37.0,65.0,81.0,13.0
2017-10-27,25.0,,61.0,22.0,60.0,61.0,16.0,22.0,64.0,74.0,27.0
2017-10-28,9.0,,17.0,12.0,76.0,61.0,9.0,7.0,50.0,30.0,11.0
2017-10-29,4.0,,5.0,5.0,71.0,61.0,0.0,3.0,41.0,33.0,4.0
2017-10-30,22.0,,27.0,27.0,64.0,69.0,15.0,21.0,67.0,82.0,6.0
2017-10-31,27.0,,19.0,21.0,63.0,61.0,43.0,15.0,37.0,89.0,13.0
2017-11-01,25.0,,16.0,31.0,63.0,60.0,12.0,16.0,92.0,72.0,23.0
2017-11-02,42.0,,21.0,27.0,64.0,60.0,28.0,22.0,72.0,69.0,13.0
2017-11-03,43.0,,20.0,23.0,63.0,63.0,64.0,16.0,60.0,60.0,3.0
2017-11-04,9.0,,6.0,4.0,71.0,62.0,9.0,3.0,55.0,33.0,4.0
2017-11-05,5.0,,2.0,4.0,75.0,63.0,9.0,7.0,51.0,33.0,4.0
2017-11-06,23.0,,11.0,19.0,64.0,64.0,45.0,21.0,57.0,72.0,22.0
2017-11-07,20.0,,18.0,24.0,61.0,64.0,30.0,18.0,48.0,85.0,9.0
2017-11-08,19.0,,17.0,33.0,61.0,64.0,19.0,24.0,45.0,75.0,16.0
2017-11-09,17.0,,21.0,61.0,64.0,61.0,19.0,24.0,49.0,82.0,16.0
2017-11-10,15.0,,14.0,70.0,66.0,61.0,24.0,19.0,38.0,72.0,6.0
2017-11-11,5.0,,8.0,15.0,84.0,61.0,5.0,7.0,31.0,32.0,0.0
2017-11-12,2.0,,2.0,8.0,70.0,57.0,4.0,3.0,30.0,36.0,10.0
2017-11-13,15.0,,16.0,25.0,66.0,63.0,22.0,24.0,51.0,84.0,9.0
2017-11-14,14.0,,13.0,32.0,69.0,60.0,26.0,29.0,77.0,85.0,18.0
2017-11-15,18.0,1.0,12.0,25.0,63.0,59.0,13.0,48.0,46.0,70.0,13.0
2017-11-16,16.0,1.0,13.0,23.0,63.0,61.0,13.0,58.0,56.0,81.0,9.0
2017-11-17,17.0,1.0,16.0,22.0,62.0,58.0,17.0,60.0,29.0,67.0,12.0
2017-11-18,4.0,1.0,4.0,8.0,84.0,59.0,6.0,9.0,32.0,35.0,0.0
2017-11-19,3.0,1.0,1.0,4.0,68.0,59.0,2.0,7.0,47.0,32.0,8.0
2017-11-20,14.0,1.0,11.0,24.0,64.0,59.0,11.0,26.0,54.0,70.0,4.0
2017-11-21,15.0,1.0,15.0,21.0,62.0,59.0,29.0,32.0,62.0,86.0,7.0
2017-11-22,13.0,1.0,16.0,19.0,63.0,57.0,13.0,21.0,50.0,83.0,3.0
2017-11-23,7.0,1.0,5.0,6.0,60.0,50.0,0.0,7.0,35.0,70.0,2.0
2017-11-24,9.0,1.0,10.0,12.0,64.0,56.0,12.0,7.0,45.0,58.0,4.0
2017-11-25,3.0,1.0,3.0,6.0,83.0,58.0,6.0,4.0,34.0,29.0,2.0
2017-11-26,2.0,1.0,5.0,5.0,73.0,54.0,4.0,4.0,38.0,30.0,7.0
2017-11-27,14.0,1.0,13.0,16.0,64.0,58.0,14.0,19.0,40.0,74.0,11.0
2017-11-28,15.0,1.0,12.0,22.0,65.0,58.0,14.0,23.0,50.0,72.0,13.0
2017-11-29,20.0,1.0,15.0,38.0,67.0,59.0,22.0,36.0,42.0,78.0,11.0
2017-11-30,20.0,1.0,18.0,31.0,61.0,59.0,19.0,41.0,57.0,70.0,28.0
2017-12-01,17.0,1.0,14.0,31.0,61.0,60.0,8.0,24.0,40.0,67.0,50.0
2017-12-02,5.0,1.0,5.0,10.0,75.0,57.0,9.0,21.0,27.0,31.0,6.0
2017-12-03,4.0,1.0,4.0,4.0,72.0,57.0,6.0,2.0,53.0,30.0,8.0
2017-12-04,19.0,1.0,26.0,37.0,63.0,59.0,37.0,18.0,61.0,72.0,20.0
2017-12-05,18.0,1.0,20.0,34.0,63.0,60.0,39.0,22.0,58.0,71.0,25.0
2017-12-06,16.0,1.0,16.0,21.0,64.0,58.0,53.0,24.0,79.0,75.0,14.0
2017-12-07,14.0,1.0,15.0,24.0,60.0,59.0,42.0,24.0,66.0,80.0,23.0
2017-12-08,13.0,1.0,11.0,24.0,64.0,60.0,10.0,14.0,51.0,58.0,17.0
2017-12-09,3.0,1.0,7.0,8.0,67.0,61.0,4.0,12.0,33.0,30.0,19.0
2017-12-10,3.0,1.0,2.0,2.0,75.0,58.0,6.0,9.0,24.0,33.0,6.0
2017-12-11,14.0,1.0,14.0,19.0,65.0,59.0,13.0,26.0,69.0,78.0,7.0
2017-12-12,15.0,1.0,26.0,19.0,66.0,60.0,24.0,19.0,63.0,79.0,19.0
2017-12-13,14.0,1.0,21.0,23.0,70.0,58.0,11.0,32.0,45.0,72.0,21.0
2017-12-14,11.0,1.0,18.0,24.0,64.0,61.0,36.0,24.0,58.0,72.0,48.0
2017-12-15,16.0,1.0,20.0,25.0,63.0,61.0,10.0,34.0,54.0,64.0,33.0
2017-12-16,4.0,1.0,9.0,10.0,71.0,59.0,9.0,8.0,33.0,33.0,10.0
2017-12-17,3.0,1.0,5.0,5.0,73.0,59.0,2.0,3.0,40.0,28.0,6.0
2017-12-18,13.0,1.0,16.0,20.0,63.0,60.0,17.0,19.0,60.0,69.0,16.0
2017-12-19,19.0,1.0,24.0,23.0,63.0,61.0,10.0,33.0,42.0,73.0,14.0
2017-12-20,12.0,1.0,17.0,20.0,65.0,60.0,20.0,27.0,60.0,60.0,21.0
2017-12-21,14.0,1.0,16.0,19.0,61.0,59.0,24.0,20.0,49.0,57.0,23.0
2017-12-22,15.0,1.0,16.0,19.0,62.0,58.0,28.0,11.0,49.0,55.0,9.0
2017-12-23,3.0,1.0,7.0,5.0,71.0,58.0,7.0,5.0,34.0,28.0,7.0
2017-12-24,2.0,1.0,5.0,3.0,63.0,56.0,7.0,3.0,43.0,21.0,10.0
2017-12-25,3.0,1.0,4.0,4.0,62.0,54.0,5.0,8.0,27.0,28.0,2.0
2017-12-26,19.0,1.0,16.0,14.0,73.0,61.0,2.0,29.0,30.0,43.0,5.0
2017-12-27,18.0,1.0,16.0,16.0,68.0,63.0,22.0,19.0,35.0,51.0,15.0
2017-12-28,17.0,1.0,18.0,16.0,68.0,60.0,18.0,23.0,56.0,44.0,21.0
2017-12-29,15.0,1.0,12.0,19.0,67.0,60.0,10.0,19.0,42.0,44.0,6.0
2017-12-30,5.0,1.0,8.0,5.0,77.0,59.0,4.0,2.0,34.0,23.0,11.0
2017-12-31,3.0,1.0,3.0,4.0,64.0,57.0,5.0,8.0,37.0,18.0,0.0
2018-01-01,2.0,1.0,7.0,4.0,70.0,59.0,9.0,5.0,34.0,20.0,11.0
2018-01-02,15.0,1.0,17.0,16.0,67.0,65.0,29.0,28.0,55.0,60.0,2.0
2018-01-03,15.0,1.0,16.0,33.0,65.0,65.0,24.0,32.0,41.0,70.0,14.0
2018-01-04,18.0,1.0,19.0,38.0,66.0,63.0,13.0,34.0,48.0,71.0,20.0
2018-01-05,20.0,1.0,20.0,27.0,73.0,67.0,15.0,34.0,31.0,61.0,11.0
2018-01-06,7.0,1.0,9.0,5.0,77.0,62.0,6.0,10.0,38.0,35.0,5.0
2018-01-07,2.0,1.0,3.0,6.0,76.0,60.0,2.0,14.0,48.0,28.0,5.0
2018-01-08,15.0,1.0,20.0,38.0,66.0,63.0,18.0,40.0,71.0,64.0,11.0
2018-01-09,14.0,1.0,14.0,31.0,68.0,62.0,14.0,19.0,55.0,75.0,17.0
2018-01-10,14.0,1.0,17.0,26.0,64.0,61.0,15.0,30.0,63.0,69.0,27.0
2018-01-11,13.0,1.0,20.0,26.0,63.0,61.0,24.0,20.0,46.0,74.0,13.0
2018-01-12,17.0,1.0,16.0,21.0,64.0,59.0,30.0,48.0,48.0,57.0,18.0
2018-01-13,5.0,1.0,9.0,9.0,72.0,59.0,4.0,3.0,46.0,28.0,4.0
2018-01-14,2.0,1.0,4.0,4.0,78.0,57.0,2.0,3.0,43.0,29.0,8.0
2018-01-15,6.0,1.0,8.0,10.0,68.0,59.0,11.0,24.0,57.0,74.0,16.0
2018-01-16,18.0,1.0,20.0,20.0,66.0,61.0,12.0,25.0,60.0,76.0,18.0
2018-01-17,18.0,1.0,17.0,22.0,64.0,63.0,14.0,29.0,74.0,77.0,20.0
2018-01-18,21.0,1.0,28.0,20.0,61.0,57.0,19.0,36.0,55.0,74.0,4.0
2018-01-19,17.0,1.0,22.0,21.0,64.0,60.0,24.0,41.0,50.0,66.0,13.0
2018-01-20,5.0,1.0,7.0,8.0,74.0,58.0,12.0,16.0,32.0,33.0,22.0
2018-01-21,3.0,1.0,4.0,7.0,72.0,57.0,4.0,8.0,35.0,33.0,5.0
2018-01-22,13.0,1.0,19.0,26.0,66.0,58.0,12.0,44.0,50.0,72.0,24.0
2018-01-23,18.0,1.0,21.0,32.0,64.0,58.0,12.0,40.0,65.0,78.0,17.0
2018-01-24,17.0,1.0,26.0,26.0,67.0,59.0,18.0,35.0,70.0,84.0,12.0
2018-01-25,19.0,1.0,25.0,25.0,64.0,59.0,20.0,32.0,70.0,76.0,16.0
2018-01-26,21.0,1.0,23.0,24.0,65.0,61.0,19.0,30.0,52.0,66.0,22.0
2018-01-27,7.0,1.0,13.0,12.0,75.0,57.0,6.0,14.0,31.0,31.0,12.0
2018-01-28,4.0,1.0,9.0,6.0,72.0,58.0,8.0,8.0,48.0,28.0,4.0
2018-01-29,23.0,1.0,29.0,23.0,62.0,57.0,20.0,46.0,63.0,89.0,17.0
2018-01-30,24.0,1.0,33.0,19.0,64.0,59.0,16.0,29.0,54.0,73.0,15.0
2018-01-31,27.0,1.0,64.0,28.0,65.0,58.0,28.0,35.0,54.0,76.0,11.0
2018-02-01,45.0,1.0,61.0,26.0,64.0,57.0,23.0,31.0,62.0,77.0,19.0
2018-02-02,53.0,1.0,42.0,32.0,63.0,58.0,32.0,34.0,55.0,76.0,16.0
2018-02-03,9.0,1.0,17.0,11.0,80.0,57.0,10.0,10.0,39.0,39.0,6.0
2018-02-04,5.0,1.0,5.0,3.0,77.0,56.0,8.0,12.0,48.0,32.0,6.0
2018-02-05,29.0,1.0,31.0,36.0,63.0,57.0,45.0,35.0,65.0,74.0,10.0
2018-02-06,39.0,1.0,51.0,43.0,66.0,61.0,22.0,48.0,62.0,75.0,21.0
2018-02-07,26.0,1.0,28.0,35.0,65.0,59.0,28.0,26.0,65.0,73.0,20.0
2018-02-08,29.0,1.0,31.0,62.0,63.0,60.0,24.0,26.0,38.0,84.0,25.0
2018-02-09,27.0,1.0,42.0,82.0,63.0,60.0,22.0,36.0,67.0,67.0,11.0
2018-02-10,7.0,1.0,12.0,14.0,85.0,56.0,8.0,21.0,30.0,31.0,4.0
2018-02-11,4.0,1.0,4.0,8.0,76.0,56.0,6.0,2.0,43.0,30.0,2.0
2018-02-12,25.0,1.0,22.0,40.0,63.0,59.0,20.0,28.0,61.0,71.0,11.0
2018-02-13,20.0,1.0,26.0,31.0,66.0,59.0,22.0,38.0,51.0,64.0,15.0
2018-02-14,19.0,1.0,23.0,28.0,64.0,57.0,20.0,71.0,52.0,64.0,11.0
2018-02-15,25.0,1.0,20.0,29.0,63.0,58.0,16.0,100.0,53.0,81.0,22.0
2018-02-16,23.0,1.0,23.0,28.0,64.0,59.0,32.0,64.0,58.0,59.0,25.0
2018-02-17,3.0,1.0,8.0,10.0,72.0,58.0,12.0,10.0,62.0,36.0,10.0
2018-02-18,3.0,1.0,3.0,3.0,73.0,57.0,2.0,10.0,52.0,36.0,2.0
2018-02-19,9.0,1.0,10.0,9.0,65.0,57.0,13.0,17.0,42.0,73.0,14.0
2018-02-20,19.0,1.0,18.0,26.0,66.0,59.0,9.0,38.0,65.0,78.0,14.0
2018-02-21,15.0,1.0,23.0,26.0,65.0,58.0,14.0,34.0,45.0,70.0,17.0
2018-02-22,18.0,1.0,20.0,27.0,63.0,59.0,22.0,32.0,65.0,69.0,10.0
2018-02-23,15.0,1.0,15.0,19.0,66.0,61.0,21.0,27.0,42.0,71.0,26.0
2018-02-24,5.0,,7.0,9.0,85.0,61.0,15.0,8.0,8.0,28.0,0.0
2018-02-25,4.0,,2.0,2.0,77.0,58.0,8.0,5.0,22.0,25.0,8.0
2018-02-26,18.0,,20.0,21.0,63.0,61.0,7.0,28.0,45.0,79.0,4.0
2018-02-27,21.0,,21.0,18.0,61.0,58.0,17.0,23.0,72.0,76.0,15.0
2018-02-28,18.0,,17.0,21.0,61.0,60.0,14.0,32.0,40.0,77.0,7.0
2018-03-01,15.0,,19.0,24.0,63.0,61.0,27.0,21.0,57.0,72.0,7.0
2018-03-02,19.0,,19.0,25.0,63.0,69.0,11.0,27.0,39.0,64.0,23.0
2018-03-03,4.0,,2.0,7.0,72.0,66.0,8.0,11.0,25.0,33.0,17.0
2018-03-04,2.0,,5.0,4.0,70.0,62.0,0.0,3.0,40.0,28.0,4.0
2018-03-05,19.0,,16.0,17.0,63.0,63.0,14.0,16.0,81.0,78.0,7.0
2018-03-06,15.0,,23.0,21.0,65.0,63.0,16.0,34.0,74.0,78.0,22.0
2018-03-07,14.0,,17.0,25.0,63.0,64.0,27.0,33.0,55.0,80.0,7.0
2018-03-08,17.0,,19.0,17.0,64.0,68.0,11.0,24.0,43.0,61.0,38.0
2018-03-09,19.0,,24.0,24.0,64.0,63.0,40.0,37.0,39.0,57.0,12.0
2018-03-10,4.0,,5.0,7.0,85.0,60.0,15.0,19.0,46.0,32.0,21.0
2018-03-11,4.0,,3.0,4.0,77.0,58.0,8.0,5.0,30.0,29.0,8.0
2018-03-12,16.0,,21.0,22.0,64.0,62.0,61.0,25.0,52.0,64.0,33.0
2018-03-13,16.0,,23.0,21.0,64.0,62.0,61.0,28.0,57.0,70.0,22.0
2018-03-14,12.0,,16.0,14.0,64.0,59.0,34.0,23.0,49.0,67.0,29.0
2018-03-15,11.0,,20.0,17.0,63.0,60.0,48.0,23.0,47.0,73.0,71.0
2018-03-16,16.0,,24.0,16.0,63.0,62.0,61.0,27.0,50.0,58.0,43.0
2018-03-17,2.0,,5.0,6.0,83.0,58.0,15.0,11.0,49.0,30.0,30.0
2018-03-18,3.0,,4.0,5.0,72.0,58.0,8.0,3.0,34.0,27.0,4.0
2018-03-19,16.0,,17.0,20.0,62.0,65.0,24.0,21.0,60.0,73.0,41.0
2018-03-20,15.0,,19.0,25.0,61.0,62.0,20.0,25.0,54.0,80.0,26.0
2018-03-21,16.0,,16.0,18.0,59.0,62.0,30.0,21.0,46.0,73.0,4.0
2018-03-22,14.0,,29.0,24.0,64.0,65.0,11.0,26.0,78.0,80.0,34.0
2018-03-23,18.0,,17.0,23.0,68.0,59.0,15.0,22.0,60.0,76.0,27.0
2018-03-24,4.0,,11.0,9.0,70.0,59.0,4.0,11.0,37.0,34.0,0.0
2018-03-25,4.0,,4.0,5.0,69.0,60.0,4.0,11.0,25.0,31.0,4.0
2018-03-26,17.0,,35.0,21.0,65.0,62.0,28.0,28.0,75.0,68.0,30.0
2018-03-27,21.0,,46.0,35.0,69.0,61.0,11.0,47.0,47.0,78.0,37.0
2018-03-28,21.0,,26.0,39.0,63.0,62.0,17.0,19.0,52.0,74.0,43.0
2018-03-29,18.0,,35.0,28.0,62.0,61.0,33.0,25.0,42.0,69.0,24.0
2018-03-30,10.0,,16.0,18.0,68.0,62.0,12.0,11.0,43.0,40.0,21.0
2018-03-31,4.0,,5.0,4.0,81.0,57.0,8.0,6.0,14.0,23.0,13.0
2018-04-01,3.0,,6.0,5.0,77.0,55.0,0.0,8.0,24.0,19.0,13.0
2018-04-02,24.0,,33.0,23.0,65.0,62.0,18.0,23.0,21.0,65.0,28.0
2018-04-03,19.0,,21.0,21.0,67.0,60.0,14.0,26.0,36.0,82.0,11.0
2018-04-04,19.0,,18.0,24.0,69.0,62.0,21.0,16.0,80.0,73.0,22.0
2018-04-05,14.0,,22.0,29.0,64.0,60.0,32.0,34.0,52.0,78.0,23.0
2018-04-06,16.0,,24.0,26.0,61.0,63.0,33.0,20.0,59.0,66.0,24.0
2018-04-07,2.0,,5.0,7.0,74.0,58.0,4.0,3.0,49.0,31.0,4.0
2018-04-08,2.0,,4.0,2.0,70.0,60.0,0.0,3.0,41.0,26.0,0.0
2018-04-09,15.0,,28.0,24.0,62.0,62.0,45.0,16.0,50.0,75.0,22.0
2018-04-10,16.0,,22.0,25.0,70.0,60.0,4.0,44.0,37.0,73.0,22.0
2018-04-11,16.0,,15.0,19.0,64.0,60.0,14.0,21.0,50.0,70.0,19.0
2018-04-12,14.0,,24.0,21.0,64.0,60.0,24.0,29.0,58.0,63.0,34.0
2018-04-13,13.0,,17.0,23.0,63.0,62.0,15.0,22.0,56.0,67.0,31.0
2018-04-14,4.0,,6.0,4.0,69.0,60.0,8.0,14.0,30.0,38.0,0.0
2018-04-15,1.0,,5.0,3.0,73.0,59.0,0.0,5.0,35.0,35.0,9.0
2018-04-16,13.0,,17.0,18.0,61.0,58.0,31.0,12.0,62.0,84.0,15.0
2018-04-17,16.0,,27.0,21.0,64.0,62.0,24.0,35.0,61.0,76.0,23.0
2018-04-18,16.0,,22.0,22.0,59.0,60.0,7.0,12.0,59.0,77.0,27.0
2018-04-19,18.0,,28.0,21.0,61.0,58.0,24.0,19.0,53.0,64.0,15.0
2018-04-20,20.0,,28.0,24.0,61.0,60.0,15.0,23.0,53.0,61.0,20.0
2018-04-21,6.0,,5.0,3.0,71.0,57.0,9.0,0.0,27.0,30.0,4.0
2018-04-22,4.0,,6.0,3.0,73.0,58.0,0.0,5.0,46.0,33.0,0.0
2018-04-23,18.0,,20.0,19.0,64.0,60.0,4.0,21.0,60.0,72.0,19.0
2018-04-24,17.0,,22.0,21.0,69.0,56.0,7.0,19.0,67.0,76.0,15.0
2018-04-25,22.0,,27.0,23.0,65.0,61.0,24.0,19.0,43.0,80.0,23.0
2018-04-26,18.0,,68.0,19.0,59.0,58.0,24.0,24.0,36.0,73.0,15.0
2018-04-27,17.0,,60.0,20.0,63.0,62.0,12.0,28.0,60.0,59.0,20.0
2018-04-28,7.0,,7.0,6.0,69.0,59.0,20.0,6.0,39.0,33.0,4.0
2018-04-29,3.0,,5.0,5.0,70.0,58.0,8.0,3.0,23.0,25.0,4.0
2018-04-30,24.0,,29.0,17.0,64.0,62.0,21.0,24.0,45.0,63.0,16.0
2018-05-01,61.0,,22.0,20.0,65.0,64.0,18.0,17.0,58.0,49.0,8.0
2018-05-02,56.0,,14.0,20.0,69.0,59.0,35.0,24.0,53.0,72.0,26.0
2018-05-03,27.0,1.0,21.0,18.0,63.0,60.0,16.0,17.0,46.0,69.0,22.0
2018-05-04,35.0,1.0,21.0,23.0,63.0,61.0,11.0,23.0,53.0,64.0,24.0
2018-05-05,9.0,1.0,7.0,8.0,80.0,61.0,9.0,5.0,26.0,35.0,2.0
2018-05-06,5.0,1.0,4.0,3.0,77.0,59.0,4.0,1.0,29.0,32.0,7.0
2018-05-07,27.0,1.0,19.0,31.0,64.0,62.0,16.0,17.0,58.0,77.0,30.0
2018-05-08,27.0,1.0,26.0,37.0,65.0,61.0,15.0,21.0,79.0,73.0,20.0
2018-05-09,19.0,1.0,25.0,35.0,65.0,58.0,17.0,29.0,44.0,66.0,20.0
2018-05-10,24.0,1.0,21.0,78.0,65.0,61.0,21.0,34.0,56.0,62.0,22.0
2018-05-11,25.0,1.0,23.0,66.0,64.0,62.0,15.0,35.0,38.0,65.0,23.0
2018-05-12,5.0,1.0,6.0,12.0,71.0,63.0,16.0,5.0,40.0,30.0,10.0
2018-05-13,5.0,1.0,4.0,7.0,71.0,60.0,2.0,6.0,10.0,28.0,9.0
2018-05-14,17.0,1.0,20.0,30.0,64.0,63.0,9.0,31.0,51.0,63.0,22.0
2018-05-15,19.0,1.0,23.0,31.0,64.0,60.0,9.0,32.0,55.0,78.0,18.0
2018-05-16,19.0,1.0,25.0,26.0,62.0,61.0,19.0,62.0,42.0,73.0,20.0
2018-05-17,19.0,1.0,19.0,24.0,65.0,62.0,19.0,64.0,40.0,74.0,20.0
2018-05-18,15.0,1.0,17.0,26.0,64.0,60.0,13.0,29.0,37.0,69.0,23.0
2018-05-19,4.0,1.0,6.0,2.0,72.0,59.0,10.0,3.0,31.0,35.0,9.0
2018-05-20,3.0,1.0,4.0,2.0,73.0,62.0,4.0,14.0,41.0,32.0,10.0
2018-05-21,18.0,1.0,21.0,22.0,64.0,64.0,15.0,33.0,41.0,67.0,30.0
2018-05-22,14.0,1.0,15.0,25.0,60.0,60.0,19.0,28.0,50.0,68.0,19.0
2018-05-23,14.0,1.0,18.0,21.0,66.0,62.0,10.0,23.0,41.0,70.0,34.0
2018-05-24,18.0,1.0,20.0,28.0,63.0,62.0,15.0,25.0,48.0,68.0,32.0
2018-05-25,15.0,1.0,14.0,23.0,64.0,62.0,15.0,18.0,42.0,65.0,25.0
2018-05-26,3.0,1.0,8.0,6.0,77.0,57.0,16.0,8.0,43.0,29.0,11.0
2018-05-27,5.0,1.0,3.0,5.0,67.0,60.0,6.0,4.0,36.0,28.0,0.0
2018-05-28,4.0,1.0,5.0,5.0,64.0,58.0,5.0,5.0,48.0,56.0,10.0
2018-05-29,16.0,1.0,22.0,12.0,62.0,63.0,17.0,30.0,38.0,76.0,29.0
2018-05-30,11.0,1.0,18.0,19.0,61.0,61.0,17.0,15.0,59.0,79.0,16.0
2018-05-31,14.0,1.0,31.0,19.0,61.0,64.0,11.0,15.0,48.0,63.0,16.0
2018-06-01,17.0,1.0,30.0,19.0,63.0,65.0,13.0,28.0,51.0,62.0,8.0
2018-06-02,5.0,1.0,13.0,7.0,71.0,61.0,13.0,12.0,23.0,33.0,18.0
2018-06-03,3.0,1.0,11.0,4.0,72.0,60.0,8.0,7.0,20.0,34.0,4.0
2018-06-04,21.0,1.0,50.0,19.0,62.0,63.0,16.0,25.0,58.0,71.0,12.0
2018-06-05,23.0,1.0,34.0,25.0,59.0,63.0,21.0,16.0,56.0,69.0,24.0
2018-06-06,21.0,1.0,33.0,19.0,61.0,62.0,18.0,17.0,40.0,72.0,16.0
2018-06-07,16.0,1.0,26.0,20.0,63.0,62.0,51.0,27.0,39.0,72.0,22.0
2018-06-08,18.0,1.0,26.0,14.0,61.0,60.0,40.0,27.0,60.0,60.0,21.0
2018-06-09,4.0,1.0,9.0,6.0,76.0,59.0,16.0,8.0,25.0,33.0,11.0
2018-06-10,3.0,1.0,6.0,3.0,69.0,58.0,10.0,5.0,26.0,29.0,13.0
2018-06-11,13.0,1.0,26.0,18.0,61.0,63.0,15.0,29.0,46.0,71.0,23.0
2018-06-12,11.0,1.0,20.0,21.0,60.0,60.0,20.0,24.0,59.0,75.0,24.0
2018-06-13,15.0,1.0,19.0,20.0,63.0,63.0,26.0,28.0,36.0,67.0,15.0
2018-06-14,17.0,1.0,24.0,17.0,60.0,61.0,20.0,21.0,46.0,63.0,100.0
2018-06-15,15.0,1.0,21.0,13.0,65.0,62.0,33.0,19.0,45.0,58.0,66.0
2018-06-16,2.0,1.0,5.0,4.0,75.0,55.0,8.0,4.0,43.0,29.0,11.0
2018-06-17,2.0,1.0,4.0,4.0,71.0,56.0,4.0,7.0,23.0,23.0,13.0
2018-06-18,13.0,1.0,20.0,14.0,67.0,62.0,26.0,27.0,45.0,74.0,32.0
2018-06-19,17.0,1.0,22.0,14.0,63.0,60.0,20.0,29.0,39.0,82.0,42.0
2018-06-20,18.0,1.0,22.0,19.0,61.0,63.0,17.0,19.0,50.0,72.0,36.0
2018-06-21,15.0,1.0,26.0,14.0,64.0,62.0,19.0,8.0,45.0,64.0,28.0
2018-06-22,11.0,1.0,25.0,13.0,63.0,67.0,3.0,23.0,61.0,59.0,20.0
2018-06-23,5.0,1.0,7.0,4.0,72.0,59.0,2.0,8.0,40.0,29.0,4.0
2018-06-24,3.0,1.0,2.0,3.0,76.0,60.0,2.0,3.0,27.0,30.0,9.0
2018-06-25,14.0,1.0,20.0,26.0,62.0,64.0,12.0,12.0,55.0,67.0,30.0
2018-06-26,14.0,1.0,25.0,16.0,65.0,61.0,7.0,21.0,47.0,68.0,17.0
2018-06-27,11.0,1.0,23.0,17.0,65.0,61.0,15.0,22.0,43.0,64.0,25.0
2018-06-28,14.0,1.0,17.0,21.0,70.0,63.0,25.0,10.0,49.0,74.0,16.0
2018-06-29,13.0,1.0,21.0,18.0,61.0,65.0,6.0,31.0,51.0,65.0,10.0
2018-06-30,3.0,1.0,7.0,5.0,68.0,61.0,2.0,5.0,30.0,30.0,7.0
2018-07-01,2.0,1.0,8.0,4.0,73.0,57.0,0.0,3.0,23.0,33.0,2.0
2018-07-02,11.0,1.0,11.0,12.0,67.0,61.0,14.0,26.0,33.0,63.0,29.0
2018-07-03,13.0,1.0,18.0,16.0,75.0,64.0,19.0,21.0,45.0,70.0,23.0
2018-07-04,4.0,1.0,5.0,8.0,63.0,57.0,7.0,9.0,41.0,61.0,18.0
2018-07-05,10.0,1.0,13.0,17.0,61.0,63.0,15.0,18.0,48.0,63.0,23.0
2018-07-06,12.0,1.0,19.0,13.0,69.0,62.0,5.0,31.0,33.0,53.0,10.0
2018-07-07,4.0,1.0,5.0,3.0,87.0,59.0,8.0,9.0,34.0,27.0,4.0
2018-07-08,1.0,1.0,7.0,4.0,73.0,58.0,10.0,7.0,35.0,29.0,14.0
2018-07-09,16.0,1.0,26.0,18.0,66.0,64.0,12.0,33.0,55.0,67.0,39.0
2018-07-10,15.0,1.0,18.0,17.0,69.0,62.0,10.0,37.0,65.0,65.0,18.0
2018-07-11,14.0,1.0,17.0,20.0,79.0,61.0,26.0,26.0,44.0,71.0,24.0
2018-07-12,14.0,1.0,25.0,20.0,66.0,60.0,97.0,24.0,50.0,71.0,28.0
2018-07-13,12.0,1.0,26.0,18.0,63.0,64.0,70.0,29.0,44.0,62.0,48.0
2018-07-14,4.0,1.0,14.0,7.0,85.0,60.0,23.0,17.0,35.0,34.0,4.0
2018-07-15,2.0,1.0,5.0,4.0,72.0,59.0,13.0,5.0,17.0,28.0,12.0
2018-07-16,15.0,1.0,20.0,15.0,59.0,63.0,62.0,17.0,50.0,68.0,20.0
2018-07-17,16.0,1.0,29.0,14.0,61.0,67.0,69.0,6.0,46.0,74.0,42.0
2018-07-18,15.0,1.0,29.0,16.0,60.0,62.0,23.0,17.0,55.0,73.0,28.0
2018-07-19,14.0,1.0,69.0,13.0,57.0,63.0,24.0,25.0,67.0,76.0,20.0
2018-07-20,15.0,1.0,91.0,15.0,60.0,64.0,34.0,19.0,38.0,61.0,21.0
2018-07-21,3.0,1.0,17.0,3.0,69.0,62.0,6.0,3.0,23.0,32.0,14.0
2018-07-22,1.0,1.0,7.0,2.0,67.0,61.0,6.0,4.0,38.0,28.0,2.0
2018-07-23,12.0,1.0,33.0,18.0,59.0,66.0,43.0,11.0,47.0,67.0,18.0
2018-07-24,16.0,1.0,38.0,16.0,62.0,63.0,27.0,32.0,52.0,75.0,20.0
2018-07-25,18.0,1.0,36.0,19.0,61.0,63.0,46.0,23.0,48.0,77.0,10.0
2018-07-26,23.0,1.0,38.0,19.0,63.0,63.0,38.0,32.0,45.0,69.0,14.0
2018-07-27,23.0,1.0,37.0,15.0,57.0,64.0,16.0,30.0,51.0,62.0,28.0
2018-07-28,6.0,1.0,12.0,5.0,71.0,62.0,10.0,7.0,25.0,28.0,7.0
2018-07-29,4.0,1.0,6.0,3.0,69.0,61.0,13.0,6.0,45.0,30.0,2.0
2018-07-30,23.0,1.0,25.0,20.0,61.0,64.0,30.0,15.0,40.0,77.0,30.0
2018-07-31,66.0,1.0,27.0,17.0,60.0,61.0,24.0,32.0,51.0,74.0,25.0
2018-08-01,74.0,1.0,30.0,16.0,62.0,63.0,33.0,14.0,51.0,74.0,32.0
2018-08-02,62.0,1.0,29.0,16.0,61.0,63.0,18.0,22.0,40.0,74.0,32.0
2018-08-03,42.0,1.0,26.0,19.0,65.0,66.0,35.0,25.0,36.0,60.0,16.0
2018-08-04,9.0,1.0,6.0,4.0,73.0,65.0,4.0,7.0,20.0,42.0,2.0
2018-08-05,7.0,1.0,4.0,3.0,73.0,60.0,4.0,2.0,34.0,30.0,0.0
2018-08-06,23.0,1.0,29.0,16.0,61.0,62.0,30.0,26.0,52.0,81.0,21.0
2018-08-07,26.0,1.0,25.0,18.0,60.0,62.0,33.0,27.0,47.0,81.0,32.0
2018-08-08,23.0,1.0,25.0,19.0,59.0,61.0,21.0,22.0,45.0,73.0,20.0
2018-08-09,21.0,1.0,32.0,21.0,63.0,65.0,32.0,19.0,34.0,77.0,16.0
2018-08-10,16.0,1.0,21.0,13.0,64.0,62.0,30.0,22.0,53.0,73.0,16.0
2018-08-11,3.0,1.0,7.0,4.0,72.0,62.0,6.0,12.0,30.0,30.0,2.0
2018-08-12,3.0,,5.0,6.0,72.0,61.0,0.0,3.0,15.0,36.0,0.0
2018-08-13,17.0,,25.0,18.0,60.0,63.0,14.0,24.0,52.0,80.0,8.0
2018-08-14,20.0,,25.0,32.0,64.0,62.0,17.0,19.0,54.0,72.0,37.0
2018-08-15,24.0,,29.0,34.0,62.0,64.0,37.0,91.0,33.0,63.0,17.0
2018-08-16,22.0,,30.0,68.0,61.0,60.0,18.0,87.0,28.0,74.0,4.0
2018-08-17,21.0,,24.0,54.0,60.0,60.0,18.0,74.0,33.0,63.0,17.0
2018-08-18,7.0,,8.0,8.0,71.0,63.0,4.0,5.0,27.0,37.0,19.0
2018-08-19,3.0,,3.0,7.0,70.0,59.0,4.0,14.0,19.0,31.0,5.0
2018-08-20,21.0,,16.0,43.0,63.0,61.0,33.0,23.0,64.0,68.0,17.0
2018-08-21,24.0,,22.0,30.0,63.0,62.0,25.0,30.0,48.0,73.0,21.0
2018-08-22,21.0,,21.0,30.0,61.0,64.0,15.0,20.0,46.0,70.0,13.0
2018-08-23,19.0,,22.0,30.0,60.0,62.0,29.0,27.0,51.0,78.0,12.0
2018-08-24,19.0,,22.0,25.0,59.0,61.0,26.0,36.0,33.0,67.0,26.0
2018-08-25,4.0,,12.0,7.0,76.0,58.0,0.0,14.0,36.0,35.0,0.0
2018-08-26,4.0,,5.0,4.0,70.0,58.0,8.0,20.0,20.0,36.0,5.0
2018-08-27,20.0,,28.0,26.0,63.0,60.0,11.0,44.0,54.0,67.0,28.0
2018-08-28,24.0,,28.0,34.0,62.0,59.0,17.0,41.0,36.0,76.0,24.0
2018-08-29,24.0,,29.0,23.0,60.0,60.0,24.0,26.0,42.0,90.0,36.0
2018-08-30,27.0,,24.0,22.0,62.0,60.0,35.0,19.0,49.0,80.0,45.0
2018-08-31,28.0,,23.0,24.0,64.0,60.0,40.0,23.0,42.0,80.0,17.0
2018-09-01,8.0,,10.0,6.0,72.0,57.0,8.0,19.0,20.0,35.0,5.0
2018-09-02,3.0,,5.0,4.0,81.0,59.0,4.0,14.0,13.0,34.0,5.0
2018-09-03,6.0,,8.0,5.0,60.0,55.0,15.0,7.0,36.0,71.0,16.0
2018-09-04,17.0,,30.0,22.0,62.0,62.0,24.0,24.0,58.0,79.0,16.0
2018-09-05,22.0,,22.0,24.0,62.0,62.0,20.0,19.0,42.0,91.0,8.0
2018-09-06,18.0,,24.0,21.0,64.0,59.0,38.0,12.0,44.0,75.0,16.0
2018-09-07,22.0,,23.0,17.0,66.0,61.0,66.0,13.0,31.0,60.0,17.0
2018-09-08,6.0,,5.0,4.0,77.0,60.0,15.0,14.0,22.0,35.0,9.0
2018-09-09,2.0,,5.0,2.0,75.0,58.0,4.0,8.0,18.0,37.0,9.0
2018-09-10,23.0,,20.0,11.0,65.0,58.0,45.0,16.0,24.0,81.0,16.0
2018-09-11,24.0,,25.0,17.0,65.0,56.0,38.0,28.0,50.0,77.0,32.0
2018-09-12,39.0,,29.0,17.0,59.0,60.0,27.0,31.0,42.0,78.0,28.0
2018-09-13,34.0,,38.0,23.0,58.0,64.0,35.0,19.0,54.0,74.0,85.0
2018-09-14,27.0,,26.0,15.0,59.0,69.0,17.0,17.0,32.0,67.0,98.0
2018-09-15,4.0,,8.0,7.0,75.0,61.0,12.0,11.0,18.0,39.0,23.0
2018-09-16,3.0,,4.0,3.0,68.0,60.0,12.0,3.0,37.0,35.0,0.0
2018-09-17,23.0,,25.0,21.0,59.0,62.0,27.0,21.0,28.0,78.0,31.0
2018-09-18,26.0,,37.0,19.0,62.0,59.0,27.0,28.0,33.0,79.0,39.0
2018-09-19,22.0,,26.0,16.0,65.0,61.0,14.0,21.0,54.0,83.0,20.0
2018-09-20,19.0,,26.0,19.0,62.0,62.0,42.0,31.0,64.0,88.0,36.0
2018-09-21,18.0,,27.0,13.0,64.0,57.0,21.0,20.0,53.0,69.0,33.0
2018-09-22,5.0,,9.0,5.0,73.0,58.0,8.0,5.0,33.0,36.0,14.0
2018-09-23,3.0,,5.0,3.0,73.0,55.0,4.0,5.0,20.0,38.0,4.0
2018-09-24,16.0,,20.0,17.0,60.0,62.0,27.0,24.0,39.0,88.0,39.0
2018-09-25,20.0,,31.0,18.0,60.0,56.0,24.0,25.0,66.0,79.0,36.0
2018-09-26,18.0,,26.0,16.0,64.0,60.0,27.0,30.0,47.0,77.0,23.0
2018-09-27,16.0,,21.0,16.0,64.0,59.0,17.0,22.0,29.0,84.0,36.0
2018-09-28,22.0,,17.0,26.0,78.0,60.0,25.0,30.0,56.0,74.0,42.0
2018-09-29,5.0,,9.0,6.0,77.0,58.0,12.0,16.0,28.0,36.0,9.0
2018-09-30,3.0,,8.0,4.0,69.0,56.0,4.0,3.0,20.0,36.0,4.0
2018-10-01,18.0,,24.0,31.0,62.0,60.0,31.0,44.0,50.0,72.0,8.0
2018-10-02,15.0,,26.0,21.0,64.0,61.0,14.0,35.0,72.0,70.0,16.0
2018-10-03,24.0,,19.0,20.0,63.0,59.0,31.0,28.0,33.0,75.0,16.0
2018-10-04,22.0,,26.0,17.0,60.0,58.0,11.0,21.0,42.0,76.0,24.0
2018-10-05,17.0,,26.0,17.0,64.0,59.0,29.0,17.0,51.0,69.0,29.0
2018-10-06,5.0,,10.0,4.0,76.0,60.0,4.0,3.0,20.0,35.0,9.0
2018-10-07,3.0,,6.0,2.0,84.0,62.0,4.0,5.0,27.0,35.0,13.0
2018-10-08,17.0,,23.0,14.0,64.0,59.0,7.0,19.0,51.0,67.0,36.0
2018-10-09,19.0,,26.0,14.0,60.0,62.0,16.0,42.0,54.0,71.0,39.0
2018-10-10,26.0,,35.0,24.0,58.0,61.0,14.0,29.0,47.0,78.0,57.0
2018-10-11,37.0,,44.0,29.0,64.0,62.0,21.0,26.0,27.0,87.0,45.0
2018-10-12,28.0,,34.0,30.0,64.0,60.0,26.0,31.0,43.0,54.0,43.0
2018-10-13,4.0,,7.0,3.0,70.0,62.0,0.0,11.0,34.0,42.0,9.0
2018-10-14,3.0,,5.0,4.0,67.0,58.0,4.0,11.0,23.0,40.0,5.0
2018-10-15,19.0,,26.0,26.0,64.0,62.0,17.0,24.0,42.0,72.0,40.0
2018-10-16,20.0,,31.0,22.0,64.0,61.0,21.0,43.0,71.0,75.0,84.0
2018-10-17,18.0,,26.0,26.0,63.0,62.0,17.0,22.0,59.0,71.0,44.0
2018-10-18,16.0,,26.0,14.0,59.0,60.0,15.0,30.0,46.0,74.0,25.0
2018-10-19,18.0,1.0,35.0,22.0,60.0,59.0,11.0,16.0,46.0,60.0,20.0
2018-10-20,4.0,1.0,6.0,8.0,70.0,58.0,14.0,0.0,22.0,34.0,2.0
2018-10-21,3.0,1.0,5.0,4.0,68.0,57.0,3.0,6.0,16.0,33.0,8.0
2018-10-22,18.0,1.0,23.0,18.0,63.0,59.0,14.0,21.0,60.0,72.0,14.0
2018-10-23,20.0,1.0,33.0,24.0,63.0,60.0,15.0,22.0,55.0,79.0,31.0
2018-10-24,20.0,1.0,86.0,41.0,65.0,58.0,14.0,18.0,49.0,75.0,24.0
2018-10-25,22.0,1.0,90.0,46.0,64.0,57.0,19.0,20.0,59.0,71.0,17.0
2018-10-26,27.0,1.0,53.0,24.0,64.0,58.0,16.0,28.0,40.0,62.0,21.0
2018-10-27,6.0,1.0,10.0,6.0,71.0,55.0,5.0,4.0,21.0,30.0,6.0
2018-10-28,3.0,1.0,7.0,4.0,72.0,55.0,13.0,1.0,19.0,37.0,4.0
2018-10-29,19.0,1.0,31.0,34.0,63.0,57.0,22.0,8.0,60.0,71.0,25.0
2018-10-30,24.0,1.0,45.0,36.0,64.0,57.0,15.0,8.0,87.0,70.0,32.0
2018-10-31,30.0,1.0,38.0,36.0,64.0,56.0,6.0,19.0,49.0,70.0,20.0
2018-11-01,64.0,1.0,32.0,28.0,64.0,58.0,19.0,18.0,43.0,64.0,19.0
2018-11-02,74.0,1.0,41.0,31.0,64.0,60.0,23.0,16.0,68.0,56.0,18.0
2018-11-03,10.0,1.0,6.0,4.0,85.0,57.0,3.0,9.0,29.0,30.0,14.0
2018-11-04,6.0,1.0,4.0,4.0,69.0,56.0,6.0,5.0,23.0,29.0,13.0
2018-11-05,31.0,1.0,21.0,21.0,64.0,60.0,22.0,11.0,50.0,73.0,16.0
2018-11-06,28.0,1.0,26.0,20.0,64.0,61.0,24.0,20.0,51.0,69.0,15.0
2018-11-07,28.0,1.0,28.0,25.0,64.0,60.0,24.0,23.0,44.0,67.0,29.0
2018-11-08,23.0,1.0,29.0,20.0,64.0,56.0,16.0,33.0,65.0,69.0,11.0
2018-11-09,19.0,1.0,24.0,22.0,64.0,57.0,21.0,40.0,51.0,70.0,20.0
2018-11-10,6.0,1.0,4.0,4.0,83.0,56.0,3.0,4.0,31.0,35.0,11.0
2018-11-11,2.0,1.0,7.0,3.0,82.0,54.0,2.0,4.0,32.0,32.0,2.0
2018-11-12,32.0,1.0,20.0,23.0,63.0,55.0,38.0,26.0,38.0,71.0,21.0
2018-11-13,29.0,1.0,28.0,26.0,62.0,55.0,18.0,24.0,55.0,74.0,10.0
2018-11-14,38.0,1.0,24.0,34.0,63.0,57.0,19.0,44.0,63.0,74.0,11.0
2018-11-15,34.0,1.0,28.0,71.0,69.0,56.0,34.0,42.0,31.0,65.0,31.0
2018-11-16,30.0,1.0,25.0,100.0,63.0,59.0,21.0,29.0,44.0,69.0,6.0
2018-11-17,6.0,1.0,8.0,22.0,78.0,56.0,5.0,4.0,17.0,39.0,4.0
2018-11-18,3.0,1.0,5.0,8.0,72.0,55.0,7.0,1.0,43.0,30.0,11.0
2018-11-19,30.0,1.0,22.0,46.0,67.0,58.0,16.0,12.0,50.0,76.0,27.0
2018-11-20,36.0,1.0,37.0,56.0,66.0,57.0,10.0,19.0,61.0,76.0,14.0
2018-11-21,33.0,1.0,27.0,33.0,64.0,54.0,12.0,13.0,61.0,71.0,16.0
2018-11-22,8.0,1.0,15.0,14.0,62.0,46.0,11.0,11.0,41.0,63.0,18.0
2018-11-23,20.0,1.0,18.0,16.0,67.0,52.0,18.0,13.0,49.0,55.0,19.0
2018-11-24,7.0,1.0,11.0,6.0,83.0,53.0,17.0,3.0,33.0,33.0,2.0
2018-11-25,5.0,1.0,7.0,4.0,76.0,55.0,5.0,6.0,20.0,33.0,6.0
2018-11-26,30.0,1.0,27.0,30.0,63.0,59.0,12.0,23.0,44.0,78.0,21.0
2018-11-27,30.0,1.0,31.0,27.0,64.0,56.0,15.0,16.0,58.0,88.0,21.0
2018-11-28,31.0,1.0,42.0,35.0,66.0,56.0,10.0,23.0,55.0,96.0,22.0
2018-11-29,28.0,1.0,39.0,29.0,63.0,57.0,15.0,23.0,55.0,75.0,27.0
2018-11-30,22.0,1.0,35.0,28.0,67.0,56.0,22.0,22.0,30.0,66.0,26.0
2018-12-01,8.0,1.0,13.0,6.0,74.0,56.0,14.0,11.0,27.0,40.0,5.0
2018-12-02,4.0,1.0,8.0,8.0,86.0,56.0,11.0,5.0,23.0,30.0,10.0
2018-12-03,28.0,1.0,26.0,31.0,62.0,56.0,26.0,30.0,64.0,75.0,28.0
2018-12-04,29.0,1.0,38.0,25.0,65.0,56.0,24.0,37.0,67.0,78.0,19.0
2018-12-05,14.0,1.0,17.0,16.0,69.0,55.0,9.0,12.0,54.0,77.0,14.0
2018-12-06,28.0,1.0,36.0,21.0,65.0,54.0,56.0,21.0,46.0,64.0,24.0
2018-12-07,26.0,1.0,31.0,24.0,64.0,54.0,56.0,26.0,34.0,64.0,19.0
2018-12-08,8.0,1.0,11.0,6.0,75.0,53.0,7.0,10.0,45.0,31.0,21.0
2018-12-09,4.0,1.0,6.0,4.0,73.0,54.0,7.0,1.0,28.0,34.0,0.0
2018-12-10,28.0,1.0,28.0,20.0,64.0,55.0,24.0,19.0,45.0,69.0,19.0
2018-12-11,26.0,1.0,26.0,22.0,66.0,55.0,33.0,13.0,69.0,76.0,14.0
2018-12-12,24.0,1.0,30.0,31.0,61.0,57.0,38.0,25.0,40.0,74.0,24.0
2018-12-13,23.0,1.0,26.0,19.0,61.0,56.0,26.0,21.0,59.0,72.0,37.0
2018-12-14,21.0,1.0,24.0,20.0,65.0,57.0,24.0,15.0,35.0,63.0,57.0
2018-12-15,8.0,1.0,14.0,8.0,69.0,57.0,7.0,8.0,37.0,34.0,2.0
2018-12-16,4.0,1.0,1.0,2.0,71.0,55.0,0.0,4.0,29.0,31.0,5.0
2018-12-17,19.0,1.0,24.0,16.0,65.0,58.0,34.0,24.0,58.0,63.0,22.0
2018-12-18,22.0,1.0,32.0,22.0,63.0,56.0,25.0,25.0,53.0,66.0,23.0
2018-12-19,26.0,1.0,30.0,19.0,61.0,57.0,12.0,30.0,51.0,71.0,38.0
2018-12-20,28.0,1.0,39.0,22.0,58.0,56.0,38.0,12.0,60.0,68.0,22.0
2018-12-21,29.0,1.0,37.0,18.0,59.0,56.0,30.0,22.0,42.0,65.0,27.0
2018-12-22,10.0,1.0,11.0,7.0,70.0,55.0,11.0,3.0,43.0,31.0,15.0
2018-12-23,5.0,1.0,6.0,7.0,65.0,54.0,20.0,8.0,33.0,27.0,7.0
2018-12-24,24.0,1.0,39.0,16.0,59.0,53.0,17.0,31.0,32.0,38.0,7.0
2018-12-25,12.0,1.0,16.0,11.0,61.0,49.0,7.0,19.0,33.0,28.0,14.0
2018-12-26,32.0,1.0,29.0,22.0,73.0,57.0,20.0,21.0,49.0,47.0,25.0
2018-12-27,27.0,1.0,42.0,21.0,64.0,58.0,18.0,28.0,45.0,51.0,32.0
2018-12-28,22.0,1.0,31.0,15.0,68.0,61.0,13.0,34.0,56.0,49.0,22.0
2018-12-29,6.0,1.0,6.0,6.0,87.0,57.0,7.0,12.0,31.0,34.0,13.0
2018-12-30,6.0,1.0,5.0,5.0,72.0,55.0,11.0,12.0,35.0,26.0,4.0
2018-12-31,19.0,1.0,23.0,16.0,59.0,57.0,19.0,21.0,26.0,57.0,17.0
2019-01-01,7.0,1.0,10.0,4.0,68.0,56.0,8.0,4.0,23.0,25.0,8.0
2019-01-02,44.0,1.0,34.0,23.0,65.0,60.0,16.0,19.0,45.0,61.0,13.0
2019-01-03,100.0,1.0,41.0,23.0,73.0,58.0,22.0,31.0,44.0,72.0,22.0
2019-01-04,65.0,1.0,38.0,24.0,67.0,59.0,30.0,27.0,41.0,66.0,27.0
2019-01-05,11.0,1.0,10.0,6.0,73.0,56.0,6.0,9.0,23.0,36.0,8.0
2019-01-06,7.0,1.0,7.0,2.0,70.0,54.0,10.0,5.0,36.0,33.0,0.0
2019-01-07,31.0,1.0,25.0,19.0,65.0,57.0,24.0,29.0,51.0,74.0,29.0
2019-01-08,29.0,1.0,35.0,29.0,63.0,57.0,21.0,23.0,51.0,75.0,20.0
2019-01-09,33.0,1.0,27.0,22.0,63.0,57.0,19.0,25.0,45.0,79.0,25.0
2019-01-10,20.0,1.0,23.0,18.0,62.0,57.0,15.0,26.0,46.0,72.0,12.0
2019-01-11,28.0,1.0,24.0,20.0,63.0,59.0,23.0,25.0,42.0,69.0,20.0
2019-01-12,6.0,1.0,8.0,8.0,72.0,56.0,15.0,4.0,29.0,38.0,6.0
2019-01-13,4.0,1.0,7.0,2.0,70.0,53.0,5.0,8.0,26.0,32.0,0.0
2019-01-14,22.0,1.0,19.0,16.0,60.0,59.0,25.0,14.0,47.0,74.0,21.0
2019-01-15,19.0,1.0,30.0,20.0,64.0,56.0,28.0,12.0,30.0,80.0,31.0
2019-01-16,25.0,1.0,25.0,21.0,61.0,56.0,16.0,18.0,57.0,80.0,25.0
2019-01-17,22.0,1.0,28.0,18.0,61.0,56.0,22.0,14.0,33.0,80.0,19.0
2019-01-18,22.0,1.0,26.0,21.0,63.0,57.0,14.0,24.0,28.0,65.0,17.0
2019-01-19,6.0,1.0,8.0,6.0,75.0,57.0,3.0,16.0,25.0,38.0,6.0
2019-01-20,6.0,1.0,3.0,4.0,68.0,51.0,9.0,6.0,31.0,34.0,8.0
2019-01-21,8.0,1.0,8.0,9.0,62.0,53.0,17.0,7.0,55.0,70.0,15.0
2019-01-22,17.0,1.0,22.0,18.0,60.0,56.0,11.0,7.0,34.0,69.0,24.0
2019-01-23,16.0,1.0,24.0,23.0,64.0,55.0,11.0,15.0,42.0,80.0,12.0
2019-01-24,19.0,1.0,18.0,24.0,63.0,55.0,29.0,18.0,68.0,83.0,14.0
2019-01-25,22.0,1.0,23.0,29.0,67.0,57.0,25.0,24.0,39.0,66.0,32.0
2019-01-26,6.0,1.0,11.0,8.0,71.0,56.0,15.0,6.0,35.0,37.0,4.0
2019-01-27,4.0,1.0,8.0,4.0,69.0,56.0,6.0,5.0,45.0,41.0,9.0
2019-01-28,20.0,,41.0,51.0,65.0,57.0,26.0,12.0,67.0,81.0,18.0
2019-01-29,55.0,,34.0,43.0,65.0,53.0,26.0,12.0,75.0,80.0,21.0
2019-01-30,60.0,,80.0,36.0,67.0,57.0,30.0,17.0,72.0,80.0,9.0
2019-01-31,42.0,,65.0,27.0,62.0,57.0,22.0,32.0,84.0,83.0,30.0
2019-02-01,29.0,,51.0,25.0,70.0,54.0,14.0,28.0,66.0,70.0,15.0
2019-02-02,6.0,,9.0,6.0,85.0,51.0,0.0,12.0,34.0,34.0,7.0
2019-02-03,4.0,,3.0,7.0,73.0,50.0,0.0,0.0,53.0,36.0,6.0
2019-02-04,24.0,,35.0,23.0,66.0,52.0,35.0,14.0,73.0,72.0,15.0
2019-02-05,27.0,,37.0,29.0,65.0,54.0,9.0,23.0,73.0,82.0,9.0
2019-02-06,26.0,,32.0,23.0,69.0,55.0,30.0,21.0,60.0,91.0,11.0
2019-02-07,21.0,,21.0,23.0,63.0,55.0,13.0,17.0,82.0,88.0,18.0
2019-02-08,21.0,,24.0,16.0,64.0,55.0,32.0,17.0,73.0,67.0,9.0
2019-02-09,3.0,,8.0,4.0,85.0,55.0,15.0,12.0,93.0,37.0,7.0
2019-02-10,3.0,,4.0,2.0,82.0,55.0,5.0,2.0,53.0,31.0,6.0
2019-02-11,17.0,,18.0,20.0,62.0,58.0,42.0,20.0,70.0,76.0,14.0
2019-02-12,24.0,,22.0,19.0,64.0,55.0,26.0,22.0,68.0,78.0,20.0
2019-02-13,16.0,,22.0,22.0,66.0,60.0,26.0,46.0,48.0,76.0,14.0
2019-02-14,22.0,,21.0,47.0,64.0,55.0,48.0,72.0,62.0,80.0,18.0
2019-02-15,15.0,,24.0,54.0,64.0,55.0,27.0,35.0,60.0,70.0,6.0
2019-02-16,6.0,,12.0,6.0,69.0,57.0,15.0,9.0,17.0,36.0,3.0
2019-02-17,3.0,,5.0,3.0,69.0,55.0,20.0,2.0,41.0,39.0,7.0
2019-02-18,8.0,,7.0,9.0,65.0,55.0,21.0,9.0,69.0,70.0,6.0
2019-02-19,15.0,,18.0,19.0,66.0,55.0,30.0,39.0,63.0,76.0,17.0
2019-02-20,14.0,,22.0,21.0,65.0,55.0,26.0,29.0,71.0,75.0,14.0
2019-02-21,13.0,,23.0,14.0,66.0,57.0,13.0,32.0,69.0,71.0,21.0
2019-02-22,13.0,,28.0,11.0,67.0,57.0,22.0,26.0,91.0,63.0,15.0
2019-02-23,5.0,,6.0,5.0,90.0,56.0,5.0,9.0,45.0,38.0,7.0
2019-02-24,2.0,,5.0,3.0,88.0,55.0,15.0,2.0,52.0,34.0,0.0
2019-02-25,17.0,,26.0,16.0,62.0,58.0,21.0,43.0,56.0,75.0,23.0
2019-02-26,16.0,,21.0,16.0,62.0,58.0,26.0,35.0,72.0,80.0,9.0
2019-02-27,18.0,,26.0,18.0,71.0,56.0,21.0,35.0,73.0,75.0,6.0
2019-02-28,17.0,,26.0,12.0,62.0,55.0,22.0,25.0,40.0,77.0,15.0
2019-03-01,18.0,,31.0,14.0,63.0,58.0,22.0,15.0,60.0,82.0,22.0
2019-03-02,5.0,,7.0,4.0,76.0,55.0,20.0,9.0,41.0,34.0,10.0
2019-03-03,3.0,,7.0,3.0,74.0,57.0,10.0,5.0,27.0,41.0,3.0
2019-03-04,15.0,,23.0,11.0,62.0,57.0,35.0,25.0,28.0,91.0,9.0
2019-03-05,13.0,,31.0,14.0,66.0,54.0,13.0,17.0,38.0,83.0,12.0
2019-03-06,12.0,,24.0,20.0,64.0,55.0,34.0,27.0,71.0,82.0,14.0
2019-03-07,12.0,,23.0,17.0,63.0,56.0,21.0,27.0,55.0,76.0,6.0
2019-03-08,12.0,,20.0,14.0,65.0,58.0,19.0,18.0,90.0,86.0,19.0
2019-03-09,2.0,,7.0,4.0,83.0,57.0,15.0,2.0,36.0,47.0,3.0
2019-03-10,2.0,,5.0,3.0,78.0,52.0,15.0,2.0,27.0,47.0,3.0
2019-03-11,15.0,,26.0,31.0,63.0,57.0,13.0,30.0,53.0,95.0,21.0
2019-03-12,20.0,,32.0,26.0,69.0,57.0,13.0,21.0,80.0,76.0,27.0
2019-03-13,18.0,,24.0,21.0,68.0,56.0,30.0,27.0,39.0,72.0,14.0
2019-03-14,19.0,,23.0,18.0,64.0,56.0,48.0,21.0,46.0,70.0,42.0
2019-03-15,20.0,,28.0,22.0,64.0,58.0,86.0,26.0,60.0,69.0,43.0
2019-03-16,5.0,,6.0,8.0,99.0,55.0,30.0,14.0,32.0,40.0,14.0
2019-03-17,2.0,,3.0,3.0,73.0,53.0,10.0,2.0,35.0,34.0,3.0
2019-03-18,19.0,,36.0,19.0,68.0,58.0,67.0,33.0,53.0,73.0,15.0
2019-03-19,18.0,,29.0,25.0,62.0,59.0,54.0,26.0,47.0,82.0,11.0
2019-03-20,13.0,,21.0,15.0,60.0,58.0,44.0,21.0,84.0,75.0,9.0
2019-03-21,26.0,,24.0,22.0,62.0,55.0,9.0,24.0,56.0,75.0,18.0
2019-03-22,24.0,,35.0,30.0,65.0,60.0,33.0,22.0,66.0,70.0,3.0
2019-03-23,7.0,,12.0,7.0,68.0,59.0,20.0,2.0,52.0,33.0,14.0
2019-03-24,3.0,,4.0,4.0,74.0,55.0,4.0,0.0,61.0,35.0,0.0
2019-03-25,34.0,,33.0,17.0,67.0,58.0,22.0,15.0,68.0,72.0,3.0
2019-03-26,28.0,,26.0,23.0,67.0,57.0,45.0,21.0,62.0,83.0,9.0
2019-03-27,19.0,,27.0,19.0,63.0,58.0,36.0,22.0,87.0,80.0,18.0
2019-03-28,20.0,,30.0,13.0,60.0,60.0,49.0,26.0,94.0,85.0,18.0
2019-03-29,18.0,,29.0,20.0,63.0,60.0,51.0,16.0,78.0,67.0,16.0
2019-03-30,7.0,,7.0,2.0,73.0,54.0,5.0,5.0,43.0,59.0,7.0
2019-03-31,2.0,,4.0,1.0,75.0,55.0,5.0,2.0,63.0,56.0,3.0
2019-04-01,17.0,,24.0,18.0,63.0,57.0,21.0,23.0,79.0,88.0,6.0
2019-04-02,20.0,,30.0,17.0,63.0,61.0,13.0,38.0,64.0,96.0,15.0
2019-04-03,17.0,,21.0,23.0,66.0,58.0,17.0,48.0,64.0,85.0,15.0
2019-04-04,24.0,,18.0,18.0,61.0,57.0,30.0,14.0,54.0,95.0,12.0
2019-04-05,20.0,,25.0,20.0,64.0,57.0,22.0,33.0,38.0,83.0,13.0
2019-04-06,5.0,1.0,6.0,8.0,71.0,56.0,6.0,3.0,45.0,49.0,10.0
2019-04-07,3.0,1.0,6.0,1.0,71.0,55.0,9.0,3.0,34.0,43.0,0.0
2019-04-08,21.0,1.0,23.0,17.0,62.0,56.0,19.0,20.0,43.0,86.0,12.0
2019-04-09,22.0,1.0,22.0,17.0,67.0,55.0,11.0,20.0,51.0,86.0,11.0
2019-04-10,21.0,1.0,25.0,15.0,65.0,55.0,21.0,10.0,70.0,85.0,21.0
2019-04-11,17.0,1.0,23.0,15.0,60.0,56.0,26.0,22.0,41.0,83.0,11.0
2019-04-12,20.0,1.0,21.0,21.0,63.0,56.0,16.0,25.0,43.0,77.0,6.0
2019-04-13,4.0,1.0,12.0,6.0,69.0,55.0,25.0,8.0,34.0,39.0,2.0
2019-04-14,3.0,1.0,5.0,1.0,73.0,53.0,11.0,1.0,47.0,45.0,16.0
2019-04-15,14.0,1.0,18.0,15.0,63.0,57.0,11.0,20.0,49.0,85.0,5.0
2019-04-16,21.0,1.0,28.0,18.0,66.0,58.0,27.0,33.0,52.0,79.0,28.0
2019-04-17,21.0,1.0,35.0,14.0,69.0,58.0,37.0,37.0,41.0,76.0,10.0
2019-04-18,18.0,1.0,26.0,14.0,65.0,58.0,41.0,27.0,47.0,84.0,22.0
2019-04-19,10.0,1.0,22.0,8.0,67.0,58.0,12.0,20.0,37.0,58.0,4.0
2019-04-20,4.0,1.0,9.0,3.0,71.0,56.0,3.0,8.0,41.0,39.0,0.0
2019-04-21,3.0,1.0,11.0,2.0,75.0,52.0,5.0,0.0,32.0,37.0,3.0
2019-04-22,18.0,1.0,30.0,18.0,64.0,58.0,21.0,30.0,40.0,64.0,18.0
2019-04-23,18.0,1.0,37.0,14.0,65.0,57.0,23.0,22.0,68.0,83.0,16.0
2019-04-24,18.0,1.0,90.0,12.0,67.0,58.0,24.0,24.0,61.0,80.0,20.0
2019-04-25,20.0,1.0,100.0,17.0,64.0,56.0,25.0,26.0,49.0,85.0,22.0
2019-04-26,17.0,1.0,56.0,23.0,63.0,60.0,13.0,16.0,41.0,73.0,16.0
2019-04-27,4.0,1.0,12.0,7.0,70.0,56.0,18.0,9.0,28.0,34.0,7.0
2019-04-28,3.0,1.0,8.0,4.0,74.0,57.0,4.0,9.0,12.0,42.0,2.0
2019-04-29,23.0,1.0,39.0,19.0,65.0,58.0,17.0,24.0,68.0,78.0,20.0
2019-04-30,51.0,1.0,38.0,14.0,64.0,56.0,15.0,29.0,71.0,78.0,17.0
2019-05-01,56.0,1.0,38.0,18.0,70.0,58.0,15.0,34.0,69.0,59.0,18.0
2019-05-02,27.0,1.0,33.0,14.0,63.0,55.0,13.0,19.0,59.0,78.0,23.0
2019-05-03,19.0,1.0,32.0,13.0,63.0,58.0,20.0,23.0,52.0,71.0,17.0
2019-05-04,6.0,1.0,15.0,7.0,71.0,55.0,0.0,5.0,20.0,42.0,8.0
2019-05-05,3.0,1.0,9.0,2.0,75.0,55.0,3.0,4.0,42.0,35.0,6.0
2019-05-06,21.0,1.0,33.0,16.0,67.0,55.0,30.0,27.0,64.0,69.0,14.0
2019-05-07,24.0,1.0,34.0,13.0,72.0,57.0,12.0,30.0,54.0,85.0,17.0
2019-05-08,20.0,1.0,31.0,13.0,73.0,56.0,25.0,16.0,54.0,69.0,17.0
2019-05-09,19.0,1.0,25.0,16.0,69.0,57.0,11.0,17.0,66.0,75.0,19.0
2019-05-10,21.0,1.0,36.0,13.0,71.0,60.0,25.0,21.0,53.0,66.0,11.0
2019-05-11,6.0,1.0,14.0,2.0,81.0,57.0,14.0,16.0,46.0,37.0,2.0
2019-05-12,2.0,1.0,7.0,4.0,83.0,58.0,0.0,2.0,19.0,32.0,4.0
2019-05-13,34.0,1.0,33.0,12.0,67.0,57.0,21.0,21.0,59.0,75.0,17.0
2019-05-14,28.0,1.0,46.0,15.0,67.0,57.0,21.0,20.0,59.0,79.0,11.0
2019-05-15,24.0,1.0,29.0,22.0,67.0,57.0,18.0,43.0,41.0,77.0,6.0
2019-05-16,18.0,1.0,34.0,44.0,68.0,58.0,25.0,65.0,46.0,78.0,23.0
2019-05-17,15.0,1.0,33.0,35.0,68.0,60.0,28.0,40.0,49.0,72.0,13.0
2019-05-18,7.0,1.0,11.0,5.0,73.0,55.0,22.0,18.0,24.0,43.0,0.0
2019-05-19,3.0,1.0,7.0,4.0,77.0,55.0,0.0,6.0,27.0,42.0,0.0
2019-05-20,16.0,1.0,29.0,20.0,66.0,57.0,42.0,19.0,46.0,75.0,9.0
2019-05-21,19.0,1.0,26.0,17.0,64.0,57.0,29.0,25.0,50.0,80.0,16.0
2019-05-22,21.0,1.0,21.0,16.0,63.0,57.0,24.0,13.0,59.0,74.0,9.0
2019-05-23,21.0,1.0,24.0,16.0,62.0,55.0,13.0,17.0,52.0,76.0,4.0
2019-05-24,17.0,1.0,27.0,12.0,64.0,57.0,27.0,14.0,48.0,72.0,1.0
2019-05-25,3.0,1.0,12.0,6.0,76.0,55.0,8.0,10.0,26.0,33.0,9.0
2019-05-26,2.0,1.0,6.0,3.0,75.0,55.0,10.0,4.0,24.0,33.0,8.0
2019-05-27,4.0,1.0,6.0,6.0,66.0,56.0,2.0,6.0,53.0,59.0,9.0
2019-05-28,15.0,1.0,23.0,14.0,64.0,62.0,18.0,14.0,54.0,79.0,18.0
2019-05-29,17.0,1.0,22.0,19.0,66.0,62.0,21.0,15.0,63.0,83.0,6.0
2019-05-30,16.0,1.0,21.0,14.0,66.0,62.0,26.0,9.0,53.0,74.0,9.0
2019-05-31,16.0,1.0,27.0,15.0,65.0,72.0,32.0,19.0,51.0,69.0,8.0
2019-06-01,4.0,1.0,8.0,3.0,82.0,70.0,9.0,7.0,26.0,35.0,9.0
2019-06-02,3.0,1.0,5.0,3.0,70.0,67.0,3.0,4.0,24.0,34.0,2.0
2019-06-03,23.0,1.0,24.0,11.0,65.0,65.0,19.0,13.0,71.0,77.0,6.0
2019-06-04,22.0,1.0,32.0,13.0,62.0,64.0,13.0,24.0,53.0,88.0,18.0
2019-06-05,24.0,1.0,35.0,14.0,64.0,62.0,18.0,15.0,47.0,87.0,14.0
2019-06-06,18.0,1.0,26.0,16.0,67.0,61.0,19.0,17.0,52.0,85.0,15.0
2019-06-07,17.0,1.0,34.0,14.0,63.0,64.0,19.0,17.0,69.0,72.0,10.0
2019-06-08,5.0,1.0,12.0,3.0,72.0,62.0,8.0,9.0,35.0,38.0,2.0
2019-06-09,2.0,1.0,6.0,2.0,80.0,63.0,18.0,6.0,16.0,37.0,6.0
2019-06-10,18.0,1.0,33.0,12.0,64.0,63.0,45.0,19.0,33.0,76.0,13.0
2019-06-11,18.0,1.0,28.0,11.0,64.0,58.0,38.0,17.0,65.0,90.0,23.0
2019-06-12,18.0,1.0,31.0,17.0,65.0,61.0,36.0,19.0,50.0,81.0,16.0
2019-06-13,16.0,1.0,26.0,14.0,61.0,59.0,71.0,13.0,47.0,78.0,13.0
2019-06-14,16.0,1.0,23.0,13.0,62.0,61.0,74.0,15.0,33.0,79.0,8.0
2019-06-15,4.0,1.0,10.0,2.0,66.0,60.0,15.0,7.0,29.0,40.0,5.0
2019-06-16,3.0,1.0,5.0,1.0,75.0,58.0,11.0,4.0,28.0,32.0,2.0
2019-06-17,13.0,1.0,22.0,11.0,62.0,61.0,36.0,16.0,29.0,82.0,9.0
2019-06-18,19.0,1.0,31.0,17.0,62.0,61.0,32.0,19.0,52.0,86.0,43.0
2019-06-19,15.0,1.0,34.0,19.0,62.0,60.0,32.0,17.0,54.0,86.0,44.0
2019-06-20,19.0,1.0,34.0,13.0,62.0,59.0,32.0,33.0,41.0,75.0,44.0
2019-06-21,16.0,1.0,34.0,10.0,60.0,60.0,33.0,30.0,55.0,72.0,21.0
2019-06-22,4.0,1.0,9.0,7.0,70.0,59.0,8.0,7.0,33.0,33.0,9.0
2019-06-23,3.0,1.0,3.0,5.0,70.0,58.0,8.0,3.0,38.0,38.0,6.0
2019-06-24,15.0,1.0,29.0,16.0,61.0,60.0,12.0,20.0,60.0,75.0,29.0
2019-06-25,13.0,1.0,34.0,11.0,63.0,59.0,29.0,23.0,49.0,84.0,13.0
2019-06-26,14.0,1.0,25.0,20.0,61.0,60.0,16.0,24.0,57.0,78.0,19.0
2019-06-27,15.0,1.0,24.0,17.0,64.0,58.0,12.0,27.0,91.0,74.0,18.0
2019-06-28,16.0,1.0,26.0,17.0,62.0,59.0,20.0,22.0,28.0,60.0,8.0
2019-06-29,3.0,1.0,7.0,4.0,68.0,59.0,10.0,15.0,41.0,37.0,11.0
2019-06-30,3.0,1.0,7.0,3.0,72.0,58.0,6.0,4.0,53.0,34.0,2.0
2019-07-01,18.0,1.0,32.0,15.0,60.0,58.0,43.0,28.0,58.0,75.0,17.0
2019-07-02,12.0,1.0,25.0,20.0,68.0,59.0,24.0,36.0,50.0,74.0,15.0
2019-07-03,12.0,1.0,26.0,18.0,63.0,57.0,55.0,32.0,59.0,79.0,20.0
2019-07-04,6.0,1.0,12.0,6.0,61.0,53.0,10.0,12.0,29.0,77.0,9.0
2019-07-05,11.0,1.0,23.0,14.0,60.0,57.0,20.0,22.0,54.0,66.0,13.0
2019-07-06,3.0,1.0,8.0,5.0,67.0,58.0,6.0,9.0,30.0,28.0,5.0
2019-07-07,2.0,1.0,7.0,3.0,71.0,54.0,11.0,3.0,45.0,38.0,7.0
2019-07-08,16.0,1.0,27.0,12.0,61.0,59.0,31.0,27.0,64.0,78.0,11.0
2019-07-09,14.0,1.0,27.0,10.0,63.0,58.0,35.0,25.0,49.0,70.0,16.0
2019-07-10,15.0,1.0,32.0,15.0,66.0,60.0,22.0,24.0,53.0,86.0,15.0
2019-07-11,15.0,1.0,37.0,16.0,68.0,58.0,20.0,15.0,57.0,84.0,22.0
2019-07-12,13.0,1.0,37.0,16.0,65.0,61.0,7.0,31.0,84.0,67.0,14.0
2019-07-13,3.0,1.0,10.0,5.0,67.0,57.0,14.0,10.0,44.0,35.0,7.0
2019-07-14,2.0,1.0,4.0,2.0,73.0,54.0,3.0,7.0,32.0,40.0,2.0
2019-07-15,15.0,1.0,28.0,14.0,61.0,57.0,20.0,16.0,56.0,80.0,24.0
2019-07-16,15.0,,22.0,13.0,60.0,56.0,20.0,17.0,54.0,80.0,16.0
2019-07-17,15.0,,43.0,9.0,64.0,60.0,15.0,18.0,38.0,86.0,13.0
2019-07-18,12.0,,79.0,9.0,57.0,57.0,18.0,16.0,22.0,72.0,13.0
2019-07-19,10.0,,95.0,7.0,60.0,57.0,13.0,19.0,33.0,75.0,24.0
2019-07-20,2.0,,18.0,0.0,70.0,55.0,0.0,9.0,28.0,41.0,4.0
2019-07-21,2.0,,7.0,2.0,72.0,55.0,0.0,2.0,33.0,42.0,7.0
2019-07-22,15.0,,38.0,13.0,60.0,58.0,3.0,13.0,37.0,79.0,10.0
2019-07-23,16.0,,42.0,12.0,63.0,58.0,18.0,16.0,30.0,77.0,19.0
2019-07-24,15.0,,35.0,13.0,63.0,57.0,15.0,19.0,40.0,74.0,3.0
2019-07-25,15.0,,42.0,14.0,63.0,57.0,9.0,26.0,50.0,77.0,10.0
2019-07-26,18.0,,35.0,12.0,65.0,57.0,22.0,13.0,43.0,63.0,20.0
2019-07-27,3.0,,11.0,2.0,72.0,55.0,14.0,8.0,11.0,28.0,4.0
2019-07-28,3.0,,7.0,3.0,75.0,56.0,3.0,0.0,17.0,39.0,4.0
2019-07-29,17.0,,24.0,11.0,60.0,58.0,30.0,13.0,39.0,68.0,3.0
2019-07-30,39.0,,31.0,12.0,62.0,60.0,6.0,22.0,39.0,70.0,7.0
2019-07-31,32.0,,31.0,17.0,63.0,56.0,27.0,24.0,56.0,73.0,10.0
2019-08-01,18.0,,35.0,12.0,63.0,55.0,15.0,13.0,70.0,76.0,17.0
2019-08-02,18.0,,35.0,12.0,63.0,57.0,9.0,21.0,35.0,68.0,7.0
2019-08-03,6.0,,10.0,4.0,77.0,55.0,3.0,14.0,36.0,40.0,15.0
2019-08-04,3.0,,7.0,4.0,78.0,54.0,7.0,2.0,39.0,32.0,15.0
2019-08-05,29.0,,35.0,14.0,63.0,55.0,9.0,20.0,51.0,68.0,17.0
2019-08-06,23.0,,43.0,15.0,63.0,57.0,6.0,14.0,58.0,71.0,29.0
2019-08-07,12.0,,35.0,12.0,61.0,57.0,21.0,24.0,43.0,78.0,20.0
2019-08-08,16.0,,32.0,9.0,62.0,54.0,21.0,18.0,46.0,73.0,13.0
2019-08-09,15.0,,19.0,9.0,67.0,57.0,18.0,24.0,52.0,68.0,13.0
2019-08-10,3.0,,6.0,2.0,84.0,52.0,14.0,2.0,28.0,34.0,4.0
2019-08-11,1.0,,2.0,1.0,87.0,52.0,3.0,6.0,19.0,37.0,7.0
2019-08-12,16.0,,31.0,15.0,64.0,60.0,9.0,22.0,51.0,66.0,10.0
2019-08-13,20.0,,33.0,13.0,63.0,59.0,24.0,21.0,52.0,72.0,3.0
2019-08-14,22.0,,40.0,16.0,68.0,60.0,9.0,53.0,48.0,74.0,6.0
2019-08-15,20.0,,35.0,33.0,64.0,57.0,21.0,78.0,29.0,74.0,23.0
2019-08-16,18.0,,40.0,39.0,64.0,62.0,18.0,48.0,19.0,76.0,17.0
2019-08-17,3.0,,10.0,6.0,89.0,57.0,3.0,10.0,14.0,41.0,15.0
2019-08-18,4.0,,5.0,2.0,76.0,57.0,3.0,8.0,25.0,29.0,7.0
2019-08-19,18.0,,32.0,17.0,67.0,57.0,20.0,30.0,49.0,83.0,7.0
2019-08-20,18.0,,36.0,17.0,66.0,60.0,15.0,37.0,62.0,80.0,7.0
2019-08-21,15.0,,30.0,15.0,61.0,57.0,14.0,17.0,63.0,75.0,13.0
2019-08-22,16.0,,24.0,10.0,62.0,57.0,15.0,20.0,65.0,91.0,3.0
2019-08-23,17.0,,34.0,15.0,65.0,58.0,33.0,22.0,49.0,83.0,10.0
2019-08-24,4.0,,7.0,6.0,90.0,57.0,3.0,8.0,19.0,35.0,4.0
2019-08-25,1.0,,5.0,3.0,77.0,53.0,0.0,0.0,27.0,36.0,11.0
2019-08-26,15.0,,23.0,12.0,62.0,56.0,14.0,19.0,28.0,74.0,9.0
2019-08-27,13.0,,28.0,11.0,63.0,57.0,26.0,29.0,28.0,79.0,22.0
2019-08-28,12.0,,17.0,9.0,62.0,59.0,9.0,19.0,41.0,85.0,28.0
2019-08-29,15.0,,30.0,12.0,63.0,57.0,20.0,19.0,55.0,83.0,25.0
2019-08-30,13.0,,29.0,11.0,63.0,52.0,15.0,24.0,42.0,63.0,13.0
2019-08-31,3.0,,9.0,4.0,76.0,54.0,0.0,8.0,33.0,40.0,0.0
2019-09-01,2.0,,2.0,3.0,76.0,53.0,0.0,2.0,53.0,40.0,0.0
2019-09-02,3.0,,11.0,3.0,63.0,52.0,3.0,3.0,35.0,72.0,9.0
2019-09-03,13.0,,22.0,8.0,59.0,57.0,11.0,16.0,58.0,76.0,19.0
2019-09-04,16.0,,22.0,12.0,60.0,57.0,11.0,20.0,42.0,70.0,21.0
2019-09-05,15.0,,47.0,11.0,63.0,55.0,19.0,22.0,55.0,74.0,15.0
2019-09-06,12.0,,38.0,11.0,69.0,57.0,3.0,16.0,37.0,69.0,16.0
2019-09-07,4.0,,13.0,3.0,77.0,55.0,10.0,8.0,41.0,37.0,0.0
2019-09-08,2.0,,11.0,3.0,68.0,55.0,6.0,0.0,41.0,37.0,0.0
2019-09-09,15.0,,29.0,17.0,61.0,55.0,8.0,16.0,42.0,67.0,21.0
2019-09-10,26.0,,23.0,14.0,61.0,56.0,19.0,20.0,57.0,75.0,21.0
2019-09-11,30.0,,28.0,13.0,63.0,55.0,33.0,25.0,51.0,80.0,19.0
2019-09-12,21.0,,30.0,17.0,60.0,57.0,57.0,24.0,41.0,90.0,19.0
2019-09-13,20.0,,19.0,12.0,61.0,56.0,40.0,24.0,51.0,77.0,9.0
2019-09-14,5.0,,10.0,3.0,77.0,53.0,19.0,9.0,31.0,39.0,3.0
2019-09-15,3.0,,5.0,1.0,75.0,54.0,13.0,5.0,23.0,30.0,3.0
2019-09-16,16.0,,22.0,9.0,63.0,56.0,17.0,12.0,42.0,81.0,21.0
2019-09-17,17.0,,24.0,8.0,62.0,54.0,27.0,13.0,48.0,88.0,41.0
2019-09-18,13.0,,36.0,15.0,61.0,56.0,19.0,13.0,29.0,89.0,66.0
2019-09-19,14.0,,59.0,11.0,62.0,55.0,22.0,17.0,39.0,85.0,24.0
2019-09-20,15.0,,31.0,10.0,65.0,55.0,29.0,10.0,60.0,71.0,13.0
2019-09-21,6.0,,7.0,4.0,76.0,53.0,6.0,9.0,30.0,45.0,3.0
2019-09-22,2.0,,4.0,3.0,78.0,52.0,9.0,8.0,35.0,36.0,0.0
2019-09-23,17.0,,31.0,8.0,63.0,55.0,13.0,9.0,48.0,82.0,12.0
2019-09-24,11.0,,33.0,11.0,66.0,57.0,14.0,12.0,83.0,73.0,9.0
2019-09-25,16.0,,21.0,12.0,63.0,54.0,13.0,20.0,51.0,80.0,18.0
2019-09-26,13.0,,27.0,9.0,61.0,55.0,17.0,17.0,74.0,82.0,19.0
2019-09-27,13.0,,22.0,8.0,63.0,55.0,14.0,16.0,55.0,69.0,19.0
2019-09-28,3.0,,10.0,2.0,77.0,55.0,6.0,5.0,26.0,40.0,3.0
2019-09-29,2.0,,5.0,2.0,75.0,55.0,3.0,5.0,13.0,36.0,3.0
2019-09-30,15.0,,25.0,6.0,65.0,55.0,25.0,5.0,69.0,86.0,12.0
2019-10-01,16.0,,21.0,11.0,62.0,56.0,17.0,25.0,42.0,80.0,9.0
2019-10-02,16.0,,42.0,9.0,63.0,57.0,16.0,21.0,43.0,80.0,3.0
2019-10-03,12.0,,32.0,10.0,66.0,55.0,14.0,20.0,54.0,81.0,15.0
2019-10-04,18.0,,26.0,13.0,62.0,57.0,20.0,19.0,30.0,66.0,9.0
2019-10-05,5.0,,6.0,4.0,76.0,55.0,0.0,12.0,36.0,42.0,3.0
2019-10-06,4.0,,5.0,4.0,73.0,54.0,3.0,8.0,25.0,42.0,0.0
2019-10-07,19.0,,29.0,14.0,63.0,53.0,11.0,22.0,44.0,71.0,6.0
2019-10-08,14.0,,30.0,11.0,59.0,57.0,8.0,25.0,59.0,76.0,9.0
2019-10-09,16.0,,34.0,12.0,66.0,56.0,17.0,12.0,52.0,81.0,9.0
2019-10-10,15.0,,28.0,11.0,63.0,55.0,11.0,37.0,49.0,85.0,9.0
2019-10-11,21.0,,31.0,17.0,63.0,55.0,17.0,20.0,39.0,70.0,24.0
2019-10-12,6.0,,8.0,4.0,72.0,51.0,6.0,4.0,30.0,40.0,7.0
2019-10-13,4.0,,3.0,3.0,79.0,54.0,0.0,2.0,32.0,31.0,7.0
2019-10-14,18.0,,27.0,9.0,64.0,55.0,11.0,19.0,42.0,72.0,9.0
2019-10-15,16.0,,28.0,16.0,64.0,52.0,14.0,20.0,38.0,77.0,6.0
2019-10-16,16.0,,36.0,14.0,59.0,56.0,19.0,21.0,38.0,96.0,39.0
2019-10-17,15.0,,35.0,14.0,62.0,60.0,11.0,15.0,47.0,82.0,21.0
2019-10-18,11.0,,29.0,14.0,63.0,57.0,17.0,17.0,30.0,74.0,3.0
2019-10-19,3.0,,11.0,4.0,85.0,52.0,13.0,5.0,15.0,38.0,3.0
2019-10-20,3.0,,7.0,1.0,78.0,53.0,0.0,4.0,32.0,34.0,3.0
2019-10-21,16.0,,35.0,12.0,61.0,54.0,11.0,17.0,57.0,78.0,11.0
2019-10-22,18.0,,41.0,15.0,63.0,57.0,16.0,21.0,47.0,74.0,6.0
2019-10-23,17.0,,88.0,15.0,63.0,55.0,14.0,23.0,35.0,87.0,9.0
2019-10-24,18.0,,71.0,11.0,63.0,53.0,17.0,22.0,36.0,88.0,18.0
2019-10-25,19.0,,45.0,14.0,64.0,56.0,14.0,12.0,28.0,67.0,6.0
2019-10-26,6.0,,45.0,6.0,83.0,52.0,0.0,5.0,30.0,38.0,11.0
2019-10-27,2.0,,16.0,1.0,91.0,52.0,0.0,4.0,35.0,37.0,0.0
2019-10-28,20.0,,70.0,15.0,61.0,54.0,5.0,16.0,47.0,67.0,3.0
2019-10-29,22.0,,43.0,17.0,63.0,56.0,16.0,20.0,35.0,71.0,12.0
2019-10-30,40.0,,51.0,18.0,65.0,53.0,5.0,18.0,43.0,78.0,24.0
2019-10-31,33.0,,41.0,12.0,63.0,55.0,20.0,17.0,62.0,73.0,9.0
2019-11-01,27.0,,34.0,13.0,75.0,57.0,12.0,16.0,38.0,67.0,16.0
2019-11-02,5.0,,11.0,3.0,93.0,52.0,12.0,9.0,28.0,41.0,0.0
2019-11-03,6.0,,5.0,4.0,77.0,51.0,3.0,4.0,15.0,39.0,7.0
2019-11-04,23.0,,38.0,15.0,68.0,58.0,28.0,13.0,31.0,81.0,15.0
2019-11-05,16.0,,35.0,16.0,71.0,57.0,41.0,16.0,48.0,84.0,38.0
2019-11-06,15.0,,30.0,12.0,63.0,56.0,11.0,8.0,37.0,79.0,18.0
2019-11-07,21.0,,28.0,15.0,67.0,54.0,8.0,15.0,52.0,81.0,18.0
2019-11-08,21.0,,32.0,12.0,65.0,53.0,23.0,20.0,34.0,78.0,28.0
2019-11-09,3.0,,8.0,4.0,72.0,52.0,22.0,13.0,22.0,38.0,0.0
2019-11-10,3.0,,11.0,3.0,81.0,49.0,3.0,4.0,19.0,33.0,3.0
2019-11-11,18.0,,28.0,10.0,63.0,52.0,5.0,12.0,54.0,75.0,18.0
2019-11-12,18.0,,43.0,15.0,62.0,54.0,21.0,21.0,32.0,77.0,12.0
2019-11-13,21.0,,33.0,13.0,64.0,54.0,25.0,54.0,33.0,85.0,20.0
2019-11-14,16.0,,34.0,30.0,65.0,52.0,19.0,71.0,41.0,73.0,9.0
2019-11-15,21.0,,49.0,30.0,65.0,52.0,14.0,45.0,48.0,72.0,3.0
2019-11-16,5.0,,12.0,5.0,73.0,51.0,3.0,13.0,36.0,49.0,11.0
2019-11-17,3.0,,16.0,4.0,73.0,51.0,6.0,5.0,30.0,37.0,3.0
2019-11-18,18.0,,47.0,15.0,68.0,55.0,16.0,23.0,41.0,71.0,18.0
2019-11-19,21.0,,54.0,14.0,68.0,54.0,19.0,23.0,57.0,82.0,12.0
2019-11-20,17.0,,33.0,17.0,63.0,55.0,17.0,22.0,42.0,83.0,24.0
2019-11-21,18.0,,35.0,14.0,64.0,54.0,22.0,22.0,47.0,87.0,21.0
2019-11-22,13.0,,34.0,15.0,64.0,52.0,11.0,20.0,29.0,77.0,22.0
2019-11-23,4.0,,7.0,4.0,79.0,49.0,9.0,11.0,12.0,35.0,3.0
2019-11-24,4.0,,6.0,4.0,77.0,50.0,6.0,0.0,19.0,37.0,7.0
2019-11-25,14.0,,34.0,16.0,66.0,54.0,5.0,25.0,46.0,83.0,6.0
2019-11-26,17.0,,31.0,15.0,65.0,52.0,14.0,28.0,38.0,75.0,6.0
2019-11-27,13.0,,30.0,12.0,63.0,52.0,17.0,18.0,58.0,67.0,18.0
2019-11-28,4.0,,8.0,6.0,61.0,42.0,6.0,9.0,56.0,66.0,15.0
2019-11-29,10.0,,21.0,8.0,66.0,47.0,6.0,12.0,40.0,56.0,9.0
2019-11-30,4.0,,11.0,4.0,74.0,50.0,6.0,7.0,25.0,33.0,3.0
2019-12-01,2.0,,6.0,2.0,74.0,50.0,15.0,0.0,19.0,33.0,3.0
2019-12-02,16.0,,26.0,11.0,64.0,58.0,18.0,16.0,38.0,70.0,28.0
2019-12-03,15.0,,38.0,15.0,64.0,56.0,22.0,15.0,54.0,82.0,15.0
2019-12-04,12.0,,32.0,12.0,71.0,53.0,8.0,12.0,31.0,100.0,9.0
2019-12-05,15.0,,31.0,10.0,70.0,53.0,14.0,19.0,63.0,86.0,6.0
2019-12-06,17.0,,26.0,11.0,74.0,55.0,23.0,19.0,40.0,81.0,7.0
2019-12-07,3.0,,9.0,4.0,85.0,50.0,9.0,15.0,26.0,38.0,7.0
2019-12-08,4.0,,5.0,0.0,79.0,51.0,10.0,5.0,26.0,42.0,3.0
2019-12-09,18.0,,30.0,9.0,69.0,51.0,17.0,19.0,31.0,74.0,6.0
2019-12-10,11.0,,31.0,10.0,70.0,53.0,14.0,32.0,51.0,76.0,21.0
2019-12-11,15.0,,28.0,11.0,65.0,54.0,22.0,20.0,31.0,74.0,15.0
2019-12-12,22.0,,27.0,12.0,68.0,52.0,31.0,10.0,45.0,75.0,28.0
2019-12-13,21.0,,32.0,19.0,65.0,52.0,100.0,26.0,48.0,65.0,50.0
2019-12-14,7.0,,16.0,6.0,73.0,50.0,6.0,8.0,17.0,48.0,7.0
2019-12-15,3.0,,4.0,2.0,75.0,50.0,9.0,4.0,29.0,39.0,7.0
2019-12-16,21.0,,30.0,11.0,66.0,55.0,41.0,27.0,40.0,78.0,15.0
2019-12-17,20.0,,37.0,15.0,67.0,57.0,19.0,27.0,40.0,80.0,27.0
2019-12-18,17.0,,34.0,18.0,66.0,52.0,33.0,25.0,44.0,77.0,27.0
2019-12-19,17.0,,39.0,18.0,59.0,52.0,20.0,23.0,71.0,79.0,25.0
2019-12-20,17.0,,31.0,22.0,63.0,52.0,0.0,33.0,63.0,74.0,33.0
2019-12-21,5.0,,17.0,5.0,69.0,49.0,3.0,8.0,23.0,36.0,11.0
2019-12-22,4.0,,7.0,1.0,69.0,49.0,9.0,2.0,23.0,38.0,14.0
2019-12-23,18.0,,34.0,15.0,62.0,52.0,30.0,13.0,57.0,58.0,22.0
2019-12-24,17.0,,31.0,10.0,59.0,52.0,29.0,12.0,51.0,45.0,11.0
2019-12-25,4.0,,8.0,4.0,63.0,44.0,0.0,8.0,8.0,33.0,7.0
2019-12-26,19.0,,36.0,11.0,80.0,52.0,24.0,27.0,29.0,52.0,23.0
2019-12-27,26.0,,36.0,11.0,70.0,55.0,12.0,31.0,39.0,63.0,17.0
2019-12-28,7.0,,14.0,4.0,79.0,53.0,0.0,8.0,17.0,38.0,3.0
2019-12-29,2.0,,12.0,1.0,86.0,50.0,3.0,4.0,17.0,41.0,11.0
2019-12-30,17.0,,28.0,9.0,69.0,55.0,15.0,14.0,38.0,49.0,7.0
2019-12-31,17.0,,34.0,10.0,61.0,55.0,9.0,15.0,20.0,39.0,10.0
