date,information technology,overlap,technology,information,computers,communication,MSCI,exchange-traded funds,artificial intelligence,information literacy,media communication
2017-01-17,69.0,1.0,91.0,92.0,78.0,94.0,23.0,0.0,37.0,8.0,43.0
2017-01-18,73.0,1.0,97.0,92.0,72.0,90.0,21.0,0.0,46.0,12.0,63.0
2017-01-19,66.0,1.0,89.0,92.0,81.0,89.0,22.0,0.0,36.0,28.0,51.0
2017-01-20,56.0,1.0,85.0,82.0,74.0,76.0,23.0,0.0,37.0,9.0,19.0
2017-01-21,43.0,1.0,59.0,59.0,59.0,57.0,12.0,0.0,28.0,10.0,30.0
2017-01-22,42.0,1.0,62.0,65.0,55.0,60.0,7.0,0.0,30.0,5.0,27.0
2017-01-23,64.0,1.0,92.0,92.0,80.0,90.0,21.0,0.0,44.0,21.0,39.0
2017-01-24,68.0,1.0,97.0,94.0,74.0,94.0,25.0,0.0,38.0,13.0,45.0
2017-01-25,71.0,1.0,91.0,91.0,70.0,89.0,18.0,0.0,44.0,6.0,37.0
2017-01-26,64.0,1.0,83.0,86.0,72.0,85.0,22.0,0.0,35.0,17.0,50.0
2017-01-27,54.0,1.0,85.0,81.0,68.0,78.0,15.0,0.0,38.0,15.0,45.0
2017-01-28,42.0,1.0,54.0,60.0,62.0,49.0,11.0,0.0,30.0,7.0,19.0
2017-01-29,44.0,1.0,60.0,66.0,61.0,63.0,10.0,0.0,28.0,14.0,45.0
2017-01-30,54.0,1.0,89.0,87.0,76.0,90.0,19.0,0.0,48.0,26.0,51.0
2017-01-31,57.0,1.0,97.0,92.0,70.0,86.0,21.0,0.0,35.0,13.0,36.0
2017-02-01,69.0,1.0,94.0,94.0,76.0,89.0,27.0,0.0,34.0,12.0,55.0
2017-02-02,62.0,1.0,94.0,90.0,71.0,89.0,30.0,14.0,40.0,13.0,46.0
2017-02-03,59.0,1.0,86.0,83.0,73.0,80.0,17.0,0.0,28.0,13.0,42.0
2017-02-04,50.0,1.0,57.0,62.0,62.0,59.0,11.0,0.0,20.0,2.0,36.0
2017-02-05,43.0,1.0,58.0,64.0,63.0,66.0,13.0,0.0,32.0,2.0,45.0
2017-02-06,48.0,1.0,91.0,91.0,82.0,93.0,25.0,0.0,39.0,28.0,40.0
2017-02-07,58.0,1.0,95.0,93.0,78.0,96.0,28.0,0.0,32.0,17.0,39.0
2017-02-08,55.0,1.0,98.0,93.0,76.0,93.0,26.0,0.0,39.0,14.0,27.0
2017-02-09,74.0,1.0,89.0,92.0,73.0,85.0,26.0,0.0,34.0,10.0,34.0
2017-02-10,55.0,1.0,82.0,78.0,81.0,76.0,21.0,0.0,37.0,18.0,29.0
2017-02-11,37.0,1.0,55.0,58.0,54.0,54.0,8.0,0.0,34.0,2.0,11.0
2017-02-12,50.0,1.0,59.0,67.0,60.0,69.0,12.0,0.0,35.0,14.0,42.0
2017-02-13,58.0,1.0,93.0,92.0,72.0,87.0,19.0,0.0,43.0,16.0,49.0
2017-02-14,62.0,1.0,90.0,86.0,77.0,88.0,19.0,0.0,33.0,17.0,43.0
2017-02-15,65.0,1.0,91.0,94.0,70.0,90.0,23.0,39.0,49.0,12.0,35.0
2017-02-16,64.0,1.0,93.0,93.0,71.0,93.0,17.0,0.0,40.0,10.0,36.0
2017-02-17,49.0,1.0,83.0,81.0,72.0,80.0,22.0,0.0,40.0,2.0,44.0
2017-02-18,44.0,1.0,58.0,61.0,57.0,55.0,13.0,0.0,38.0,7.0,34.0
2017-02-19,44.0,1.0,62.0,66.0,57.0,68.0,11.0,0.0,34.0,10.0,52.0
2017-02-20,58.0,1.0,84.0,82.0,77.0,86.0,18.0,0.0,42.0,16.0,68.0
2017-02-21,57.0,1.0,94.0,94.0,74.0,99.0,21.0,0.0,34.0,23.0,48.0
2017-02-22,63.0,1.0,95.0,94.0,74.0,92.0,23.0,0.0,38.0,15.0,38.0
2017-02-23,72.0,1.0,93.0,86.0,78.0,85.0,22.0,0.0,33.0,19.0,52.0
2017-02-24,60.0,1.0,79.0,82.0,72.0,76.0,18.0,0.0,47.0,7.0,48.0
2017-02-25,40.0,1.0,59.0,60.0,61.0,61.0,11.0,0.0,25.0,2.0,36.0
2017-02-26,42.0,1.0,67.0,66.0,54.0,66.0,9.0,0.0,39.0,14.0,60.0
2017-02-27,62.0,1.0,98.0,96.0,78.0,98.0,21.0,0.0,41.0,14.0,48.0
2017-02-28,67.0,1.0,97.0,97.0,76.0,93.0,24.0,0.0,38.0,16.0,60.0
2017-03-01,54.0,1.0,91.0,92.0,66.0,89.0,24.0,13.0,35.0,8.0,63.0
2017-03-02,100.0,1.0,99.0,100.0,69.0,92.0,20.0,0.0,50.0,27.0,53.0
2017-03-03,63.0,1.0,86.0,88.0,68.0,79.0,18.0,0.0,40.0,6.0,34.0
2017-03-04,46.0,1.0,59.0,62.0,65.0,57.0,6.0,0.0,38.0,14.0,27.0
2017-03-05,55.0,1.0,65.0,68.0,64.0,66.0,11.0,58.0,30.0,21.0,31.0
2017-03-06,57.0,1.0,93.0,92.0,74.0,100.0,22.0,37.0,42.0,11.0,62.0
2017-03-07,64.0,1.0,97.0,92.0,73.0,98.0,24.0,0.0,41.0,16.0,57.0
2017-03-08,82.0,1.0,95.0,90.0,74.0,94.0,23.0,0.0,42.0,6.0,67.0
2017-03-09,65.0,1.0,93.0,92.0,67.0,86.0,22.0,38.0,44.0,25.0,54.0
2017-03-10,59.0,1.0,90.0,80.0,75.0,80.0,17.0,0.0,49.0,20.0,46.0
2017-03-11,40.0,1.0,58.0,53.0,64.0,57.0,8.0,0.0,20.0,10.0,27.0
2017-03-12,48.0,1.0,63.0,57.0,55.0,63.0,10.0,0.0,30.0,23.0,29.0
2017-03-13,55.0,1.0,87.0,84.0,67.0,90.0,18.0,0.0,47.0,23.0,54.0
2017-03-14,73.0,1.0,90.0,90.0,74.0,92.0,21.0,0.0,45.0,23.0,45.0
2017-03-15,61.0,1.0,95.0,84.0,67.0,85.0,34.0,0.0,46.0,20.0,44.0
2017-03-16,59.0,1.0,88.0,89.0,78.0,88.0,31.0,0.0,41.0,6.0,43.0
2017-03-17,66.0,1.0,84.0,77.0,71.0,76.0,25.0,0.0,43.0,14.0,50.0
2017-03-18,45.0,1.0,55.0,57.0,60.0,60.0,11.0,0.0,24.0,5.0,34.0
2017-03-19,47.0,1.0,63.0,60.0,55.0,63.0,12.0,0.0,27.0,10.0,48.0
2017-03-20,66.0,1.0,94.0,89.0,73.0,93.0,25.0,0.0,41.0,24.0,58.0
2017-03-21,62.0,1.0,96.0,91.0,69.0,92.0,23.0,0.0,44.0,4.0,52.0
2017-03-22,60.0,1.0,100.0,86.0,76.0,94.0,22.0,13.0,41.0,13.0,74.0
2017-03-23,78.0,,93.0,85.0,73.0,91.0,27.0,0.0,47.0,14.0,65.0
2017-03-24,46.0,,87.0,82.0,70.0,83.0,26.0,0.0,44.0,19.0,37.0
2017-03-25,36.0,,63.0,56.0,68.0,58.0,8.0,0.0,33.0,16.0,38.0
2017-03-26,55.0,,64.0,61.0,62.0,65.0,13.0,57.0,31.0,5.0,53.0
2017-03-27,71.0,,92.0,85.0,74.0,87.0,14.0,0.0,44.0,27.0,68.0
2017-03-28,62.0,,98.0,91.0,80.0,93.0,29.0,0.0,39.0,18.0,46.0
2017-03-29,60.0,,95.0,88.0,66.0,85.0,21.0,0.0,53.0,13.0,53.0
2017-03-30,59.0,,100.0,85.0,70.0,93.0,19.0,0.0,51.0,28.0,81.0
2017-03-31,53.0,,86.0,81.0,72.0,76.0,15.0,0.0,48.0,10.0,38.0
2017-04-01,41.0,,54.0,53.0,57.0,55.0,11.0,0.0,22.0,16.0,33.0
2017-04-02,48.0,,61.0,59.0,59.0,65.0,11.0,0.0,45.0,10.0,29.0
2017-04-03,62.0,,95.0,83.0,64.0,84.0,20.0,0.0,43.0,14.0,43.0
2017-04-04,71.0,,98.0,87.0,73.0,97.0,23.0,0.0,44.0,9.0,60.0
2017-04-05,60.0,,95.0,85.0,71.0,87.0,22.0,100.0,50.0,18.0,57.0
2017-04-06,69.0,,94.0,84.0,70.0,90.0,18.0,0.0,45.0,5.0,65.0
2017-04-07,60.0,,84.0,76.0,72.0,76.0,19.0,0.0,39.0,9.0,49.0
2017-04-08,47.0,,56.0,56.0,54.0,55.0,8.0,0.0,38.0,0.0,37.0
2017-04-09,48.0,,60.0,54.0,55.0,60.0,8.0,0.0,40.0,21.0,25.0
2017-04-10,48.0,,92.0,84.0,69.0,86.0,20.0,0.0,40.0,32.0,47.0
2017-04-11,65.0,,97.0,84.0,65.0,87.0,16.0,0.0,44.0,14.0,61.0
2017-04-12,60.0,,89.0,77.0,66.0,83.0,16.0,0.0,44.0,0.0,40.0
2017-04-13,52.0,,81.0,79.0,73.0,71.0,17.0,0.0,39.0,15.0,26.0
2017-04-14,40.0,,63.0,63.0,60.0,63.0,12.0,0.0,41.0,15.0,32.0
2017-04-15,34.0,,51.0,53.0,57.0,43.0,10.0,0.0,44.0,5.0,17.0
2017-04-16,42.0,,53.0,55.0,55.0,57.0,16.0,60.0,30.0,0.0,34.0
2017-04-17,74.0,,82.0,75.0,70.0,82.0,17.0,0.0,49.0,5.0,45.0
2017-04-18,55.0,,91.0,82.0,64.0,80.0,15.0,0.0,39.0,18.0,52.0
2017-04-19,70.0,,93.0,78.0,58.0,89.0,22.0,0.0,39.0,31.0,49.0
2017-04-20,63.0,,88.0,85.0,58.0,87.0,13.0,0.0,54.0,23.0,44.0
2017-04-21,56.0,,84.0,79.0,57.0,73.0,14.0,0.0,48.0,19.0,34.0
2017-04-22,51.0,,56.0,57.0,53.0,54.0,10.0,0.0,39.0,10.0,29.0
2017-04-23,50.0,,56.0,58.0,58.0,61.0,7.0,57.0,34.0,36.0,52.0
2017-04-24,75.0,,88.0,80.0,63.0,91.0,17.0,0.0,40.0,9.0,64.0
2017-04-25,68.0,,96.0,88.0,70.0,87.0,22.0,0.0,48.0,18.0,64.0
2017-04-26,57.0,,92.0,84.0,70.0,92.0,15.0,0.0,44.0,13.0,42.0
2017-04-27,54.0,,93.0,85.0,71.0,93.0,18.0,0.0,43.0,5.0,40.0
2017-04-28,41.0,,86.0,72.0,69.0,69.0,16.0,0.0,39.0,5.0,12.0
2017-04-29,39.0,,56.0,52.0,67.0,51.0,9.0,0.0,35.0,5.0,45.0
2017-04-30,54.0,,58.0,61.0,65.0,59.0,7.0,0.0,33.0,5.0,42.0
2017-05-01,62.0,,85.0,83.0,75.0,79.0,28.0,0.0,52.0,10.0,61.0
2017-05-02,68.0,,98.0,85.0,68.0,86.0,13.0,0.0,34.0,0.0,56.0
2017-05-03,54.0,,92.0,84.0,80.0,94.0,18.0,0.0,47.0,14.0,36.0
2017-05-04,71.0,,97.0,87.0,69.0,87.0,15.0,0.0,45.0,14.0,44.0
2017-05-05,51.0,,85.0,75.0,71.0,86.0,32.0,0.0,54.0,14.0,45.0
2017-05-06,35.0,,57.0,52.0,48.0,53.0,9.0,0.0,33.0,0.0,21.0
2017-05-07,40.0,,57.0,57.0,59.0,62.0,12.0,0.0,42.0,10.0,33.0
2017-05-08,72.0,,98.0,85.0,73.0,91.0,31.0,50.0,45.0,0.0,43.0
2017-05-09,68.0,,94.0,86.0,72.0,85.0,26.0,0.0,39.0,18.0,39.0
2017-05-10,54.0,,86.0,82.0,70.0,85.0,18.0,50.0,39.0,5.0,46.0
2017-05-11,49.0,,92.0,82.0,73.0,79.0,20.0,0.0,41.0,18.0,69.0
2017-05-12,47.0,,80.0,72.0,71.0,78.0,25.0,0.0,45.0,24.0,41.0
2017-05-13,45.0,,62.0,52.0,69.0,49.0,11.0,0.0,33.0,11.0,34.0
2017-05-14,46.0,,56.0,52.0,57.0,58.0,16.0,0.0,36.0,16.0,4.0
2017-05-15,72.0,,94.0,86.0,83.0,82.0,25.0,0.0,44.0,19.0,49.0
2017-05-16,59.0,,91.0,91.0,84.0,82.0,51.0,0.0,73.0,19.0,80.0
2017-05-17,65.0,,90.0,85.0,75.0,84.0,31.0,0.0,50.0,5.0,45.0
2017-05-18,65.0,,89.0,86.0,68.0,90.0,33.0,0.0,43.0,15.0,31.0
2017-05-19,74.0,,79.0,73.0,48.0,67.0,23.0,0.0,50.0,10.0,28.0
2017-05-20,29.0,,57.0,50.0,52.0,52.0,11.0,0.0,28.0,6.0,36.0
2017-05-21,40.0,,56.0,53.0,53.0,56.0,9.0,0.0,41.0,11.0,31.0
2017-05-22,75.0,,86.0,81.0,76.0,76.0,21.0,0.0,56.0,15.0,39.0
2017-05-23,71.0,,89.0,80.0,71.0,76.0,19.0,0.0,50.0,5.0,22.0
2017-05-24,70.0,,90.0,82.0,70.0,74.0,26.0,0.0,50.0,5.0,31.0
2017-05-25,56.0,,84.0,80.0,67.0,72.0,26.0,0.0,44.0,15.0,40.0
2017-05-26,50.0,,79.0,70.0,66.0,60.0,20.0,58.0,61.0,5.0,25.0
2017-05-27,43.0,,53.0,50.0,51.0,42.0,8.0,0.0,35.0,17.0,9.0
2017-05-28,46.0,,52.0,51.0,52.0,56.0,7.0,0.0,42.0,17.0,23.0
2017-05-29,71.0,,78.0,64.0,57.0,71.0,19.0,0.0,54.0,15.0,36.0
2017-05-30,52.0,1.0,82.0,77.0,71.0,72.0,22.0,0.0,41.0,10.0,37.0
2017-05-31,62.0,1.0,85.0,77.0,63.0,68.0,38.0,0.0,41.0,10.0,32.0
2017-06-01,54.0,1.0,86.0,74.0,54.0,69.0,17.0,0.0,40.0,13.0,32.0
2017-06-02,53.0,1.0,75.0,71.0,61.0,61.0,19.0,0.0,36.0,2.0,31.0
2017-06-03,49.0,1.0,57.0,55.0,51.0,45.0,7.0,0.0,24.0,9.0,13.0
2017-06-04,54.0,1.0,57.0,52.0,53.0,46.0,12.0,0.0,33.0,23.0,25.0
2017-06-05,69.0,1.0,89.0,75.0,68.0,71.0,19.0,0.0,45.0,49.0,29.0
2017-06-06,70.0,1.0,91.0,83.0,67.0,79.0,20.0,0.0,38.0,56.0,57.0
2017-06-07,60.0,1.0,84.0,77.0,76.0,75.0,25.0,0.0,45.0,52.0,48.0
2017-06-08,60.0,1.0,85.0,73.0,60.0,77.0,27.0,0.0,38.0,50.0,27.0
2017-06-09,49.0,1.0,75.0,69.0,55.0,64.0,18.0,0.0,34.0,26.0,35.0
2017-06-10,34.0,1.0,58.0,54.0,56.0,48.0,18.0,32.0,23.0,33.0,26.0
2017-06-11,46.0,1.0,54.0,54.0,47.0,52.0,9.0,0.0,39.0,24.0,38.0
2017-06-12,61.0,1.0,83.0,78.0,58.0,70.0,18.0,57.0,36.0,34.0,31.0
2017-06-13,61.0,1.0,89.0,79.0,71.0,74.0,21.0,26.0,36.0,61.0,28.0
2017-06-14,63.0,1.0,88.0,80.0,64.0,76.0,21.0,0.0,37.0,43.0,47.0
2017-06-15,60.0,1.0,84.0,80.0,65.0,76.0,29.0,0.0,36.0,24.0,73.0
2017-06-16,56.0,1.0,83.0,70.0,64.0,62.0,25.0,0.0,43.0,16.0,42.0
2017-06-17,47.0,1.0,58.0,54.0,57.0,47.0,8.0,0.0,29.0,36.0,28.0
2017-06-18,41.0,1.0,58.0,55.0,47.0,53.0,13.0,0.0,22.0,38.0,48.0
2017-06-19,64.0,1.0,91.0,78.0,75.0,73.0,33.0,0.0,41.0,53.0,32.0
2017-06-20,72.0,1.0,89.0,81.0,65.0,78.0,88.0,0.0,39.0,100.0,66.0
2017-06-21,61.0,1.0,89.0,79.0,70.0,81.0,100.0,0.0,39.0,45.0,38.0
2017-06-22,58.0,1.0,83.0,79.0,69.0,78.0,38.0,0.0,47.0,37.0,43.0
2017-06-23,56.0,1.0,82.0,70.0,61.0,58.0,21.0,0.0,31.0,36.0,22.0
2017-06-24,39.0,1.0,58.0,52.0,54.0,46.0,13.0,0.0,25.0,26.0,17.0
2017-06-25,42.0,1.0,53.0,52.0,49.0,46.0,6.0,0.0,41.0,27.0,25.0
2017-06-26,59.0,1.0,77.0,71.0,59.0,58.0,25.0,0.0,45.0,35.0,29.0
2017-06-27,59.0,1.0,83.0,75.0,74.0,74.0,28.0,0.0,42.0,37.0,43.0
2017-06-28,71.0,1.0,86.0,78.0,71.0,71.0,24.0,0.0,45.0,36.0,46.0
2017-06-29,50.0,1.0,80.0,75.0,67.0,68.0,17.0,0.0,33.0,40.0,39.0
2017-06-30,62.0,1.0,70.0,69.0,61.0,56.0,17.0,0.0,35.0,20.0,14.0
2017-07-01,38.0,1.0,54.0,57.0,55.0,46.0,8.0,0.0,28.0,39.0,47.0
2017-07-02,49.0,1.0,55.0,60.0,61.0,47.0,11.0,0.0,28.0,38.0,24.0
2017-07-03,63.0,1.0,76.0,69.0,60.0,60.0,18.0,0.0,44.0,40.0,34.0
2017-07-04,54.0,1.0,69.0,65.0,65.0,63.0,25.0,0.0,41.0,30.0,29.0
2017-07-05,62.0,1.0,87.0,74.0,69.0,71.0,32.0,0.0,40.0,37.0,26.0
2017-07-06,73.0,1.0,86.0,79.0,67.0,70.0,19.0,0.0,37.0,24.0,50.0
2017-07-07,55.0,1.0,74.0,70.0,63.0,56.0,18.0,0.0,33.0,22.0,40.0
2017-07-08,43.0,1.0,58.0,56.0,57.0,47.0,8.0,0.0,31.0,24.0,24.0
2017-07-09,47.0,1.0,60.0,61.0,54.0,51.0,7.0,0.0,33.0,12.0,21.0
2017-07-10,71.0,1.0,86.0,77.0,65.0,72.0,25.0,28.0,39.0,41.0,43.0
2017-07-11,56.0,1.0,87.0,80.0,64.0,71.0,19.0,0.0,39.0,46.0,33.0
2017-07-12,70.0,1.0,85.0,80.0,59.0,68.0,18.0,0.0,50.0,36.0,55.0
2017-07-13,74.0,1.0,84.0,74.0,62.0,69.0,18.0,0.0,48.0,32.0,21.0
2017-07-14,59.0,1.0,77.0,71.0,60.0,62.0,16.0,0.0,44.0,21.0,31.0
2017-07-15,43.0,1.0,58.0,57.0,59.0,45.0,7.0,0.0,27.0,8.0,24.0
2017-07-16,55.0,1.0,58.0,60.0,49.0,49.0,7.0,0.0,50.0,33.0,11.0
2017-07-17,60.0,1.0,83.0,75.0,61.0,68.0,19.0,0.0,44.0,20.0,37.0
2017-07-18,74.0,1.0,89.0,75.0,61.0,71.0,20.0,0.0,43.0,23.0,50.0
2017-07-19,66.0,1.0,88.0,77.0,71.0,70.0,19.0,0.0,42.0,24.0,39.0
2017-07-20,61.0,1.0,84.0,78.0,65.0,64.0,20.0,0.0,39.0,49.0,31.0
2017-07-21,57.0,1.0,72.0,70.0,63.0,58.0,18.0,0.0,42.0,11.0,37.0
2017-07-22,45.0,1.0,60.0,55.0,52.0,47.0,7.0,0.0,32.0,6.0,21.0
2017-07-23,44.0,1.0,60.0,60.0,54.0,41.0,10.0,0.0,28.0,9.0,34.0
2017-07-24,73.0,1.0,83.0,77.0,66.0,71.0,21.0,32.0,46.0,18.0,27.0
2017-07-25,70.0,1.0,88.0,77.0,69.0,65.0,18.0,0.0,43.0,10.0,27.0
2017-07-26,60.0,1.0,87.0,77.0,74.0,69.0,18.0,27.0,53.0,18.0,20.0
2017-07-27,55.0,1.0,86.0,77.0,68.0,67.0,15.0,32.0,41.0,20.0,31.0
2017-07-28,63.0,1.0,79.0,71.0,64.0,59.0,16.0,0.0,38.0,20.0,23.0
2017-07-29,54.0,1.0,58.0,53.0,61.0,43.0,7.0,0.0,39.0,15.0,24.0
2017-07-30,49.0,1.0,59.0,60.0,55.0,46.0,10.0,0.0,48.0,30.0,22.0
2017-07-31,64.0,1.0,82.0,74.0,76.0,70.0,18.0,0.0,71.0,21.0,5.0
2017-08-01,68.0,1.0,87.0,76.0,68.0,70.0,22.0,0.0,78.0,20.0,26.0
2017-08-02,74.0,1.0,86.0,76.0,77.0,65.0,19.0,0.0,86.0,16.0,31.0
2017-08-03,60.0,1.0,89.0,74.0,72.0,65.0,18.0,0.0,53.0,27.0,32.0
2017-08-04,58.0,1.0,73.0,70.0,66.0,59.0,18.0,0.0,57.0,24.0,26.0
2017-08-05,33.0,1.0,51.0,53.0,59.0,42.0,7.0,0.0,37.0,20.0,25.0
2017-08-06,40.0,1.0,53.0,56.0,52.0,45.0,8.0,0.0,41.0,23.0,13.0
2017-08-07,55.0,1.0,81.0,74.0,76.0,61.0,22.0,0.0,49.0,24.0,29.0
2017-08-08,59.0,1.0,81.0,80.0,71.0,63.0,15.0,0.0,64.0,24.0,40.0
2017-08-09,59.0,1.0,81.0,76.0,67.0,63.0,16.0,0.0,41.0,44.0,32.0
2017-08-10,61.0,1.0,78.0,79.0,74.0,68.0,26.0,0.0,53.0,23.0,38.0
2017-08-11,54.0,1.0,77.0,72.0,69.0,55.0,28.0,0.0,45.0,18.0,39.0
2017-08-12,32.0,1.0,52.0,51.0,56.0,43.0,11.0,0.0,33.0,14.0,26.0
2017-08-13,34.0,1.0,53.0,54.0,64.0,44.0,9.0,0.0,45.0,11.0,18.0
2017-08-14,55.0,1.0,72.0,71.0,69.0,61.0,12.0,0.0,46.0,16.0,45.0
2017-08-15,66.0,1.0,79.0,74.0,71.0,64.0,13.0,27.0,40.0,28.0,26.0
2017-08-16,57.0,1.0,79.0,79.0,68.0,68.0,16.0,0.0,46.0,15.0,38.0
2017-08-17,53.0,1.0,85.0,76.0,65.0,69.0,25.0,0.0,39.0,15.0,24.0
2017-08-18,54.0,1.0,76.0,73.0,62.0,58.0,20.0,28.0,42.0,24.0,31.0
2017-08-19,46.0,1.0,54.0,55.0,58.0,45.0,6.0,0.0,37.0,20.0,12.0
2017-08-20,45.0,1.0,54.0,64.0,57.0,51.0,9.0,0.0,38.0,14.0,31.0
2017-08-21,56.0,1.0,78.0,72.0,72.0,62.0,15.0,31.0,48.0,16.0,31.0
2017-08-22,61.0,1.0,85.0,79.0,76.0,71.0,21.0,0.0,64.0,14.0,32.0
2017-08-23,52.0,1.0,84.0,76.0,76.0,71.0,18.0,0.0,52.0,36.0,22.0
2017-08-24,68.0,1.0,86.0,80.0,76.0,67.0,19.0,0.0,52.0,15.0,33.0
2017-08-25,62.0,1.0,74.0,73.0,73.0,58.0,16.0,0.0,40.0,13.0,49.0
2017-08-26,42.0,1.0,51.0,53.0,56.0,47.0,7.0,0.0,38.0,23.0,14.0
2017-08-27,42.0,1.0,49.0,58.0,57.0,46.0,10.0,0.0,34.0,17.0,61.0
2017-08-28,65.0,1.0,84.0,79.0,71.0,73.0,16.0,0.0,42.0,13.0,32.0
2017-08-29,58.0,1.0,88.0,83.0,75.0,69.0,26.0,27.0,46.0,30.0,36.0
2017-08-30,64.0,1.0,89.0,82.0,78.0,80.0,14.0,0.0,49.0,18.0,31.0
2017-08-31,54.0,1.0,85.0,77.0,78.0,67.0,17.0,0.0,47.0,30.0,33.0
2017-09-01,38.0,1.0,69.0,71.0,74.0,58.0,17.0,0.0,49.0,10.0,29.0
2017-09-02,36.0,1.0,51.0,54.0,61.0,42.0,7.0,0.0,33.0,20.0,27.0
2017-09-03,45.0,1.0,55.0,64.0,60.0,52.0,7.0,0.0,39.0,20.0,33.0
2017-09-04,56.0,1.0,76.0,72.0,69.0,65.0,14.0,0.0,76.0,8.0,48.0
2017-09-05,64.0,1.0,90.0,83.0,73.0,74.0,22.0,0.0,74.0,22.0,42.0
2017-09-06,69.0,1.0,92.0,90.0,79.0,85.0,22.0,0.0,69.0,34.0,37.0
2017-09-07,70.0,1.0,91.0,93.0,77.0,82.0,15.0,0.0,54.0,27.0,41.0
2017-09-08,57.0,,80.0,78.0,70.0,67.0,18.0,0.0,54.0,21.0,35.0
2017-09-09,42.0,,51.0,63.0,63.0,48.0,12.0,0.0,46.0,17.0,39.0
2017-09-10,47.0,,57.0,74.0,56.0,57.0,12.0,0.0,49.0,17.0,19.0
2017-09-11,61.0,,84.0,87.0,72.0,77.0,15.0,0.0,55.0,35.0,43.0
2017-09-12,74.0,,93.0,89.0,71.0,77.0,17.0,0.0,88.0,40.0,56.0
2017-09-13,72.0,,96.0,88.0,80.0,86.0,11.0,0.0,61.0,79.0,45.0
2017-09-14,70.0,,89.0,92.0,81.0,78.0,13.0,0.0,61.0,15.0,37.0
2017-09-15,74.0,,85.0,83.0,73.0,67.0,18.0,0.0,67.0,16.0,49.0
2017-09-16,42.0,,57.0,55.0,55.0,46.0,9.0,0.0,40.0,6.0,39.0
2017-09-17,43.0,,54.0,70.0,52.0,55.0,7.0,0.0,46.0,23.0,41.0
2017-09-18,67.0,,96.0,85.0,82.0,78.0,17.0,0.0,52.0,15.0,46.0
2017-09-19,64.0,,96.0,90.0,85.0,83.0,14.0,61.0,65.0,55.0,46.0
2017-09-20,65.0,,91.0,85.0,69.0,79.0,16.0,0.0,56.0,10.0,43.0
2017-09-21,53.0,,87.0,86.0,74.0,82.0,14.0,0.0,55.0,31.0,64.0
2017-09-22,67.0,,78.0,85.0,70.0,73.0,16.0,0.0,43.0,26.0,28.0
2017-09-23,34.0,,54.0,57.0,59.0,46.0,6.0,0.0,39.0,23.0,26.0
2017-09-24,52.0,,55.0,70.0,55.0,58.0,5.0,0.0,43.0,23.0,41.0
2017-09-25,67.0,,87.0,80.0,74.0,88.0,11.0,0.0,64.0,25.0,30.0
2017-09-26,72.0,,93.0,90.0,72.0,88.0,23.0,61.0,54.0,45.0,83.0
2017-09-27,52.0,,85.0,93.0,64.0,79.0,14.0,0.0,56.0,10.0,43.0
2017-09-28,57.0,,84.0,88.0,62.0,76.0,19.0,0.0,49.0,36.0,37.0
2017-09-29,54.0,,78.0,75.0,58.0,67.0,11.0,0.0,54.0,16.0,45.0
2017-09-30,38.0,,53.0,54.0,56.0,49.0,4.0,0.0,36.0,12.0,23.0
2017-10-01,42.0,,51.0,63.0,55.0,57.0,7.0,0.0,41.0,6.0,45.0
2017-10-02,68.0,,84.0,90.0,60.0,81.0,13.0,0.0,53.0,20.0,40.0
2017-10-03,72.0,,87.0,90.0,77.0,84.0,19.0,0.0,56.0,25.0,43.0
2017-10-04,62.0,,93.0,89.0,77.0,82.0,17.0,0.0,68.0,25.0,53.0
2017-10-05,78.0,,86.0,86.0,72.0,82.0,22.0,0.0,66.0,41.0,40.0
2017-10-06,51.0,,80.0,75.0,62.0,69.0,14.0,0.0,57.0,10.0,38.0
2017-10-07,35.0,,55.0,53.0,57.0,47.0,9.0,0.0,34.0,23.0,26.0
2017-10-08,47.0,,61.0,64.0,51.0,64.0,14.0,0.0,54.0,34.0,68.0
2017-10-09,71.0,,84.0,84.0,69.0,83.0,21.0,0.0,58.0,25.0,26.0
2017-10-10,75.0,,92.0,88.0,78.0,88.0,13.0,0.0,75.0,15.0,20.0
2017-10-11,71.0,,89.0,85.0,64.0,83.0,23.0,0.0,71.0,25.0,23.0
2017-10-12,59.0,,89.0,91.0,76.0,84.0,21.0,0.0,57.0,10.0,64.0
2017-10-13,62.0,,82.0,80.0,67.0,66.0,15.0,0.0,49.0,31.0,21.0
2017-10-14,40.0,,59.0,59.0,55.0,47.0,11.0,0.0,46.0,12.0,26.0
2017-10-15,57.0,,57.0,62.0,54.0,56.0,7.0,0.0,57.0,17.0,19.0
2017-10-16,63.0,,86.0,87.0,73.0,76.0,18.0,0.0,67.0,10.0,36.0
2017-10-17,51.0,,84.0,85.0,66.0,87.0,27.0,0.0,51.0,20.0,36.0
2017-10-18,76.0,,81.0,79.0,73.0,80.0,19.0,0.0,57.0,30.0,39.0
2017-10-19,60.0,,81.0,79.0,76.0,76.0,19.0,0.0,67.0,15.0,37.0
2017-10-20,58.0,,76.0,72.0,63.0,66.0,16.0,0.0,43.0,5.0,31.0
2017-10-21,43.0,,54.0,54.0,62.0,49.0,10.0,0.0,48.0,6.0,31.0
2017-10-22,36.0,,51.0,56.0,52.0,51.0,12.0,0.0,51.0,11.0,40.0
2017-10-23,65.0,,87.0,84.0,71.0,82.0,18.0,0.0,71.0,29.0,68.0
2017-10-24,71.0,,91.0,93.0,70.0,86.0,14.0,0.0,92.0,10.0,49.0
2017-10-25,71.0,,91.0,85.0,70.0,80.0,22.0,0.0,77.0,25.0,36.0
2017-10-26,72.0,,83.0,89.0,70.0,81.0,15.0,0.0,72.0,5.0,23.0
2017-10-27,62.0,,81.0,79.0,65.0,67.0,17.0,0.0,84.0,21.0,31.0
2017-10-28,35.0,,56.0,54.0,56.0,45.0,8.0,0.0,56.0,6.0,15.0
2017-10-29,52.0,,58.0,63.0,55.0,55.0,13.0,0.0,48.0,11.0,36.0
2017-10-30,52.0,,88.0,87.0,70.0,81.0,29.0,0.0,61.0,20.0,49.0
2017-10-31,65.0,,87.0,83.0,72.0,78.0,19.0,0.0,68.0,15.0,36.0
2017-11-01,69.0,,89.0,85.0,71.0,78.0,23.0,0.0,68.0,15.0,44.0
2017-11-02,63.0,,90.0,88.0,70.0,78.0,29.0,0.0,82.0,10.0,36.0
2017-11-03,63.0,,80.0,78.0,68.0,70.0,11.0,0.0,61.0,15.0,44.0
2017-11-04,45.0,,54.0,54.0,59.0,54.0,11.0,0.0,63.0,22.0,26.0
2017-11-05,57.0,,64.0,69.0,55.0,57.0,9.0,0.0,53.0,22.0,36.0
2017-11-06,73.0,,90.0,94.0,76.0,79.0,26.0,0.0,84.0,39.0,58.0
2017-11-07,79.0,,91.0,92.0,70.0,85.0,21.0,0.0,80.0,38.0,41.0
2017-11-08,64.0,,95.0,89.0,66.0,87.0,27.0,0.0,71.0,39.0,26.0
2017-11-09,72.0,,95.0,85.0,79.0,85.0,24.0,60.0,60.0,34.0,69.0
2017-11-10,55.0,,79.0,75.0,69.0,69.0,12.0,0.0,70.0,25.0,30.0
2017-11-11,42.0,,56.0,57.0,61.0,51.0,10.0,0.0,60.0,6.0,15.0
2017-11-12,47.0,,57.0,65.0,50.0,59.0,13.0,0.0,52.0,33.0,47.0
2017-11-13,63.0,,85.0,90.0,65.0,79.0,21.0,0.0,75.0,38.0,44.0
2017-11-14,59.0,,96.0,86.0,77.0,91.0,57.0,0.0,77.0,34.0,55.0
2017-11-15,76.0,1.0,96.0,93.0,78.0,81.0,32.0,0.0,64.0,50.0,66.0
2017-11-16,68.0,1.0,92.0,88.0,69.0,83.0,22.0,11.0,66.0,38.0,46.0
2017-11-17,57.0,1.0,78.0,83.0,70.0,71.0,24.0,0.0,60.0,25.0,47.0
2017-11-18,53.0,1.0,56.0,56.0,64.0,54.0,11.0,0.0,49.0,10.0,35.0
2017-11-19,49.0,1.0,56.0,64.0,63.0,58.0,14.0,0.0,68.0,30.0,25.0
2017-11-20,69.0,1.0,86.0,84.0,80.0,80.0,20.0,0.0,70.0,37.0,49.0
2017-11-21,59.0,1.0,86.0,85.0,76.0,84.0,18.0,0.0,72.0,60.0,60.0
2017-11-22,54.0,1.0,78.0,75.0,80.0,80.0,26.0,64.0,62.0,54.0,51.0
2017-11-23,57.0,1.0,68.0,67.0,77.0,64.0,17.0,0.0,51.0,50.0,34.0
2017-11-24,49.0,1.0,62.0,61.0,100.0,58.0,15.0,0.0,48.0,12.0,31.0
2017-11-25,36.0,1.0,56.0,53.0,76.0,45.0,10.0,0.0,45.0,16.0,28.0
2017-11-26,43.0,1.0,58.0,63.0,68.0,55.0,6.0,0.0,61.0,24.0,30.0
2017-11-27,68.0,1.0,88.0,86.0,99.0,81.0,18.0,0.0,63.0,52.0,51.0
2017-11-28,66.0,1.0,86.0,92.0,85.0,87.0,26.0,0.0,68.0,34.0,74.0
2017-11-29,62.0,1.0,89.0,90.0,77.0,85.0,23.0,0.0,67.0,43.0,36.0
2017-11-30,61.0,1.0,87.0,84.0,69.0,77.0,40.0,0.0,71.0,28.0,57.0
2017-12-01,48.0,1.0,80.0,77.0,71.0,65.0,24.0,43.0,65.0,33.0,49.0
2017-12-02,27.0,1.0,53.0,53.0,56.0,51.0,3.0,0.0,52.0,13.0,39.0
2017-12-03,39.0,1.0,57.0,62.0,59.0,59.0,11.0,0.0,70.0,24.0,48.0
2017-12-04,68.0,1.0,87.0,84.0,72.0,88.0,17.0,0.0,68.0,49.0,62.0
2017-12-05,67.0,1.0,91.0,88.0,80.0,87.0,16.0,0.0,72.0,41.0,54.0
2017-12-06,49.0,1.0,91.0,88.0,72.0,78.0,14.0,0.0,64.0,20.0,44.0
2017-12-07,58.0,1.0,84.0,87.0,77.0,85.0,21.0,0.0,58.0,19.0,57.0
2017-12-08,60.0,1.0,79.0,79.0,71.0,74.0,20.0,0.0,46.0,12.0,56.0
2017-12-09,47.0,1.0,57.0,58.0,60.0,50.0,11.0,0.0,50.0,3.0,36.0
2017-12-10,43.0,1.0,59.0,65.0,53.0,58.0,10.0,34.0,65.0,24.0,30.0
2017-12-11,62.0,1.0,83.0,86.0,79.0,73.0,24.0,0.0,61.0,37.0,34.0
2017-12-12,60.0,1.0,87.0,83.0,77.0,73.0,14.0,30.0,68.0,14.0,51.0
2017-12-13,68.0,1.0,85.0,83.0,70.0,74.0,19.0,0.0,63.0,16.0,36.0
2017-12-14,52.0,1.0,81.0,82.0,75.0,71.0,16.0,0.0,59.0,23.0,44.0
2017-12-15,50.0,1.0,76.0,69.0,72.0,63.0,12.0,0.0,56.0,30.0,25.0
2017-12-16,40.0,1.0,52.0,52.0,62.0,44.0,7.0,0.0,36.0,3.0,30.0
2017-12-17,46.0,1.0,55.0,52.0,58.0,46.0,12.0,0.0,47.0,12.0,32.0
2017-12-18,43.0,1.0,76.0,71.0,74.0,69.0,22.0,0.0,50.0,21.0,45.0
2017-12-19,51.0,1.0,77.0,74.0,76.0,69.0,15.0,0.0,53.0,11.0,31.0
2017-12-20,58.0,1.0,74.0,70.0,70.0,65.0,21.0,0.0,54.0,14.0,35.0
2017-12-21,44.0,1.0,71.0,67.0,72.0,58.0,15.0,0.0,59.0,6.0,24.0
2017-12-22,40.0,1.0,57.0,53.0,59.0,44.0,14.0,0.0,43.0,3.0,23.0
2017-12-23,32.0,1.0,39.0,44.0,59.0,30.0,4.0,0.0,47.0,13.0,19.0
2017-12-24,27.0,1.0,38.0,41.0,57.0,27.0,8.0,0.0,39.0,7.0,11.0
2017-12-25,34.0,1.0,44.0,40.0,60.0,32.0,9.0,0.0,54.0,0.0,11.0
2017-12-26,37.0,1.0,55.0,53.0,78.0,39.0,11.0,0.0,37.0,3.0,20.0
2017-12-27,44.0,1.0,61.0,54.0,75.0,50.0,16.0,0.0,42.0,3.0,49.0
2017-12-28,46.0,1.0,60.0,58.0,65.0,53.0,17.0,0.0,45.0,12.0,23.0
2017-12-29,29.0,1.0,56.0,53.0,60.0,50.0,13.0,12.0,39.0,0.0,15.0
2017-12-30,33.0,1.0,43.0,46.0,61.0,35.0,8.0,0.0,36.0,3.0,16.0
2017-12-31,27.0,1.0,38.0,46.0,47.0,28.0,11.0,0.0,43.0,7.0,11.0
2018-01-01,32.0,1.0,41.0,46.0,48.0,40.0,10.0,0.0,37.0,10.0,22.0
2018-01-02,47.0,1.0,72.0,69.0,56.0,58.0,26.0,0.0,56.0,11.0,26.0
2018-01-03,58.0,1.0,73.0,73.0,72.0,65.0,28.0,0.0,56.0,20.0,36.0
2018-01-04,55.0,1.0,78.0,76.0,74.0,62.0,26.0,0.0,61.0,8.0,25.0
2018-01-05,52.0,1.0,75.0,71.0,67.0,63.0,16.0,0.0,47.0,17.0,35.0
2018-01-06,44.0,1.0,55.0,54.0,63.0,48.0,13.0,0.0,42.0,15.0,15.0
2018-01-07,41.0,1.0,56.0,59.0,57.0,47.0,19.0,0.0,40.0,18.0,31.0
2018-01-08,62.0,1.0,88.0,82.0,68.0,74.0,22.0,0.0,57.0,34.0,58.0
2018-01-09,69.0,1.0,93.0,86.0,67.0,74.0,26.0,29.0,60.0,35.0,48.0
2018-01-10,59.0,1.0,90.0,84.0,70.0,69.0,23.0,0.0,71.0,35.0,49.0
2018-01-11,77.0,1.0,92.0,84.0,63.0,74.0,24.0,0.0,64.0,18.0,42.0
2018-01-12,62.0,1.0,80.0,76.0,66.0,69.0,20.0,0.0,58.0,16.0,33.0
2018-01-13,44.0,1.0,55.0,54.0,59.0,45.0,12.0,0.0,46.0,3.0,33.0
2018-01-14,40.0,1.0,53.0,55.0,55.0,45.0,13.0,0.0,53.0,26.0,36.0
2018-01-15,57.0,1.0,78.0,72.0,66.0,72.0,16.0,0.0,62.0,32.0,24.0
2018-01-16,58.0,1.0,89.0,82.0,75.0,79.0,26.0,0.0,76.0,27.0,46.0
2018-01-17,69.0,1.0,90.0,82.0,70.0,74.0,23.0,0.0,63.0,39.0,38.0
2018-01-18,62.0,1.0,93.0,87.0,68.0,80.0,22.0,11.0,98.0,16.0,41.0
2018-01-19,52.0,1.0,81.0,78.0,69.0,70.0,19.0,0.0,100.0,19.0,35.0
2018-01-20,38.0,1.0,55.0,54.0,61.0,48.0,14.0,0.0,91.0,15.0,22.0
2018-01-21,38.0,1.0,53.0,61.0,58.0,54.0,18.0,12.0,82.0,20.0,23.0
2018-01-22,71.0,1.0,88.0,88.0,73.0,79.0,22.0,0.0,77.0,28.0,59.0
2018-01-23,81.0,1.0,87.0,88.0,75.0,78.0,18.0,0.0,78.0,24.0,55.0
2018-01-24,69.0,1.0,91.0,88.0,74.0,77.0,26.0,0.0,72.0,30.0,38.0
2018-01-25,56.0,1.0,89.0,81.0,71.0,73.0,27.0,0.0,82.0,10.0,41.0
2018-01-26,50.0,1.0,74.0,74.0,71.0,63.0,20.0,0.0,74.0,12.0,55.0
2018-01-27,46.0,1.0,56.0,55.0,64.0,47.0,14.0,0.0,68.0,6.0,40.0
2018-01-28,56.0,1.0,59.0,67.0,57.0,55.0,12.0,0.0,67.0,23.0,39.0
2018-01-29,79.0,1.0,90.0,85.0,75.0,80.0,19.0,0.0,65.0,13.0,52.0
2018-01-30,60.0,1.0,89.0,90.0,72.0,85.0,18.0,29.0,74.0,29.0,48.0
2018-01-31,57.0,1.0,90.0,88.0,68.0,83.0,17.0,11.0,73.0,25.0,43.0
2018-02-01,74.0,1.0,87.0,90.0,75.0,79.0,23.0,0.0,77.0,7.0,44.0
2018-02-02,54.0,1.0,82.0,86.0,66.0,70.0,21.0,0.0,69.0,22.0,27.0
2018-02-03,53.0,1.0,58.0,59.0,64.0,48.0,10.0,0.0,60.0,6.0,26.0
2018-02-04,49.0,1.0,57.0,63.0,60.0,53.0,12.0,0.0,54.0,24.0,37.0
2018-02-05,74.0,1.0,89.0,85.0,74.0,80.0,29.0,0.0,60.0,30.0,59.0
2018-02-06,61.0,1.0,89.0,93.0,73.0,83.0,32.0,0.0,76.0,34.0,67.0
2018-02-07,74.0,1.0,89.0,92.0,77.0,78.0,26.0,0.0,61.0,40.0,29.0
2018-02-08,65.0,1.0,86.0,91.0,70.0,74.0,21.0,0.0,57.0,21.0,30.0
2018-02-09,51.0,1.0,78.0,82.0,70.0,68.0,24.0,0.0,61.0,24.0,29.0
2018-02-10,42.0,1.0,56.0,56.0,60.0,48.0,16.0,0.0,45.0,34.0,24.0
2018-02-11,42.0,1.0,53.0,63.0,52.0,56.0,13.0,0.0,51.0,15.0,40.0
2018-02-12,64.0,1.0,87.0,89.0,69.0,76.0,26.0,0.0,51.0,29.0,43.0
2018-02-13,59.0,1.0,87.0,87.0,69.0,82.0,29.0,41.0,60.0,11.0,55.0
2018-02-14,59.0,1.0,78.0,84.0,59.0,68.0,28.0,0.0,59.0,28.0,41.0
2018-02-15,62.0,1.0,85.0,89.0,70.0,74.0,24.0,0.0,62.0,24.0,53.0
2018-02-16,57.0,1.0,75.0,77.0,69.0,65.0,17.0,11.0,62.0,17.0,32.0
2018-02-17,37.0,1.0,52.0,57.0,55.0,47.0,16.0,0.0,52.0,17.0,36.0
2018-02-18,39.0,1.0,51.0,63.0,61.0,51.0,11.0,0.0,53.0,20.0,46.0
2018-02-19,68.0,1.0,78.0,84.0,66.0,79.0,15.0,0.0,56.0,21.0,32.0
2018-02-20,81.0,1.0,85.0,87.0,73.0,79.0,21.0,0.0,62.0,24.0,44.0
2018-02-21,66.0,1.0,88.0,91.0,77.0,78.0,18.0,0.0,71.0,15.0,45.0
2018-02-22,67.0,1.0,87.0,92.0,67.0,81.0,19.0,0.0,69.0,16.0,40.0
2018-02-23,59.0,1.0,81.0,80.0,72.0,71.0,14.0,0.0,59.0,8.0,33.0
2018-02-24,43.0,,54.0,57.0,54.0,48.0,8.0,0.0,45.0,13.0,58.0
2018-02-25,42.0,,58.0,69.0,52.0,57.0,15.0,0.0,49.0,25.0,33.0
2018-02-26,48.0,,93.0,89.0,64.0,83.0,20.0,0.0,48.0,17.0,29.0
2018-02-27,73.0,,87.0,97.0,69.0,74.0,24.0,0.0,67.0,39.0,36.0
2018-02-28,79.0,,92.0,98.0,66.0,74.0,33.0,0.0,60.0,50.0,40.0
2018-03-01,44.0,,80.0,92.0,65.0,75.0,16.0,0.0,61.0,11.0,51.0
2018-03-02,48.0,,70.0,79.0,69.0,65.0,13.0,0.0,52.0,0.0,35.0
2018-03-03,48.0,,55.0,61.0,69.0,42.0,11.0,0.0,46.0,0.0,33.0
2018-03-04,44.0,,56.0,65.0,51.0,55.0,12.0,0.0,48.0,32.0,16.0
2018-03-05,66.0,,89.0,89.0,67.0,77.0,18.0,21.0,54.0,22.0,40.0
2018-03-06,70.0,,90.0,94.0,71.0,81.0,13.0,0.0,53.0,33.0,62.0
2018-03-07,67.0,,92.0,94.0,62.0,79.0,20.0,0.0,59.0,11.0,55.0
2018-03-08,73.0,,90.0,85.0,67.0,77.0,16.0,22.0,67.0,23.0,58.0
2018-03-09,54.0,,79.0,76.0,73.0,69.0,19.0,0.0,62.0,41.0,42.0
2018-03-10,42.0,,58.0,62.0,58.0,47.0,12.0,0.0,51.0,13.0,17.0
2018-03-11,40.0,,54.0,61.0,45.0,53.0,13.0,0.0,43.0,19.0,66.0
2018-03-12,55.0,,82.0,83.0,68.0,79.0,21.0,0.0,71.0,28.0,35.0
2018-03-13,67.0,,86.0,93.0,61.0,81.0,23.0,0.0,59.0,33.0,47.0
2018-03-14,62.0,,88.0,86.0,64.0,75.0,14.0,0.0,65.0,22.0,62.0
2018-03-15,57.0,,82.0,86.0,65.0,80.0,28.0,0.0,51.0,6.0,37.0
2018-03-16,61.0,,78.0,78.0,65.0,67.0,21.0,0.0,47.0,6.0,30.0
2018-03-17,43.0,,59.0,59.0,52.0,51.0,10.0,25.0,34.0,6.0,38.0
2018-03-18,44.0,,55.0,58.0,50.0,54.0,8.0,0.0,49.0,19.0,29.0
2018-03-19,66.0,,88.0,88.0,68.0,71.0,16.0,0.0,60.0,11.0,59.0
2018-03-20,62.0,,83.0,86.0,80.0,78.0,18.0,22.0,56.0,33.0,54.0
2018-03-21,54.0,,89.0,88.0,71.0,80.0,20.0,0.0,64.0,28.0,84.0
2018-03-22,62.0,,88.0,86.0,71.0,80.0,28.0,0.0,60.0,11.0,60.0
2018-03-23,50.0,,81.0,75.0,63.0,65.0,14.0,0.0,52.0,48.0,30.0
2018-03-24,42.0,,55.0,59.0,52.0,46.0,10.0,0.0,54.0,0.0,38.0
2018-03-25,46.0,,55.0,59.0,55.0,53.0,6.0,25.0,49.0,20.0,30.0
2018-03-26,62.0,,84.0,86.0,68.0,77.0,18.0,0.0,59.0,17.0,41.0
2018-03-27,66.0,,84.0,88.0,63.0,78.0,19.0,0.0,64.0,23.0,26.0
2018-03-28,58.0,,86.0,83.0,64.0,68.0,21.0,0.0,47.0,12.0,34.0
2018-03-29,55.0,,78.0,78.0,58.0,64.0,11.0,0.0,48.0,30.0,55.0
2018-03-30,52.0,,67.0,65.0,60.0,55.0,8.0,0.0,48.0,6.0,21.0
2018-03-31,37.0,,52.0,51.0,49.0,43.0,4.0,0.0,53.0,13.0,39.0
2018-04-01,36.0,,48.0,53.0,54.0,46.0,4.0,0.0,41.0,6.0,22.0
2018-04-02,41.0,,74.0,68.0,67.0,63.0,12.0,0.0,57.0,12.0,59.0
2018-04-03,55.0,,82.0,84.0,60.0,77.0,23.0,0.0,57.0,40.0,40.0
2018-04-04,48.0,,84.0,80.0,67.0,71.0,15.0,0.0,65.0,33.0,58.0
2018-04-05,78.0,,85.0,76.0,63.0,75.0,21.0,0.0,65.0,12.0,34.0
2018-04-06,52.0,,81.0,71.0,64.0,69.0,18.0,0.0,42.0,12.0,43.0
2018-04-07,37.0,,52.0,57.0,49.0,48.0,5.0,0.0,39.0,6.0,21.0
2018-04-08,50.0,,55.0,61.0,56.0,53.0,6.0,0.0,39.0,6.0,51.0
2018-04-09,68.0,,86.0,83.0,65.0,80.0,21.0,0.0,65.0,40.0,55.0
2018-04-10,62.0,,85.0,88.0,68.0,75.0,20.0,0.0,48.0,6.0,65.0
2018-04-11,68.0,,81.0,86.0,67.0,80.0,17.0,0.0,65.0,45.0,55.0
2018-04-12,63.0,,85.0,85.0,57.0,82.0,19.0,0.0,61.0,11.0,59.0
2018-04-13,66.0,,76.0,72.0,61.0,59.0,13.0,0.0,51.0,17.0,54.0
2018-04-14,47.0,,53.0,56.0,44.0,50.0,9.0,0.0,40.0,0.0,34.0
2018-04-15,47.0,,57.0,64.0,48.0,52.0,4.0,0.0,59.0,6.0,38.0
2018-04-16,60.0,,86.0,84.0,67.0,75.0,19.0,22.0,61.0,28.0,40.0
2018-04-17,69.0,,90.0,86.0,66.0,83.0,26.0,0.0,60.0,28.0,84.0
2018-04-18,69.0,,86.0,85.0,76.0,80.0,22.0,22.0,64.0,12.0,45.0
2018-04-19,50.0,,87.0,84.0,66.0,76.0,21.0,22.0,51.0,41.0,61.0
2018-04-20,42.0,,77.0,72.0,51.0,67.0,16.0,0.0,48.0,0.0,19.0
2018-04-21,44.0,,55.0,53.0,56.0,49.0,6.0,0.0,38.0,0.0,35.0
2018-04-22,42.0,,63.0,59.0,52.0,55.0,10.0,0.0,49.0,20.0,30.0
2018-04-23,61.0,,86.0,83.0,64.0,77.0,22.0,0.0,69.0,17.0,52.0
2018-04-24,62.0,,86.0,80.0,66.0,79.0,19.0,0.0,67.0,11.0,33.0
2018-04-25,73.0,,85.0,83.0,57.0,75.0,19.0,0.0,63.0,23.0,55.0
2018-04-26,68.0,,85.0,77.0,69.0,73.0,17.0,22.0,65.0,6.0,33.0
2018-04-27,61.0,,74.0,70.0,62.0,63.0,13.0,0.0,40.0,18.0,47.0
2018-04-28,29.0,,50.0,48.0,58.0,49.0,9.0,0.0,39.0,33.0,35.0
2018-04-29,44.0,,56.0,53.0,46.0,52.0,10.0,0.0,48.0,6.0,34.0
2018-04-30,60.0,,81.0,79.0,65.0,75.0,21.0,0.0,41.0,12.0,45.0
2018-05-01,66.0,,80.0,83.0,60.0,71.0,21.0,0.0,56.0,6.0,39.0
2018-05-02,57.0,,86.0,86.0,64.0,71.0,23.0,0.0,62.0,34.0,41.0
2018-05-03,50.0,1.0,85.0,84.0,68.0,80.0,23.0,0.0,60.0,11.0,73.0
2018-05-04,47.0,1.0,76.0,75.0,62.0,63.0,20.0,0.0,64.0,22.0,42.0
2018-05-05,44.0,1.0,57.0,53.0,45.0,51.0,6.0,0.0,51.0,12.0,34.0
2018-05-06,44.0,1.0,56.0,54.0,46.0,51.0,13.0,0.0,54.0,29.0,40.0
2018-05-07,59.0,1.0,83.0,81.0,60.0,70.0,19.0,0.0,56.0,17.0,55.0
2018-05-08,62.0,1.0,87.0,82.0,63.0,72.0,23.0,24.0,65.0,15.0,40.0
2018-05-09,53.0,1.0,88.0,79.0,67.0,71.0,29.0,7.0,77.0,27.0,41.0
2018-05-10,57.0,1.0,87.0,80.0,60.0,64.0,23.0,0.0,87.0,15.0,59.0
2018-05-11,48.0,1.0,80.0,74.0,52.0,60.0,25.0,0.0,68.0,30.0,47.0
2018-05-12,46.0,1.0,53.0,53.0,46.0,45.0,19.0,0.0,55.0,3.0,25.0
2018-05-13,45.0,1.0,52.0,55.0,43.0,46.0,16.0,0.0,53.0,9.0,38.0
2018-05-14,75.0,1.0,85.0,84.0,53.0,71.0,37.0,18.0,73.0,27.0,48.0
2018-05-15,59.0,1.0,84.0,86.0,68.0,76.0,66.0,0.0,68.0,21.0,56.0
2018-05-16,56.0,1.0,86.0,82.0,61.0,72.0,34.0,0.0,59.0,4.0,36.0
2018-05-17,55.0,1.0,84.0,79.0,67.0,71.0,34.0,0.0,59.0,12.0,26.0
2018-05-18,48.0,1.0,75.0,72.0,57.0,64.0,21.0,0.0,67.0,14.0,33.0
2018-05-19,42.0,1.0,52.0,49.0,53.0,43.0,11.0,0.0,42.0,12.0,26.0
2018-05-20,48.0,1.0,57.0,54.0,54.0,50.0,11.0,0.0,53.0,20.0,34.0
2018-05-21,64.0,1.0,83.0,77.0,60.0,68.0,21.0,0.0,64.0,8.0,54.0
2018-05-22,61.0,1.0,87.0,77.0,59.0,71.0,21.0,0.0,68.0,17.0,34.0
2018-05-23,59.0,1.0,85.0,81.0,64.0,69.0,25.0,0.0,65.0,23.0,31.0
2018-05-24,54.0,1.0,86.0,78.0,66.0,71.0,23.0,0.0,64.0,30.0,52.0
2018-05-25,48.0,1.0,75.0,68.0,57.0,62.0,24.0,0.0,50.0,19.0,35.0
2018-05-26,43.0,1.0,51.0,48.0,48.0,42.0,9.0,0.0,45.0,15.0,27.0
2018-05-27,45.0,1.0,55.0,55.0,45.0,44.0,15.0,0.0,49.0,12.0,20.0
2018-05-28,59.0,1.0,70.0,66.0,60.0,64.0,27.0,0.0,55.0,26.0,45.0
2018-05-29,54.0,1.0,85.0,75.0,61.0,66.0,28.0,0.0,65.0,25.0,58.0
2018-05-30,61.0,1.0,83.0,77.0,60.0,67.0,31.0,0.0,53.0,30.0,49.0
2018-05-31,57.0,1.0,82.0,79.0,56.0,68.0,71.0,0.0,52.0,15.0,56.0
2018-06-01,53.0,1.0,75.0,72.0,62.0,56.0,43.0,0.0,50.0,0.0,25.0
2018-06-02,36.0,1.0,59.0,53.0,50.0,43.0,11.0,13.0,46.0,8.0,15.0
2018-06-03,58.0,1.0,60.0,61.0,50.0,50.0,17.0,0.0,65.0,28.0,41.0
2018-06-04,65.0,1.0,85.0,77.0,56.0,72.0,29.0,0.0,58.0,47.0,38.0
2018-06-05,75.0,1.0,92.0,81.0,63.0,74.0,28.0,6.0,61.0,68.0,45.0
2018-06-06,64.0,1.0,85.0,80.0,63.0,79.0,24.0,0.0,60.0,41.0,44.0
2018-06-07,72.0,1.0,81.0,77.0,67.0,75.0,26.0,0.0,60.0,27.0,55.0
2018-06-08,47.0,1.0,79.0,70.0,59.0,64.0,16.0,0.0,43.0,27.0,46.0
2018-06-09,42.0,1.0,57.0,52.0,52.0,43.0,14.0,0.0,36.0,29.0,34.0
2018-06-10,45.0,1.0,56.0,56.0,47.0,48.0,14.0,7.0,40.0,59.0,48.0
2018-06-11,58.0,1.0,81.0,77.0,64.0,62.0,22.0,17.0,49.0,20.0,39.0
2018-06-12,66.0,1.0,84.0,76.0,62.0,72.0,24.0,16.0,57.0,41.0,43.0
2018-06-13,56.0,1.0,82.0,82.0,60.0,70.0,19.0,0.0,50.0,32.0,63.0
2018-06-14,56.0,1.0,80.0,74.0,56.0,59.0,18.0,0.0,49.0,45.0,23.0
2018-06-15,48.0,1.0,70.0,64.0,51.0,51.0,18.0,0.0,42.0,22.0,46.0
2018-06-16,37.0,1.0,48.0,50.0,48.0,35.0,5.0,0.0,37.0,12.0,26.0
2018-06-17,46.0,1.0,50.0,53.0,43.0,42.0,9.0,0.0,33.0,44.0,25.0
2018-06-18,64.0,1.0,80.0,75.0,57.0,68.0,22.0,6.0,47.0,61.0,59.0
2018-06-19,64.0,1.0,83.0,77.0,63.0,73.0,30.0,0.0,54.0,66.0,23.0
2018-06-20,77.0,1.0,78.0,79.0,56.0,66.0,47.0,0.0,55.0,68.0,60.0
2018-06-21,58.0,1.0,78.0,74.0,52.0,67.0,31.0,0.0,52.0,48.0,49.0
2018-06-22,50.0,1.0,74.0,71.0,59.0,55.0,22.0,11.0,49.0,41.0,11.0
2018-06-23,40.0,1.0,55.0,52.0,50.0,42.0,11.0,20.0,33.0,13.0,14.0
2018-06-24,35.0,1.0,54.0,61.0,47.0,49.0,11.0,0.0,45.0,54.0,35.0
2018-06-25,66.0,1.0,80.0,76.0,59.0,69.0,24.0,0.0,62.0,40.0,50.0
2018-06-26,54.0,1.0,77.0,76.0,54.0,75.0,22.0,17.0,51.0,49.0,48.0
2018-06-27,58.0,1.0,80.0,73.0,55.0,70.0,20.0,0.0,45.0,27.0,36.0
2018-06-28,60.0,1.0,81.0,74.0,56.0,67.0,20.0,0.0,57.0,39.0,27.0
2018-06-29,50.0,1.0,74.0,70.0,62.0,58.0,20.0,0.0,43.0,36.0,41.0
2018-06-30,53.0,1.0,53.0,51.0,50.0,40.0,12.0,0.0,42.0,15.0,4.0
2018-07-01,41.0,1.0,51.0,60.0,53.0,47.0,5.0,7.0,44.0,45.0,23.0
2018-07-02,55.0,1.0,74.0,75.0,53.0,62.0,26.0,0.0,47.0,51.0,25.0
2018-07-03,53.0,1.0,78.0,74.0,64.0,63.0,22.0,6.0,52.0,35.0,38.0
2018-07-04,52.0,1.0,71.0,64.0,53.0,61.0,18.0,0.0,47.0,45.0,40.0
2018-07-05,63.0,1.0,81.0,75.0,59.0,67.0,26.0,0.0,52.0,48.0,30.0
2018-07-06,50.0,1.0,67.0,67.0,54.0,55.0,18.0,0.0,41.0,28.0,29.0
2018-07-07,35.0,1.0,52.0,51.0,45.0,42.0,12.0,0.0,31.0,15.0,33.0
2018-07-08,42.0,1.0,56.0,64.0,47.0,49.0,13.0,0.0,48.0,38.0,50.0
2018-07-09,62.0,1.0,79.0,74.0,54.0,63.0,22.0,0.0,48.0,56.0,50.0
2018-07-10,67.0,1.0,77.0,74.0,61.0,61.0,19.0,0.0,53.0,22.0,30.0
2018-07-11,62.0,1.0,81.0,77.0,57.0,67.0,24.0,0.0,59.0,42.0,56.0
2018-07-12,70.0,1.0,82.0,81.0,55.0,68.0,19.0,0.0,58.0,43.0,34.0
2018-07-13,55.0,1.0,70.0,68.0,56.0,59.0,19.0,0.0,48.0,30.0,41.0
2018-07-14,34.0,1.0,52.0,53.0,53.0,42.0,9.0,0.0,38.0,38.0,19.0
2018-07-15,42.0,1.0,50.0,62.0,46.0,42.0,8.0,0.0,42.0,32.0,23.0
2018-07-16,61.0,1.0,81.0,79.0,62.0,68.0,23.0,0.0,47.0,31.0,36.0
2018-07-17,54.0,1.0,79.0,77.0,64.0,66.0,25.0,0.0,68.0,32.0,46.0
2018-07-18,71.0,1.0,80.0,83.0,60.0,66.0,20.0,0.0,51.0,19.0,49.0
2018-07-19,61.0,1.0,82.0,78.0,59.0,66.0,23.0,7.0,56.0,32.0,40.0
2018-07-20,50.0,1.0,73.0,71.0,59.0,55.0,15.0,0.0,61.0,11.0,24.0
2018-07-21,40.0,1.0,53.0,58.0,49.0,42.0,10.0,0.0,40.0,0.0,35.0
2018-07-22,48.0,1.0,58.0,65.0,46.0,44.0,13.0,0.0,51.0,19.0,28.0
2018-07-23,48.0,1.0,82.0,79.0,61.0,60.0,23.0,0.0,58.0,25.0,22.0
2018-07-24,63.0,1.0,80.0,79.0,59.0,64.0,29.0,0.0,56.0,23.0,24.0
2018-07-25,58.0,1.0,76.0,76.0,60.0,65.0,20.0,0.0,54.0,32.0,28.0
2018-07-26,66.0,1.0,80.0,76.0,58.0,63.0,25.0,0.0,45.0,30.0,23.0
2018-07-27,42.0,1.0,71.0,72.0,59.0,50.0,19.0,0.0,56.0,29.0,31.0
2018-07-28,39.0,1.0,53.0,57.0,43.0,39.0,13.0,0.0,38.0,17.0,40.0
2018-07-29,59.0,1.0,61.0,64.0,48.0,44.0,13.0,0.0,52.0,44.0,28.0
2018-07-30,65.0,1.0,82.0,79.0,61.0,65.0,18.0,0.0,65.0,13.0,45.0
2018-07-31,58.0,1.0,82.0,77.0,58.0,61.0,23.0,0.0,57.0,6.0,45.0
2018-08-01,57.0,1.0,80.0,78.0,61.0,62.0,20.0,0.0,45.0,11.0,31.0
2018-08-02,62.0,1.0,82.0,81.0,54.0,64.0,21.0,0.0,58.0,16.0,19.0
2018-08-03,58.0,1.0,77.0,72.0,59.0,55.0,19.0,0.0,58.0,14.0,39.0
2018-08-04,45.0,1.0,56.0,57.0,54.0,42.0,11.0,0.0,42.0,27.0,17.0
2018-08-05,47.0,1.0,55.0,63.0,51.0,45.0,7.0,0.0,43.0,26.0,29.0
2018-08-06,61.0,1.0,81.0,77.0,59.0,67.0,21.0,0.0,61.0,34.0,42.0
2018-08-07,61.0,1.0,85.0,83.0,58.0,65.0,26.0,6.0,58.0,23.0,20.0
2018-08-08,63.0,1.0,79.0,82.0,52.0,69.0,22.0,0.0,63.0,43.0,34.0
2018-08-09,62.0,1.0,80.0,80.0,62.0,64.0,19.0,0.0,57.0,20.0,44.0
2018-08-10,46.0,1.0,72.0,70.0,53.0,55.0,22.0,0.0,48.0,15.0,17.0
2018-08-11,54.0,1.0,52.0,61.0,48.0,45.0,12.0,0.0,39.0,6.0,14.0
2018-08-12,52.0,,53.0,67.0,48.0,46.0,9.0,0.0,52.0,20.0,29.0
2018-08-13,44.0,,82.0,76.0,58.0,70.0,24.0,0.0,56.0,26.0,43.0
2018-08-14,56.0,,74.0,75.0,60.0,60.0,35.0,0.0,57.0,22.0,29.0
2018-08-15,53.0,,76.0,75.0,61.0,58.0,34.0,0.0,72.0,0.0,29.0
2018-08-16,56.0,,77.0,76.0,59.0,67.0,23.0,13.0,70.0,22.0,40.0
2018-08-17,51.0,,74.0,76.0,50.0,51.0,28.0,0.0,47.0,9.0,37.0
2018-08-18,44.0,,56.0,57.0,48.0,41.0,13.0,0.0,58.0,16.0,9.0
2018-08-19,45.0,,58.0,63.0,56.0,41.0,15.0,0.0,42.0,10.0,34.0
2018-08-20,69.0,,79.0,79.0,57.0,62.0,26.0,0.0,57.0,18.0,41.0
2018-08-21,56.0,,80.0,78.0,59.0,64.0,34.0,0.0,54.0,22.0,33.0
2018-08-22,54.0,,80.0,81.0,71.0,72.0,19.0,0.0,49.0,18.0,52.0
2018-08-23,49.0,,75.0,77.0,66.0,71.0,26.0,0.0,55.0,13.0,55.0
2018-08-24,50.0,,69.0,75.0,69.0,57.0,23.0,0.0,69.0,14.0,31.0
2018-08-25,31.0,,50.0,52.0,54.0,39.0,13.0,0.0,46.0,0.0,25.0
2018-08-26,35.0,,54.0,66.0,47.0,46.0,9.0,0.0,44.0,10.0,21.0
2018-08-27,58.0,,78.0,83.0,63.0,74.0,34.0,0.0,64.0,13.0,32.0
2018-08-28,57.0,,87.0,85.0,68.0,77.0,28.0,13.0,65.0,31.0,47.0
2018-08-29,58.0,,83.0,87.0,61.0,76.0,27.0,0.0,66.0,9.0,32.0
2018-08-30,54.0,,90.0,84.0,55.0,68.0,30.0,0.0,55.0,17.0,50.0
2018-08-31,64.0,,77.0,73.0,59.0,59.0,30.0,0.0,66.0,23.0,52.0
2018-09-01,30.0,,54.0,54.0,49.0,42.0,7.0,0.0,43.0,5.0,8.0
2018-09-02,51.0,,59.0,62.0,59.0,49.0,7.0,0.0,67.0,30.0,37.0
2018-09-03,63.0,,74.0,75.0,58.0,63.0,35.0,13.0,45.0,5.0,25.0
2018-09-04,67.0,,85.0,82.0,63.0,80.0,33.0,0.0,78.0,26.0,56.0
2018-09-05,63.0,,85.0,85.0,69.0,78.0,27.0,0.0,69.0,56.0,28.0
2018-09-06,70.0,,87.0,93.0,67.0,80.0,28.0,13.0,73.0,30.0,63.0
2018-09-07,57.0,,80.0,81.0,71.0,71.0,25.0,0.0,56.0,41.0,41.0
2018-09-08,40.0,,55.0,59.0,48.0,52.0,9.0,0.0,50.0,15.0,28.0
2018-09-09,45.0,,61.0,69.0,48.0,57.0,16.0,0.0,65.0,25.0,32.0
2018-09-10,73.0,,85.0,91.0,69.0,77.0,16.0,13.0,51.0,17.0,56.0
2018-09-11,60.0,,88.0,90.0,65.0,86.0,25.0,0.0,75.0,25.0,63.0
2018-09-12,60.0,,88.0,86.0,65.0,83.0,26.0,0.0,83.0,9.0,46.0
2018-09-13,68.0,,88.0,90.0,56.0,73.0,33.0,13.0,55.0,17.0,53.0
2018-09-14,61.0,,79.0,79.0,59.0,75.0,26.0,0.0,54.0,27.0,40.0
2018-09-15,45.0,,62.0,62.0,52.0,47.0,21.0,0.0,50.0,10.0,24.0
2018-09-16,49.0,,63.0,70.0,42.0,54.0,11.0,0.0,55.0,10.0,36.0
2018-09-17,55.0,,87.0,89.0,70.0,85.0,29.0,0.0,70.0,21.0,87.0
2018-09-18,87.0,,91.0,91.0,71.0,86.0,34.0,0.0,97.0,21.0,49.0
2018-09-19,60.0,,86.0,89.0,65.0,85.0,19.0,13.0,63.0,26.0,53.0
2018-09-20,52.0,,95.0,94.0,71.0,77.0,23.0,0.0,67.0,35.0,46.0
2018-09-21,53.0,,76.0,82.0,62.0,68.0,19.0,0.0,62.0,23.0,44.0
2018-09-22,39.0,,54.0,60.0,52.0,55.0,19.0,0.0,43.0,15.0,32.0
2018-09-23,39.0,,58.0,68.0,51.0,57.0,9.0,0.0,60.0,5.0,36.0
2018-09-24,67.0,,87.0,88.0,68.0,81.0,25.0,0.0,79.0,21.0,49.0
2018-09-25,63.0,,89.0,94.0,61.0,89.0,21.0,0.0,65.0,13.0,49.0
2018-09-26,60.0,,92.0,93.0,67.0,79.0,30.0,0.0,72.0,21.0,24.0
2018-09-27,66.0,,91.0,87.0,68.0,84.0,36.0,0.0,77.0,30.0,46.0
2018-09-28,53.0,,82.0,84.0,56.0,75.0,27.0,0.0,60.0,32.0,48.0
2018-09-29,46.0,,59.0,59.0,44.0,46.0,9.0,0.0,66.0,10.0,28.0
2018-09-30,43.0,,63.0,68.0,46.0,57.0,16.0,0.0,47.0,25.0,40.0
2018-10-01,62.0,,85.0,87.0,62.0,78.0,29.0,0.0,62.0,21.0,38.0
2018-10-02,56.0,,86.0,91.0,64.0,81.0,27.0,0.0,55.0,34.0,24.0
2018-10-03,63.0,,91.0,92.0,65.0,73.0,35.0,0.0,70.0,13.0,64.0
2018-10-04,56.0,,89.0,93.0,63.0,80.0,15.0,0.0,75.0,9.0,32.0
2018-10-05,61.0,,77.0,80.0,60.0,70.0,25.0,0.0,83.0,10.0,52.0
2018-10-06,38.0,,56.0,56.0,45.0,49.0,15.0,0.0,51.0,5.0,37.0
2018-10-07,40.0,,53.0,65.0,51.0,53.0,13.0,0.0,51.0,19.0,35.0
2018-10-08,56.0,,84.0,82.0,59.0,76.0,39.0,0.0,57.0,17.0,28.0
2018-10-09,60.0,,93.0,93.0,65.0,82.0,28.0,0.0,75.0,13.0,41.0
2018-10-10,58.0,,81.0,89.0,62.0,79.0,19.0,13.0,82.0,13.0,43.0
2018-10-11,63.0,,90.0,95.0,61.0,81.0,39.0,0.0,80.0,40.0,51.0
2018-10-12,63.0,,78.0,78.0,59.0,70.0,41.0,0.0,61.0,32.0,38.0
2018-10-13,40.0,,58.0,62.0,42.0,52.0,16.0,15.0,54.0,21.0,46.0
2018-10-14,41.0,,61.0,70.0,58.0,57.0,15.0,15.0,69.0,15.0,24.0
2018-10-15,54.0,,88.0,90.0,68.0,82.0,33.0,0.0,76.0,17.0,51.0
2018-10-16,57.0,,92.0,86.0,59.0,82.0,29.0,0.0,65.0,26.0,36.0
2018-10-17,56.0,,90.0,89.0,62.0,82.0,27.0,13.0,51.0,13.0,43.0
2018-10-18,52.0,,84.0,83.0,59.0,74.0,30.0,0.0,49.0,9.0,58.0
2018-10-19,47.0,1.0,71.0,74.0,56.0,68.0,24.0,0.0,74.0,16.0,32.0
2018-10-20,30.0,1.0,51.0,57.0,45.0,45.0,7.0,0.0,48.0,12.0,41.0
2018-10-21,43.0,1.0,56.0,70.0,45.0,54.0,11.0,0.0,64.0,14.0,49.0
2018-10-22,64.0,1.0,85.0,92.0,60.0,77.0,30.0,0.0,82.0,21.0,59.0
2018-10-23,53.0,1.0,85.0,90.0,59.0,79.0,32.0,0.0,75.0,24.0,64.0
2018-10-24,61.0,1.0,86.0,89.0,62.0,76.0,30.0,0.0,74.0,17.0,48.0
2018-10-25,56.0,1.0,81.0,86.0,60.0,75.0,25.0,0.0,85.0,17.0,51.0
2018-10-26,44.0,1.0,75.0,79.0,55.0,64.0,26.0,0.0,68.0,22.0,38.0
2018-10-27,37.0,1.0,50.0,56.0,50.0,47.0,12.0,7.0,64.0,5.0,19.0
2018-10-28,35.0,1.0,53.0,63.0,44.0,53.0,10.0,0.0,43.0,9.0,35.0
2018-10-29,63.0,1.0,84.0,89.0,65.0,79.0,24.0,6.0,74.0,25.0,56.0
2018-10-30,55.0,1.0,87.0,87.0,57.0,80.0,30.0,0.0,69.0,29.0,52.0
2018-10-31,62.0,1.0,82.0,84.0,54.0,73.0,31.0,0.0,75.0,19.0,40.0
2018-11-01,50.0,1.0,79.0,84.0,58.0,72.0,30.0,0.0,94.0,16.0,36.0
2018-11-02,49.0,1.0,73.0,78.0,54.0,64.0,33.0,0.0,72.0,14.0,51.0
2018-11-03,32.0,1.0,51.0,57.0,45.0,46.0,15.0,0.0,56.0,7.0,29.0
2018-11-04,38.0,1.0,52.0,63.0,50.0,51.0,10.0,0.0,59.0,14.0,35.0
2018-11-05,54.0,1.0,81.0,86.0,65.0,76.0,31.0,0.0,76.0,50.0,76.0
2018-11-06,52.0,1.0,76.0,89.0,60.0,71.0,25.0,0.0,61.0,38.0,48.0
2018-11-07,57.0,1.0,75.0,82.0,55.0,73.0,28.0,0.0,71.0,50.0,55.0
2018-11-08,45.0,1.0,78.0,80.0,61.0,70.0,27.0,0.0,58.0,27.0,48.0
2018-11-09,54.0,1.0,68.0,78.0,57.0,62.0,29.0,6.0,58.0,9.0,28.0
2018-11-10,42.0,1.0,52.0,55.0,46.0,45.0,11.0,0.0,65.0,12.0,28.0
2018-11-11,43.0,1.0,57.0,63.0,52.0,53.0,18.0,0.0,57.0,25.0,45.0
2018-11-12,67.0,1.0,84.0,83.0,64.0,73.0,22.0,6.0,69.0,42.0,76.0
2018-11-13,69.0,1.0,90.0,87.0,73.0,73.0,37.0,0.0,86.0,58.0,60.0
2018-11-14,68.0,1.0,83.0,90.0,64.0,81.0,58.0,0.0,87.0,53.0,53.0
2018-11-15,54.0,1.0,85.0,86.0,64.0,79.0,32.0,0.0,72.0,48.0,38.0
2018-11-16,51.0,1.0,74.0,79.0,58.0,70.0,23.0,0.0,72.0,20.0,54.0
2018-11-17,42.0,1.0,53.0,56.0,61.0,49.0,11.0,0.0,52.0,17.0,29.0
2018-11-18,45.0,1.0,55.0,65.0,47.0,57.0,21.0,7.0,72.0,31.0,47.0
2018-11-19,57.0,1.0,82.0,83.0,66.0,72.0,16.0,0.0,75.0,37.0,36.0
2018-11-20,60.0,1.0,78.0,79.0,64.0,75.0,36.0,0.0,79.0,42.0,48.0
2018-11-21,53.0,1.0,73.0,75.0,61.0,70.0,22.0,0.0,67.0,37.0,58.0
2018-11-22,44.0,1.0,66.0,68.0,64.0,59.0,28.0,7.0,67.0,33.0,28.0
2018-11-23,39.0,1.0,62.0,58.0,84.0,55.0,18.0,0.0,63.0,9.0,38.0
2018-11-24,37.0,1.0,51.0,52.0,63.0,49.0,8.0,0.0,49.0,9.0,21.0
2018-11-25,43.0,1.0,56.0,60.0,59.0,54.0,11.0,0.0,54.0,37.0,54.0
2018-11-26,59.0,1.0,84.0,85.0,83.0,76.0,25.0,0.0,78.0,31.0,66.0
2018-11-27,71.0,1.0,89.0,92.0,74.0,83.0,26.0,0.0,77.0,41.0,55.0
2018-11-28,66.0,1.0,87.0,90.0,69.0,77.0,21.0,0.0,71.0,37.0,55.0
2018-11-29,60.0,1.0,82.0,89.0,64.0,75.0,33.0,6.0,77.0,27.0,100.0
2018-11-30,50.0,1.0,77.0,83.0,62.0,74.0,39.0,0.0,74.0,13.0,50.0
2018-12-01,40.0,1.0,55.0,55.0,46.0,48.0,18.0,0.0,62.0,17.0,34.0
2018-12-02,39.0,1.0,55.0,62.0,58.0,58.0,14.0,0.0,69.0,16.0,36.0
2018-12-03,55.0,1.0,87.0,86.0,71.0,77.0,30.0,6.0,66.0,38.0,37.0
2018-12-04,55.0,1.0,86.0,89.0,65.0,75.0,25.0,0.0,80.0,15.0,57.0
2018-12-05,54.0,1.0,81.0,88.0,59.0,83.0,19.0,0.0,81.0,13.0,49.0
2018-12-06,65.0,1.0,85.0,89.0,64.0,77.0,35.0,7.0,73.0,19.0,40.0
2018-12-07,52.0,1.0,75.0,74.0,59.0,66.0,28.0,0.0,67.0,15.0,33.0
2018-12-08,42.0,1.0,50.0,57.0,48.0,48.0,12.0,0.0,74.0,7.0,18.0
2018-12-09,34.0,1.0,52.0,62.0,56.0,56.0,15.0,0.0,77.0,17.0,36.0
2018-12-10,47.0,1.0,81.0,84.0,63.0,76.0,23.0,0.0,70.0,19.0,64.0
2018-12-11,60.0,1.0,76.0,83.0,58.0,75.0,24.0,6.0,69.0,17.0,78.0
2018-12-12,48.0,1.0,81.0,81.0,69.0,77.0,25.0,0.0,64.0,26.0,42.0
2018-12-13,59.0,1.0,79.0,80.0,60.0,72.0,19.0,0.0,69.0,16.0,48.0
2018-12-14,60.0,1.0,72.0,72.0,51.0,58.0,22.0,0.0,66.0,17.0,58.0
2018-12-15,32.0,1.0,51.0,49.0,55.0,40.0,7.0,0.0,53.0,28.0,18.0
2018-12-16,26.0,1.0,48.0,51.0,47.0,49.0,14.0,0.0,53.0,5.0,55.0
2018-12-17,53.0,1.0,77.0,75.0,55.0,66.0,26.0,0.0,69.0,8.0,42.0
2018-12-18,57.0,1.0,73.0,77.0,62.0,62.0,22.0,0.0,82.0,16.0,28.0
2018-12-19,57.0,1.0,71.0,73.0,56.0,65.0,22.0,0.0,88.0,20.0,28.0
2018-12-20,49.0,1.0,64.0,70.0,55.0,61.0,32.0,0.0,63.0,2.0,40.0
2018-12-21,48.0,1.0,62.0,61.0,59.0,49.0,35.0,0.0,56.0,0.0,21.0
2018-12-22,29.0,1.0,43.0,47.0,49.0,33.0,16.0,0.0,51.0,7.0,25.0
2018-12-23,32.0,1.0,39.0,43.0,40.0,34.0,17.0,0.0,42.0,13.0,32.0
2018-12-24,32.0,1.0,43.0,44.0,45.0,39.0,17.0,0.0,46.0,15.0,38.0
2018-12-25,29.0,1.0,40.0,44.0,44.0,30.0,20.0,0.0,43.0,0.0,14.0
2018-12-26,42.0,1.0,54.0,51.0,64.0,38.0,21.0,0.0,48.0,7.0,19.0
2018-12-27,44.0,1.0,56.0,54.0,57.0,44.0,28.0,0.0,60.0,2.0,14.0
2018-12-28,41.0,1.0,57.0,55.0,52.0,40.0,26.0,0.0,65.0,7.0,17.0
2018-12-29,30.0,1.0,44.0,44.0,44.0,35.0,10.0,0.0,45.0,3.0,20.0
2018-12-30,28.0,1.0,43.0,47.0,44.0,33.0,11.0,0.0,43.0,3.0,26.0
2018-12-31,29.0,1.0,48.0,50.0,53.0,35.0,12.0,0.0,50.0,3.0,27.0
2019-01-01,31.0,1.0,42.0,51.0,45.0,38.0,17.0,0.0,46.0,8.0,20.0
2019-01-02,44.0,1.0,67.0,70.0,55.0,49.0,39.0,0.0,62.0,13.0,30.0
2019-01-03,46.0,1.0,68.0,73.0,50.0,59.0,33.0,0.0,62.0,15.0,37.0
2019-01-04,50.0,1.0,70.0,70.0,59.0,55.0,30.0,0.0,61.0,9.0,32.0
2019-01-05,42.0,1.0,53.0,56.0,45.0,41.0,14.0,0.0,58.0,12.0,18.0
2019-01-06,43.0,1.0,50.0,58.0,42.0,44.0,19.0,0.0,41.0,9.0,26.0
2019-01-07,57.0,1.0,73.0,76.0,62.0,65.0,30.0,0.0,69.0,25.0,52.0
2019-01-08,58.0,1.0,82.0,82.0,57.0,70.0,35.0,0.0,67.0,37.0,54.0
2019-01-09,58.0,1.0,80.0,88.0,59.0,65.0,36.0,0.0,72.0,13.0,62.0
2019-01-10,62.0,1.0,87.0,88.0,66.0,71.0,22.0,0.0,69.0,13.0,46.0
2019-01-11,49.0,1.0,75.0,82.0,56.0,60.0,25.0,0.0,68.0,11.0,47.0
2019-01-12,43.0,1.0,49.0,55.0,46.0,42.0,12.0,0.0,57.0,22.0,35.0
2019-01-13,31.0,1.0,53.0,61.0,53.0,47.0,13.0,0.0,63.0,23.0,27.0
2019-01-14,66.0,1.0,79.0,82.0,52.0,71.0,26.0,12.0,82.0,27.0,46.0
2019-01-15,51.0,1.0,79.0,86.0,59.0,70.0,26.0,0.0,82.0,37.0,44.0
2019-01-16,53.0,1.0,86.0,87.0,55.0,74.0,29.0,12.0,70.0,32.0,38.0
2019-01-17,72.0,1.0,87.0,87.0,56.0,76.0,29.0,6.0,71.0,19.0,66.0
2019-01-18,52.0,1.0,77.0,80.0,51.0,62.0,30.0,0.0,74.0,26.0,46.0
2019-01-19,43.0,1.0,51.0,54.0,45.0,44.0,12.0,0.0,59.0,9.0,25.0
2019-01-20,53.0,1.0,55.0,67.0,50.0,45.0,16.0,0.0,60.0,25.0,30.0
2019-01-21,52.0,1.0,79.0,73.0,54.0,74.0,22.0,6.0,83.0,19.0,59.0
2019-01-22,47.0,1.0,85.0,86.0,60.0,76.0,33.0,0.0,79.0,10.0,53.0
2019-01-23,62.0,1.0,87.0,90.0,57.0,78.0,34.0,0.0,82.0,27.0,55.0
2019-01-24,56.0,1.0,82.0,88.0,59.0,71.0,34.0,6.0,71.0,20.0,54.0
2019-01-25,48.0,1.0,73.0,75.0,59.0,60.0,28.0,6.0,63.0,9.0,34.0
2019-01-26,36.0,1.0,49.0,55.0,43.0,41.0,16.0,0.0,57.0,24.0,30.0
2019-01-27,38.0,1.0,58.0,62.0,51.0,49.0,22.0,0.0,42.0,5.0,17.0
2019-01-28,46.0,,83.0,88.0,64.0,70.0,33.0,0.0,80.0,8.0,35.0
2019-01-29,65.0,,87.0,87.0,62.0,81.0,25.0,0.0,77.0,8.0,62.0
2019-01-30,66.0,,94.0,96.0,68.0,76.0,27.0,0.0,83.0,21.0,83.0
2019-01-31,70.0,,87.0,91.0,57.0,79.0,38.0,0.0,71.0,37.0,60.0
2019-02-01,75.0,,80.0,80.0,52.0,67.0,36.0,0.0,81.0,33.0,33.0
2019-02-02,41.0,,56.0,60.0,46.0,45.0,18.0,0.0,59.0,0.0,27.0
2019-02-03,46.0,,55.0,65.0,47.0,50.0,14.0,13.0,67.0,9.0,26.0
2019-02-04,62.0,,80.0,94.0,62.0,82.0,34.0,0.0,70.0,24.0,12.0
2019-02-05,69.0,,87.0,87.0,58.0,80.0,38.0,0.0,64.0,24.0,51.0
2019-02-06,53.0,,86.0,90.0,65.0,73.0,30.0,0.0,80.0,4.0,51.0
2019-02-07,70.0,,82.0,92.0,59.0,73.0,33.0,0.0,77.0,40.0,63.0
2019-02-08,59.0,,77.0,82.0,56.0,68.0,43.0,0.0,77.0,17.0,45.0
2019-02-09,36.0,,52.0,59.0,44.0,50.0,24.0,0.0,63.0,9.0,31.0
2019-02-10,42.0,,56.0,68.0,48.0,50.0,14.0,0.0,66.0,9.0,62.0
2019-02-11,64.0,,86.0,93.0,60.0,79.0,39.0,0.0,61.0,15.0,54.0
2019-02-12,59.0,,84.0,91.0,59.0,75.0,26.0,0.0,80.0,27.0,39.0
2019-02-13,59.0,,82.0,88.0,63.0,74.0,37.0,0.0,78.0,15.0,15.0
2019-02-14,69.0,,84.0,93.0,62.0,75.0,40.0,12.0,83.0,0.0,28.0
2019-02-15,48.0,,75.0,79.0,54.0,67.0,24.0,0.0,84.0,13.0,45.0
2019-02-16,55.0,,50.0,61.0,45.0,44.0,14.0,0.0,61.0,14.0,27.0
2019-02-17,38.0,,58.0,69.0,52.0,53.0,12.0,0.0,54.0,4.0,41.0
2019-02-18,50.0,,85.0,85.0,55.0,74.0,24.0,0.0,92.0,33.0,32.0
2019-02-19,73.0,,86.0,95.0,61.0,73.0,29.0,0.0,72.0,16.0,59.0
2019-02-20,65.0,,91.0,93.0,63.0,74.0,45.0,0.0,90.0,12.0,51.0
2019-02-21,57.0,,87.0,90.0,66.0,76.0,32.0,0.0,80.0,12.0,43.0
2019-02-22,56.0,,82.0,85.0,60.0,76.0,23.0,0.0,81.0,21.0,58.0
2019-02-23,41.0,,55.0,63.0,47.0,50.0,10.0,0.0,63.0,4.0,31.0
2019-02-24,39.0,,57.0,65.0,48.0,52.0,28.0,0.0,50.0,18.0,31.0
2019-02-25,63.0,,83.0,93.0,59.0,75.0,34.0,0.0,59.0,47.0,57.0
2019-02-26,68.0,,89.0,94.0,53.0,75.0,28.0,0.0,84.0,15.0,50.0
2019-02-27,72.0,,86.0,95.0,52.0,73.0,38.0,0.0,84.0,20.0,58.0
2019-02-28,73.0,,84.0,94.0,65.0,78.0,32.0,0.0,62.0,16.0,51.0
2019-03-01,70.0,,80.0,85.0,64.0,65.0,53.0,0.0,67.0,9.0,45.0
2019-03-02,40.0,,53.0,60.0,52.0,43.0,16.0,0.0,64.0,0.0,18.0
2019-03-03,50.0,,60.0,64.0,47.0,51.0,26.0,0.0,58.0,19.0,36.0
2019-03-04,62.0,,83.0,90.0,56.0,74.0,37.0,0.0,86.0,25.0,52.0
2019-03-05,72.0,,90.0,100.0,65.0,77.0,25.0,0.0,87.0,12.0,56.0
2019-03-06,73.0,,87.0,91.0,53.0,76.0,43.0,11.0,63.0,0.0,46.0
2019-03-07,55.0,,86.0,94.0,65.0,73.0,32.0,0.0,82.0,12.0,60.0
2019-03-08,49.0,,82.0,83.0,59.0,64.0,28.0,13.0,68.0,13.0,42.0
2019-03-09,27.0,,53.0,59.0,49.0,47.0,14.0,0.0,56.0,0.0,46.0
2019-03-10,38.0,,51.0,66.0,38.0,50.0,21.0,0.0,45.0,22.0,22.0
2019-03-11,70.0,,85.0,90.0,54.0,70.0,33.0,0.0,92.0,16.0,40.0
2019-03-12,55.0,,87.0,98.0,57.0,76.0,30.0,0.0,92.0,24.0,58.0
2019-03-13,64.0,,85.0,85.0,55.0,76.0,33.0,0.0,67.0,20.0,35.0
2019-03-14,69.0,,82.0,87.0,54.0,78.0,29.0,0.0,72.0,16.0,56.0
2019-03-15,56.0,,75.0,76.0,58.0,67.0,25.0,0.0,70.0,0.0,41.0
2019-03-16,48.0,,55.0,56.0,48.0,49.0,18.0,0.0,56.0,0.0,32.0
2019-03-17,49.0,,57.0,61.0,44.0,55.0,9.0,0.0,55.0,4.0,63.0
2019-03-18,56.0,,80.0,86.0,52.0,76.0,20.0,0.0,86.0,16.0,40.0
2019-03-19,58.0,,86.0,89.0,57.0,76.0,35.0,0.0,73.0,15.0,49.0
2019-03-20,49.0,,82.0,84.0,55.0,70.0,21.0,0.0,86.0,28.0,48.0
2019-03-21,59.0,,78.0,87.0,54.0,67.0,34.0,0.0,77.0,16.0,33.0
2019-03-22,42.0,,76.0,77.0,53.0,60.0,39.0,0.0,68.0,21.0,17.0
2019-03-23,39.0,,54.0,54.0,44.0,48.0,12.0,0.0,55.0,14.0,32.0
2019-03-24,44.0,,57.0,63.0,47.0,60.0,17.0,0.0,80.0,13.0,33.0
2019-03-25,61.0,,82.0,89.0,57.0,84.0,30.0,0.0,81.0,16.0,60.0
2019-03-26,66.0,,88.0,91.0,59.0,79.0,26.0,0.0,82.0,12.0,60.0
2019-03-27,54.0,,83.0,83.0,53.0,78.0,22.0,0.0,94.0,12.0,56.0
2019-03-28,56.0,,85.0,86.0,56.0,77.0,36.0,0.0,72.0,16.0,37.0
2019-03-29,53.0,,80.0,74.0,52.0,70.0,21.0,0.0,76.0,17.0,42.0
2019-03-30,29.0,,55.0,47.0,44.0,52.0,8.0,0.0,81.0,28.0,33.0
2019-03-31,44.0,,59.0,56.0,46.0,52.0,14.0,0.0,54.0,9.0,32.0
2019-04-01,53.0,,83.0,81.0,58.0,79.0,27.0,0.0,90.0,4.0,47.0
2019-04-02,73.0,,85.0,84.0,58.0,76.0,34.0,0.0,82.0,28.0,59.0
2019-04-03,58.0,,83.0,77.0,52.0,70.0,29.0,0.0,58.0,8.0,55.0
2019-04-04,55.0,,77.0,81.0,51.0,76.0,45.0,0.0,73.0,36.0,51.0
2019-04-05,62.0,,73.0,72.0,54.0,62.0,33.0,0.0,74.0,13.0,41.0
2019-04-06,39.0,1.0,50.0,51.0,37.0,41.0,14.0,0.0,45.0,12.0,16.0
2019-04-07,32.0,1.0,55.0,55.0,44.0,51.0,14.0,0.0,59.0,9.0,43.0
2019-04-08,62.0,1.0,82.0,80.0,58.0,73.0,28.0,0.0,80.0,25.0,64.0
2019-04-09,51.0,1.0,79.0,79.0,57.0,70.0,24.0,0.0,80.0,9.0,33.0
2019-04-10,53.0,1.0,82.0,79.0,53.0,69.0,31.0,0.0,64.0,12.0,55.0
2019-04-11,65.0,1.0,79.0,80.0,62.0,71.0,38.0,0.0,75.0,27.0,38.0
2019-04-12,47.0,1.0,73.0,71.0,48.0,59.0,21.0,0.0,52.0,18.0,52.0
2019-04-13,39.0,1.0,50.0,49.0,43.0,36.0,15.0,0.0,52.0,24.0,31.0
2019-04-14,38.0,1.0,51.0,53.0,42.0,47.0,14.0,0.0,57.0,3.0,36.0
2019-04-15,52.0,1.0,79.0,77.0,53.0,66.0,28.0,0.0,71.0,21.0,59.0
2019-04-16,53.0,1.0,77.0,75.0,54.0,69.0,32.0,6.0,75.0,14.0,59.0
2019-04-17,58.0,1.0,79.0,78.0,49.0,62.0,38.0,0.0,67.0,12.0,41.0
2019-04-18,36.0,1.0,75.0,70.0,44.0,64.0,39.0,0.0,72.0,12.0,51.0
2019-04-19,41.0,1.0,64.0,56.0,51.0,51.0,22.0,0.0,55.0,5.0,32.0
2019-04-20,39.0,1.0,51.0,46.0,41.0,37.0,16.0,0.0,56.0,13.0,41.0
2019-04-21,41.0,1.0,51.0,45.0,37.0,43.0,14.0,0.0,74.0,8.0,35.0
2019-04-22,54.0,1.0,73.0,70.0,55.0,58.0,23.0,0.0,64.0,27.0,51.0
2019-04-23,54.0,1.0,81.0,77.0,49.0,69.0,32.0,0.0,74.0,18.0,39.0
2019-04-24,63.0,1.0,80.0,78.0,57.0,73.0,30.0,6.0,69.0,11.0,49.0
2019-04-25,57.0,1.0,85.0,78.0,56.0,66.0,27.0,0.0,77.0,11.0,35.0
2019-04-26,60.0,1.0,77.0,68.0,52.0,59.0,31.0,0.0,75.0,10.0,35.0
2019-04-27,43.0,1.0,55.0,51.0,42.0,44.0,13.0,0.0,60.0,13.0,22.0
2019-04-28,41.0,1.0,56.0,54.0,36.0,46.0,17.0,0.0,58.0,5.0,28.0
2019-04-29,67.0,1.0,82.0,76.0,54.0,67.0,28.0,6.0,56.0,24.0,47.0
2019-04-30,58.0,1.0,86.0,78.0,57.0,69.0,27.0,6.0,75.0,3.0,40.0
2019-05-01,52.0,1.0,73.0,76.0,52.0,59.0,22.0,0.0,69.0,14.0,48.0
2019-05-02,61.0,1.0,91.0,78.0,54.0,67.0,39.0,0.0,78.0,16.0,33.0
2019-05-03,59.0,1.0,79.0,74.0,50.0,63.0,36.0,6.0,74.0,14.0,41.0
2019-05-04,37.0,1.0,53.0,51.0,44.0,44.0,18.0,0.0,53.0,10.0,35.0
2019-05-05,54.0,1.0,56.0,49.0,44.0,46.0,25.0,0.0,65.0,7.0,25.0
2019-05-06,50.0,1.0,81.0,70.0,51.0,63.0,35.0,6.0,70.0,6.0,57.0
2019-05-07,63.0,1.0,88.0,80.0,52.0,71.0,32.0,0.0,60.0,16.0,39.0
2019-05-08,64.0,1.0,85.0,80.0,49.0,67.0,33.0,0.0,80.0,7.0,41.0
2019-05-09,65.0,1.0,87.0,80.0,50.0,69.0,33.0,6.0,82.0,16.0,32.0
2019-05-10,44.0,1.0,80.0,72.0,45.0,63.0,36.0,0.0,64.0,3.0,41.0
2019-05-11,36.0,1.0,55.0,48.0,45.0,44.0,12.0,0.0,55.0,16.0,24.0
2019-05-12,46.0,1.0,54.0,52.0,33.0,43.0,15.0,0.0,59.0,3.0,20.0
2019-05-13,51.0,1.0,79.0,77.0,55.0,67.0,42.0,0.0,73.0,21.0,51.0
2019-05-14,59.0,1.0,88.0,81.0,56.0,71.0,72.0,0.0,85.0,14.0,51.0
2019-05-15,62.0,1.0,84.0,82.0,46.0,73.0,45.0,0.0,70.0,12.0,31.0
2019-05-16,69.0,1.0,87.0,83.0,57.0,73.0,30.0,0.0,73.0,33.0,46.0
2019-05-17,52.0,1.0,75.0,69.0,52.0,59.0,28.0,0.0,68.0,5.0,41.0
2019-05-18,32.0,1.0,52.0,46.0,39.0,42.0,20.0,0.0,67.0,11.0,40.0
2019-05-19,39.0,1.0,56.0,50.0,42.0,45.0,17.0,0.0,64.0,8.0,24.0
2019-05-20,57.0,1.0,80.0,73.0,52.0,64.0,27.0,0.0,80.0,20.0,52.0
2019-05-21,65.0,1.0,82.0,75.0,56.0,70.0,40.0,6.0,71.0,9.0,51.0
2019-05-22,52.0,1.0,84.0,75.0,55.0,63.0,36.0,0.0,71.0,14.0,49.0
2019-05-23,57.0,1.0,77.0,70.0,46.0,60.0,33.0,0.0,61.0,18.0,36.0
2019-05-24,60.0,1.0,76.0,66.0,56.0,58.0,30.0,0.0,72.0,13.0,29.0
2019-05-25,40.0,1.0,53.0,49.0,37.0,41.0,13.0,0.0,53.0,3.0,11.0
2019-05-26,34.0,1.0,51.0,48.0,42.0,41.0,15.0,0.0,80.0,8.0,27.0
2019-05-27,56.0,1.0,68.0,57.0,50.0,56.0,37.0,0.0,54.0,6.0,21.0
2019-05-28,56.0,1.0,79.0,74.0,53.0,63.0,65.0,0.0,67.0,16.0,27.0
2019-05-29,53.0,1.0,84.0,76.0,55.0,62.0,40.0,6.0,75.0,19.0,53.0
2019-05-30,64.0,1.0,78.0,70.0,53.0,57.0,31.0,6.0,68.0,23.0,41.0
2019-05-31,49.0,1.0,73.0,65.0,44.0,52.0,25.0,0.0,55.0,13.0,40.0
2019-06-01,34.0,1.0,53.0,53.0,42.0,43.0,12.0,0.0,50.0,10.0,34.0
2019-06-02,35.0,1.0,53.0,52.0,38.0,43.0,13.0,0.0,58.0,20.0,27.0
2019-06-03,59.0,1.0,77.0,72.0,52.0,67.0,35.0,0.0,78.0,49.0,46.0
2019-06-04,63.0,1.0,80.0,73.0,53.0,65.0,26.0,0.0,69.0,53.0,40.0
2019-06-05,53.0,1.0,79.0,74.0,49.0,63.0,30.0,0.0,67.0,68.0,43.0
2019-06-06,51.0,1.0,82.0,73.0,51.0,67.0,36.0,0.0,67.0,25.0,27.0
2019-06-07,57.0,1.0,72.0,66.0,47.0,56.0,29.0,0.0,62.0,23.0,26.0
2019-06-08,36.0,1.0,54.0,53.0,44.0,43.0,16.0,0.0,68.0,31.0,39.0
2019-06-09,47.0,1.0,56.0,55.0,42.0,46.0,8.0,13.0,57.0,52.0,40.0
2019-06-10,64.0,1.0,78.0,72.0,48.0,64.0,26.0,0.0,80.0,46.0,64.0
2019-06-11,49.0,1.0,85.0,77.0,52.0,67.0,32.0,0.0,75.0,27.0,33.0
2019-06-12,62.0,1.0,80.0,77.0,53.0,75.0,30.0,0.0,82.0,55.0,82.0
2019-06-13,62.0,1.0,82.0,75.0,58.0,70.0,34.0,0.0,76.0,59.0,33.0
2019-06-14,57.0,1.0,75.0,69.0,50.0,60.0,18.0,0.0,58.0,46.0,31.0
2019-06-15,34.0,1.0,53.0,51.0,44.0,43.0,20.0,7.0,52.0,30.0,33.0
2019-06-16,52.0,1.0,50.0,53.0,48.0,49.0,16.0,0.0,52.0,46.0,24.0
2019-06-17,71.0,1.0,85.0,77.0,51.0,71.0,31.0,0.0,79.0,49.0,52.0
2019-06-18,60.0,1.0,85.0,76.0,59.0,77.0,27.0,0.0,70.0,72.0,56.0
2019-06-19,64.0,1.0,85.0,80.0,56.0,74.0,30.0,0.0,85.0,58.0,50.0
2019-06-20,69.0,1.0,81.0,78.0,56.0,69.0,33.0,0.0,74.0,51.0,38.0
2019-06-21,50.0,1.0,79.0,71.0,55.0,57.0,32.0,0.0,86.0,36.0,36.0
2019-06-22,45.0,1.0,56.0,55.0,47.0,41.0,13.0,0.0,53.0,32.0,18.0
2019-06-23,42.0,1.0,62.0,59.0,44.0,46.0,12.0,0.0,67.0,29.0,28.0
2019-06-24,63.0,1.0,84.0,76.0,57.0,67.0,23.0,0.0,62.0,46.0,33.0
2019-06-25,62.0,1.0,82.0,77.0,57.0,71.0,33.0,0.0,69.0,49.0,58.0
2019-06-26,64.0,1.0,85.0,76.0,54.0,68.0,24.0,0.0,66.0,59.0,43.0
2019-06-27,62.0,1.0,84.0,77.0,49.0,64.0,29.0,0.0,76.0,35.0,47.0
2019-06-28,56.0,1.0,75.0,67.0,49.0,56.0,25.0,0.0,67.0,9.0,35.0
2019-06-29,39.0,1.0,58.0,53.0,45.0,42.0,12.0,0.0,52.0,24.0,25.0
2019-06-30,43.0,1.0,57.0,58.0,43.0,45.0,9.0,13.0,54.0,46.0,16.0
2019-07-01,59.0,1.0,75.0,72.0,54.0,59.0,27.0,0.0,60.0,36.0,32.0
2019-07-02,55.0,1.0,76.0,70.0,51.0,63.0,28.0,0.0,71.0,52.0,29.0
2019-07-03,55.0,1.0,83.0,72.0,46.0,68.0,27.0,0.0,73.0,52.0,25.0
2019-07-04,51.0,1.0,73.0,67.0,46.0,58.0,20.0,0.0,66.0,43.0,38.0
2019-07-05,51.0,1.0,71.0,64.0,53.0,47.0,32.0,0.0,76.0,23.0,34.0
2019-07-06,35.0,1.0,56.0,54.0,40.0,39.0,8.0,0.0,58.0,18.0,34.0
2019-07-07,47.0,1.0,55.0,58.0,45.0,44.0,17.0,0.0,58.0,28.0,51.0
2019-07-08,54.0,1.0,83.0,74.0,47.0,66.0,37.0,0.0,67.0,19.0,41.0
2019-07-09,56.0,1.0,84.0,76.0,57.0,62.0,33.0,0.0,84.0,39.0,39.0
2019-07-10,61.0,1.0,82.0,76.0,54.0,57.0,35.0,0.0,59.0,21.0,32.0
2019-07-11,63.0,1.0,83.0,74.0,54.0,59.0,29.0,0.0,71.0,39.0,22.0
2019-07-12,55.0,1.0,75.0,69.0,48.0,48.0,22.0,0.0,72.0,14.0,41.0
2019-07-13,45.0,1.0,63.0,53.0,45.0,41.0,16.0,7.0,60.0,18.0,18.0
2019-07-14,51.0,1.0,54.0,59.0,45.0,42.0,15.0,0.0,64.0,22.0,44.0
2019-07-15,54.0,1.0,81.0,78.0,60.0,59.0,38.0,0.0,65.0,41.0,46.0
2019-07-16,74.0,,87.0,75.0,57.0,63.0,36.0,0.0,76.0,21.0,38.0
2019-07-17,43.0,,85.0,74.0,57.0,64.0,36.0,0.0,60.0,31.0,26.0
2019-07-18,65.0,,86.0,72.0,60.0,59.0,30.0,0.0,79.0,21.0,18.0
2019-07-19,57.0,,69.0,65.0,53.0,55.0,25.0,0.0,61.0,22.0,29.0
2019-07-20,34.0,,55.0,49.0,49.0,39.0,11.0,0.0,67.0,0.0,20.0
2019-07-21,41.0,,58.0,57.0,39.0,42.0,20.0,0.0,58.0,6.0,27.0
2019-07-22,62.0,,85.0,76.0,49.0,68.0,33.0,0.0,65.0,32.0,18.0
2019-07-23,68.0,,77.0,75.0,49.0,57.0,41.0,0.0,70.0,21.0,38.0
2019-07-24,60.0,,82.0,71.0,49.0,63.0,16.0,24.0,70.0,21.0,18.0
2019-07-25,54.0,,83.0,75.0,42.0,53.0,32.0,0.0,72.0,21.0,19.0
2019-07-26,41.0,,73.0,61.0,47.0,45.0,26.0,0.0,72.0,21.0,31.0
2019-07-27,38.0,,52.0,51.0,43.0,35.0,14.0,0.0,53.0,6.0,31.0
2019-07-28,52.0,,54.0,58.0,48.0,41.0,13.0,0.0,68.0,24.0,37.0
2019-07-29,62.0,,77.0,71.0,53.0,57.0,35.0,0.0,59.0,27.0,48.0
2019-07-30,54.0,,83.0,72.0,54.0,60.0,30.0,0.0,65.0,5.0,27.0
2019-07-31,55.0,,75.0,69.0,54.0,61.0,42.0,0.0,48.0,15.0,30.0
2019-08-01,47.0,,72.0,71.0,49.0,54.0,38.0,12.0,61.0,16.0,21.0
2019-08-02,36.0,,72.0,64.0,55.0,51.0,31.0,0.0,56.0,11.0,12.0
2019-08-03,42.0,,53.0,50.0,45.0,35.0,14.0,0.0,58.0,12.0,20.0
2019-08-04,37.0,,52.0,53.0,42.0,41.0,20.0,0.0,64.0,12.0,11.0
2019-08-05,66.0,,74.0,68.0,46.0,52.0,49.0,0.0,69.0,5.0,21.0
2019-08-06,53.0,,78.0,77.0,50.0,56.0,41.0,0.0,62.0,21.0,27.0
2019-08-07,61.0,,79.0,72.0,54.0,57.0,36.0,0.0,80.0,37.0,27.0
2019-08-08,54.0,,73.0,69.0,49.0,56.0,52.0,12.0,46.0,15.0,27.0
2019-08-09,50.0,,69.0,62.0,53.0,51.0,27.0,0.0,60.0,27.0,21.0
2019-08-10,39.0,,49.0,52.0,38.0,35.0,13.0,0.0,49.0,12.0,27.0
2019-08-11,36.0,,47.0,48.0,38.0,30.0,18.0,0.0,47.0,6.0,17.0
2019-08-12,47.0,,70.0,70.0,53.0,50.0,36.0,0.0,57.0,10.0,27.0
2019-08-13,58.0,,79.0,80.0,56.0,58.0,31.0,0.0,57.0,31.0,24.0
2019-08-14,62.0,,83.0,71.0,47.0,59.0,42.0,0.0,57.0,5.0,31.0
2019-08-15,54.0,,72.0,68.0,57.0,57.0,36.0,0.0,52.0,21.0,43.0
2019-08-16,58.0,,76.0,68.0,60.0,54.0,25.0,12.0,70.0,5.0,12.0
2019-08-17,43.0,,54.0,55.0,49.0,39.0,12.0,0.0,52.0,0.0,16.0
2019-08-18,45.0,,57.0,64.0,45.0,45.0,14.0,0.0,72.0,12.0,27.0
2019-08-19,48.0,,84.0,81.0,54.0,66.0,43.0,0.0,68.0,30.0,23.0
2019-08-20,63.0,,84.0,81.0,51.0,63.0,32.0,0.0,70.0,31.0,47.0
2019-08-21,65.0,,89.0,83.0,60.0,69.0,34.0,0.0,95.0,25.0,49.0
2019-08-22,50.0,,83.0,84.0,64.0,66.0,29.0,0.0,75.0,36.0,26.0
2019-08-23,55.0,,73.0,73.0,53.0,56.0,31.0,0.0,57.0,21.0,18.0
2019-08-24,39.0,,50.0,51.0,49.0,37.0,21.0,0.0,43.0,0.0,27.0
2019-08-25,52.0,,55.0,65.0,54.0,50.0,11.0,0.0,48.0,12.0,47.0
2019-08-26,56.0,,80.0,76.0,53.0,68.0,38.0,0.0,95.0,10.0,38.0
2019-08-27,71.0,,88.0,83.0,61.0,74.0,52.0,0.0,75.0,30.0,54.0
2019-08-28,68.0,,85.0,86.0,67.0,70.0,41.0,0.0,74.0,15.0,43.0
2019-08-29,51.0,,82.0,85.0,63.0,74.0,45.0,11.0,67.0,56.0,34.0
2019-08-30,60.0,,77.0,77.0,64.0,57.0,36.0,11.0,70.0,10.0,56.0
2019-08-31,39.0,,51.0,52.0,49.0,44.0,12.0,0.0,54.0,11.0,29.0
2019-09-01,40.0,,52.0,59.0,46.0,45.0,20.0,0.0,46.0,27.0,16.0
2019-09-02,43.0,,62.0,67.0,54.0,58.0,34.0,0.0,52.0,25.0,37.0
2019-09-03,57.0,,87.0,86.0,56.0,75.0,39.0,0.0,79.0,29.0,41.0
2019-09-04,70.0,,87.0,86.0,63.0,77.0,38.0,11.0,67.0,24.0,44.0
2019-09-05,72.0,,82.0,85.0,60.0,76.0,36.0,0.0,73.0,33.0,30.0
2019-09-06,69.0,,85.0,84.0,57.0,65.0,31.0,0.0,78.0,51.0,20.0
2019-09-07,43.0,,58.0,66.0,44.0,51.0,17.0,0.0,47.0,11.0,32.0
2019-09-08,41.0,,60.0,71.0,50.0,56.0,14.0,0.0,72.0,33.0,13.0
2019-09-09,59.0,,86.0,85.0,63.0,69.0,31.0,0.0,76.0,29.0,50.0
2019-09-10,63.0,,92.0,94.0,65.0,78.0,28.0,0.0,78.0,44.0,47.0
2019-09-11,70.0,,89.0,93.0,64.0,78.0,25.0,11.0,89.0,33.0,50.0
2019-09-12,75.0,,92.0,92.0,69.0,79.0,41.0,0.0,88.0,44.0,31.0
2019-09-13,64.0,,78.0,83.0,63.0,69.0,22.0,0.0,76.0,15.0,55.0
2019-09-14,40.0,,58.0,57.0,50.0,49.0,12.0,0.0,53.0,28.0,35.0
2019-09-15,45.0,,60.0,77.0,50.0,57.0,21.0,0.0,59.0,16.0,16.0
2019-09-16,61.0,,87.0,90.0,70.0,74.0,38.0,0.0,91.0,29.0,30.0
2019-09-17,72.0,,90.0,91.0,67.0,77.0,25.0,11.0,82.0,15.0,35.0
2019-09-18,73.0,,98.0,91.0,60.0,74.0,30.0,0.0,70.0,24.0,50.0
2019-09-19,58.0,,91.0,89.0,62.0,80.0,35.0,0.0,92.0,25.0,39.0
2019-09-20,60.0,,89.0,86.0,68.0,69.0,38.0,0.0,80.0,15.0,38.0
2019-09-21,36.0,,62.0,58.0,53.0,47.0,14.0,0.0,70.0,5.0,25.0
2019-09-22,49.0,,61.0,72.0,49.0,56.0,20.0,0.0,62.0,27.0,37.0
2019-09-23,62.0,,88.0,89.0,63.0,77.0,40.0,0.0,64.0,19.0,41.0
2019-09-24,79.0,,94.0,95.0,58.0,86.0,20.0,0.0,84.0,48.0,52.0
2019-09-25,62.0,,94.0,94.0,61.0,76.0,28.0,0.0,75.0,24.0,49.0
2019-09-26,62.0,,87.0,95.0,63.0,77.0,32.0,0.0,69.0,20.0,57.0
2019-09-27,57.0,,86.0,83.0,62.0,64.0,25.0,0.0,88.0,5.0,34.0
2019-09-28,32.0,,58.0,62.0,49.0,47.0,16.0,0.0,58.0,0.0,35.0
2019-09-29,48.0,,58.0,68.0,42.0,57.0,14.0,0.0,73.0,16.0,38.0
2019-09-30,69.0,,86.0,89.0,59.0,74.0,32.0,0.0,57.0,15.0,25.0
2019-10-01,69.0,,86.0,84.0,68.0,69.0,33.0,0.0,74.0,24.0,33.0
2019-10-02,61.0,,82.0,89.0,58.0,75.0,26.0,0.0,81.0,5.0,41.0
2019-10-03,52.0,,86.0,89.0,64.0,73.0,30.0,0.0,65.0,54.0,28.0
2019-10-04,52.0,,76.0,77.0,53.0,66.0,30.0,0.0,63.0,15.0,49.0
2019-10-05,40.0,,54.0,58.0,54.0,44.0,22.0,0.0,49.0,0.0,16.0
2019-10-06,39.0,,53.0,60.0,51.0,51.0,28.0,0.0,59.0,27.0,21.0
2019-10-07,54.0,,76.0,83.0,61.0,67.0,28.0,0.0,65.0,33.0,44.0
2019-10-08,57.0,,83.0,83.0,53.0,72.0,37.0,0.0,73.0,19.0,33.0
2019-10-09,61.0,,89.0,86.0,57.0,75.0,39.0,0.0,86.0,29.0,36.0
2019-10-10,54.0,,86.0,87.0,52.0,73.0,40.0,0.0,85.0,20.0,25.0
2019-10-11,66.0,,74.0,80.0,57.0,68.0,36.0,0.0,67.0,15.0,31.0
2019-10-12,40.0,,59.0,61.0,44.0,47.0,21.0,0.0,66.0,16.0,19.0
2019-10-13,39.0,,54.0,60.0,51.0,54.0,21.0,0.0,57.0,16.0,19.0
2019-10-14,68.0,,86.0,85.0,56.0,75.0,30.0,0.0,73.0,15.0,30.0
2019-10-15,67.0,,89.0,84.0,60.0,69.0,36.0,0.0,83.0,9.0,57.0
2019-10-16,62.0,,85.0,85.0,57.0,76.0,38.0,0.0,71.0,19.0,39.0
2019-10-17,64.0,,81.0,86.0,60.0,75.0,35.0,0.0,82.0,24.0,34.0
2019-10-18,56.0,,80.0,76.0,50.0,65.0,36.0,0.0,68.0,30.0,29.0
2019-10-19,39.0,,54.0,55.0,43.0,45.0,12.0,0.0,54.0,21.0,19.0
2019-10-20,43.0,,56.0,62.0,44.0,55.0,20.0,0.0,65.0,21.0,18.0
2019-10-21,51.0,,80.0,85.0,59.0,69.0,36.0,0.0,70.0,23.0,21.0
2019-10-22,59.0,,83.0,88.0,56.0,76.0,36.0,0.0,78.0,42.0,39.0
2019-10-23,52.0,,84.0,82.0,56.0,74.0,47.0,0.0,68.0,19.0,22.0
2019-10-24,55.0,,81.0,78.0,54.0,65.0,31.0,0.0,74.0,24.0,63.0
2019-10-25,48.0,,66.0,71.0,54.0,57.0,33.0,0.0,68.0,30.0,25.0
2019-10-26,24.0,,42.0,48.0,47.0,42.0,20.0,0.0,60.0,22.0,25.0
2019-10-27,47.0,,47.0,49.0,44.0,43.0,24.0,0.0,46.0,5.0,40.0
2019-10-28,51.0,,71.0,72.0,53.0,68.0,32.0,10.0,72.0,33.0,45.0
2019-10-29,47.0,,80.0,81.0,57.0,69.0,35.0,0.0,65.0,33.0,36.0
2019-10-30,57.0,,80.0,81.0,56.0,69.0,30.0,22.0,58.0,28.0,30.0
2019-10-31,47.0,,77.0,81.0,49.0,67.0,26.0,0.0,78.0,5.0,25.0
2019-11-01,52.0,,69.0,76.0,55.0,58.0,27.0,0.0,75.0,15.0,15.0
2019-11-02,36.0,,48.0,54.0,48.0,39.0,13.0,0.0,56.0,5.0,21.0
2019-11-03,47.0,,53.0,65.0,49.0,52.0,29.0,0.0,61.0,16.0,21.0
2019-11-04,65.0,,84.0,87.0,60.0,71.0,36.0,0.0,67.0,58.0,35.0
2019-11-05,58.0,,86.0,89.0,59.0,77.0,38.0,0.0,72.0,61.0,51.0
2019-11-06,67.0,,88.0,88.0,60.0,79.0,51.0,0.0,75.0,66.0,48.0
2019-11-07,65.0,,88.0,89.0,55.0,74.0,44.0,0.0,73.0,67.0,22.0
2019-11-08,56.0,,79.0,82.0,68.0,65.0,72.0,0.0,80.0,34.0,25.0
2019-11-09,39.0,,49.0,52.0,49.0,43.0,33.0,0.0,50.0,33.0,16.0
2019-11-10,38.0,,53.0,60.0,49.0,51.0,24.0,0.0,68.0,48.0,39.0
2019-11-11,53.0,,80.0,80.0,64.0,68.0,32.0,0.0,77.0,71.0,35.0
2019-11-12,66.0,,82.0,88.0,60.0,81.0,38.0,10.0,77.0,84.0,70.0
2019-11-13,60.0,,83.0,90.0,57.0,75.0,40.0,0.0,78.0,57.0,38.0
2019-11-14,48.0,,90.0,89.0,69.0,75.0,37.0,0.0,99.0,47.0,57.0
2019-11-15,45.0,,73.0,80.0,63.0,70.0,25.0,0.0,81.0,25.0,31.0
2019-11-16,43.0,,57.0,56.0,49.0,47.0,17.0,0.0,50.0,22.0,34.0
2019-11-17,44.0,,60.0,65.0,46.0,55.0,20.0,24.0,64.0,33.0,12.0
2019-11-18,65.0,,83.0,90.0,57.0,74.0,41.0,0.0,87.0,33.0,54.0
2019-11-19,61.0,,91.0,89.0,62.0,80.0,38.0,11.0,65.0,86.0,49.0
2019-11-20,69.0,,89.0,92.0,67.0,81.0,41.0,11.0,100.0,53.0,44.0
2019-11-21,73.0,,90.0,86.0,59.0,85.0,47.0,0.0,77.0,29.0,58.0
2019-11-22,42.0,,70.0,75.0,64.0,73.0,27.0,0.0,77.0,30.0,51.0
2019-11-23,40.0,,56.0,53.0,55.0,47.0,16.0,0.0,60.0,16.0,21.0
2019-11-24,38.0,,52.0,61.0,58.0,53.0,18.0,0.0,76.0,16.0,18.0
2019-11-25,66.0,,86.0,81.0,62.0,69.0,62.0,0.0,89.0,48.0,28.0
2019-11-26,69.0,,80.0,79.0,62.0,74.0,70.0,0.0,87.0,52.0,47.0
2019-11-27,54.0,,78.0,76.0,66.0,66.0,46.0,0.0,73.0,53.0,41.0
2019-11-28,47.0,,68.0,65.0,69.0,63.0,38.0,0.0,70.0,39.0,36.0
2019-11-29,47.0,,63.0,58.0,78.0,60.0,22.0,0.0,63.0,20.0,11.0
2019-11-30,36.0,,49.0,53.0,63.0,43.0,22.0,0.0,58.0,0.0,27.0
2019-12-01,42.0,,51.0,54.0,54.0,51.0,14.0,0.0,63.0,21.0,39.0
2019-12-02,51.0,,78.0,85.0,78.0,72.0,45.0,0.0,76.0,23.0,53.0
2019-12-03,73.0,,80.0,84.0,68.0,74.0,38.0,0.0,82.0,24.0,60.0
2019-12-04,66.0,,85.0,83.0,64.0,76.0,31.0,0.0,93.0,19.0,35.0
2019-12-05,63.0,,80.0,89.0,67.0,78.0,25.0,0.0,90.0,9.0,56.0
2019-12-06,50.0,,74.0,75.0,62.0,65.0,30.0,0.0,81.0,35.0,49.0
2019-12-07,51.0,,52.0,52.0,44.0,47.0,23.0,0.0,51.0,11.0,25.0
2019-12-08,47.0,,54.0,62.0,42.0,49.0,16.0,0.0,59.0,16.0,41.0
2019-12-09,49.0,,78.0,82.0,57.0,72.0,34.0,0.0,81.0,39.0,61.0
2019-12-10,66.0,,82.0,80.0,55.0,71.0,38.0,11.0,72.0,24.0,39.0
2019-12-11,58.0,,84.0,82.0,60.0,74.0,29.0,0.0,85.0,24.0,39.0
2019-12-12,62.0,,80.0,76.0,61.0,73.0,36.0,0.0,81.0,39.0,44.0
2019-12-13,56.0,,71.0,74.0,53.0,63.0,19.0,0.0,68.0,20.0,48.0
2019-12-14,24.0,,48.0,49.0,52.0,43.0,16.0,0.0,56.0,5.0,21.0
2019-12-15,49.0,,53.0,56.0,49.0,45.0,20.0,0.0,65.0,0.0,43.0
2019-12-16,57.0,,73.0,71.0,59.0,63.0,52.0,0.0,75.0,19.0,60.0
2019-12-17,50.0,,76.0,77.0,57.0,67.0,31.0,0.0,73.0,9.0,25.0
2019-12-18,46.0,,73.0,71.0,53.0,62.0,41.0,0.0,65.0,15.0,19.0
2019-12-19,51.0,,67.0,69.0,57.0,53.0,35.0,0.0,71.0,30.0,34.0
2019-12-20,49.0,,66.0,62.0,51.0,51.0,30.0,0.0,60.0,10.0,27.0
2019-12-21,32.0,,42.0,45.0,47.0,36.0,19.0,0.0,29.0,0.0,16.0
2019-12-22,28.0,,37.0,47.0,45.0,33.0,17.0,0.0,39.0,5.0,22.0
2019-12-23,43.0,,55.0,54.0,45.0,43.0,33.0,0.0,62.0,15.0,24.0
2019-12-24,32.0,,47.0,47.0,53.0,42.0,23.0,0.0,43.0,0.0,19.0
2019-12-25,30.0,,44.0,42.0,46.0,31.0,22.0,0.0,56.0,6.0,17.0
2019-12-26,33.0,,53.0,54.0,71.0,33.0,31.0,0.0,50.0,15.0,3.0
2019-12-27,45.0,,56.0,54.0,65.0,43.0,39.0,0.0,55.0,10.0,15.0
2019-12-28,30.0,,44.0,47.0,55.0,33.0,20.0,0.0,57.0,5.0,16.0
2019-12-29,38.0,,41.0,50.0,42.0,36.0,19.0,0.0,42.0,5.0,16.0
2019-12-30,47.0,,57.0,58.0,48.0,41.0,27.0,0.0,59.0,0.0,35.0
2019-12-31,33.0,,48.0,50.0,45.0,33.0,17.0,0.0,50.0,0.0,3.0
