date,technology,overlap,computer and information,information,science,design and technology,limited company,engineering,innovation,SEAT,investment fund
2017-01-17,93.0,1.0,23.0,94.0,78.0,68.0,59.0,91.0,80.0,26.0,53.0
2017-01-18,94.0,1.0,21.0,90.0,77.0,43.0,59.0,86.0,85.0,25.0,61.0
2017-01-19,88.0,1.0,39.0,92.0,79.0,51.0,56.0,82.0,81.0,23.0,55.0
2017-01-20,81.0,1.0,38.0,82.0,71.0,35.0,45.0,75.0,75.0,25.0,51.0
2017-01-21,56.0,1.0,18.0,61.0,55.0,31.0,29.0,61.0,41.0,28.0,37.0
2017-01-22,58.0,1.0,24.0,63.0,60.0,31.0,37.0,61.0,58.0,28.0,33.0
2017-01-23,92.0,1.0,27.0,94.0,76.0,17.0,60.0,85.0,93.0,25.0,28.0
2017-01-24,90.0,1.0,18.0,93.0,79.0,58.0,56.0,83.0,94.0,25.0,65.0
2017-01-25,90.0,1.0,18.0,90.0,77.0,51.0,56.0,82.0,85.0,24.0,39.0
2017-01-26,79.0,1.0,18.0,88.0,76.0,24.0,51.0,75.0,79.0,25.0,48.0
2017-01-27,82.0,1.0,20.0,81.0,73.0,21.0,52.0,72.0,75.0,25.0,48.0
2017-01-28,54.0,1.0,11.0,58.0,60.0,20.0,21.0,58.0,40.0,28.0,39.0
2017-01-29,56.0,1.0,34.0,68.0,62.0,38.0,30.0,56.0,43.0,27.0,43.0
2017-01-30,88.0,1.0,39.0,88.0,73.0,47.0,52.0,78.0,96.0,26.0,61.0
2017-01-31,94.0,1.0,38.0,95.0,75.0,36.0,56.0,89.0,96.0,26.0,67.0
2017-02-01,92.0,1.0,32.0,93.0,77.0,36.0,53.0,84.0,77.0,26.0,60.0
2017-02-02,91.0,1.0,28.0,94.0,79.0,38.0,57.0,85.0,84.0,26.0,64.0
2017-02-03,82.0,1.0,18.0,86.0,70.0,35.0,46.0,77.0,78.0,25.0,44.0
2017-02-04,57.0,1.0,33.0,62.0,59.0,23.0,33.0,65.0,38.0,28.0,33.0
2017-02-05,58.0,1.0,10.0,68.0,63.0,38.0,29.0,57.0,42.0,27.0,42.0
2017-02-06,87.0,1.0,35.0,90.0,73.0,33.0,48.0,77.0,80.0,24.0,48.0
2017-02-07,93.0,1.0,20.0,94.0,81.0,47.0,63.0,82.0,80.0,24.0,53.0
2017-02-08,94.0,1.0,42.0,94.0,78.0,33.0,58.0,82.0,93.0,25.0,57.0
2017-02-09,91.0,1.0,23.0,93.0,72.0,61.0,61.0,79.0,88.0,24.0,56.0
2017-02-10,80.0,1.0,27.0,81.0,71.0,25.0,58.0,75.0,72.0,24.0,69.0
2017-02-11,55.0,1.0,21.0,60.0,61.0,27.0,34.0,58.0,49.0,29.0,31.0
2017-02-12,57.0,1.0,26.0,64.0,61.0,26.0,36.0,56.0,50.0,27.0,23.0
2017-02-13,82.0,1.0,25.0,90.0,70.0,59.0,53.0,77.0,86.0,25.0,62.0
2017-02-14,88.0,1.0,18.0,87.0,72.0,50.0,62.0,78.0,85.0,23.0,44.0
2017-02-15,90.0,1.0,22.0,95.0,80.0,24.0,62.0,81.0,85.0,25.0,51.0
2017-02-16,90.0,1.0,29.0,91.0,75.0,7.0,60.0,82.0,88.0,26.0,51.0
2017-02-17,83.0,1.0,28.0,81.0,71.0,30.0,55.0,78.0,76.0,26.0,57.0
2017-02-18,57.0,1.0,14.0,61.0,60.0,7.0,30.0,58.0,42.0,27.0,37.0
2017-02-19,60.0,1.0,25.0,65.0,62.0,23.0,28.0,59.0,56.0,28.0,25.0
2017-02-20,84.0,1.0,26.0,83.0,72.0,40.0,60.0,79.0,87.0,27.0,60.0
2017-02-21,92.0,1.0,22.0,95.0,78.0,30.0,61.0,84.0,92.0,26.0,63.0
2017-02-22,89.0,1.0,35.0,94.0,78.0,69.0,60.0,83.0,92.0,26.0,48.0
2017-02-23,84.0,1.0,36.0,86.0,78.0,37.0,56.0,78.0,92.0,25.0,61.0
2017-02-24,79.0,1.0,26.0,79.0,71.0,21.0,47.0,74.0,72.0,26.0,64.0
2017-02-25,59.0,1.0,20.0,61.0,60.0,42.0,32.0,63.0,42.0,28.0,23.0
2017-02-26,63.0,1.0,42.0,68.0,72.0,41.0,32.0,57.0,56.0,28.0,34.0
2017-02-27,96.0,1.0,32.0,98.0,82.0,58.0,57.0,85.0,80.0,26.0,59.0
2017-02-28,95.0,1.0,16.0,100.0,84.0,56.0,58.0,86.0,90.0,25.0,56.0
2017-03-01,91.0,1.0,35.0,92.0,79.0,51.0,59.0,82.0,91.0,25.0,57.0
2017-03-02,100.0,1.0,100.0,100.0,79.0,42.0,53.0,83.0,89.0,24.0,72.0
2017-03-03,86.0,1.0,26.0,85.0,76.0,34.0,56.0,74.0,76.0,27.0,54.0
2017-03-04,56.0,1.0,21.0,60.0,62.0,23.0,39.0,58.0,46.0,28.0,21.0
2017-03-05,62.0,1.0,27.0,70.0,66.0,48.0,25.0,60.0,53.0,29.0,35.0
2017-03-06,92.0,1.0,24.0,92.0,78.0,57.0,62.0,83.0,95.0,27.0,72.0
2017-03-07,93.0,1.0,32.0,96.0,77.0,47.0,64.0,82.0,90.0,25.0,69.0
2017-03-08,95.0,1.0,40.0,92.0,81.0,50.0,62.0,82.0,87.0,25.0,51.0
2017-03-09,89.0,1.0,33.0,92.0,77.0,30.0,55.0,81.0,87.0,26.0,54.0
2017-03-10,86.0,1.0,26.0,82.0,72.0,41.0,59.0,72.0,79.0,26.0,58.0
2017-03-11,51.0,1.0,21.0,55.0,61.0,30.0,29.0,55.0,51.0,41.0,31.0
2017-03-12,65.0,1.0,4.0,60.0,60.0,47.0,28.0,54.0,55.0,31.0,33.0
2017-03-13,85.0,1.0,22.0,85.0,70.0,40.0,55.0,74.0,82.0,26.0,70.0
2017-03-14,87.0,1.0,21.0,90.0,77.0,27.0,63.0,80.0,100.0,27.0,67.0
2017-03-15,87.0,1.0,14.0,86.0,77.0,37.0,66.0,83.0,90.0,24.0,70.0
2017-03-16,92.0,1.0,10.0,86.0,78.0,37.0,64.0,80.0,84.0,25.0,60.0
2017-03-17,83.0,1.0,28.0,78.0,73.0,32.0,51.0,73.0,77.0,25.0,69.0
2017-03-18,53.0,1.0,16.0,57.0,59.0,42.0,41.0,59.0,49.0,27.0,40.0
2017-03-19,59.0,1.0,17.0,60.0,64.0,34.0,30.0,57.0,54.0,28.0,27.0
2017-03-20,90.0,1.0,34.0,89.0,77.0,33.0,62.0,80.0,90.0,26.0,63.0
2017-03-21,94.0,1.0,25.0,92.0,83.0,50.0,64.0,86.0,93.0,26.0,73.0
2017-03-22,94.0,1.0,32.0,90.0,83.0,30.0,62.0,86.0,99.0,24.0,48.0
2017-03-23,88.0,,42.0,85.0,74.0,27.0,70.0,79.0,94.0,23.0,75.0
2017-03-24,84.0,,37.0,77.0,70.0,42.0,44.0,74.0,77.0,25.0,45.0
2017-03-25,56.0,,11.0,55.0,57.0,32.0,48.0,59.0,44.0,28.0,41.0
2017-03-26,60.0,,15.0,63.0,61.0,31.0,29.0,63.0,52.0,29.0,52.0
2017-03-27,90.0,,36.0,88.0,76.0,20.0,59.0,92.0,88.0,27.0,60.0
2017-03-28,97.0,,23.0,93.0,74.0,61.0,60.0,83.0,96.0,25.0,70.0
2017-03-29,90.0,,29.0,93.0,74.0,27.0,62.0,81.0,94.0,24.0,71.0
2017-03-30,91.0,,23.0,87.0,73.0,34.0,83.0,83.0,88.0,25.0,63.0
2017-03-31,79.0,,33.0,78.0,67.0,28.0,54.0,76.0,66.0,25.0,50.0
2017-04-01,48.0,,26.0,53.0,54.0,31.0,35.0,59.0,41.0,27.0,19.0
2017-04-02,55.0,,19.0,61.0,57.0,46.0,33.0,62.0,50.0,28.0,46.0
2017-04-03,91.0,,26.0,84.0,75.0,46.0,62.0,84.0,84.0,25.0,51.0
2017-04-04,92.0,,19.0,82.0,72.0,40.0,55.0,84.0,90.0,24.0,72.0
2017-04-05,90.0,,48.0,87.0,75.0,53.0,70.0,88.0,90.0,23.0,59.0
2017-04-06,92.0,,23.0,88.0,76.0,47.0,55.0,80.0,88.0,25.0,57.0
2017-04-07,79.0,,17.0,80.0,67.0,48.0,60.0,74.0,92.0,25.0,36.0
2017-04-08,55.0,,26.0,57.0,51.0,31.0,33.0,60.0,41.0,27.0,25.0
2017-04-09,54.0,,26.0,62.0,53.0,23.0,27.0,57.0,52.0,27.0,47.0
2017-04-10,90.0,,19.0,83.0,64.0,34.0,59.0,83.0,94.0,26.0,65.0
2017-04-11,91.0,,16.0,83.0,71.0,47.0,54.0,82.0,81.0,26.0,71.0
2017-04-12,84.0,,26.0,80.0,68.0,48.0,49.0,83.0,89.0,25.0,55.0
2017-04-13,82.0,,31.0,81.0,63.0,37.0,65.0,77.0,83.0,27.0,59.0
2017-04-14,59.0,,33.0,66.0,63.0,31.0,28.0,59.0,49.0,26.0,33.0
2017-04-15,50.0,,15.0,53.0,54.0,16.0,27.0,57.0,31.0,24.0,47.0
2017-04-16,50.0,,8.0,58.0,56.0,8.0,27.0,58.0,40.0,26.0,58.0
2017-04-17,80.0,,27.0,76.0,71.0,35.0,48.0,74.0,62.0,26.0,70.0
2017-04-18,84.0,,22.0,84.0,77.0,20.0,51.0,80.0,84.0,25.0,34.0
2017-04-19,90.0,,13.0,85.0,77.0,73.0,63.0,81.0,81.0,26.0,47.0
2017-04-20,84.0,,26.0,82.0,77.0,27.0,63.0,80.0,87.0,24.0,71.0
2017-04-21,78.0,,24.0,74.0,77.0,22.0,64.0,75.0,72.0,25.0,51.0
2017-04-22,51.0,,30.0,60.0,100.0,32.0,29.0,62.0,50.0,27.0,41.0
2017-04-23,54.0,,18.0,59.0,71.0,52.0,26.0,55.0,48.0,26.0,42.0
2017-04-24,89.0,,22.0,89.0,81.0,13.0,57.0,83.0,92.0,26.0,57.0
2017-04-25,93.0,,41.0,88.0,77.0,27.0,57.0,86.0,77.0,26.0,82.0
2017-04-26,87.0,,16.0,84.0,75.0,33.0,55.0,80.0,89.0,25.0,90.0
2017-04-27,92.0,,32.0,86.0,74.0,41.0,60.0,81.0,74.0,25.0,65.0
2017-04-28,76.0,,44.0,79.0,70.0,42.0,50.0,77.0,67.0,25.0,47.0
2017-04-29,55.0,,11.0,52.0,55.0,23.0,39.0,59.0,33.0,28.0,25.0
2017-04-30,59.0,,19.0,60.0,61.0,47.0,25.0,56.0,44.0,29.0,32.0
2017-05-01,80.0,,17.0,84.0,76.0,64.0,31.0,79.0,81.0,26.0,29.0
2017-05-02,90.0,,26.0,87.0,76.0,27.0,56.0,85.0,90.0,26.0,54.0
2017-05-03,86.0,,32.0,89.0,75.0,20.0,57.0,85.0,90.0,25.0,70.0
2017-05-04,92.0,,23.0,86.0,72.0,41.0,60.0,79.0,93.0,26.0,65.0
2017-05-05,79.0,,34.0,79.0,70.0,22.0,60.0,81.0,71.0,27.0,72.0
2017-05-06,62.0,,19.0,57.0,54.0,46.0,30.0,68.0,41.0,27.0,41.0
2017-05-07,60.0,,22.0,62.0,58.0,54.0,22.0,61.0,51.0,28.0,37.0
2017-05-08,91.0,,44.0,84.0,73.0,40.0,59.0,82.0,82.0,26.0,59.0
2017-05-09,89.0,,25.0,86.0,75.0,46.0,63.0,79.0,98.0,24.0,60.0
2017-05-10,87.0,,26.0,88.0,77.0,54.0,43.0,86.0,87.0,24.0,57.0
2017-05-11,89.0,,10.0,79.0,77.0,54.0,55.0,94.0,82.0,25.0,48.0
2017-05-12,80.0,,14.0,72.0,73.0,36.0,49.0,95.0,73.0,25.0,32.0
2017-05-13,54.0,,23.0,52.0,61.0,39.0,24.0,72.0,46.0,27.0,47.0
2017-05-14,54.0,,11.0,53.0,58.0,39.0,31.0,68.0,54.0,25.0,37.0
2017-05-15,89.0,,38.0,91.0,91.0,36.0,62.0,92.0,85.0,25.0,63.0
2017-05-16,89.0,,31.0,95.0,75.0,14.0,60.0,88.0,77.0,25.0,60.0
2017-05-17,90.0,,17.0,87.0,73.0,37.0,72.0,85.0,82.0,25.0,55.0
2017-05-18,82.0,,28.0,84.0,70.0,51.0,65.0,91.0,69.0,25.0,60.0
2017-05-19,78.0,,18.0,78.0,67.0,38.0,56.0,80.0,65.0,25.0,49.0
2017-05-20,52.0,,0.0,54.0,57.0,42.0,31.0,70.0,43.0,28.0,17.0
2017-05-21,55.0,,28.0,58.0,54.0,8.0,26.0,58.0,49.0,28.0,36.0
2017-05-22,87.0,,28.0,82.0,69.0,43.0,36.0,90.0,80.0,27.0,52.0
2017-05-23,83.0,,40.0,80.0,77.0,28.0,46.0,92.0,77.0,25.0,87.0
2017-05-24,86.0,,24.0,79.0,73.0,43.0,45.0,89.0,72.0,26.0,49.0
2017-05-25,81.0,,11.0,76.0,72.0,30.0,55.0,85.0,71.0,27.0,42.0
2017-05-26,77.0,,22.0,71.0,57.0,31.0,49.0,73.0,73.0,24.0,65.0
2017-05-27,52.0,,21.0,54.0,58.0,61.0,22.0,68.0,39.0,28.0,32.0
2017-05-28,51.0,,12.0,51.0,58.0,26.0,23.0,64.0,36.0,28.0,41.0
2017-05-29,73.0,,25.0,65.0,64.0,15.0,46.0,80.0,58.0,29.0,58.0
2017-05-30,78.0,1.0,34.0,77.0,85.0,36.0,56.0,92.0,79.0,26.0,47.0
2017-05-31,84.0,1.0,30.0,80.0,70.0,32.0,55.0,96.0,77.0,25.0,43.0
2017-06-01,87.0,1.0,18.0,77.0,70.0,66.0,62.0,88.0,65.0,26.0,75.0
2017-06-02,74.0,1.0,12.0,73.0,64.0,33.0,48.0,84.0,61.0,26.0,44.0
2017-06-03,57.0,1.0,28.0,54.0,54.0,40.0,36.0,68.0,36.0,26.0,33.0
2017-06-04,56.0,1.0,14.0,56.0,57.0,4.0,21.0,66.0,39.0,27.0,31.0
2017-06-05,90.0,1.0,26.0,78.0,72.0,23.0,47.0,93.0,64.0,27.0,64.0
2017-06-06,90.0,1.0,30.0,82.0,72.0,19.0,62.0,94.0,72.0,26.0,61.0
2017-06-07,85.0,1.0,19.0,82.0,67.0,18.0,57.0,92.0,75.0,26.0,51.0
2017-06-08,83.0,1.0,23.0,79.0,71.0,38.0,50.0,90.0,75.0,28.0,76.0
2017-06-09,76.0,1.0,18.0,69.0,61.0,15.0,46.0,85.0,62.0,31.0,55.0
2017-06-10,62.0,1.0,15.0,55.0,57.0,36.0,34.0,66.0,34.0,29.0,44.0
2017-06-11,55.0,1.0,11.0,57.0,55.0,18.0,21.0,70.0,43.0,30.0,31.0
2017-06-12,80.0,1.0,10.0,78.0,68.0,70.0,51.0,90.0,72.0,28.0,54.0
2017-06-13,90.0,1.0,25.0,81.0,70.0,25.0,56.0,93.0,67.0,26.0,63.0
2017-06-14,81.0,1.0,34.0,81.0,72.0,28.0,51.0,94.0,71.0,26.0,67.0
2017-06-15,85.0,1.0,20.0,78.0,70.0,40.0,68.0,89.0,64.0,27.0,65.0
2017-06-16,77.0,1.0,21.0,71.0,63.0,20.0,53.0,90.0,72.0,27.0,46.0
2017-06-17,56.0,1.0,9.0,54.0,57.0,22.0,34.0,75.0,38.0,28.0,26.0
2017-06-18,56.0,1.0,16.0,60.0,57.0,22.0,20.0,66.0,39.0,27.0,61.0
2017-06-19,91.0,1.0,26.0,81.0,69.0,49.0,46.0,92.0,85.0,27.0,79.0
2017-06-20,86.0,1.0,22.0,83.0,67.0,42.0,47.0,99.0,81.0,28.0,55.0
2017-06-21,89.0,1.0,22.0,82.0,67.0,72.0,55.0,94.0,74.0,27.0,48.0
2017-06-22,85.0,1.0,24.0,81.0,65.0,29.0,54.0,95.0,65.0,27.0,60.0
2017-06-23,81.0,1.0,18.0,72.0,58.0,38.0,48.0,92.0,56.0,29.0,51.0
2017-06-24,56.0,1.0,22.0,51.0,54.0,44.0,26.0,82.0,35.0,29.0,21.0
2017-06-25,57.0,1.0,12.0,52.0,53.0,41.0,28.0,66.0,36.0,30.0,43.0
2017-06-26,76.0,1.0,21.0,75.0,60.0,19.0,55.0,82.0,68.0,29.0,47.0
2017-06-27,83.0,1.0,16.0,74.0,63.0,38.0,46.0,89.0,73.0,30.0,58.0
2017-06-28,80.0,1.0,18.0,82.0,61.0,32.0,53.0,94.0,68.0,29.0,60.0
2017-06-29,77.0,1.0,18.0,78.0,61.0,43.0,56.0,94.0,70.0,27.0,49.0
2017-06-30,73.0,1.0,10.0,69.0,54.0,33.0,50.0,86.0,58.0,28.0,44.0
2017-07-01,54.0,1.0,19.0,58.0,54.0,32.0,33.0,70.0,33.0,30.0,26.0
2017-07-02,53.0,1.0,13.0,63.0,56.0,28.0,28.0,68.0,37.0,30.0,38.0
2017-07-03,74.0,1.0,13.0,72.0,59.0,24.0,56.0,80.0,61.0,28.0,44.0
2017-07-04,72.0,1.0,29.0,68.0,56.0,28.0,55.0,88.0,53.0,28.0,50.0
2017-07-05,86.0,1.0,25.0,78.0,64.0,75.0,61.0,91.0,77.0,27.0,50.0
2017-07-06,87.0,1.0,14.0,80.0,65.0,43.0,70.0,90.0,65.0,28.0,47.0
2017-07-07,75.0,1.0,13.0,72.0,56.0,24.0,51.0,84.0,66.0,27.0,57.0
2017-07-08,58.0,1.0,9.0,57.0,53.0,14.0,27.0,70.0,35.0,30.0,23.0
2017-07-09,60.0,1.0,11.0,63.0,53.0,40.0,24.0,68.0,44.0,30.0,41.0
2017-07-10,81.0,1.0,13.0,80.0,61.0,30.0,54.0,86.0,70.0,28.0,64.0
2017-07-11,83.0,1.0,13.0,84.0,64.0,38.0,55.0,91.0,63.0,29.0,56.0
2017-07-12,88.0,1.0,21.0,81.0,65.0,69.0,66.0,96.0,72.0,27.0,73.0
2017-07-13,86.0,1.0,8.0,78.0,62.0,40.0,60.0,93.0,73.0,27.0,55.0
2017-07-14,74.0,1.0,19.0,71.0,58.0,12.0,45.0,82.0,60.0,27.0,69.0
2017-07-15,55.0,1.0,6.0,58.0,53.0,27.0,45.0,70.0,28.0,29.0,33.0
2017-07-16,58.0,1.0,24.0,62.0,54.0,50.0,32.0,70.0,40.0,30.0,39.0
2017-07-17,83.0,1.0,12.0,78.0,60.0,43.0,65.0,90.0,66.0,29.0,47.0
2017-07-18,85.0,1.0,18.0,78.0,61.0,31.0,49.0,92.0,67.0,26.0,56.0
2017-07-19,88.0,1.0,25.0,80.0,61.0,20.0,56.0,94.0,72.0,28.0,80.0
2017-07-20,84.0,1.0,22.0,77.0,62.0,23.0,53.0,90.0,61.0,27.0,51.0
2017-07-21,72.0,1.0,18.0,69.0,57.0,11.0,67.0,81.0,58.0,27.0,46.0
2017-07-22,60.0,1.0,24.0,54.0,55.0,18.0,26.0,66.0,34.0,29.0,17.0
2017-07-23,59.0,1.0,19.0,60.0,53.0,4.0,30.0,62.0,33.0,30.0,23.0
2017-07-24,82.0,1.0,17.0,80.0,61.0,27.0,47.0,91.0,60.0,29.0,55.0
2017-07-25,88.0,1.0,13.0,80.0,62.0,42.0,67.0,96.0,71.0,27.0,60.0
2017-07-26,85.0,1.0,10.0,81.0,63.0,31.0,55.0,97.0,66.0,27.0,69.0
2017-07-27,88.0,1.0,19.0,80.0,64.0,45.0,53.0,88.0,65.0,27.0,52.0
2017-07-28,75.0,1.0,23.0,75.0,58.0,32.0,48.0,84.0,58.0,27.0,43.0
2017-07-29,58.0,1.0,24.0,57.0,51.0,26.0,35.0,73.0,31.0,29.0,38.0
2017-07-30,58.0,1.0,14.0,60.0,52.0,52.0,25.0,66.0,33.0,30.0,25.0
2017-07-31,78.0,1.0,7.0,76.0,58.0,15.0,58.0,89.0,60.0,27.0,54.0
2017-08-01,87.0,1.0,4.0,78.0,59.0,69.0,59.0,85.0,62.0,27.0,79.0
2017-08-02,85.0,1.0,29.0,78.0,61.0,21.0,60.0,86.0,69.0,27.0,69.0
2017-08-03,87.0,1.0,26.0,74.0,62.0,26.0,66.0,87.0,69.0,27.0,55.0
2017-08-04,72.0,1.0,22.0,70.0,57.0,15.0,57.0,75.0,63.0,27.0,69.0
2017-08-05,52.0,1.0,6.0,53.0,50.0,22.0,33.0,62.0,28.0,29.0,28.0
2017-08-06,53.0,1.0,15.0,57.0,55.0,12.0,27.0,59.0,38.0,29.0,47.0
2017-08-07,78.0,1.0,14.0,76.0,60.0,42.0,55.0,79.0,60.0,26.0,61.0
2017-08-08,80.0,1.0,21.0,80.0,63.0,25.0,60.0,82.0,56.0,26.0,74.0
2017-08-09,83.0,1.0,16.0,78.0,62.0,23.0,64.0,86.0,68.0,27.0,65.0
2017-08-10,80.0,1.0,14.0,77.0,64.0,38.0,58.0,81.0,59.0,26.0,56.0
2017-08-11,72.0,1.0,21.0,72.0,59.0,39.0,57.0,72.0,64.0,27.0,62.0
2017-08-12,54.0,1.0,12.0,54.0,53.0,22.0,32.0,62.0,33.0,28.0,33.0
2017-08-13,52.0,1.0,20.0,55.0,52.0,34.0,29.0,57.0,37.0,29.0,25.0
2017-08-14,72.0,1.0,23.0,76.0,58.0,28.0,49.0,76.0,61.0,26.0,73.0
2017-08-15,79.0,1.0,24.0,76.0,61.0,31.0,50.0,76.0,63.0,26.0,58.0
2017-08-16,82.0,1.0,14.0,76.0,67.0,25.0,68.0,80.0,71.0,27.0,75.0
2017-08-17,84.0,1.0,29.0,81.0,75.0,34.0,51.0,84.0,59.0,25.0,57.0
2017-08-18,76.0,1.0,20.0,76.0,68.0,39.0,52.0,76.0,61.0,27.0,74.0
2017-08-19,53.0,1.0,11.0,56.0,58.0,30.0,33.0,60.0,34.0,30.0,38.0
2017-08-20,51.0,1.0,21.0,64.0,59.0,34.0,26.0,56.0,44.0,29.0,50.0
2017-08-21,75.0,1.0,14.0,74.0,88.0,33.0,52.0,78.0,64.0,25.0,71.0
2017-08-22,86.0,1.0,19.0,80.0,75.0,63.0,54.0,86.0,75.0,25.0,60.0
2017-08-23,85.0,1.0,10.0,81.0,74.0,59.0,63.0,84.0,71.0,26.0,54.0
2017-08-24,82.0,1.0,15.0,80.0,69.0,40.0,50.0,80.0,67.0,26.0,42.0
2017-08-25,72.0,1.0,7.0,72.0,64.0,49.0,47.0,74.0,56.0,26.0,77.0
2017-08-26,49.0,1.0,14.0,54.0,50.0,43.0,34.0,58.0,35.0,27.0,37.0
2017-08-27,48.0,1.0,14.0,60.0,56.0,9.0,22.0,55.0,33.0,28.0,51.0
2017-08-28,86.0,1.0,40.0,82.0,69.0,41.0,50.0,80.0,64.0,27.0,49.0
2017-08-29,88.0,1.0,22.0,87.0,74.0,32.0,58.0,85.0,67.0,26.0,67.0
2017-08-30,85.0,1.0,17.0,84.0,72.0,37.0,62.0,81.0,69.0,26.0,59.0
2017-08-31,85.0,1.0,31.0,83.0,70.0,53.0,52.0,80.0,61.0,25.0,90.0
2017-09-01,63.0,1.0,3.0,68.0,64.0,8.0,49.0,70.0,56.0,26.0,67.0
2017-09-02,50.0,1.0,9.0,58.0,53.0,26.0,30.0,54.0,35.0,29.0,32.0
2017-09-03,57.0,1.0,20.0,65.0,55.0,26.0,29.0,58.0,36.0,28.0,54.0
2017-09-04,74.0,1.0,24.0,74.0,62.0,22.0,56.0,68.0,68.0,28.0,67.0
2017-09-05,86.0,1.0,24.0,86.0,71.0,36.0,54.0,84.0,71.0,25.0,74.0
2017-09-06,89.0,1.0,21.0,95.0,76.0,32.0,61.0,92.0,74.0,24.0,62.0
2017-09-07,90.0,1.0,28.0,96.0,79.0,67.0,67.0,88.0,78.0,25.0,69.0
2017-09-08,85.0,,25.0,83.0,69.0,8.0,51.0,83.0,61.0,25.0,59.0
2017-09-09,52.0,,18.0,62.0,57.0,27.0,29.0,62.0,41.0,28.0,34.0
2017-09-10,60.0,,12.0,75.0,64.0,44.0,40.0,63.0,44.0,28.0,39.0
2017-09-11,91.0,,34.0,92.0,74.0,54.0,62.0,85.0,73.0,27.0,66.0
2017-09-12,98.0,,24.0,93.0,77.0,30.0,48.0,86.0,73.0,26.0,42.0
2017-09-13,99.0,,29.0,95.0,77.0,76.0,57.0,89.0,75.0,27.0,63.0
2017-09-14,94.0,,16.0,98.0,74.0,100.0,60.0,92.0,76.0,26.0,61.0
2017-09-15,90.0,,19.0,89.0,71.0,57.0,53.0,87.0,71.0,26.0,53.0
2017-09-16,56.0,,18.0,57.0,53.0,45.0,40.0,61.0,43.0,30.0,50.0
2017-09-17,59.0,,12.0,71.0,57.0,26.0,28.0,57.0,49.0,28.0,35.0
2017-09-18,97.0,,31.0,90.0,74.0,68.0,61.0,87.0,73.0,28.0,82.0
2017-09-19,90.0,,21.0,100.0,80.0,53.0,56.0,89.0,83.0,25.0,80.0
2017-09-20,94.0,,42.0,90.0,74.0,30.0,62.0,82.0,84.0,25.0,82.0
2017-09-21,92.0,,19.0,89.0,73.0,69.0,62.0,86.0,74.0,26.0,40.0
2017-09-22,83.0,,25.0,84.0,67.0,8.0,53.0,76.0,65.0,26.0,28.0
2017-09-23,60.0,,9.0,60.0,53.0,54.0,38.0,56.0,36.0,29.0,47.0
2017-09-24,57.0,,6.0,72.0,59.0,61.0,28.0,51.0,46.0,29.0,48.0
2017-09-25,90.0,,26.0,89.0,71.0,46.0,62.0,82.0,73.0,26.0,40.0
2017-09-26,93.0,,26.0,93.0,71.0,38.0,58.0,80.0,90.0,27.0,71.0
2017-09-27,90.0,,16.0,93.0,74.0,45.0,62.0,79.0,66.0,24.0,68.0
2017-09-28,91.0,,24.0,91.0,70.0,62.0,65.0,75.0,80.0,25.0,38.0
2017-09-29,76.0,,36.0,73.0,62.0,56.0,41.0,69.0,74.0,27.0,58.0
2017-09-30,52.0,,22.0,57.0,49.0,9.0,25.0,48.0,38.0,27.0,35.0
2017-10-01,52.0,,9.0,59.0,54.0,17.0,29.0,52.0,50.0,27.0,33.0
2017-10-02,84.0,,34.0,92.0,69.0,46.0,49.0,70.0,70.0,26.0,77.0
2017-10-03,93.0,,16.0,95.0,74.0,46.0,68.0,82.0,80.0,26.0,59.0
2017-10-04,89.0,,21.0,94.0,74.0,46.0,55.0,84.0,79.0,26.0,75.0
2017-10-05,89.0,,32.0,88.0,72.0,92.0,55.0,81.0,71.0,26.0,51.0
2017-10-06,79.0,,24.0,80.0,63.0,8.0,52.0,71.0,64.0,27.0,58.0
2017-10-07,60.0,,3.0,54.0,52.0,27.0,44.0,58.0,43.0,30.0,34.0
2017-10-08,64.0,,18.0,70.0,59.0,87.0,22.0,60.0,46.0,28.0,45.0
2017-10-09,93.0,,24.0,92.0,70.0,61.0,55.0,82.0,63.0,27.0,59.0
2017-10-10,90.0,,21.0,89.0,73.0,52.0,62.0,79.0,82.0,26.0,60.0
2017-10-11,89.0,,18.0,91.0,73.0,61.0,59.0,83.0,74.0,27.0,69.0
2017-10-12,92.0,,8.0,92.0,76.0,55.0,56.0,81.0,77.0,26.0,76.0
2017-10-13,84.0,,19.0,86.0,64.0,64.0,58.0,76.0,57.0,28.0,64.0
2017-10-14,61.0,,18.0,60.0,53.0,0.0,32.0,59.0,42.0,29.0,52.0
2017-10-15,66.0,,15.0,64.0,58.0,9.0,27.0,58.0,43.0,30.0,42.0
2017-10-16,88.0,,24.0,88.0,70.0,23.0,55.0,79.0,79.0,25.0,65.0
2017-10-17,86.0,,24.0,89.0,71.0,23.0,62.0,74.0,77.0,24.0,91.0
2017-10-18,85.0,,16.0,84.0,68.0,38.0,38.0,73.0,84.0,26.0,66.0
2017-10-19,88.0,,21.0,81.0,66.0,54.0,41.0,72.0,81.0,25.0,64.0
2017-10-20,76.0,,19.0,77.0,61.0,24.0,47.0,69.0,67.0,27.0,67.0
2017-10-21,50.0,,15.0,55.0,51.0,0.0,32.0,54.0,45.0,30.0,33.0
2017-10-22,55.0,,8.0,60.0,54.0,58.0,21.0,56.0,47.0,29.0,43.0
2017-10-23,89.0,,24.0,85.0,68.0,15.0,58.0,85.0,81.0,27.0,68.0
2017-10-24,94.0,,13.0,91.0,70.0,37.0,69.0,88.0,78.0,26.0,75.0
2017-10-25,87.0,,24.0,90.0,75.0,15.0,68.0,79.0,77.0,26.0,100.0
2017-10-26,89.0,,18.0,89.0,71.0,23.0,58.0,89.0,77.0,26.0,66.0
2017-10-27,78.0,,16.0,79.0,66.0,47.0,55.0,73.0,67.0,26.0,49.0
2017-10-28,55.0,,21.0,59.0,50.0,26.0,25.0,56.0,45.0,28.0,27.0
2017-10-29,60.0,,12.0,66.0,56.0,42.0,23.0,59.0,49.0,28.0,47.0
2017-10-30,92.0,,24.0,94.0,70.0,45.0,58.0,81.0,81.0,27.0,60.0
2017-10-31,87.0,,26.0,89.0,70.0,38.0,59.0,81.0,78.0,24.0,72.0
2017-11-01,86.0,,22.0,90.0,69.0,39.0,60.0,82.0,83.0,25.0,46.0
2017-11-02,93.0,,29.0,90.0,74.0,46.0,62.0,81.0,73.0,25.0,66.0
2017-11-03,84.0,,11.0,81.0,70.0,46.0,45.0,75.0,67.0,26.0,59.0
2017-11-04,56.0,,12.0,59.0,55.0,34.0,39.0,57.0,46.0,28.0,71.0
2017-11-05,60.0,,14.0,70.0,62.0,50.0,21.0,63.0,46.0,30.0,43.0
2017-11-06,93.0,,25.0,99.0,73.0,67.0,55.0,82.0,71.0,27.0,69.0
2017-11-07,91.0,,25.0,98.0,77.0,0.0,68.0,80.0,88.0,26.0,81.0
2017-11-08,91.0,,23.0,95.0,79.0,0.0,67.0,84.0,94.0,28.0,77.0
2017-11-09,92.0,,31.0,93.0,76.0,53.0,66.0,81.0,86.0,27.0,81.0
2017-11-10,83.0,,10.0,77.0,62.0,61.0,66.0,70.0,73.0,27.0,43.0
2017-11-11,55.0,,20.0,60.0,58.0,34.0,33.0,53.0,46.0,29.0,35.0
2017-11-12,61.0,,11.0,67.0,60.0,42.0,20.0,60.0,51.0,29.0,40.0
2017-11-13,95.0,,25.0,95.0,74.0,67.0,54.0,83.0,82.0,27.0,56.0
2017-11-14,98.0,,28.0,96.0,77.0,74.0,66.0,86.0,80.0,26.0,66.0
2017-11-15,97.0,1.0,24.0,96.0,75.0,74.0,81.0,86.0,85.0,26.0,83.0
2017-11-16,92.0,1.0,29.0,90.0,71.0,40.0,61.0,86.0,77.0,26.0,72.0
2017-11-17,84.0,1.0,26.0,86.0,66.0,35.0,66.0,84.0,66.0,25.0,56.0
2017-11-18,57.0,1.0,15.0,56.0,52.0,13.0,42.0,59.0,38.0,28.0,43.0
2017-11-19,54.0,1.0,22.0,66.0,57.0,29.0,31.0,59.0,44.0,30.0,53.0
2017-11-20,91.0,1.0,26.0,88.0,65.0,63.0,71.0,87.0,73.0,25.0,67.0
2017-11-21,88.0,1.0,16.0,89.0,65.0,60.0,70.0,93.0,75.0,26.0,74.0
2017-11-22,82.0,1.0,16.0,78.0,58.0,49.0,61.0,80.0,72.0,26.0,61.0
2017-11-23,74.0,1.0,18.0,68.0,54.0,35.0,68.0,70.0,59.0,27.0,39.0
2017-11-24,65.0,1.0,11.0,63.0,51.0,20.0,45.0,62.0,53.0,28.0,45.0
2017-11-25,57.0,1.0,9.0,55.0,50.0,13.0,32.0,57.0,36.0,29.0,40.0
2017-11-26,62.0,1.0,22.0,66.0,55.0,34.0,28.0,60.0,47.0,28.0,29.0
2017-11-27,91.0,1.0,36.0,89.0,67.0,36.0,71.0,78.0,80.0,27.0,74.0
2017-11-28,91.0,1.0,24.0,94.0,71.0,25.0,74.0,85.0,83.0,25.0,62.0
2017-11-29,90.0,1.0,31.0,94.0,71.0,26.0,64.0,83.0,76.0,24.0,77.0
2017-11-30,90.0,1.0,24.0,88.0,69.0,53.0,58.0,80.0,82.0,25.0,66.0
2017-12-01,83.0,1.0,24.0,78.0,63.0,47.0,53.0,71.0,75.0,25.0,53.0
2017-12-02,56.0,1.0,20.0,54.0,48.0,38.0,34.0,59.0,43.0,26.0,49.0
2017-12-03,63.0,1.0,10.0,65.0,52.0,38.0,28.0,57.0,45.0,26.0,42.0
2017-12-04,92.0,1.0,13.0,87.0,69.0,15.0,55.0,79.0,84.0,25.0,47.0
2017-12-05,90.0,1.0,20.0,89.0,67.0,30.0,58.0,82.0,73.0,24.0,57.0
2017-12-06,92.0,1.0,19.0,89.0,68.0,41.0,54.0,80.0,69.0,24.0,71.0
2017-12-07,85.0,1.0,16.0,89.0,67.0,45.0,65.0,78.0,76.0,25.0,67.0
2017-12-08,81.0,1.0,20.0,79.0,63.0,51.0,67.0,72.0,60.0,24.0,56.0
2017-12-09,59.0,1.0,17.0,58.0,52.0,9.0,33.0,57.0,44.0,26.0,47.0
2017-12-10,60.0,1.0,25.0,68.0,57.0,21.0,29.0,56.0,44.0,25.0,52.0
2017-12-11,87.0,1.0,19.0,87.0,67.0,18.0,59.0,75.0,68.0,25.0,69.0
2017-12-12,91.0,1.0,26.0,87.0,70.0,26.0,56.0,79.0,73.0,25.0,68.0
2017-12-13,89.0,1.0,29.0,85.0,72.0,45.0,58.0,78.0,78.0,28.0,73.0
2017-12-14,84.0,1.0,23.0,83.0,69.0,57.0,62.0,75.0,65.0,25.0,56.0
2017-12-15,76.0,1.0,11.0,70.0,62.0,24.0,58.0,73.0,55.0,24.0,62.0
2017-12-16,54.0,1.0,8.0,53.0,51.0,35.0,38.0,55.0,34.0,28.0,55.0
2017-12-17,56.0,1.0,15.0,55.0,52.0,35.0,24.0,53.0,33.0,27.0,38.0
2017-12-18,78.0,1.0,11.0,73.0,61.0,15.0,54.0,77.0,58.0,29.0,60.0
2017-12-19,81.0,1.0,16.0,74.0,64.0,35.0,68.0,75.0,66.0,24.0,62.0
2017-12-20,74.0,1.0,16.0,71.0,60.0,31.0,50.0,74.0,58.0,24.0,66.0
2017-12-21,72.0,1.0,13.0,67.0,56.0,24.0,49.0,71.0,54.0,25.0,68.0
2017-12-22,62.0,1.0,7.0,54.0,50.0,13.0,39.0,61.0,45.0,25.0,55.0
2017-12-23,43.0,1.0,8.0,43.0,43.0,18.0,35.0,48.0,29.0,24.0,47.0
2017-12-24,38.0,1.0,12.0,44.0,38.0,14.0,22.0,46.0,20.0,25.0,26.0
2017-12-25,44.0,1.0,5.0,44.0,39.0,14.0,27.0,49.0,25.0,23.0,26.0
2017-12-26,58.0,1.0,7.0,51.0,46.0,30.0,46.0,57.0,32.0,28.0,53.0
2017-12-27,63.0,1.0,10.0,59.0,50.0,16.0,48.0,61.0,36.0,28.0,51.0
2017-12-28,61.0,1.0,10.0,61.0,49.0,24.0,55.0,61.0,41.0,29.0,64.0
2017-12-29,56.0,1.0,9.0,56.0,51.0,29.0,41.0,60.0,38.0,28.0,58.0
2017-12-30,45.0,1.0,9.0,47.0,47.0,22.0,24.0,52.0,24.0,28.0,53.0
2017-12-31,40.0,1.0,8.0,47.0,42.0,4.0,18.0,41.0,24.0,24.0,45.0
2018-01-01,45.0,1.0,7.0,51.0,45.0,9.0,26.0,51.0,24.0,25.0,31.0
2018-01-02,74.0,1.0,18.0,72.0,60.0,23.0,55.0,70.0,55.0,27.0,76.0
2018-01-03,77.0,1.0,11.0,74.0,62.0,45.0,49.0,76.0,58.0,26.0,66.0
2018-01-04,78.0,1.0,17.0,77.0,61.0,30.0,64.0,74.0,63.0,26.0,64.0
2018-01-05,79.0,1.0,8.0,69.0,61.0,35.0,47.0,71.0,59.0,26.0,70.0
2018-01-06,59.0,1.0,13.0,57.0,52.0,34.0,41.0,60.0,39.0,29.0,47.0
2018-01-07,57.0,1.0,3.0,59.0,56.0,25.0,33.0,56.0,40.0,28.0,40.0
2018-01-08,93.0,1.0,26.0,86.0,70.0,37.0,62.0,82.0,71.0,27.0,59.0
2018-01-09,94.0,1.0,7.0,86.0,73.0,29.0,62.0,86.0,70.0,27.0,69.0
2018-01-10,93.0,1.0,26.0,89.0,76.0,33.0,60.0,84.0,73.0,27.0,75.0
2018-01-11,95.0,1.0,21.0,87.0,77.0,30.0,69.0,86.0,74.0,26.0,69.0
2018-01-12,82.0,1.0,24.0,80.0,72.0,26.0,60.0,74.0,60.0,27.0,83.0
2018-01-13,57.0,1.0,11.0,58.0,59.0,38.0,35.0,55.0,33.0,30.0,42.0
2018-01-14,55.0,1.0,11.0,56.0,56.0,57.0,23.0,54.0,44.0,29.0,60.0
2018-01-15,81.0,1.0,12.0,73.0,65.0,62.0,52.0,70.0,62.0,26.0,83.0
2018-01-16,89.0,1.0,14.0,85.0,73.0,40.0,69.0,86.0,68.0,26.0,71.0
2018-01-17,89.0,1.0,25.0,84.0,70.0,60.0,68.0,84.0,71.0,25.0,64.0
2018-01-18,93.0,1.0,9.0,87.0,76.0,66.0,73.0,84.0,73.0,26.0,69.0
2018-01-19,82.0,1.0,21.0,82.0,72.0,34.0,61.0,76.0,68.0,26.0,76.0
2018-01-20,59.0,1.0,16.0,56.0,57.0,21.0,46.0,60.0,45.0,29.0,68.0
2018-01-21,58.0,1.0,13.0,63.0,61.0,41.0,37.0,60.0,44.0,30.0,43.0
2018-01-22,93.0,1.0,18.0,87.0,72.0,29.0,74.0,82.0,77.0,27.0,84.0
2018-01-23,91.0,1.0,11.0,94.0,77.0,39.0,57.0,82.0,75.0,25.0,62.0
2018-01-24,93.0,1.0,27.0,93.0,72.0,72.0,64.0,84.0,82.0,26.0,72.0
2018-01-25,87.0,1.0,17.0,85.0,71.0,44.0,63.0,85.0,77.0,27.0,69.0
2018-01-26,75.0,1.0,31.0,78.0,66.0,34.0,47.0,70.0,62.0,26.0,57.0
2018-01-27,56.0,1.0,13.0,57.0,55.0,21.0,36.0,55.0,41.0,30.0,29.0
2018-01-28,57.0,1.0,19.0,66.0,62.0,12.0,30.0,56.0,42.0,30.0,52.0
2018-01-29,88.0,1.0,29.0,90.0,74.0,43.0,69.0,85.0,84.0,27.0,59.0
2018-01-30,90.0,1.0,40.0,90.0,77.0,54.0,60.0,86.0,75.0,26.0,50.0
2018-01-31,91.0,1.0,21.0,93.0,78.0,36.0,70.0,83.0,76.0,25.0,75.0
2018-02-01,86.0,1.0,27.0,95.0,76.0,33.0,56.0,83.0,81.0,26.0,69.0
2018-02-02,81.0,1.0,17.0,82.0,73.0,53.0,56.0,77.0,74.0,27.0,67.0
2018-02-03,61.0,1.0,16.0,59.0,58.0,37.0,42.0,60.0,41.0,30.0,45.0
2018-02-04,59.0,1.0,22.0,65.0,61.0,29.0,29.0,59.0,42.0,29.0,33.0
2018-02-05,89.0,1.0,11.0,86.0,75.0,40.0,64.0,82.0,73.0,26.0,52.0
2018-02-06,90.0,1.0,24.0,95.0,72.0,68.0,63.0,85.0,76.0,25.0,63.0
2018-02-07,92.0,1.0,21.0,96.0,76.0,43.0,51.0,86.0,82.0,26.0,50.0
2018-02-08,89.0,1.0,23.0,92.0,73.0,62.0,60.0,86.0,71.0,26.0,53.0
2018-02-09,76.0,1.0,17.0,83.0,67.0,37.0,48.0,77.0,69.0,26.0,51.0
2018-02-10,56.0,1.0,17.0,57.0,56.0,33.0,39.0,60.0,37.0,29.0,46.0
2018-02-11,58.0,1.0,19.0,66.0,62.0,12.0,27.0,60.0,48.0,29.0,40.0
2018-02-12,89.0,1.0,24.0,89.0,77.0,48.0,62.0,84.0,78.0,26.0,60.0
2018-02-13,89.0,1.0,26.0,89.0,71.0,44.0,72.0,81.0,82.0,26.0,43.0
2018-02-14,79.0,1.0,19.0,84.0,70.0,47.0,63.0,75.0,78.0,23.0,60.0
2018-02-15,89.0,1.0,29.0,90.0,72.0,48.0,57.0,82.0,74.0,25.0,50.0
2018-02-16,79.0,1.0,20.0,78.0,69.0,38.0,53.0,73.0,67.0,28.0,46.0
2018-02-17,55.0,1.0,14.0,56.0,58.0,21.0,42.0,60.0,39.0,30.0,24.0
2018-02-18,55.0,1.0,23.0,62.0,60.0,33.0,37.0,54.0,44.0,30.0,37.0
2018-02-19,83.0,1.0,18.0,88.0,68.0,47.0,52.0,75.0,66.0,29.0,63.0
2018-02-20,88.0,1.0,19.0,90.0,72.0,32.0,67.0,84.0,76.0,28.0,69.0
2018-02-21,93.0,1.0,17.0,93.0,72.0,61.0,66.0,82.0,80.0,25.0,44.0
2018-02-22,92.0,1.0,40.0,96.0,77.0,47.0,69.0,83.0,78.0,28.0,59.0
2018-02-23,83.0,1.0,32.0,81.0,72.0,56.0,64.0,78.0,69.0,27.0,45.0
2018-02-24,57.0,,12.0,56.0,59.0,33.0,38.0,59.0,36.0,29.0,39.0
2018-02-25,58.0,,26.0,65.0,61.0,24.0,29.0,58.0,56.0,31.0,36.0
2018-02-26,94.0,,18.0,94.0,78.0,72.0,79.0,81.0,71.0,28.0,53.0
2018-02-27,93.0,,25.0,95.0,78.0,57.0,55.0,80.0,82.0,27.0,54.0
2018-02-28,91.0,,25.0,95.0,76.0,28.0,61.0,80.0,74.0,26.0,54.0
2018-03-01,82.0,,18.0,90.0,71.0,15.0,54.0,79.0,66.0,25.0,52.0
2018-03-02,75.0,,19.0,77.0,62.0,23.0,51.0,70.0,61.0,25.0,49.0
2018-03-03,55.0,,20.0,64.0,56.0,24.0,41.0,54.0,38.0,29.0,33.0
2018-03-04,59.0,,20.0,69.0,59.0,32.0,33.0,58.0,39.0,32.0,33.0
2018-03-05,93.0,,13.0,92.0,73.0,57.0,84.0,85.0,80.0,28.0,67.0
2018-03-06,91.0,,28.0,91.0,74.0,43.0,62.0,85.0,88.0,26.0,36.0
2018-03-07,93.0,,23.0,92.0,75.0,7.0,60.0,83.0,73.0,27.0,52.0
2018-03-08,90.0,,16.0,88.0,70.0,29.0,70.0,76.0,70.0,26.0,52.0
2018-03-09,87.0,,14.0,79.0,70.0,45.0,68.0,75.0,64.0,26.0,42.0
2018-03-10,57.0,,15.0,61.0,57.0,8.0,35.0,60.0,48.0,30.0,39.0
2018-03-11,62.0,,12.0,63.0,60.0,8.0,35.0,57.0,49.0,31.0,34.0
2018-03-12,88.0,,23.0,90.0,76.0,21.0,76.0,78.0,84.0,27.0,67.0
2018-03-13,87.0,,25.0,92.0,79.0,28.0,62.0,87.0,73.0,26.0,49.0
2018-03-14,91.0,,31.0,90.0,78.0,65.0,61.0,81.0,74.0,27.0,52.0
2018-03-15,94.0,,21.0,86.0,82.0,29.0,60.0,81.0,81.0,27.0,58.0
2018-03-16,84.0,,19.0,82.0,73.0,61.0,66.0,77.0,71.0,27.0,47.0
2018-03-17,52.0,,6.0,55.0,60.0,0.0,29.0,60.0,40.0,30.0,31.0
2018-03-18,61.0,,6.0,64.0,60.0,16.0,32.0,61.0,49.0,31.0,43.0
2018-03-19,88.0,,28.0,84.0,70.0,51.0,70.0,83.0,70.0,27.0,52.0
2018-03-20,88.0,,15.0,90.0,70.0,7.0,71.0,82.0,82.0,25.0,54.0
2018-03-21,93.0,,13.0,91.0,72.0,71.0,64.0,87.0,81.0,25.0,65.0
2018-03-22,86.0,,23.0,89.0,70.0,44.0,78.0,85.0,72.0,27.0,50.0
2018-03-23,84.0,,19.0,77.0,66.0,30.0,69.0,78.0,70.0,27.0,47.0
2018-03-24,55.0,,18.0,56.0,56.0,25.0,53.0,58.0,34.0,30.0,25.0
2018-03-25,61.0,,21.0,62.0,51.0,33.0,32.0,57.0,42.0,31.0,29.0
2018-03-26,86.0,,23.0,87.0,63.0,0.0,63.0,84.0,79.0,28.0,47.0
2018-03-27,93.0,,21.0,86.0,68.0,44.0,64.0,81.0,73.0,25.0,58.0
2018-03-28,90.0,,14.0,85.0,67.0,30.0,60.0,77.0,84.0,27.0,40.0
2018-03-29,77.0,,16.0,80.0,64.0,7.0,74.0,79.0,61.0,27.0,43.0
2018-03-30,63.0,,23.0,64.0,53.0,65.0,46.0,64.0,46.0,29.0,39.0
2018-03-31,52.0,,6.0,51.0,52.0,34.0,39.0,54.0,33.0,27.0,35.0
2018-04-01,46.0,,16.0,55.0,50.0,9.0,29.0,58.0,40.0,27.0,39.0
2018-04-02,76.0,,16.0,70.0,65.0,70.0,47.0,76.0,57.0,29.0,34.0
2018-04-03,85.0,,31.0,86.0,69.0,44.0,68.0,82.0,76.0,27.0,61.0
2018-04-04,83.0,,28.0,83.0,67.0,51.0,68.0,86.0,73.0,27.0,50.0
2018-04-05,87.0,,26.0,79.0,67.0,52.0,70.0,81.0,74.0,27.0,61.0
2018-04-06,81.0,,22.0,76.0,67.0,39.0,58.0,76.0,76.0,27.0,39.0
2018-04-07,56.0,,12.0,60.0,56.0,17.0,34.0,63.0,42.0,30.0,20.0
2018-04-08,55.0,,18.0,58.0,59.0,25.0,38.0,58.0,43.0,29.0,61.0
2018-04-09,87.0,,18.0,84.0,67.0,59.0,73.0,83.0,80.0,28.0,65.0
2018-04-10,88.0,,28.0,93.0,71.0,22.0,62.0,90.0,78.0,27.0,38.0
2018-04-11,92.0,,28.0,89.0,67.0,36.0,79.0,86.0,79.0,28.0,39.0
2018-04-12,82.0,,38.0,84.0,67.0,29.0,63.0,78.0,67.0,27.0,47.0
2018-04-13,83.0,,14.0,74.0,65.0,23.0,73.0,77.0,62.0,29.0,39.0
2018-04-14,54.0,,9.0,56.0,55.0,26.0,37.0,58.0,44.0,30.0,46.0
2018-04-15,58.0,,30.0,60.0,58.0,25.0,24.0,60.0,46.0,32.0,40.0
2018-04-16,91.0,,26.0,84.0,65.0,43.0,55.0,84.0,81.0,28.0,34.0
2018-04-17,92.0,,33.0,87.0,72.0,65.0,61.0,83.0,74.0,26.0,63.0
2018-04-18,98.0,,19.0,84.0,70.0,37.0,65.0,82.0,72.0,26.0,40.0
2018-04-19,87.0,,22.0,80.0,68.0,45.0,75.0,86.0,71.0,27.0,55.0
2018-04-20,79.0,,22.0,75.0,62.0,39.0,58.0,73.0,68.0,27.0,50.0
2018-04-21,55.0,,6.0,49.0,51.0,26.0,46.0,59.0,40.0,30.0,35.0
2018-04-22,59.0,,12.0,60.0,56.0,51.0,37.0,62.0,41.0,32.0,45.0
2018-04-23,94.0,,26.0,84.0,71.0,29.0,63.0,84.0,79.0,29.0,51.0
2018-04-24,91.0,,10.0,88.0,70.0,43.0,67.0,85.0,78.0,29.0,49.0
2018-04-25,86.0,,26.0,85.0,67.0,66.0,74.0,81.0,75.0,28.0,61.0
2018-04-26,83.0,,26.0,80.0,67.0,29.0,72.0,81.0,79.0,26.0,50.0
2018-04-27,80.0,,28.0,75.0,62.0,47.0,71.0,73.0,70.0,28.0,41.0
2018-04-28,51.0,,12.0,53.0,51.0,51.0,46.0,60.0,46.0,30.0,20.0
2018-04-29,62.0,,21.0,58.0,54.0,42.0,28.0,63.0,46.0,31.0,42.0
2018-04-30,84.0,,30.0,85.0,65.0,45.0,63.0,89.0,77.0,29.0,58.0
2018-05-01,85.0,,22.0,85.0,70.0,70.0,49.0,90.0,67.0,29.0,51.0
2018-05-02,88.0,,23.0,82.0,71.0,44.0,66.0,89.0,70.0,26.0,60.0
2018-05-03,86.0,1.0,22.0,84.0,69.0,52.0,67.0,90.0,72.0,28.0,45.0
2018-05-04,80.0,1.0,24.0,72.0,62.0,27.0,57.0,86.0,59.0,28.0,41.0
2018-05-05,60.0,1.0,17.0,54.0,51.0,35.0,38.0,65.0,45.0,29.0,30.0
2018-05-06,54.0,1.0,20.0,58.0,51.0,38.0,37.0,64.0,44.0,30.0,28.0
2018-05-07,87.0,1.0,11.0,82.0,65.0,30.0,55.0,84.0,64.0,28.0,44.0
2018-05-08,91.0,1.0,26.0,84.0,73.0,52.0,82.0,87.0,76.0,28.0,52.0
2018-05-09,91.0,1.0,19.0,78.0,74.0,33.0,70.0,87.0,80.0,29.0,51.0
2018-05-10,87.0,1.0,16.0,80.0,77.0,60.0,70.0,92.0,68.0,28.0,50.0
2018-05-11,81.0,1.0,21.0,74.0,67.0,25.0,65.0,90.0,64.0,27.0,54.0
2018-05-12,53.0,1.0,11.0,54.0,57.0,15.0,33.0,65.0,35.0,29.0,17.0
2018-05-13,53.0,1.0,20.0,55.0,57.0,27.0,34.0,64.0,43.0,29.0,23.0
2018-05-14,87.0,1.0,19.0,81.0,77.0,31.0,64.0,91.0,75.0,27.0,47.0
2018-05-15,89.0,1.0,20.0,87.0,76.0,13.0,78.0,89.0,79.0,28.0,40.0
2018-05-16,88.0,1.0,22.0,81.0,79.0,44.0,66.0,96.0,70.0,27.0,65.0
2018-05-17,87.0,1.0,17.0,79.0,72.0,36.0,81.0,92.0,77.0,28.0,36.0
2018-05-18,78.0,1.0,6.0,74.0,69.0,18.0,64.0,84.0,68.0,27.0,60.0
2018-05-19,55.0,1.0,11.0,51.0,60.0,10.0,33.0,70.0,35.0,30.0,29.0
2018-05-20,59.0,1.0,14.0,54.0,61.0,34.0,28.0,70.0,40.0,32.0,36.0
2018-05-21,81.0,1.0,21.0,79.0,67.0,13.0,64.0,91.0,59.0,29.0,53.0
2018-05-22,85.0,1.0,19.0,79.0,71.0,53.0,72.0,92.0,74.0,28.0,29.0
2018-05-23,85.0,1.0,18.0,80.0,91.0,64.0,79.0,92.0,72.0,28.0,54.0
2018-05-24,86.0,1.0,10.0,78.0,70.0,52.0,67.0,93.0,71.0,28.0,52.0
2018-05-25,79.0,1.0,21.0,71.0,64.0,22.0,57.0,81.0,59.0,28.0,31.0
2018-05-26,56.0,1.0,10.0,51.0,60.0,23.0,34.0,72.0,34.0,28.0,21.0
2018-05-27,57.0,1.0,11.0,54.0,60.0,15.0,33.0,65.0,38.0,30.0,33.0
2018-05-28,72.0,1.0,6.0,68.0,60.0,31.0,62.0,82.0,64.0,30.0,36.0
2018-05-29,86.0,1.0,17.0,76.0,66.0,44.0,69.0,92.0,70.0,27.0,36.0
2018-05-30,86.0,1.0,26.0,78.0,70.0,50.0,67.0,100.0,77.0,28.0,34.0
2018-05-31,86.0,1.0,19.0,79.0,67.0,51.0,67.0,97.0,68.0,29.0,50.0
2018-06-01,77.0,1.0,14.0,70.0,64.0,28.0,56.0,94.0,57.0,27.0,53.0
2018-06-02,57.0,1.0,17.0,54.0,58.0,15.0,36.0,73.0,39.0,31.0,34.0
2018-06-03,63.0,1.0,10.0,58.0,59.0,34.0,36.0,78.0,38.0,31.0,33.0
2018-06-04,87.0,1.0,25.0,79.0,76.0,45.0,77.0,97.0,68.0,30.0,49.0
2018-06-05,91.0,1.0,31.0,82.0,75.0,60.0,77.0,98.0,71.0,28.0,58.0
2018-06-06,88.0,1.0,8.0,83.0,93.0,73.0,77.0,97.0,75.0,28.0,45.0
2018-06-07,87.0,1.0,20.0,79.0,80.0,32.0,73.0,96.0,71.0,27.0,54.0
2018-06-08,79.0,1.0,22.0,69.0,67.0,44.0,72.0,92.0,60.0,30.0,35.0
2018-06-09,59.0,1.0,26.0,51.0,60.0,47.0,34.0,80.0,34.0,31.0,19.0
2018-06-10,59.0,1.0,24.0,54.0,61.0,51.0,32.0,72.0,40.0,32.0,37.0
2018-06-11,82.0,1.0,16.0,77.0,68.0,42.0,70.0,96.0,69.0,30.0,40.0
2018-06-12,82.0,1.0,11.0,80.0,71.0,77.0,64.0,98.0,64.0,29.0,45.0
2018-06-13,83.0,1.0,10.0,83.0,71.0,28.0,76.0,98.0,76.0,29.0,44.0
2018-06-14,79.0,1.0,23.0,73.0,65.0,23.0,60.0,85.0,63.0,28.0,23.0
2018-06-15,68.0,1.0,10.0,64.0,57.0,45.0,55.0,75.0,57.0,29.0,43.0
2018-06-16,48.0,1.0,7.0,48.0,48.0,34.0,35.0,62.0,30.0,30.0,15.0
2018-06-17,51.0,1.0,4.0,52.0,51.0,38.0,34.0,57.0,41.0,29.0,29.0
2018-06-18,82.0,1.0,19.0,74.0,66.0,36.0,69.0,85.0,56.0,27.0,44.0
2018-06-19,83.0,1.0,8.0,76.0,67.0,25.0,63.0,86.0,62.0,28.0,41.0
2018-06-20,83.0,1.0,15.0,79.0,66.0,53.0,79.0,86.0,66.0,27.0,39.0
2018-06-21,78.0,1.0,7.0,73.0,62.0,20.0,64.0,82.0,63.0,26.0,40.0
2018-06-22,73.0,1.0,20.0,70.0,57.0,40.0,66.0,82.0,58.0,28.0,33.0
2018-06-23,53.0,1.0,7.0,53.0,51.0,23.0,41.0,67.0,33.0,30.0,20.0
2018-06-24,54.0,1.0,14.0,59.0,55.0,3.0,35.0,65.0,43.0,30.0,30.0
2018-06-25,83.0,1.0,19.0,72.0,63.0,47.0,77.0,86.0,71.0,28.0,36.0
2018-06-26,82.0,1.0,13.0,76.0,63.0,31.0,72.0,89.0,64.0,27.0,51.0
2018-06-27,77.0,1.0,18.0,72.0,62.0,22.0,71.0,92.0,63.0,26.0,44.0
2018-06-28,84.0,1.0,15.0,75.0,63.0,37.0,55.0,90.0,67.0,29.0,33.0
2018-06-29,74.0,1.0,15.0,73.0,59.0,43.0,77.0,84.0,55.0,29.0,39.0
2018-06-30,56.0,1.0,9.0,51.0,52.0,7.0,41.0,69.0,33.0,30.0,32.0
2018-07-01,50.0,1.0,5.0,61.0,53.0,50.0,30.0,62.0,29.0,30.0,24.0
2018-07-02,76.0,1.0,16.0,75.0,58.0,45.0,66.0,84.0,60.0,27.0,28.0
2018-07-03,78.0,1.0,15.0,75.0,59.0,26.0,64.0,86.0,57.0,27.0,38.0
2018-07-04,71.0,1.0,13.0,67.0,62.0,49.0,64.0,88.0,60.0,27.0,31.0
2018-07-05,80.0,1.0,18.0,74.0,63.0,47.0,72.0,87.0,59.0,28.0,33.0
2018-07-06,71.0,1.0,16.0,66.0,54.0,23.0,63.0,87.0,55.0,27.0,37.0
2018-07-07,53.0,1.0,15.0,51.0,51.0,29.0,40.0,68.0,31.0,30.0,24.0
2018-07-08,56.0,1.0,6.0,62.0,58.0,22.0,34.0,70.0,36.0,32.0,29.0
2018-07-09,79.0,1.0,18.0,74.0,60.0,14.0,77.0,93.0,71.0,29.0,30.0
2018-07-10,81.0,1.0,17.0,77.0,61.0,35.0,70.0,92.0,67.0,27.0,46.0
2018-07-11,81.0,1.0,21.0,76.0,63.0,37.0,74.0,92.0,63.0,28.0,36.0
2018-07-12,87.0,1.0,15.0,80.0,62.0,43.0,73.0,92.0,66.0,28.0,59.0
2018-07-13,73.0,1.0,12.0,70.0,57.0,24.0,73.0,83.0,58.0,28.0,34.0
2018-07-14,54.0,1.0,9.0,54.0,53.0,27.0,36.0,67.0,33.0,30.0,17.0
2018-07-15,56.0,1.0,11.0,62.0,53.0,19.0,32.0,63.0,32.0,31.0,13.0
2018-07-16,82.0,1.0,12.0,79.0,59.0,19.0,69.0,85.0,72.0,31.0,35.0
2018-07-17,82.0,1.0,9.0,79.0,63.0,27.0,73.0,92.0,67.0,30.0,47.0
2018-07-18,81.0,1.0,12.0,82.0,62.0,38.0,75.0,95.0,64.0,28.0,27.0
2018-07-19,84.0,1.0,17.0,79.0,62.0,43.0,68.0,92.0,60.0,30.0,46.0
2018-07-20,77.0,1.0,15.0,73.0,59.0,41.0,76.0,84.0,51.0,29.0,47.0
2018-07-21,54.0,1.0,10.0,58.0,54.0,29.0,52.0,72.0,37.0,31.0,24.0
2018-07-22,62.0,1.0,13.0,64.0,55.0,23.0,43.0,64.0,38.0,33.0,27.0
2018-07-23,80.0,1.0,16.0,82.0,60.0,28.0,68.0,92.0,66.0,29.0,52.0
2018-07-24,80.0,1.0,20.0,82.0,62.0,20.0,66.0,91.0,63.0,29.0,45.0
2018-07-25,81.0,1.0,17.0,76.0,64.0,20.0,76.0,94.0,70.0,29.0,37.0
2018-07-26,83.0,1.0,17.0,81.0,62.0,21.0,75.0,88.0,67.0,28.0,41.0
2018-07-27,75.0,1.0,9.0,73.0,56.0,11.0,76.0,78.0,57.0,28.0,66.0
2018-07-28,58.0,1.0,14.0,56.0,50.0,23.0,39.0,68.0,36.0,30.0,22.0
2018-07-29,60.0,1.0,5.0,66.0,54.0,38.0,39.0,68.0,39.0,33.0,31.0
2018-07-30,81.0,1.0,14.0,80.0,62.0,26.0,68.0,89.0,68.0,29.0,44.0
2018-07-31,83.0,1.0,14.0,79.0,64.0,23.0,66.0,88.0,61.0,28.0,42.0
2018-08-01,84.0,1.0,21.0,79.0,62.0,17.0,67.0,88.0,72.0,28.0,38.0
2018-08-02,86.0,1.0,12.0,79.0,62.0,49.0,67.0,88.0,67.0,28.0,49.0
2018-08-03,78.0,1.0,18.0,74.0,59.0,21.0,62.0,82.0,56.0,28.0,43.0
2018-08-04,59.0,1.0,14.0,57.0,52.0,37.0,36.0,69.0,34.0,31.0,20.0
2018-08-05,57.0,1.0,13.0,63.0,56.0,12.0,40.0,65.0,39.0,30.0,26.0
2018-08-06,84.0,1.0,27.0,78.0,62.0,17.0,73.0,88.0,63.0,29.0,53.0
2018-08-07,86.0,1.0,19.0,83.0,68.0,51.0,83.0,88.0,68.0,27.0,40.0
2018-08-08,81.0,1.0,18.0,81.0,62.0,18.0,67.0,89.0,63.0,29.0,29.0
2018-08-09,79.0,1.0,17.0,82.0,64.0,36.0,74.0,82.0,73.0,28.0,50.0
2018-08-10,75.0,1.0,22.0,69.0,59.0,19.0,63.0,78.0,55.0,27.0,49.0
2018-08-11,58.0,1.0,3.0,60.0,55.0,27.0,47.0,65.0,32.0,31.0,35.0
2018-08-12,56.0,,5.0,64.0,58.0,33.0,46.0,66.0,46.0,30.0,21.0
2018-08-13,78.0,,14.0,80.0,64.0,18.0,68.0,85.0,56.0,30.0,33.0
2018-08-14,84.0,,18.0,75.0,63.0,53.0,80.0,80.0,70.0,28.0,37.0
2018-08-15,73.0,,19.0,76.0,64.0,30.0,65.0,78.0,50.0,27.0,42.0
2018-08-16,79.0,,21.0,81.0,66.0,42.0,69.0,84.0,73.0,27.0,41.0
2018-08-17,70.0,,7.0,78.0,62.0,42.0,65.0,76.0,53.0,28.0,36.0
2018-08-18,57.0,,16.0,55.0,51.0,0.0,52.0,62.0,33.0,29.0,19.0
2018-08-19,56.0,,8.0,62.0,58.0,21.0,25.0,59.0,29.0,32.0,21.0
2018-08-20,81.0,,24.0,75.0,68.0,49.0,68.0,82.0,62.0,28.0,40.0
2018-08-21,77.0,,7.0,78.0,72.0,49.0,64.0,86.0,64.0,28.0,34.0
2018-08-22,84.0,,24.0,80.0,69.0,24.0,63.0,83.0,66.0,27.0,25.0
2018-08-23,79.0,,7.0,76.0,69.0,48.0,72.0,85.0,63.0,28.0,47.0
2018-08-24,72.0,,22.0,71.0,64.0,24.0,53.0,74.0,55.0,28.0,27.0
2018-08-25,48.0,,8.0,56.0,54.0,14.0,46.0,52.0,37.0,29.0,26.0
2018-08-26,54.0,,16.0,59.0,51.0,20.0,27.0,62.0,37.0,30.0,11.0
2018-08-27,70.0,,23.0,82.0,72.0,47.0,61.0,82.0,64.0,28.0,33.0
2018-08-28,88.0,,41.0,88.0,76.0,47.0,82.0,89.0,75.0,28.0,28.0
2018-08-29,83.0,,11.0,86.0,76.0,40.0,78.0,87.0,74.0,26.0,38.0
2018-08-30,86.0,,16.0,81.0,81.0,23.0,75.0,93.0,66.0,26.0,50.0
2018-08-31,73.0,,17.0,73.0,68.0,48.0,72.0,83.0,63.0,27.0,24.0
2018-09-01,53.0,,21.0,53.0,55.0,13.0,39.0,61.0,38.0,30.0,25.0
2018-09-02,60.0,,21.0,61.0,62.0,27.0,39.0,57.0,43.0,29.0,13.0
2018-09-03,75.0,,26.0,75.0,64.0,30.0,81.0,76.0,65.0,29.0,32.0
2018-09-04,88.0,,7.0,81.0,75.0,51.0,63.0,91.0,80.0,27.0,50.0
2018-09-05,86.0,,20.0,90.0,75.0,34.0,65.0,91.0,76.0,26.0,44.0
2018-09-06,89.0,,27.0,94.0,82.0,46.0,88.0,98.0,84.0,27.0,43.0
2018-09-07,80.0,,26.0,79.0,74.0,49.0,71.0,81.0,80.0,28.0,42.0
2018-09-08,58.0,,23.0,58.0,55.0,19.0,42.0,63.0,38.0,30.0,27.0
2018-09-09,58.0,,10.0,68.0,62.0,26.0,45.0,64.0,45.0,30.0,34.0
2018-09-10,86.0,,31.0,89.0,83.0,23.0,83.0,92.0,83.0,28.0,66.0
2018-09-11,89.0,,13.0,89.0,80.0,45.0,80.0,88.0,83.0,26.0,32.0
2018-09-12,91.0,,16.0,84.0,80.0,17.0,100.0,88.0,80.0,27.0,42.0
2018-09-13,89.0,,23.0,85.0,75.0,47.0,57.0,81.0,78.0,25.0,28.0
2018-09-14,80.0,,19.0,79.0,69.0,48.0,72.0,80.0,82.0,26.0,32.0
2018-09-15,59.0,,8.0,60.0,58.0,33.0,42.0,72.0,37.0,28.0,29.0
2018-09-16,60.0,,15.0,69.0,62.0,39.0,38.0,62.0,44.0,29.0,20.0
2018-09-17,86.0,,18.0,89.0,76.0,63.0,94.0,88.0,81.0,27.0,30.0
2018-09-18,88.0,,29.0,96.0,79.0,58.0,84.0,95.0,83.0,27.0,40.0
2018-09-19,89.0,,16.0,95.0,78.0,40.0,81.0,93.0,87.0,30.0,30.0
2018-09-20,94.0,,34.0,91.0,75.0,40.0,62.0,88.0,80.0,26.0,34.0
2018-09-21,79.0,,19.0,78.0,73.0,48.0,71.0,77.0,69.0,28.0,24.0
2018-09-22,54.0,,18.0,59.0,53.0,33.0,34.0,57.0,46.0,31.0,38.0
2018-09-23,58.0,,10.0,63.0,61.0,19.0,44.0,64.0,49.0,29.0,22.0
2018-09-24,84.0,,18.0,87.0,73.0,28.0,79.0,84.0,91.0,27.0,47.0
2018-09-25,91.0,,31.0,92.0,76.0,23.0,76.0,89.0,81.0,26.0,48.0
2018-09-26,95.0,,31.0,95.0,76.0,40.0,83.0,92.0,79.0,25.0,40.0
2018-09-27,87.0,,31.0,87.0,73.0,23.0,86.0,81.0,84.0,24.0,32.0
2018-09-28,79.0,,16.0,81.0,63.0,18.0,69.0,75.0,66.0,26.0,5.0
2018-09-29,59.0,,10.0,58.0,54.0,27.0,40.0,59.0,42.0,28.0,15.0
2018-09-30,60.0,,10.0,72.0,61.0,6.0,48.0,61.0,51.0,27.0,16.0
2018-10-01,81.0,,18.0,85.0,69.0,45.0,68.0,82.0,83.0,27.0,28.0
2018-10-02,89.0,,5.0,92.0,76.0,29.0,58.0,83.0,73.0,27.0,32.0
2018-10-03,88.0,,22.0,92.0,74.0,28.0,73.0,85.0,74.0,25.0,40.0
2018-10-04,86.0,,27.0,90.0,74.0,40.0,65.0,82.0,79.0,26.0,44.0
2018-10-05,78.0,,24.0,79.0,70.0,49.0,67.0,76.0,72.0,26.0,46.0
2018-10-06,56.0,,31.0,58.0,55.0,33.0,46.0,59.0,46.0,29.0,25.0
2018-10-07,54.0,,20.0,60.0,55.0,57.0,46.0,52.0,48.0,26.0,40.0
2018-10-08,78.0,,18.0,84.0,67.0,52.0,83.0,81.0,73.0,27.0,29.0
2018-10-09,89.0,,17.0,93.0,76.0,33.0,88.0,89.0,72.0,26.0,50.0
2018-10-10,83.0,,16.0,89.0,71.0,47.0,78.0,81.0,80.0,26.0,50.0
2018-10-11,85.0,,12.0,93.0,69.0,36.0,90.0,82.0,79.0,26.0,44.0
2018-10-12,78.0,,24.0,74.0,66.0,31.0,68.0,75.0,83.0,27.0,31.0
2018-10-13,55.0,,13.0,64.0,53.0,20.0,37.0,62.0,40.0,30.0,24.0
2018-10-14,63.0,,26.0,69.0,62.0,53.0,40.0,61.0,50.0,29.0,19.0
2018-10-15,84.0,,14.0,94.0,70.0,41.0,81.0,84.0,73.0,28.0,28.0
2018-10-16,91.0,,27.0,84.0,71.0,23.0,66.0,83.0,76.0,27.0,49.0
2018-10-17,86.0,,20.0,85.0,71.0,40.0,63.0,72.0,80.0,25.0,47.0
2018-10-18,79.0,,28.0,85.0,66.0,30.0,75.0,74.0,70.0,24.0,37.0
2018-10-19,71.0,1.0,20.0,75.0,62.0,25.0,47.0,68.0,73.0,27.0,23.0
2018-10-20,49.0,1.0,24.0,57.0,50.0,17.0,34.0,50.0,38.0,29.0,31.0
2018-10-21,53.0,1.0,20.0,69.0,55.0,16.0,36.0,53.0,49.0,29.0,8.0
2018-10-22,82.0,1.0,24.0,90.0,72.0,35.0,60.0,81.0,78.0,26.0,39.0
2018-10-23,86.0,1.0,26.0,88.0,69.0,57.0,75.0,78.0,80.0,25.0,36.0
2018-10-24,86.0,1.0,16.0,89.0,66.0,40.0,58.0,76.0,79.0,25.0,40.0
2018-10-25,84.0,1.0,14.0,87.0,69.0,26.0,70.0,78.0,83.0,25.0,44.0
2018-10-26,77.0,1.0,15.0,77.0,64.0,21.0,61.0,73.0,63.0,27.0,30.0
2018-10-27,52.0,1.0,17.0,56.0,54.0,3.0,38.0,58.0,37.0,28.0,24.0
2018-10-28,56.0,1.0,8.0,58.0,56.0,22.0,31.0,51.0,44.0,27.0,22.0
2018-10-29,87.0,1.0,20.0,87.0,71.0,41.0,70.0,81.0,83.0,26.0,32.0
2018-10-30,92.0,1.0,23.0,85.0,75.0,17.0,62.0,82.0,78.0,25.0,39.0
2018-10-31,84.0,1.0,12.0,85.0,68.0,41.0,69.0,78.0,71.0,24.0,35.0
2018-11-01,80.0,1.0,16.0,87.0,70.0,31.0,57.0,77.0,71.0,26.0,37.0
2018-11-02,75.0,1.0,31.0,76.0,64.0,37.0,67.0,75.0,68.0,28.0,26.0
2018-11-03,53.0,1.0,17.0,58.0,52.0,33.0,37.0,52.0,44.0,29.0,13.0
2018-11-04,56.0,1.0,16.0,63.0,53.0,16.0,26.0,54.0,48.0,29.0,26.0
2018-11-05,82.0,1.0,18.0,89.0,69.0,17.0,62.0,73.0,84.0,28.0,37.0
2018-11-06,79.0,1.0,17.0,91.0,63.0,51.0,60.0,70.0,73.0,26.0,28.0
2018-11-07,78.0,1.0,14.0,81.0,62.0,39.0,47.0,68.0,73.0,30.0,33.0
2018-11-08,81.0,1.0,22.0,81.0,66.0,59.0,52.0,76.0,78.0,28.0,28.0
2018-11-09,72.0,1.0,24.0,76.0,62.0,37.0,60.0,70.0,79.0,25.0,29.0
2018-11-10,52.0,1.0,8.0,52.0,52.0,20.0,30.0,52.0,39.0,30.0,22.0
2018-11-11,55.0,1.0,21.0,63.0,58.0,29.0,32.0,56.0,45.0,29.0,25.0
2018-11-12,86.0,1.0,34.0,80.0,67.0,37.0,76.0,74.0,76.0,26.0,35.0
2018-11-13,90.0,1.0,17.0,88.0,72.0,31.0,71.0,87.0,83.0,26.0,34.0
2018-11-14,88.0,1.0,17.0,89.0,72.0,35.0,72.0,85.0,79.0,26.0,30.0
2018-11-15,89.0,1.0,15.0,87.0,71.0,47.0,68.0,96.0,83.0,26.0,36.0
2018-11-16,79.0,1.0,17.0,78.0,62.0,69.0,53.0,78.0,73.0,28.0,42.0
2018-11-17,54.0,1.0,12.0,58.0,50.0,36.0,41.0,56.0,49.0,29.0,23.0
2018-11-18,58.0,1.0,12.0,64.0,56.0,29.0,39.0,59.0,46.0,29.0,26.0
2018-11-19,83.0,1.0,21.0,84.0,66.0,43.0,63.0,77.0,77.0,27.0,27.0
2018-11-20,79.0,1.0,14.0,78.0,65.0,28.0,66.0,75.0,77.0,27.0,33.0
2018-11-21,74.0,1.0,18.0,75.0,60.0,41.0,68.0,72.0,68.0,25.0,28.0
2018-11-22,69.0,1.0,13.0,64.0,52.0,47.0,61.0,65.0,66.0,26.0,15.0
2018-11-23,61.0,1.0,20.0,58.0,51.0,24.0,58.0,58.0,55.0,28.0,15.0
2018-11-24,54.0,1.0,10.0,52.0,52.0,19.0,39.0,51.0,38.0,30.0,13.0
2018-11-25,59.0,1.0,11.0,62.0,56.0,31.0,31.0,54.0,44.0,28.0,14.0
2018-11-26,86.0,1.0,9.0,85.0,71.0,14.0,71.0,75.0,76.0,27.0,30.0
2018-11-27,88.0,1.0,24.0,92.0,74.0,17.0,83.0,79.0,80.0,26.0,34.0
2018-11-28,85.0,1.0,32.0,90.0,71.0,28.0,73.0,82.0,91.0,26.0,35.0
2018-11-29,84.0,1.0,29.0,89.0,69.0,44.0,74.0,76.0,75.0,26.0,54.0
2018-11-30,80.0,1.0,9.0,80.0,69.0,12.0,61.0,73.0,76.0,25.0,31.0
2018-12-01,54.0,1.0,18.0,56.0,53.0,39.0,32.0,57.0,47.0,26.0,23.0
2018-12-02,58.0,1.0,15.0,60.0,56.0,10.0,32.0,55.0,52.0,27.0,29.0
2018-12-03,83.0,1.0,23.0,84.0,68.0,36.0,62.0,78.0,80.0,25.0,31.0
2018-12-04,87.0,1.0,18.0,89.0,73.0,49.0,73.0,80.0,72.0,24.0,29.0
2018-12-05,84.0,1.0,25.0,86.0,70.0,20.0,73.0,78.0,82.0,25.0,32.0
2018-12-06,87.0,1.0,24.0,88.0,70.0,32.0,62.0,74.0,81.0,24.0,35.0
2018-12-07,76.0,1.0,14.0,73.0,64.0,45.0,58.0,71.0,69.0,26.0,28.0
2018-12-08,53.0,1.0,12.0,57.0,52.0,7.0,35.0,52.0,39.0,27.0,17.0
2018-12-09,54.0,1.0,24.0,61.0,56.0,26.0,32.0,54.0,43.0,27.0,17.0
2018-12-10,84.0,1.0,28.0,83.0,68.0,35.0,58.0,75.0,71.0,26.0,35.0
2018-12-11,87.0,1.0,21.0,84.0,67.0,40.0,64.0,72.0,77.0,36.0,33.0
2018-12-12,80.0,1.0,26.0,83.0,69.0,14.0,71.0,71.0,81.0,28.0,40.0
2018-12-13,80.0,1.0,24.0,78.0,68.0,39.0,67.0,73.0,68.0,26.0,29.0
2018-12-14,75.0,1.0,19.0,74.0,69.0,9.0,59.0,70.0,58.0,27.0,23.0
2018-12-15,51.0,1.0,8.0,49.0,51.0,34.0,29.0,54.0,39.0,28.0,27.0
2018-12-16,47.0,1.0,16.0,49.0,52.0,10.0,26.0,51.0,42.0,28.0,15.0
2018-12-17,79.0,1.0,15.0,73.0,66.0,30.0,53.0,76.0,62.0,27.0,32.0
2018-12-18,74.0,1.0,15.0,74.0,69.0,37.0,66.0,76.0,63.0,25.0,37.0
2018-12-19,75.0,1.0,12.0,73.0,64.0,15.0,59.0,72.0,62.0,25.0,29.0
2018-12-20,67.0,1.0,15.0,69.0,63.0,22.0,70.0,73.0,60.0,25.0,34.0
2018-12-21,64.0,1.0,16.0,60.0,52.0,26.0,49.0,62.0,46.0,24.0,23.0
2018-12-22,45.0,1.0,7.0,45.0,44.0,21.0,36.0,49.0,32.0,27.0,10.0
2018-12-23,40.0,1.0,15.0,46.0,43.0,21.0,33.0,47.0,24.0,26.0,14.0
2018-12-24,48.0,1.0,4.0,45.0,42.0,11.0,46.0,53.0,30.0,23.0,22.0
2018-12-25,40.0,1.0,4.0,44.0,42.0,19.0,37.0,49.0,27.0,25.0,17.0
2018-12-26,55.0,1.0,22.0,53.0,48.0,23.0,48.0,60.0,39.0,26.0,21.0
2018-12-27,57.0,1.0,5.0,55.0,51.0,22.0,60.0,56.0,39.0,28.0,24.0
2018-12-28,57.0,1.0,13.0,57.0,51.0,7.0,49.0,59.0,33.0,29.0,23.0
2018-12-29,45.0,1.0,14.0,46.0,47.0,31.0,34.0,53.0,33.0,29.0,18.0
2018-12-30,42.0,1.0,11.0,47.0,45.0,24.0,28.0,48.0,31.0,29.0,21.0
2018-12-31,47.0,1.0,12.0,49.0,44.0,17.0,36.0,51.0,37.0,25.0,20.0
2019-01-01,46.0,1.0,10.0,49.0,47.0,4.0,36.0,50.0,28.0,25.0,14.0
2019-01-02,67.0,1.0,15.0,69.0,58.0,18.0,53.0,72.0,50.0,29.0,33.0
2019-01-03,73.0,1.0,9.0,72.0,61.0,47.0,70.0,72.0,56.0,27.0,33.0
2019-01-04,71.0,1.0,31.0,70.0,63.0,27.0,69.0,70.0,54.0,28.0,19.0
2019-01-05,53.0,1.0,5.0,53.0,54.0,10.0,33.0,58.0,36.0,31.0,19.0
2019-01-06,50.0,1.0,6.0,57.0,56.0,29.0,33.0,54.0,39.0,30.0,12.0
2019-01-07,77.0,1.0,13.0,78.0,71.0,26.0,71.0,77.0,73.0,28.0,28.0
2019-01-08,84.0,1.0,16.0,81.0,73.0,37.0,74.0,84.0,74.0,26.0,28.0
2019-01-09,84.0,1.0,14.0,86.0,76.0,32.0,63.0,81.0,74.0,27.0,31.0
2019-01-10,88.0,1.0,19.0,87.0,76.0,23.0,64.0,81.0,82.0,27.0,38.0
2019-01-11,77.0,1.0,30.0,82.0,68.0,36.0,66.0,74.0,61.0,27.0,32.0
2019-01-12,52.0,1.0,19.0,56.0,54.0,19.0,46.0,56.0,39.0,30.0,20.0
2019-01-13,54.0,1.0,9.0,59.0,58.0,25.0,25.0,55.0,39.0,30.0,23.0
2019-01-14,84.0,1.0,14.0,81.0,73.0,17.0,61.0,80.0,78.0,27.0,38.0
2019-01-15,83.0,1.0,18.0,83.0,71.0,22.0,50.0,82.0,78.0,26.0,36.0
2019-01-16,88.0,1.0,13.0,87.0,72.0,35.0,68.0,81.0,76.0,28.0,41.0
2019-01-17,86.0,1.0,21.0,89.0,75.0,17.0,65.0,77.0,71.0,28.0,32.0
2019-01-18,78.0,1.0,16.0,81.0,70.0,30.0,62.0,74.0,65.0,29.0,22.0
2019-01-19,54.0,1.0,18.0,53.0,56.0,29.0,41.0,58.0,36.0,32.0,24.0
2019-01-20,54.0,1.0,9.0,64.0,61.0,22.0,36.0,57.0,42.0,30.0,16.0
2019-01-21,81.0,1.0,15.0,74.0,63.0,6.0,73.0,78.0,73.0,28.0,36.0
2019-01-22,86.0,1.0,16.0,86.0,73.0,42.0,66.0,88.0,77.0,26.0,44.0
2019-01-23,86.0,1.0,26.0,90.0,74.0,25.0,79.0,83.0,77.0,25.0,43.0
2019-01-24,87.0,1.0,10.0,88.0,73.0,25.0,77.0,84.0,73.0,27.0,40.0
2019-01-25,78.0,1.0,26.0,76.0,68.0,41.0,60.0,76.0,65.0,28.0,36.0
2019-01-26,50.0,1.0,20.0,53.0,51.0,20.0,30.0,52.0,37.0,29.0,20.0
2019-01-27,59.0,1.0,23.0,60.0,59.0,35.0,36.0,59.0,43.0,31.0,23.0
2019-01-28,81.0,,12.0,84.0,71.0,17.0,63.0,82.0,80.0,28.0,24.0
2019-01-29,90.0,,21.0,87.0,75.0,6.0,65.0,82.0,80.0,27.0,39.0
2019-01-30,91.0,,14.0,92.0,78.0,6.0,66.0,86.0,79.0,27.0,33.0
2019-01-31,87.0,,26.0,88.0,72.0,40.0,74.0,84.0,84.0,26.0,44.0
2019-02-01,83.0,,19.0,79.0,68.0,29.0,62.0,70.0,75.0,26.0,29.0
2019-02-02,56.0,,24.0,57.0,58.0,13.0,39.0,57.0,37.0,31.0,30.0
2019-02-03,59.0,,18.0,69.0,61.0,38.0,36.0,57.0,40.0,31.0,20.0
2019-02-04,86.0,,17.0,94.0,74.0,46.0,65.0,77.0,74.0,27.0,36.0
2019-02-05,89.0,,26.0,88.0,76.0,34.0,64.0,82.0,73.0,27.0,45.0
2019-02-06,88.0,,9.0,89.0,76.0,39.0,65.0,78.0,66.0,26.0,25.0
2019-02-07,91.0,,28.0,96.0,78.0,45.0,66.0,81.0,91.0,27.0,28.0
2019-02-08,81.0,,22.0,82.0,70.0,12.0,48.0,77.0,77.0,29.0,41.0
2019-02-09,59.0,,11.0,62.0,60.0,13.0,37.0,58.0,51.0,32.0,25.0
2019-02-10,61.0,,13.0,70.0,58.0,12.0,42.0,56.0,46.0,32.0,28.0
2019-02-11,87.0,,39.0,85.0,74.0,28.0,66.0,81.0,81.0,28.0,38.0
2019-02-12,93.0,,28.0,90.0,77.0,34.0,75.0,86.0,85.0,28.0,41.0
2019-02-13,87.0,,23.0,89.0,75.0,11.0,74.0,80.0,80.0,26.0,23.0
2019-02-14,85.0,,21.0,92.0,68.0,46.0,63.0,78.0,71.0,26.0,44.0
2019-02-15,80.0,,12.0,74.0,68.0,29.0,52.0,78.0,66.0,28.0,24.0
2019-02-16,53.0,,13.0,58.0,56.0,19.0,36.0,55.0,40.0,30.0,15.0
2019-02-17,58.0,,21.0,67.0,61.0,45.0,35.0,58.0,38.0,34.0,20.0
2019-02-18,84.0,,23.0,84.0,70.0,68.0,66.0,78.0,75.0,31.0,28.0
2019-02-19,88.0,,21.0,92.0,77.0,28.0,70.0,82.0,73.0,29.0,36.0
2019-02-20,89.0,,21.0,92.0,76.0,23.0,70.0,79.0,76.0,30.0,34.0
2019-02-21,94.0,,14.0,90.0,76.0,28.0,75.0,77.0,84.0,29.0,33.0
2019-02-22,84.0,,19.0,83.0,71.0,29.0,57.0,70.0,71.0,29.0,14.0
2019-02-23,56.0,,8.0,62.0,62.0,46.0,24.0,60.0,39.0,34.0,24.0
2019-02-24,58.0,,40.0,68.0,62.0,39.0,34.0,53.0,48.0,34.0,17.0
2019-02-25,86.0,,34.0,89.0,74.0,55.0,63.0,76.0,72.0,30.0,32.0
2019-02-26,90.0,,16.0,93.0,78.0,28.0,66.0,84.0,91.0,29.0,35.0
2019-02-27,90.0,,23.0,93.0,75.0,44.0,77.0,78.0,69.0,29.0,24.0
2019-02-28,95.0,,26.0,93.0,82.0,23.0,63.0,79.0,89.0,31.0,48.0
2019-03-01,80.0,,19.0,82.0,68.0,23.0,61.0,75.0,70.0,31.0,26.0
2019-03-02,54.0,,8.0,61.0,59.0,7.0,35.0,58.0,45.0,34.0,18.0
2019-03-03,62.0,,13.0,64.0,61.0,52.0,30.0,56.0,51.0,35.0,14.0
2019-03-04,86.0,,28.0,87.0,69.0,23.0,64.0,74.0,70.0,29.0,29.0
2019-03-05,97.0,,21.0,96.0,74.0,23.0,66.0,84.0,81.0,30.0,29.0
2019-03-06,93.0,,25.0,93.0,72.0,11.0,64.0,81.0,82.0,27.0,41.0
2019-03-07,91.0,,21.0,93.0,77.0,40.0,57.0,82.0,81.0,28.0,27.0
2019-03-08,79.0,,22.0,80.0,75.0,36.0,64.0,75.0,66.0,28.0,48.0
2019-03-09,54.0,,19.0,61.0,69.0,33.0,31.0,59.0,42.0,32.0,14.0
2019-03-10,53.0,,18.0,65.0,66.0,32.0,30.0,51.0,37.0,33.0,17.0
2019-03-11,87.0,,14.0,89.0,80.0,23.0,70.0,79.0,80.0,31.0,30.0
2019-03-12,86.0,,19.0,92.0,82.0,34.0,85.0,76.0,86.0,29.0,40.0
2019-03-13,89.0,,14.0,84.0,75.0,39.0,57.0,77.0,81.0,28.0,33.0
2019-03-14,87.0,,17.0,85.0,73.0,46.0,54.0,80.0,78.0,29.0,26.0
2019-03-15,79.0,,15.0,76.0,68.0,47.0,62.0,75.0,67.0,29.0,26.0
2019-03-16,55.0,,8.0,57.0,59.0,26.0,40.0,52.0,43.0,32.0,20.0
2019-03-17,60.0,,19.0,59.0,56.0,33.0,30.0,52.0,46.0,33.0,24.0
2019-03-18,86.0,,9.0,86.0,69.0,17.0,67.0,77.0,79.0,30.0,50.0
2019-03-19,89.0,,18.0,85.0,71.0,50.0,68.0,81.0,80.0,29.0,34.0
2019-03-20,90.0,,24.0,82.0,68.0,47.0,72.0,79.0,76.0,29.0,21.0
2019-03-21,79.0,,17.0,85.0,64.0,12.0,55.0,74.0,75.0,29.0,29.0
2019-03-22,81.0,,25.0,76.0,60.0,24.0,65.0,73.0,74.0,29.0,30.0
2019-03-23,52.0,,22.0,54.0,56.0,52.0,36.0,56.0,40.0,35.0,19.0
2019-03-24,54.0,,29.0,62.0,60.0,17.0,28.0,61.0,47.0,36.0,13.0
2019-03-25,86.0,,28.0,82.0,74.0,17.0,65.0,78.0,84.0,30.0,22.0
2019-03-26,95.0,,26.0,84.0,70.0,46.0,63.0,86.0,80.0,30.0,36.0
2019-03-27,88.0,,12.0,85.0,74.0,41.0,61.0,81.0,75.0,30.0,35.0
2019-03-28,88.0,,31.0,83.0,72.0,28.0,77.0,83.0,77.0,28.0,29.0
2019-03-29,81.0,,25.0,75.0,62.0,24.0,66.0,69.0,66.0,31.0,27.0
2019-03-30,60.0,,19.0,53.0,73.0,27.0,32.0,60.0,37.0,32.0,17.0
2019-03-31,58.0,,13.0,58.0,60.0,39.0,22.0,55.0,43.0,33.0,24.0
2019-04-01,82.0,,16.0,80.0,68.0,23.0,75.0,82.0,75.0,29.0,29.0
2019-04-02,89.0,,28.0,85.0,68.0,51.0,74.0,80.0,67.0,29.0,36.0
2019-04-03,83.0,,25.0,82.0,71.0,23.0,64.0,81.0,74.0,28.0,35.0
2019-04-04,88.0,,19.0,81.0,70.0,51.0,56.0,83.0,73.0,29.0,37.0
2019-04-05,77.0,,25.0,72.0,65.0,42.0,57.0,72.0,65.0,29.0,28.0
2019-04-06,52.0,1.0,9.0,51.0,50.0,18.0,29.0,56.0,41.0,32.0,23.0
2019-04-07,56.0,1.0,9.0,57.0,54.0,21.0,35.0,61.0,42.0,33.0,28.0
2019-04-08,86.0,1.0,8.0,85.0,66.0,28.0,75.0,80.0,69.0,30.0,31.0
2019-04-09,82.0,1.0,31.0,82.0,68.0,18.0,67.0,81.0,76.0,30.0,41.0
2019-04-10,86.0,1.0,21.0,78.0,66.0,36.0,55.0,84.0,71.0,29.0,36.0
2019-04-11,84.0,1.0,19.0,82.0,68.0,28.0,73.0,77.0,77.0,30.0,37.0
2019-04-12,77.0,1.0,11.0,74.0,61.0,28.0,55.0,71.0,73.0,29.0,32.0
2019-04-13,52.0,1.0,17.0,50.0,47.0,18.0,39.0,56.0,41.0,32.0,23.0
2019-04-14,52.0,1.0,18.0,54.0,49.0,18.0,26.0,53.0,38.0,32.0,21.0
2019-04-15,81.0,1.0,15.0,78.0,61.0,29.0,62.0,76.0,70.0,28.0,36.0
2019-04-16,78.0,1.0,15.0,77.0,59.0,22.0,63.0,79.0,73.0,28.0,33.0
2019-04-17,84.0,1.0,23.0,80.0,63.0,32.0,64.0,76.0,72.0,29.0,38.0
2019-04-18,75.0,1.0,9.0,72.0,57.0,39.0,59.0,74.0,70.0,29.0,32.0
2019-04-19,65.0,1.0,14.0,59.0,56.0,30.0,42.0,71.0,53.0,30.0,29.0
2019-04-20,51.0,1.0,12.0,49.0,49.0,9.0,41.0,58.0,40.0,31.0,23.0
2019-04-21,56.0,1.0,26.0,50.0,52.0,16.0,24.0,55.0,36.0,30.0,14.0
2019-04-22,78.0,1.0,26.0,71.0,60.0,27.0,56.0,73.0,61.0,31.0,37.0
2019-04-23,87.0,1.0,12.0,80.0,65.0,39.0,69.0,80.0,76.0,32.0,34.0
2019-04-24,81.0,1.0,15.0,79.0,65.0,26.0,68.0,83.0,72.0,31.0,30.0
2019-04-25,84.0,1.0,18.0,82.0,64.0,35.0,65.0,80.0,77.0,30.0,33.0
2019-04-26,74.0,1.0,16.0,70.0,61.0,16.0,56.0,76.0,60.0,30.0,29.0
2019-04-27,55.0,1.0,10.0,51.0,49.0,15.0,31.0,58.0,38.0,32.0,18.0
2019-04-28,56.0,1.0,16.0,52.0,53.0,24.0,30.0,60.0,42.0,32.0,25.0
2019-04-29,83.0,1.0,10.0,79.0,65.0,40.0,62.0,80.0,79.0,30.0,44.0
2019-04-30,88.0,1.0,19.0,77.0,67.0,48.0,65.0,87.0,75.0,29.0,36.0
2019-05-01,79.0,1.0,16.0,82.0,67.0,41.0,43.0,81.0,70.0,30.0,31.0
2019-05-02,91.0,1.0,23.0,78.0,73.0,44.0,60.0,91.0,64.0,28.0,25.0
2019-05-03,82.0,1.0,17.0,74.0,66.0,21.0,56.0,83.0,64.0,28.0,42.0
2019-05-04,58.0,1.0,14.0,51.0,51.0,26.0,42.0,67.0,43.0,32.0,22.0
2019-05-05,57.0,1.0,13.0,54.0,56.0,35.0,29.0,61.0,38.0,32.0,29.0
2019-05-06,80.0,1.0,16.0,73.0,66.0,18.0,48.0,82.0,70.0,30.0,32.0
2019-05-07,93.0,1.0,26.0,82.0,71.0,36.0,67.0,87.0,80.0,29.0,28.0
2019-05-08,84.0,1.0,18.0,81.0,70.0,22.0,66.0,87.0,70.0,28.0,30.0
2019-05-09,89.0,1.0,21.0,81.0,77.0,34.0,63.0,90.0,79.0,30.0,37.0
2019-05-10,80.0,1.0,11.0,73.0,62.0,21.0,67.0,90.0,72.0,30.0,32.0
2019-05-11,58.0,1.0,14.0,50.0,54.0,12.0,33.0,68.0,34.0,32.0,17.0
2019-05-12,56.0,1.0,9.0,49.0,54.0,24.0,26.0,58.0,32.0,30.0,19.0
2019-05-13,81.0,1.0,21.0,75.0,68.0,35.0,67.0,83.0,72.0,29.0,23.0
2019-05-14,88.0,1.0,24.0,80.0,73.0,37.0,65.0,85.0,77.0,28.0,33.0
2019-05-15,88.0,1.0,16.0,82.0,89.0,26.0,63.0,86.0,65.0,28.0,36.0
2019-05-16,90.0,1.0,28.0,80.0,71.0,39.0,72.0,85.0,73.0,30.0,31.0
2019-05-17,77.0,1.0,16.0,71.0,65.0,50.0,55.0,80.0,60.0,29.0,29.0
2019-05-18,56.0,1.0,6.0,49.0,55.0,30.0,33.0,60.0,34.0,38.0,11.0
2019-05-19,57.0,1.0,5.0,50.0,52.0,6.0,31.0,60.0,40.0,37.0,19.0
2019-05-20,80.0,1.0,18.0,74.0,69.0,37.0,52.0,79.0,66.0,31.0,35.0
2019-05-21,87.0,1.0,5.0,77.0,68.0,44.0,62.0,86.0,77.0,29.0,38.0
2019-05-22,86.0,1.0,23.0,77.0,71.0,24.0,68.0,83.0,77.0,30.0,33.0
2019-05-23,79.0,1.0,18.0,71.0,61.0,24.0,70.0,73.0,59.0,100.0,27.0
2019-05-24,75.0,1.0,26.0,68.0,62.0,54.0,48.0,75.0,61.0,48.0,31.0
2019-05-25,53.0,1.0,5.0,50.0,52.0,24.0,38.0,63.0,33.0,38.0,16.0
2019-05-26,54.0,1.0,10.0,49.0,52.0,18.0,33.0,58.0,38.0,34.0,20.0
2019-05-27,71.0,1.0,22.0,59.0,55.0,29.0,53.0,75.0,55.0,32.0,24.0
2019-05-28,82.0,1.0,17.0,72.0,66.0,31.0,69.0,84.0,68.0,30.0,25.0
2019-05-29,85.0,1.0,23.0,76.0,62.0,41.0,75.0,89.0,68.0,29.0,38.0
2019-05-30,83.0,1.0,17.0,72.0,63.0,41.0,59.0,84.0,68.0,30.0,45.0
2019-05-31,77.0,1.0,12.0,69.0,59.0,40.0,60.0,76.0,56.0,28.0,39.0
2019-06-01,54.0,1.0,20.0,52.0,50.0,23.0,38.0,63.0,33.0,32.0,23.0
2019-06-02,55.0,1.0,7.0,55.0,52.0,9.0,33.0,61.0,43.0,32.0,18.0
2019-06-03,83.0,1.0,13.0,74.0,74.0,28.0,58.0,80.0,65.0,28.0,35.0
2019-06-04,82.0,1.0,15.0,76.0,66.0,25.0,61.0,87.0,68.0,28.0,43.0
2019-06-05,82.0,1.0,20.0,76.0,65.0,35.0,51.0,78.0,68.0,30.0,34.0
2019-06-06,83.0,1.0,28.0,73.0,65.0,25.0,73.0,85.0,68.0,30.0,35.0
2019-06-07,73.0,1.0,22.0,69.0,60.0,29.0,57.0,81.0,57.0,30.0,38.0
2019-06-08,57.0,1.0,11.0,55.0,55.0,9.0,38.0,66.0,38.0,32.0,21.0
2019-06-09,56.0,1.0,25.0,57.0,59.0,15.0,36.0,65.0,39.0,33.0,17.0
2019-06-10,80.0,1.0,22.0,74.0,70.0,20.0,72.0,88.0,56.0,29.0,32.0
2019-06-11,84.0,1.0,15.0,78.0,67.0,11.0,66.0,90.0,71.0,29.0,44.0
2019-06-12,86.0,1.0,20.0,75.0,66.0,32.0,67.0,89.0,71.0,29.0,28.0
2019-06-13,85.0,1.0,28.0,77.0,67.0,37.0,58.0,84.0,66.0,28.0,31.0
2019-06-14,75.0,1.0,17.0,68.0,59.0,10.0,60.0,85.0,61.0,28.0,36.0
2019-06-15,57.0,1.0,16.0,50.0,53.0,9.0,41.0,71.0,38.0,32.0,21.0
2019-06-16,56.0,1.0,9.0,55.0,53.0,38.0,31.0,63.0,34.0,32.0,21.0
2019-06-17,83.0,1.0,22.0,78.0,68.0,36.0,72.0,88.0,68.0,30.0,33.0
2019-06-18,90.0,1.0,23.0,79.0,66.0,16.0,69.0,91.0,63.0,30.0,44.0
2019-06-19,89.0,1.0,25.0,79.0,68.0,26.0,67.0,93.0,67.0,29.0,31.0
2019-06-20,88.0,1.0,15.0,77.0,68.0,23.0,68.0,94.0,61.0,30.0,30.0
2019-06-21,83.0,1.0,10.0,70.0,57.0,8.0,52.0,89.0,60.0,30.0,26.0
2019-06-22,56.0,1.0,15.0,55.0,53.0,3.0,37.0,68.0,37.0,31.0,18.0
2019-06-23,61.0,1.0,17.0,58.0,57.0,21.0,36.0,73.0,36.0,33.0,22.0
2019-06-24,87.0,1.0,21.0,78.0,64.0,32.0,73.0,90.0,63.0,30.0,43.0
2019-06-25,82.0,1.0,13.0,80.0,65.0,13.0,66.0,91.0,66.0,28.0,35.0
2019-06-26,86.0,1.0,18.0,75.0,60.0,38.0,63.0,87.0,65.0,29.0,22.0
2019-06-27,84.0,1.0,16.0,78.0,63.0,37.0,66.0,90.0,61.0,28.0,36.0
2019-06-28,80.0,1.0,9.0,70.0,58.0,11.0,63.0,81.0,59.0,28.0,34.0
2019-06-29,60.0,1.0,6.0,54.0,53.0,6.0,40.0,64.0,36.0,31.0,24.0
2019-06-30,56.0,1.0,8.0,62.0,54.0,18.0,29.0,61.0,36.0,32.0,24.0
2019-07-01,79.0,1.0,15.0,74.0,59.0,34.0,63.0,83.0,66.0,30.0,32.0
2019-07-02,79.0,1.0,17.0,73.0,61.0,16.0,73.0,83.0,66.0,28.0,34.0
2019-07-03,81.0,1.0,17.0,71.0,63.0,29.0,77.0,88.0,57.0,28.0,30.0
2019-07-04,77.0,1.0,16.0,69.0,58.0,14.0,69.0,82.0,59.0,30.0,29.0
2019-07-05,73.0,1.0,13.0,64.0,59.0,16.0,62.0,81.0,54.0,28.0,22.0
2019-07-06,59.0,1.0,10.0,54.0,52.0,24.0,33.0,75.0,28.0,31.0,23.0
2019-07-07,56.0,1.0,26.0,57.0,53.0,6.0,29.0,71.0,35.0,32.0,20.0
2019-07-08,90.0,1.0,24.0,77.0,60.0,41.0,66.0,89.0,70.0,30.0,43.0
2019-07-09,85.0,1.0,9.0,76.0,63.0,26.0,58.0,89.0,61.0,30.0,29.0
2019-07-10,85.0,1.0,15.0,75.0,60.0,36.0,69.0,93.0,67.0,30.0,32.0
2019-07-11,84.0,1.0,7.0,75.0,62.0,37.0,67.0,91.0,62.0,30.0,25.0
2019-07-12,77.0,1.0,11.0,71.0,56.0,53.0,74.0,83.0,63.0,30.0,28.0
2019-07-13,65.0,1.0,11.0,54.0,55.0,35.0,41.0,72.0,35.0,33.0,19.0
2019-07-14,54.0,1.0,11.0,60.0,53.0,15.0,34.0,62.0,40.0,31.0,26.0
2019-07-15,90.0,1.0,12.0,79.0,62.0,34.0,66.0,86.0,68.0,30.0,30.0
2019-07-16,91.0,,20.0,79.0,65.0,19.0,54.0,97.0,64.0,31.0,25.0
2019-07-17,82.0,,20.0,76.0,60.0,24.0,84.0,92.0,61.0,29.0,32.0
2019-07-18,82.0,,13.0,72.0,60.0,40.0,61.0,90.0,67.0,30.0,33.0
2019-07-19,72.0,,13.0,63.0,57.0,16.0,59.0,82.0,51.0,30.0,31.0
2019-07-20,59.0,,12.0,52.0,53.0,11.0,36.0,70.0,34.0,31.0,24.0
2019-07-21,60.0,,19.0,61.0,56.0,23.0,30.0,68.0,29.0,32.0,24.0
2019-07-22,86.0,,21.0,77.0,60.0,15.0,66.0,87.0,60.0,30.0,21.0
2019-07-23,84.0,,17.0,78.0,62.0,19.0,68.0,90.0,61.0,31.0,37.0
2019-07-24,82.0,,15.0,77.0,61.0,25.0,52.0,95.0,59.0,29.0,24.0
2019-07-25,82.0,,26.0,78.0,58.0,5.0,75.0,90.0,67.0,29.0,28.0
2019-07-26,71.0,,13.0,65.0,53.0,5.0,47.0,79.0,56.0,28.0,30.0
2019-07-27,55.0,,12.0,53.0,50.0,17.0,34.0,67.0,40.0,34.0,13.0
2019-07-28,53.0,,17.0,61.0,53.0,17.0,27.0,69.0,31.0,33.0,13.0
2019-07-29,81.0,,15.0,73.0,58.0,10.0,58.0,88.0,76.0,31.0,34.0
2019-07-30,85.0,,28.0,78.0,60.0,45.0,77.0,90.0,58.0,30.0,25.0
2019-07-31,83.0,,10.0,75.0,59.0,30.0,73.0,89.0,63.0,28.0,29.0
2019-08-01,75.0,,8.0,73.0,59.0,15.0,65.0,84.0,57.0,28.0,47.0
2019-08-02,74.0,,11.0,67.0,54.0,16.0,74.0,77.0,62.0,28.0,37.0
2019-08-03,55.0,,7.0,55.0,49.0,11.0,41.0,67.0,35.0,33.0,15.0
2019-08-04,54.0,,12.0,57.0,50.0,11.0,35.0,64.0,33.0,30.0,19.0
2019-08-05,77.0,,15.0,73.0,56.0,34.0,58.0,77.0,52.0,30.0,24.0
2019-08-06,81.0,,10.0,77.0,60.0,30.0,48.0,82.0,60.0,31.0,31.0
2019-08-07,82.0,,25.0,76.0,58.0,25.0,62.0,84.0,68.0,29.0,36.0
2019-08-08,76.0,,15.0,73.0,60.0,15.0,66.0,81.0,48.0,29.0,38.0
2019-08-09,71.0,,2.0,68.0,54.0,20.0,46.0,77.0,56.0,29.0,26.0
2019-08-10,55.0,,7.0,52.0,47.0,0.0,34.0,60.0,34.0,31.0,17.0
2019-08-11,49.0,,0.0,51.0,46.0,6.0,31.0,58.0,30.0,32.0,27.0
2019-08-12,74.0,,10.0,72.0,58.0,15.0,57.0,73.0,58.0,30.0,33.0
2019-08-13,81.0,,18.0,75.0,59.0,33.0,65.0,83.0,59.0,28.0,25.0
2019-08-14,82.0,,12.0,74.0,58.0,19.0,67.0,86.0,54.0,30.0,29.0
2019-08-15,72.0,,6.0,74.0,61.0,15.0,60.0,77.0,57.0,28.0,28.0
2019-08-16,80.0,,13.0,71.0,57.0,20.0,72.0,81.0,56.0,29.0,24.0
2019-08-17,52.0,,14.0,60.0,50.0,17.0,38.0,62.0,35.0,32.0,25.0
2019-08-18,59.0,,5.0,63.0,54.0,28.0,26.0,63.0,43.0,32.0,15.0
2019-08-19,83.0,,12.0,80.0,64.0,29.0,81.0,83.0,60.0,29.0,39.0
2019-08-20,89.0,,24.0,85.0,69.0,14.0,65.0,92.0,69.0,28.0,38.0
2019-08-21,85.0,,24.0,88.0,72.0,34.0,58.0,91.0,79.0,27.0,33.0
2019-08-22,85.0,,12.0,82.0,71.0,43.0,66.0,89.0,70.0,28.0,39.0
2019-08-23,81.0,,25.0,78.0,59.0,20.0,44.0,78.0,62.0,28.0,21.0
2019-08-24,57.0,,7.0,55.0,49.0,16.0,41.0,57.0,37.0,30.0,27.0
2019-08-25,55.0,,7.0,66.0,55.0,17.0,38.0,60.0,48.0,29.0,22.0
2019-08-26,85.0,,22.0,83.0,70.0,43.0,53.0,90.0,57.0,30.0,33.0
2019-08-27,93.0,,33.0,83.0,74.0,42.0,62.0,96.0,69.0,27.0,22.0
2019-08-28,91.0,,34.0,88.0,71.0,19.0,59.0,89.0,74.0,27.0,26.0
2019-08-29,87.0,,24.0,87.0,67.0,29.0,73.0,88.0,63.0,29.0,40.0
2019-08-30,79.0,,10.0,79.0,62.0,29.0,77.0,86.0,70.0,29.0,38.0
2019-08-31,51.0,,4.0,52.0,52.0,10.0,46.0,57.0,34.0,32.0,23.0
2019-09-01,56.0,,13.0,59.0,52.0,21.0,39.0,54.0,37.0,30.0,24.0
2019-09-02,69.0,,18.0,70.0,59.0,43.0,59.0,65.0,61.0,30.0,20.0
2019-09-03,86.0,,21.0,87.0,72.0,14.0,60.0,88.0,72.0,28.0,21.0
2019-09-04,86.0,,10.0,88.0,69.0,9.0,68.0,86.0,73.0,26.0,30.0
2019-09-05,88.0,,29.0,87.0,73.0,42.0,75.0,87.0,84.0,28.0,40.0
2019-09-06,81.0,,16.0,88.0,69.0,23.0,65.0,94.0,71.0,28.0,31.0
2019-09-07,59.0,,15.0,68.0,53.0,21.0,43.0,58.0,39.0,31.0,19.0
2019-09-08,61.0,,11.0,75.0,62.0,58.0,30.0,64.0,45.0,31.0,19.0
2019-09-09,87.0,,23.0,88.0,75.0,32.0,65.0,88.0,79.0,28.0,44.0
2019-09-10,94.0,,19.0,98.0,79.0,36.0,65.0,89.0,89.0,28.0,36.0
2019-09-11,90.0,,27.0,91.0,76.0,32.0,73.0,86.0,79.0,28.0,36.0
2019-09-12,98.0,,15.0,95.0,76.0,37.0,73.0,90.0,77.0,28.0,29.0
2019-09-13,81.0,,16.0,84.0,69.0,19.0,63.0,78.0,70.0,28.0,28.0
2019-09-14,55.0,,9.0,59.0,55.0,5.0,41.0,62.0,41.0,30.0,24.0
2019-09-15,60.0,,15.0,78.0,64.0,21.0,38.0,75.0,46.0,31.0,14.0
2019-09-16,92.0,,23.0,95.0,74.0,27.0,71.0,85.0,80.0,32.0,39.0
2019-09-17,95.0,,24.0,92.0,74.0,22.0,71.0,84.0,82.0,31.0,33.0
2019-09-18,96.0,,23.0,98.0,78.0,32.0,70.0,85.0,80.0,28.0,27.0
2019-09-19,92.0,,10.0,93.0,75.0,32.0,69.0,87.0,82.0,28.0,33.0
2019-09-20,84.0,,16.0,87.0,70.0,14.0,65.0,80.0,80.0,29.0,32.0
2019-09-21,59.0,,9.0,60.0,53.0,26.0,43.0,59.0,46.0,33.0,27.0
2019-09-22,63.0,,26.0,75.0,60.0,41.0,44.0,56.0,43.0,31.0,35.0
2019-09-23,90.0,,17.0,91.0,73.0,50.0,62.0,82.0,81.0,30.0,30.0
2019-09-24,89.0,,21.0,97.0,76.0,23.0,71.0,87.0,82.0,28.0,33.0
2019-09-25,94.0,,15.0,96.0,71.0,49.0,79.0,86.0,79.0,26.0,25.0
2019-09-26,88.0,,25.0,92.0,74.0,23.0,62.0,83.0,70.0,27.0,18.0
2019-09-27,81.0,,20.0,83.0,66.0,29.0,59.0,81.0,70.0,27.0,31.0
2019-09-28,56.0,,13.0,61.0,52.0,0.0,42.0,58.0,44.0,29.0,25.0
2019-09-29,57.0,,4.0,67.0,57.0,21.0,44.0,59.0,52.0,31.0,20.0
2019-09-30,84.0,,21.0,92.0,68.0,50.0,72.0,82.0,87.0,28.0,31.0
2019-10-01,83.0,,23.0,90.0,68.0,41.0,68.0,83.0,84.0,27.0,16.0
2019-10-02,82.0,,17.0,93.0,68.0,31.0,55.0,77.0,79.0,26.0,26.0
2019-10-03,84.0,,23.0,91.0,61.0,41.0,69.0,81.0,76.0,26.0,31.0
2019-10-04,76.0,,14.0,83.0,60.0,29.0,65.0,69.0,63.0,28.0,31.0
2019-10-05,54.0,,13.0,57.0,50.0,26.0,34.0,51.0,40.0,29.0,17.0
2019-10-06,51.0,,13.0,61.0,50.0,5.0,31.0,54.0,40.0,29.0,24.0
2019-10-07,80.0,,25.0,87.0,62.0,36.0,62.0,75.0,74.0,27.0,28.0
2019-10-08,84.0,,19.0,85.0,62.0,32.0,60.0,76.0,76.0,26.0,33.0
2019-10-09,86.0,,12.0,91.0,82.0,27.0,77.0,79.0,81.0,26.0,33.0
2019-10-10,83.0,,13.0,86.0,66.0,41.0,70.0,80.0,83.0,27.0,42.0
2019-10-11,80.0,,12.0,81.0,63.0,18.0,57.0,75.0,64.0,27.0,36.0
2019-10-12,56.0,,11.0,63.0,52.0,26.0,40.0,55.0,42.0,29.0,22.0
2019-10-13,55.0,,15.0,63.0,55.0,21.0,41.0,56.0,41.0,28.0,19.0
2019-10-14,84.0,,27.0,85.0,65.0,23.0,57.0,78.0,75.0,28.0,38.0
2019-10-15,88.0,,15.0,92.0,72.0,18.0,67.0,87.0,83.0,26.0,40.0
2019-10-16,85.0,,15.0,90.0,66.0,27.0,84.0,78.0,71.0,25.0,46.0
2019-10-17,87.0,,23.0,88.0,69.0,27.0,71.0,80.0,78.0,26.0,42.0
2019-10-18,83.0,,16.0,78.0,60.0,23.0,65.0,75.0,73.0,28.0,34.0
2019-10-19,54.0,,6.0,58.0,50.0,26.0,42.0,58.0,40.0,30.0,12.0
2019-10-20,55.0,,6.0,61.0,54.0,15.0,34.0,54.0,37.0,30.0,25.0
2019-10-21,82.0,,18.0,84.0,65.0,26.0,80.0,74.0,80.0,28.0,36.0
2019-10-22,87.0,,20.0,90.0,69.0,30.0,61.0,80.0,86.0,29.0,34.0
2019-10-23,82.0,,13.0,90.0,67.0,49.0,63.0,80.0,75.0,26.0,48.0
2019-10-24,84.0,,25.0,83.0,66.0,50.0,68.0,73.0,74.0,36.0,24.0
2019-10-25,71.0,,18.0,74.0,55.0,14.0,49.0,68.0,60.0,28.0,37.0
2019-10-26,44.0,,18.0,50.0,44.0,21.0,33.0,51.0,35.0,29.0,19.0
2019-10-27,51.0,,6.0,50.0,43.0,25.0,22.0,48.0,45.0,27.0,17.0
2019-10-28,74.0,,17.0,75.0,61.0,18.0,48.0,67.0,70.0,26.0,37.0
2019-10-29,77.0,,25.0,83.0,66.0,27.0,74.0,76.0,70.0,27.0,36.0
2019-10-30,81.0,,11.0,85.0,64.0,45.0,60.0,74.0,80.0,27.0,25.0
2019-10-31,75.0,,14.0,79.0,59.0,28.0,65.0,76.0,76.0,23.0,33.0
2019-11-01,70.0,,18.0,75.0,60.0,10.0,61.0,69.0,68.0,26.0,30.0
2019-11-02,50.0,,21.0,54.0,47.0,25.0,32.0,53.0,41.0,29.0,31.0
2019-11-03,55.0,,17.0,64.0,53.0,20.0,30.0,53.0,42.0,30.0,18.0
2019-11-04,84.0,,12.0,92.0,69.0,32.0,74.0,83.0,79.0,28.0,43.0
2019-11-05,88.0,,24.0,93.0,69.0,18.0,75.0,79.0,77.0,26.0,32.0
2019-11-06,86.0,,32.0,92.0,71.0,49.0,67.0,81.0,79.0,27.0,21.0
2019-11-07,87.0,,17.0,89.0,75.0,36.0,64.0,80.0,81.0,28.0,46.0
2019-11-08,86.0,,12.0,82.0,64.0,32.0,55.0,71.0,69.0,29.0,24.0
2019-11-09,50.0,,11.0,57.0,52.0,51.0,38.0,51.0,44.0,30.0,22.0
2019-11-10,53.0,,13.0,65.0,52.0,40.0,29.0,54.0,46.0,31.0,16.0
2019-11-11,83.0,,13.0,80.0,63.0,27.0,70.0,73.0,77.0,28.0,37.0
2019-11-12,86.0,,15.0,96.0,68.0,18.0,71.0,78.0,68.0,27.0,32.0
2019-11-13,86.0,,15.0,88.0,68.0,13.0,72.0,83.0,76.0,25.0,24.0
2019-11-14,91.0,,24.0,90.0,68.0,49.0,70.0,99.0,82.0,27.0,41.0
2019-11-15,80.0,,18.0,78.0,65.0,14.0,56.0,81.0,69.0,28.0,35.0
2019-11-16,54.0,,15.0,57.0,53.0,16.0,40.0,57.0,34.0,31.0,25.0
2019-11-17,62.0,,11.0,69.0,57.0,10.0,40.0,60.0,58.0,29.0,22.0
2019-11-18,90.0,,21.0,91.0,69.0,40.0,69.0,79.0,80.0,28.0,38.0
2019-11-19,91.0,,24.0,91.0,68.0,14.0,98.0,80.0,95.0,27.0,40.0
2019-11-20,87.0,,15.0,93.0,71.0,5.0,70.0,82.0,77.0,29.0,33.0
2019-11-21,88.0,,21.0,91.0,67.0,32.0,80.0,77.0,72.0,27.0,30.0
2019-11-22,77.0,,24.0,78.0,62.0,33.0,61.0,71.0,69.0,28.0,32.0
2019-11-23,52.0,,13.0,60.0,50.0,10.0,30.0,58.0,44.0,28.0,33.0
2019-11-24,55.0,,13.0,62.0,52.0,15.0,36.0,54.0,60.0,30.0,6.0
2019-11-25,82.0,,17.0,85.0,63.0,36.0,66.0,72.0,74.0,29.0,31.0
2019-11-26,81.0,,4.0,84.0,60.0,31.0,66.0,74.0,64.0,27.0,44.0
2019-11-27,81.0,,17.0,74.0,60.0,23.0,75.0,73.0,78.0,26.0,40.0
2019-11-28,70.0,,6.0,67.0,52.0,18.0,59.0,65.0,58.0,26.0,28.0
2019-11-29,65.0,,6.0,58.0,48.0,38.0,50.0,60.0,57.0,27.0,29.0
2019-11-30,51.0,,4.0,53.0,49.0,25.0,33.0,51.0,39.0,29.0,17.0
2019-12-01,50.0,,8.0,60.0,52.0,25.0,27.0,52.0,37.0,29.0,23.0
2019-12-02,79.0,,15.0,79.0,59.0,39.0,74.0,69.0,71.0,27.0,30.0
2019-12-03,84.0,,30.0,86.0,63.0,13.0,65.0,74.0,73.0,26.0,27.0
2019-12-04,87.0,,24.0,83.0,69.0,5.0,60.0,76.0,79.0,26.0,28.0
2019-12-05,86.0,,15.0,90.0,63.0,27.0,55.0,78.0,83.0,25.0,43.0
2019-12-06,78.0,,16.0,76.0,61.0,38.0,54.0,69.0,63.0,26.0,22.0
2019-12-07,58.0,,2.0,55.0,50.0,42.0,35.0,51.0,39.0,28.0,19.0
2019-12-08,51.0,,13.0,59.0,52.0,21.0,36.0,49.0,38.0,28.0,21.0
2019-12-09,76.0,,25.0,80.0,62.0,23.0,65.0,73.0,68.0,27.0,38.0
2019-12-10,85.0,,15.0,86.0,63.0,14.0,67.0,72.0,80.0,25.0,44.0
2019-12-11,80.0,,36.0,83.0,62.0,63.0,72.0,77.0,69.0,25.0,26.0
2019-12-12,80.0,,23.0,83.0,60.0,32.0,56.0,76.0,71.0,28.0,33.0
2019-12-13,76.0,,14.0,76.0,60.0,28.0,68.0,66.0,62.0,34.0,34.0
2019-12-14,49.0,,4.0,52.0,48.0,10.0,36.0,53.0,37.0,29.0,14.0
2019-12-15,52.0,,11.0,60.0,50.0,30.0,32.0,50.0,44.0,29.0,28.0
2019-12-16,79.0,,19.0,75.0,65.0,18.0,56.0,74.0,66.0,26.0,35.0
2019-12-17,81.0,,25.0,77.0,62.0,45.0,63.0,71.0,76.0,26.0,40.0
2019-12-18,71.0,,9.0,75.0,57.0,14.0,57.0,64.0,68.0,25.0,32.0
2019-12-19,70.0,,14.0,71.0,59.0,28.0,65.0,64.0,53.0,25.0,35.0
2019-12-20,65.0,,14.0,68.0,53.0,29.0,44.0,65.0,47.0,25.0,29.0
2019-12-21,42.0,,9.0,44.0,40.0,16.0,35.0,47.0,26.0,26.0,14.0
2019-12-22,39.0,,17.0,47.0,42.0,10.0,29.0,44.0,29.0,28.0,15.0
2019-12-23,58.0,,16.0,58.0,44.0,19.0,51.0,57.0,40.0,28.0,33.0
2019-12-24,52.0,,4.0,46.0,43.0,5.0,51.0,51.0,36.0,25.0,24.0
2019-12-25,44.0,,7.0,46.0,39.0,11.0,40.0,48.0,26.0,23.0,27.0
2019-12-26,54.0,,4.0,52.0,47.0,20.0,36.0,54.0,28.0,28.0,21.0
2019-12-27,55.0,,14.0,54.0,44.0,5.0,47.0,53.0,37.0,30.0,42.0
2019-12-28,42.0,,9.0,47.0,43.0,31.0,38.0,50.0,34.0,30.0,24.0
2019-12-29,41.0,,2.0,47.0,46.0,5.0,19.0,46.0,32.0,28.0,10.0
2019-12-30,57.0,,6.0,58.0,46.0,19.0,49.0,55.0,33.0,28.0,25.0
2019-12-31,53.0,,6.0,53.0,42.0,25.0,49.0,51.0,34.0,25.0,22.0
